customer_id,product_id
61353,61364
61353,1370
61353,30500
61353,56714
61353,61672
61353,61348
61353,50270
61353,54096
61353,11262
61353,35732
61353,48574
61353,61552
61353,39186
61353,57804
61353,60522
61353,62074
61353,44302
61353,124
61353,52918
61353,33886
61353,50274
61353,60
61353,10808
61353,61558
61353,59822
61353,50272
61353,1304
61353,49888
61353,53160
61353,50968
61353,35846
61353,46632
61353,10652
61353,42132
61353,51316
61353,33534
61353,53406
61353,50720
61353,50724
61353,44914
61353,61560
61353,50970
61353,36722
61353,53386
61353,63188
61353,59394
61353,63510
61353,32496
61353,55632
61353,57414
61353,63360
61353,59396
61353,62274
61353,63186
61353,56696
61353,63418
61353,44660
61353,62170
61353,63136
61353,61540
61353,62376
61353,53046
61353,36762
61353,55798
61353,62614
61353,53394
61353,62618
61353,62616
61353,62400
61353,63540
61353,53256
61353,44644
61353,57522
61353,55638
61353,59776
61353,53048
61353,52620
61353,50962
61353,62276
61353,62860
61353,44662
61353,56484
61353,1206
61353,48694
61353,53258
61353,58504
61899,48574
61899,60522
61899,50272
61899,1304
61899,49888
61899,53160
61899,51316
61899,53406
61899,63510
61899,62170
61899,36762
61899,62616
61899,53256
61899,55638
61899,62860
61899,58504
154077,1370
154077,61672
154077,61348
154077,54096
154077,11262
154077,48574
154077,61552
154077,39186
154077,60522
154077,62074
154077,52918
154077,3382
154077,10808
154077,61558
154077,54290
154077,59822
154077,50272
154077,49888
154077,53160
154077,50968
154077,46632
154077,42132
154077,51316
154077,53406
154077,50724
154077,50970
154077,36722
154077,53386
154077,63188
154077,59394
154077,63510
154077,32496
154077,63360
154077,62274
154077,56696
154077,62170
154077,63136
154077,61540
154077,36762
154077,54864
154077,55798
154077,62614
154077,62400
154077,53256
154077,44644
154077,55638
154077,62276
154077,62860
154077,58504
164337,61280
164337,60522
164337,50272
164337,49888
164337,53406
164337,48980
164337,10790
164337,58504
172056,1370
172056,48574
172056,60522
172056,50272
172056,1304
172056,49888
172056,53160
172056,50968
172056,51316
172056,53406
172056,63510
172056,32496
172056,63360
172056,44660
172056,62170
172056,36762
172056,55798
172056,62616
172056,53256
172056,44644
172056,55638
172056,62860
172056,58504
176643,1370
176643,61672
176643,61348
176643,11262
176643,35732
176643,48574
176643,61552
176643,39186
176643,60522
176643,62074
176643,50272
176643,49888
176643,53160
176643,50968
176643,51316
176643,53406
176643,53386
176643,63188
176643,59394
176643,63510
176643,63360
176643,62274
176643,44660
176643,62170
176643,62376
176643,36762
176643,55798
176643,62616
176643,62400
176643,45912
176643,44644
176643,57522
176643,55638
176643,62276
176643,62860
176643,44662
176643,58504
181593,1370
181593,61672
181593,35732
181593,48574
181593,39186
181593,60522
181593,62074
181593,50272
181593,1304
181593,49888
181593,53160
181593,50968
181593,51316
181593,53406
181593,53386
181593,63188
181593,63510
181593,32496
181593,63360
181593,62274
181593,44660
181593,62170
181593,62376
181593,36762
181593,55798
181593,62616
181593,62400
181593,44644
181593,57522
181593,55638
181593,59776
181593,62276
181593,62860
181593,58504
183213,1370
183213,61672
183213,35732
183213,48574
183213,39186
183213,60522
183213,62074
183213,50272
183213,1304
183213,49888
183213,53160
183213,50968
183213,51316
183213,53406
183213,53386
183213,63188
183213,63510
183213,63360
183213,62274
183213,44660
183213,62170
183213,62376
183213,36762
183213,55798
183213,62616
183213,62400
183213,44644
183213,57522
183213,55638
183213,59776
183213,62276
183213,62860
183213,58504
183912,34092
183912,48298
183912,50272
183912,49888
183912,53160
183912,50968
183912,46632
183912,51316
183912,53406
183912,61560
183912,63510
183912,32496
183912,63360
183912,44660
183912,62170
183912,36762
183912,55798
183912,62616
183912,53256
183912,44664
183912,62276
183912,62860
183912,1206
183912,58504
184698,1370
184698,48574
184698,60522
184698,50272
184698,1304
184698,49888
184698,53160
184698,50968
184698,51316
184698,53406
184698,63510
184698,32496
184698,63360
184698,44660
184698,62170
184698,36762
184698,55798
184698,62616
184698,53256
184698,44644
184698,55638
184698,62860
184698,58504
187101,1370
187101,56714
187101,61672
187101,61348
187101,50270
187101,54096
187101,11262
187101,35732
187101,48574
187101,61552
187101,39186
187101,34092
187101,60522
187101,62074
187101,124
187101,52918
187101,33886
187101,3382
187101,10808
187101,61558
187101,54290
187101,59822
187101,50272
187101,37644
187101,49888
187101,53160
187101,50968
187101,46632
187101,10652
187101,42132
187101,51316
187101,53406
187101,44914
187101,61560
187101,50970
187101,36722
187101,53386
187101,63188
187101,59394
187101,63510
187101,32496
187101,57414
187101,63360
187101,59396
187101,62274
187101,63186
187101,56696
187101,63418
187101,44660
187101,62170
187101,63136
187101,61540
187101,62376
187101,53046
187101,36762
187101,54864
187101,55798
187101,62614
187101,62616
187101,62400
187101,63540
187101,53256
187101,44644
187101,57522
187101,55638
187101,59776
187101,53048
187101,52620
187101,50962
187101,62276
187101,62860
187101,44662
187101,56484
187101,1206
187101,58504
187806,1370
187806,48574
187806,50272
187806,49888
187806,53160
187806,50968
187806,51316
187806,53406
187806,63510
187806,32496
187806,63360
187806,44660
187806,62170
187806,36762
187806,55798
187806,62616
187806,53256
187806,44644
187806,55638
187806,44664
187806,62860
187806,58504
188787,61364
188787,1370
188787,30500
188787,56714
188787,61672
188787,61348
188787,50270
188787,54096
188787,11262
188787,35732
188787,48574
188787,61552
188787,39186
188787,57804
188787,60522
188787,62074
188787,44302
188787,124
188787,52918
188787,33886
188787,50274
188787,60
188787,3382
188787,10808
188787,61558
188787,54290
188787,59822
188787,50272
188787,1304
188787,49888
188787,53160
188787,50968
188787,35846
188787,46632
188787,10652
188787,42132
188787,51316
188787,53406
188787,50720
188787,44914
188787,61560
188787,50970
188787,36722
188787,61028
188787,53386
188787,63188
188787,59394
188787,63510
188787,32496
188787,55632
188787,57414
188787,63360
188787,59396
188787,62274
188787,63186
188787,56696
188787,63418
188787,44660
188787,62170
188787,63136
188787,61540
188787,62376
188787,53046
188787,36762
188787,54864
188787,55798
188787,62614
188787,53394
188787,62618
188787,62616
188787,62400
188787,63540
188787,53256
188787,45912
188787,44644
188787,57522
188787,55638
188787,44664
188787,59776
188787,53048
188787,52620
188787,50962
188787,62276
188787,62860
188787,44662
188787,56484
188787,1206
188787,48694
188787,53258
188787,58504
194082,34092
194082,60522
194082,50272
194082,53406
194082,44660
194082,62170
194082,63538
194082,63540
194082,44644
194082,44664
194082,62860
194082,58504
205353,61364
205353,1370
205353,30500
205353,56714
205353,61672
205353,61348
205353,50270
205353,54096
205353,11262
205353,35732
205353,48574
205353,61552
205353,50716
205353,36720
205353,39186
205353,34092
205353,57804
205353,60522
205353,62074
205353,16358
205353,44302
205353,11490
205353,124
205353,52918
205353,33886
205353,50274
205353,60
205353,3382
205353,10808
205353,61558
205353,1372
205353,54290
205353,59822
205353,50272
205353,1304
205353,49888
205353,53160
205353,50968
205353,60978
205353,35846
205353,46632
205353,10652
205353,42132
205353,51316
205353,33534
205353,50268
205353,53406
205353,51974
205353,50720
205353,50724
205353,44914
205353,61560
205353,50970
205353,36722
205353,61028
205353,53386
205353,63188
205353,62944
205353,59394
205353,63510
205353,32496
205353,55632
205353,57414
205353,63360
205353,63218
205353,59396
205353,62274
205353,63220
205353,63186
205353,50718
205353,56696
205353,63418
205353,44660
205353,62170
205353,63136
205353,61540
205353,62376
205353,53046
205353,63538
205353,36762
205353,54864
205353,55798
205353,62614
205353,53394
205353,62618
205353,62616
205353,62400
205353,62378
205353,63540
205353,53256
205353,45912
205353,44644
205353,57522
205353,55638
205353,44664
205353,59776
205353,53048
205353,52620
205353,50962
205353,62276
205353,62860
205353,44662
205353,56484
205353,1206
205353,53258
205353,58504
206787,61364
206787,1370
206787,30500
206787,56714
206787,61672
206787,61348
206787,50270
206787,54096
206787,11262
206787,35732
206787,48574
206787,61552
206787,50716
206787,36720
206787,39186
206787,34092
206787,57804
206787,60522
206787,62074
206787,16358
206787,44302
206787,11490
206787,124
206787,52918
206787,33886
206787,50274
206787,60
206787,3382
206787,10808
206787,61558
206787,1372
206787,54290
206787,59822
206787,50272
206787,1304
206787,49888
206787,53160
206787,50968
206787,60978
206787,35846
206787,46632
206787,10652
206787,42132
206787,51316
206787,33534
206787,50268
206787,53406
206787,51974
206787,50720
206787,50724
206787,44914
206787,61560
206787,50970
206787,36722
206787,61028
206787,53386
206787,63188
206787,62944
206787,59394
206787,63510
206787,32496
206787,55632
206787,57414
206787,63360
206787,63218
206787,59396
206787,62274
206787,63220
206787,63186
206787,50718
206787,56696
206787,63418
206787,44660
206787,62170
206787,63136
206787,61540
206787,62376
206787,53046
206787,63538
206787,36762
206787,54864
206787,55798
206787,62614
206787,53394
206787,62618
206787,62616
206787,62400
206787,62378
206787,63540
206787,53256
206787,45912
206787,44644
206787,57522
206787,55638
206787,44664
206787,59776
206787,53048
206787,52620
206787,50962
206787,62276
206787,62860
206787,44662
206787,56484
206787,1206
206787,53258
206787,58504
207222,34092
207222,48298
207222,50272
207222,1304
207222,49888
207222,50968
207222,46632
207222,51316
207222,53406
207222,61560
207222,63510
207222,32496
207222,63360
207222,44660
207222,62170
207222,36762
207222,55798
207222,62616
207222,53256
207222,44664
207222,62276
207222,62860
207222,1206
207222,58504
209697,48574
209697,60522
209697,124
209697,52918
209697,61558
209697,48298
209697,50272
209697,49888
209697,53160
209697,46632
209697,10652
209697,51316
209697,53406
209697,61560
209697,63510
209697,32496
209697,63360
209697,62170
209697,53046
209697,36762
209697,55798
209697,62616
209697,53256
209697,57522
209697,55638
209697,59776
209697,62276
209697,62860
209697,1206
209697,58504
217848,61280
217848,60522
217848,50272
217848,53406
217848,55798
217848,62616
217848,10790
217848,62860
217848,58504
229527,1370
229527,61672
229527,61348
229527,11262
229527,35732
229527,48574
229527,61552
229527,39186
229527,62074
229527,50272
229527,49888
229527,53160
229527,50968
229527,51316
229527,53406
229527,53386
229527,63188
229527,59394
229527,63510
229527,32496
229527,63360
229527,62274
229527,44660
229527,62170
229527,62376
229527,36762
229527,55798
229527,62616
229527,62400
229527,45912
229527,44644
229527,57522
229527,55638
229527,44664
229527,59776
229527,62276
229527,62860
229527,44662
229527,58504
230286,50272
230286,51316
230286,53406
230286,63218
230286,36762
230286,62616
230286,44664
230286,62860
230331,1370
230331,61672
230331,61348
230331,11262
230331,35732
230331,48574
230331,61552
230331,36720
230331,39186
230331,60522
230331,62074
230331,50272
230331,49888
230331,53160
230331,50968
230331,51316
230331,53406
230331,53386
230331,63188
230331,59394
230331,63510
230331,63360
230331,62274
230331,44660
230331,62170
230331,62376
230331,36762
230331,55798
230331,62616
230331,62400
230331,45912
230331,44644
230331,57522
230331,55638
230331,62276
230331,62860
230331,44662
230331,58504
232410,1370
232410,61672
232410,61348
232410,11262
232410,35732
232410,48574
232410,61552
232410,39186
232410,34092
232410,62074
232410,50272
232410,49888
232410,53160
232410,50968
232410,51316
232410,53406
232410,53386
232410,63188
232410,59394
232410,63510
232410,32496
232410,63360
232410,62274
232410,44660
232410,62170
232410,62376
232410,36762
232410,55798
232410,62616
232410,62400
232410,45912
232410,44644
232410,57522
232410,55638
232410,59776
232410,62276
232410,62860
232410,44662
232410,58504
236115,1370
236115,61672
236115,61348
236115,11262
236115,35732
236115,48574
236115,61552
236115,39186
236115,34092
236115,62074
236115,50272
236115,49888
236115,53160
236115,50968
236115,51316
236115,53406
236115,61028
236115,53386
236115,63188
236115,59394
236115,63510
236115,32496
236115,63360
236115,62274
236115,44660
236115,62170
236115,62376
236115,36762
236115,55798
236115,62616
236115,62400
236115,45912
236115,44644
236115,57522
236115,55638
236115,59776
236115,62276
236115,62860
236115,44662
236115,58504
236226,1370
236226,56714
236226,61672
236226,61348
236226,50270
236226,54096
236226,11262
236226,35732
236226,48574
236226,61552
236226,39186
236226,57804
236226,60522
236226,62074
236226,124
236226,52918
236226,33886
236226,50274
236226,60
236226,3382
236226,10808
236226,61558
236226,59822
236226,50272
236226,37644
236226,49888
236226,53160
236226,50968
236226,35846
236226,46632
236226,10652
236226,42132
236226,51316
236226,53406
236226,50720
236226,44914
236226,61560
236226,50970
236226,36722
236226,53386
236226,63188
236226,59394
236226,63510
236226,32496
236226,55632
236226,57414
236226,63360
236226,59396
236226,62274
236226,63186
236226,56696
236226,63418
236226,44660
236226,62170
236226,63136
236226,61540
236226,62376
236226,53046
236226,36762
236226,54864
236226,55798
236226,62614
236226,53394
236226,62616
236226,62400
236226,63540
236226,53256
236226,44644
236226,57522
236226,55638
236226,44664
236226,59776
236226,53048
236226,52620
236226,50962
236226,62276
236226,62860
236226,44662
236226,56484
236226,1206
236226,53258
236226,58504
238068,61364
238068,1370
238068,30500
238068,56714
238068,61672
238068,61348
238068,50270
238068,54096
238068,11262
238068,35732
238068,48574
238068,61552
238068,39186
238068,57804
238068,60522
238068,62074
238068,44302
238068,124
238068,52918
238068,33886
238068,50274
238068,60
238068,10808
238068,61558
238068,54290
238068,59822
238068,50272
238068,1304
238068,49888
238068,53160
238068,50968
238068,35846
238068,46632
238068,10652
238068,42132
238068,51316
238068,33534
238068,53406
238068,50720
238068,44914
238068,61560
238068,50970
238068,36722
238068,53386
238068,63188
238068,59394
238068,63510
238068,32496
238068,55632
238068,57414
238068,63360
238068,59396
238068,62274
238068,63186
238068,56696
238068,63418
238068,44660
238068,62170
238068,63136
238068,61540
238068,62376
238068,53046
238068,36762
238068,54864
238068,55798
238068,62614
238068,53394
238068,62618
238068,62616
238068,62400
238068,63540
238068,53256
238068,44644
238068,57522
238068,55638
238068,44664
238068,59776
238068,53048
238068,52620
238068,50962
238068,62276
238068,62860
238068,44662
238068,56484
238068,1206
238068,48694
238068,53258
238068,58504
56868,61364
56868,1370
56868,30500
56868,56714
56868,61672
56868,61348
56868,50270
56868,54096
56868,11262
56868,35732
56868,48574
56868,61552
56868,36720
56868,39186
56868,60522
56868,62074
56868,124
56868,52918
56868,33886
56868,10808
56868,61558
56868,59822
56868,50272
56868,49888
56868,53160
56868,50968
56868,35846
56868,46632
56868,10652
56868,42132
56868,51316
56868,33534
56868,53406
56868,50720
56868,44914
56868,61560
56868,50970
56868,36722
56868,53386
56868,63188
56868,59394
56868,63510
56868,32496
56868,55632
56868,57414
56868,63360
56868,59396
56868,62274
56868,63186
56868,56696
56868,44660
56868,62170
56868,63136
56868,61540
56868,62376
56868,53046
56868,36762
56868,55798
56868,62614
56868,53394
56868,62618
56868,62616
56868,62400
56868,63540
56868,53256
56868,44644
56868,57522
56868,55638
56868,59776
56868,53048
56868,62276
56868,62860
56868,44662
56868,56484
56868,1206
56868,48694
56868,53258
56868,58504
70890,61364
70890,1370
70890,30500
70890,56714
70890,61672
70890,61348
70890,50270
70890,54096
70890,11262
70890,35732
70890,48574
70890,61552
70890,39186
70890,57804
70890,60522
70890,62074
70890,44302
70890,124
70890,52918
70890,33886
70890,50274
70890,60
70890,10808
70890,61558
70890,59822
70890,50272
70890,1304
70890,49888
70890,53160
70890,50968
70890,35846
70890,46632
70890,10652
70890,42132
70890,51316
70890,33534
70890,53406
70890,50720
70890,50724
70890,44914
70890,61560
70890,50970
70890,36722
70890,53386
70890,63188
70890,59394
70890,63510
70890,32496
70890,55632
70890,57414
70890,63360
70890,59396
70890,62274
70890,63186
70890,56696
70890,63418
70890,44660
70890,62170
70890,63136
70890,61540
70890,62376
70890,53046
70890,36762
70890,55798
70890,62614
70890,53394
70890,62618
70890,62616
70890,62400
70890,63540
70890,53256
70890,44644
70890,57522
70890,55638
70890,59776
70890,53048
70890,52620
70890,50962
70890,62276
70890,62860
70890,44662
70890,56484
70890,1206
70890,53258
70890,58504
71274,61364
71274,1370
71274,30500
71274,56714
71274,61672
71274,61348
71274,50270
71274,54096
71274,11262
71274,35732
71274,48574
71274,61552
71274,39186
71274,57804
71274,60522
71274,62074
71274,44302
71274,124
71274,52918
71274,33886
71274,50274
71274,60
71274,10808
71274,61558
71274,54290
71274,59822
71274,50272
71274,1304
71274,49888
71274,53160
71274,50968
71274,35846
71274,46632
71274,10652
71274,42132
71274,51316
71274,33534
71274,53406
71274,50720
71274,50724
71274,44914
71274,61560
71274,50970
71274,36722
71274,53386
71274,63188
71274,59394
71274,63510
71274,32496
71274,55632
71274,57414
71274,63360
71274,59396
71274,62274
71274,63186
71274,56696
71274,63418
71274,44660
71274,62170
71274,63136
71274,61540
71274,62376
71274,53046
71274,36762
71274,54864
71274,55798
71274,62614
71274,53394
71274,62618
71274,62616
71274,62400
71274,63540
71274,53256
71274,44644
71274,57522
71274,55638
71274,44664
71274,59776
71274,53048
71274,52620
71274,50962
71274,62276
71274,62860
71274,44662
71274,56484
71274,1206
71274,53258
71274,58504
88920,1370
88920,61672
88920,61348
88920,11262
88920,35732
88920,48574
88920,61552
88920,39186
88920,60522
88920,62074
88920,50272
88920,49888
88920,53160
88920,50968
88920,51316
88920,53406
88920,53386
88920,63188
88920,59394
88920,63510
88920,32496
88920,63360
88920,62274
88920,44660
88920,62170
88920,62376
88920,36762
88920,55798
88920,62616
88920,62400
88920,45912
88920,44644
88920,57522
88920,55638
88920,59776
88920,62276
88920,62860
88920,44662
88920,58504
154797,1370
154797,61672
154797,35732
154797,48574
154797,39186
154797,60522
154797,62074
154797,50272
154797,49888
154797,53160
154797,50968
154797,51316
154797,53406
154797,53386
154797,63188
154797,63510
154797,32496
154797,63360
154797,62274
154797,44660
154797,62170
154797,62376
154797,36762
154797,55798
154797,62616
154797,62400
154797,44644
154797,57522
154797,55638
154797,59776
154797,62276
154797,62860
154797,58504
154887,1370
154887,48574
154887,61552
154887,39186
154887,60522
154887,52918
154887,10808
154887,50272
154887,37644
154887,49888
154887,53160
154887,50968
154887,10652
154887,51316
154887,53406
154887,61560
154887,53386
154887,63188
154887,59394
154887,63510
154887,32496
154887,63360
154887,62274
154887,44660
154887,62170
154887,62376
154887,36762
154887,55798
154887,62616
154887,62400
154887,53256
154887,44644
154887,57522
154887,55638
154887,62276
154887,62860
154887,56484
154887,1206
154887,58504
155556,48574
155556,60522
155556,50272
155556,49888
155556,53160
155556,50968
155556,51316
155556,53406
155556,63510
155556,32496
155556,62170
155556,36762
155556,62616
155556,53256
155556,55638
155556,62860
155556,58504
165687,61364
165687,1370
165687,30500
165687,56714
165687,61672
165687,61348
165687,50270
165687,54096
165687,11262
165687,35732
165687,48574
165687,61552
165687,39186
165687,57804
165687,60522
165687,62074
165687,44302
165687,124
165687,52918
165687,33886
165687,50274
165687,60
165687,3382
165687,10808
165687,61558
165687,54290
165687,59822
165687,50272
165687,1304
165687,49888
165687,53160
165687,50968
165687,35846
165687,46632
165687,10652
165687,42132
165687,51316
165687,53406
165687,50720
165687,50724
165687,44914
165687,61560
165687,50970
165687,36722
165687,61028
165687,53386
165687,63188
165687,59394
165687,63510
165687,32496
165687,55632
165687,57414
165687,63360
165687,59396
165687,62274
165687,63186
165687,56696
165687,63418
165687,44660
165687,62170
165687,63136
165687,61540
165687,62376
165687,53046
165687,36762
165687,54864
165687,55798
165687,62614
165687,53394
165687,62618
165687,62616
165687,62400
165687,63540
165687,53256
165687,45912
165687,44644
165687,57522
165687,55638
165687,44664
165687,59776
165687,53048
165687,52620
165687,50962
165687,62276
165687,62860
165687,44662
165687,56484
165687,1206
165687,48694
165687,53258
165687,58504
171939,1370
171939,50270
171939,48574
171939,61552
171939,39186
171939,60522
171939,124
171939,52918
171939,10808
171939,50272
171939,37644
171939,49888
171939,53160
171939,50968
171939,10652
171939,51316
171939,53406
171939,61560
171939,53386
171939,63188
171939,59394
171939,63510
171939,32496
171939,63360
171939,62274
171939,44660
171939,62170
171939,62376
171939,53046
171939,36762
171939,55798
171939,62614
171939,62616
171939,62400
171939,53256
171939,44644
171939,57522
171939,55638
171939,59776
171939,62276
171939,62860
171939,44662
171939,56484
171939,1206
171939,58504
183195,1370
183195,61672
183195,35732
183195,48574
183195,39186
183195,60522
183195,62074
183195,50272
183195,49888
183195,53160
183195,50968
183195,51316
183195,53406
183195,53386
183195,63188
183195,63510
183195,32496
183195,63360
183195,62274
183195,44660
183195,62170
183195,62376
183195,36762
183195,55798
183195,62616
183195,62400
183195,44644
183195,57522
183195,55638
183195,59776
183195,62276
183195,62860
183195,58504
186384,61364
186384,1370
186384,61672
186384,61348
186384,50270
186384,11262
186384,35732
186384,48574
186384,61552
186384,39186
186384,60522
186384,124
186384,52918
186384,33886
186384,3382
186384,10808
186384,61558
186384,48298
186384,50272
186384,1304
186384,37644
186384,49888
186384,53160
186384,50968
186384,46632
186384,10652
186384,42132
186384,51316
186384,53406
186384,50720
186384,61560
186384,50970
186384,36722
186384,53386
186384,63188
186384,62944
186384,63510
186384,32496
186384,55632
186384,63360
186384,62274
186384,44660
186384,62170
186384,63136
186384,62376
186384,53046
186384,36762
186384,54864
186384,55798
186384,62614
186384,53394
186384,62616
186384,62400
186384,53256
186384,57522
186384,55638
186384,59776
186384,53048
186384,50962
186384,62276
186384,62860
186384,56484
186384,1206
186384,58504
188331,60522
188331,50272
188331,51316
188331,53406
188331,62170
188331,44664
188331,62860
188331,58504
203502,1370
203502,48574
203502,50272
203502,49888
203502,53160
203502,50968
203502,51316
203502,53406
203502,63510
203502,32496
203502,63360
203502,44660
203502,62170
203502,36762
203502,55798
203502,62616
203502,53256
203502,44644
203502,55638
203502,44664
203502,62860
203502,58504
206433,1370
206433,61672
206433,61348
206433,11262
206433,35732
206433,48574
206433,61552
206433,39186
206433,60522
206433,62074
206433,50272
206433,49888
206433,53160
206433,50968
206433,51316
206433,53406
206433,53386
206433,63188
206433,59394
206433,63510
206433,32496
206433,63360
206433,62274
206433,44660
206433,62170
206433,62376
206433,36762
206433,55798
206433,62616
206433,62400
206433,45912
206433,44644
206433,57522
206433,55638
206433,59776
206433,62276
206433,62860
206433,44662
206433,58504
207996,1370
207996,48574
207996,50272
207996,49888
207996,53160
207996,50968
207996,51316
207996,33534
207996,53406
207996,63510
207996,32496
207996,63360
207996,44660
207996,62170
207996,36762
207996,55798
207996,62616
207996,53256
207996,44644
207996,55638
207996,62860
207996,58504
210141,1370
210141,61672
210141,54096
210141,48574
210141,61552
210141,39186
210141,34092
210141,60522
210141,52918
210141,3382
210141,10808
210141,61558
210141,50272
210141,49888
210141,53160
210141,50968
210141,46632
210141,10652
210141,42132
210141,51316
210141,53406
210141,50970
210141,36722
210141,53386
210141,63188
210141,59394
210141,63510
210141,32496
210141,57414
210141,63360
210141,62274
210141,56696
210141,63418
210141,62170
210141,63136
210141,61540
210141,62376
210141,36762
210141,55798
210141,62614
210141,62616
210141,62400
210141,63540
210141,53256
210141,44644
210141,55638
210141,59776
210141,62276
210141,62860
210141,44662
210141,58504
217782,61280
217782,60522
217782,50272
217782,53406
217782,62616
217782,10790
217782,62860
217782,58504
218265,50270
218265,34092
218265,61280
218265,60522
218265,50272
218265,49888
218265,60978
218265,51316
218265,53406
218265,63510
218265,59396
218265,48980
218265,62616
218265,62860
218265,58504
220713,34092
220713,61280
220713,60522
220713,50272
220713,49888
220713,53406
220713,48980
220713,10790
220713,58504
222906,61364
222906,1370
222906,56714
222906,61672
222906,61348
222906,50270
222906,54096
222906,11262
222906,35732
222906,48574
222906,61552
222906,39186
222906,60522
222906,62074
222906,124
222906,52918
222906,33886
222906,3382
222906,10808
222906,61558
222906,59822
222906,50272
222906,49888
222906,53160
222906,50968
222906,46632
222906,10652
222906,42132
222906,51316
222906,53406
222906,50724
222906,61560
222906,50970
222906,36722
222906,53386
222906,63188
222906,59394
222906,63510
222906,32496
222906,57414
222906,63360
222906,59396
222906,62274
222906,63186
222906,56696
222906,63418
222906,44660
222906,62170
222906,63136
222906,61540
222906,62376
222906,53046
222906,36762
222906,55798
222906,62614
222906,62616
222906,62400
222906,63540
222906,53256
222906,44644
222906,57522
222906,55638
222906,59776
222906,53048
222906,62276
222906,62860
222906,44662
222906,56484
222906,1206
222906,58504
231663,1370
231663,48574
231663,34092
231663,60522
231663,50272
231663,1304
231663,49888
231663,53160
231663,50968
231663,10652
231663,51316
231663,53406
231663,63510
231663,32496
231663,63360
231663,62170
231663,62376
231663,36762
231663,55798
231663,62616
231663,62400
231663,53256
231663,44644
231663,55638
231663,59776
231663,62860
231663,58504
231900,61364
231900,1370
231900,30500
231900,56714
231900,61672
231900,61348
231900,50270
231900,54096
231900,11262
231900,35732
231900,48574
231900,61552
231900,36720
231900,39186
231900,60522
231900,62074
231900,124
231900,52918
231900,33886
231900,10808
231900,61558
231900,59822
231900,50272
231900,49888
231900,53160
231900,50968
231900,35846
231900,46632
231900,10652
231900,42132
231900,51316
231900,33534
231900,53406
231900,50720
231900,44914
231900,61560
231900,50970
231900,36722
231900,53386
231900,63188
231900,59394
231900,63510
231900,32496
231900,55632
231900,57414
231900,63360
231900,59396
231900,62274
231900,63186
231900,56696
231900,44660
231900,62170
231900,63136
231900,61540
231900,62376
231900,53046
231900,36762
231900,55798
231900,62614
231900,53394
231900,62618
231900,62616
231900,62400
231900,63540
231900,53256
231900,44644
231900,57522
231900,55638
231900,59776
231900,53048
231900,62276
231900,62860
231900,44662
231900,56484
231900,1206
231900,48694
231900,53258
231900,58504
232035,1370
232035,61672
232035,35732
232035,39186
232035,60522
232035,62074
232035,50272
232035,49888
232035,53160
232035,50968
232035,51316
232035,53406
232035,53386
232035,63188
232035,63510
232035,32496
232035,63360
232035,62274
232035,44660
232035,62170
232035,62376
232035,36762
232035,55798
232035,62616
232035,62400
232035,44644
232035,57522
232035,55638
232035,59776
232035,62276
232035,62860
232035,58504
234018,61364
234018,1370
234018,30500
234018,56714
234018,61672
234018,61348
234018,50270
234018,54096
234018,11262
234018,35732
234018,48574
234018,61552
234018,39186
234018,57804
234018,60522
234018,62074
234018,44302
234018,124
234018,52918
234018,33886
234018,50274
234018,60
234018,3382
234018,10808
234018,61558
234018,54290
234018,59822
234018,50272
234018,1304
234018,49888
234018,53160
234018,50968
234018,35846
234018,46632
234018,10652
234018,42132
234018,51316
234018,53406
234018,50720
234018,50724
234018,44914
234018,61560
234018,50970
234018,36722
234018,53386
234018,63188
234018,59394
234018,63510
234018,32496
234018,55632
234018,57414
234018,63360
234018,59396
234018,62274
234018,63186
234018,56696
234018,63418
234018,44660
234018,62170
234018,63136
234018,61540
234018,62376
234018,53046
234018,36762
234018,54864
234018,55798
234018,62614
234018,53394
234018,62618
234018,62616
234018,62400
234018,63540
234018,53256
234018,45912
234018,44644
234018,57522
234018,55638
234018,44664
234018,59776
234018,53048
234018,52620
234018,50962
234018,62276
234018,62860
234018,44662
234018,56484
234018,1206
234018,48694
234018,53258
234018,58504
234297,1370
234297,61672
234297,61348
234297,11262
234297,35732
234297,48574
234297,61552
234297,39186
234297,60522
234297,62074
234297,50272
234297,49888
234297,53160
234297,50968
234297,51316
234297,53406
234297,53386
234297,63188
234297,59394
234297,63510
234297,63360
234297,62274
234297,44660
234297,62170
234297,62376
234297,36762
234297,55798
234297,62616
234297,62400
234297,45912
234297,44644
234297,57522
234297,55638
234297,59776
234297,62276
234297,62860
234297,44662
234297,58504
244404,1370
244404,61672
244404,61348
244404,11262
244404,35732
244404,48574
244404,61552
244404,39186
244404,62074
244404,50272
244404,49888
244404,53160
244404,50968
244404,51316
244404,53406
244404,53386
244404,63188
244404,59394
244404,63510
244404,32496
244404,63360
244404,62274
244404,44660
244404,62170
244404,62376
244404,36762
244404,55798
244404,62616
244404,62400
244404,45912
244404,44644
244404,57522
244404,55638
244404,59776
244404,62276
244404,62860
244404,44662
244404,58504
244479,1370
244479,61672
244479,35732
244479,48574
244479,39186
244479,34092
244479,62074
244479,50272
244479,1304
244479,49888
244479,53160
244479,50968
244479,51316
244479,53406
244479,53386
244479,63188
244479,63510
244479,32496
244479,63360
244479,62274
244479,44660
244479,62170
244479,62376
244479,36762
244479,55798
244479,62616
244479,62400
244479,44644
244479,57522
244479,55638
244479,59776
244479,62276
244479,62860
244479,58504
244575,61364
244575,1370
244575,30500
244575,56714
244575,61672
244575,61348
244575,50270
244575,54096
244575,11262
244575,35732
244575,48574
244575,61552
244575,39186
244575,57804
244575,60522
244575,62074
244575,44302
244575,124
244575,52918
244575,33886
244575,50274
244575,60
244575,3382
244575,10808
244575,61558
244575,59822
244575,50272
244575,1304
244575,49888
244575,53160
244575,50968
244575,35846
244575,46632
244575,10652
244575,42132
244575,51316
244575,53406
244575,50720
244575,50724
244575,44914
244575,61560
244575,50970
244575,36722
244575,61028
244575,53386
244575,63188
244575,59394
244575,63510
244575,32496
244575,55632
244575,57414
244575,63360
244575,59396
244575,62274
244575,63186
244575,56696
244575,63418
244575,44660
244575,62170
244575,63136
244575,61540
244575,62376
244575,53046
244575,36762
244575,55798
244575,62614
244575,53394
244575,62618
244575,62616
244575,62400
244575,63540
244575,53256
244575,45912
244575,44644
244575,57522
244575,55638
244575,44664
244575,59776
244575,53048
244575,52620
244575,50962
244575,62276
244575,62860
244575,44662
244575,56484
244575,1206
244575,48694
244575,53258
244575,58504
60864,1370
60864,61672
60864,61348
60864,11262
60864,35732
60864,48574
60864,61552
60864,39186
60864,60522
60864,62074
60864,50272
60864,1304
60864,49888
60864,53160
60864,50968
60864,51316
60864,53406
60864,53386
60864,63188
60864,59394
60864,63510
60864,32496
60864,63360
60864,62274
60864,44660
60864,62170
60864,62376
60864,36762
60864,55798
60864,62616
60864,62400
60864,45912
60864,44644
60864,57522
60864,55638
60864,59776
60864,62276
60864,62860
60864,44662
60864,58504
72645,1370
72645,61672
72645,61348
72645,11262
72645,35732
72645,48574
72645,61552
72645,39186
72645,60522
72645,62074
72645,50272
72645,49888
72645,53160
72645,50968
72645,51316
72645,53406
72645,53386
72645,63188
72645,59394
72645,63510
72645,32496
72645,63360
72645,62274
72645,44660
72645,62170
72645,62376
72645,36762
72645,55798
72645,62616
72645,62400
72645,45912
72645,44644
72645,57522
72645,55638
72645,59776
72645,62276
72645,62860
72645,44662
72645,58504
165717,61280
165717,60522
165717,50272
165717,53406
165717,62616
165717,10790
165717,62860
165717,58504
173940,61364
173940,1370
173940,30500
173940,56714
173940,61672
173940,61348
173940,50270
173940,54096
173940,11262
173940,35732
173940,48574
173940,61552
173940,39186
173940,57804
173940,60522
173940,62074
173940,44302
173940,124
173940,52918
173940,33886
173940,50274
173940,60
173940,10808
173940,61558
173940,54290
173940,59822
173940,50272
173940,1304
173940,49888
173940,53160
173940,50968
173940,35846
173940,46632
173940,10652
173940,42132
173940,51316
173940,53406
173940,50720
173940,50724
173940,44914
173940,61560
173940,50970
173940,36722
173940,53386
173940,63188
173940,59394
173940,63510
173940,32496
173940,55632
173940,57414
173940,63360
173940,59396
173940,62274
173940,63186
173940,56696
173940,63418
173940,44660
173940,62170
173940,63136
173940,61540
173940,62376
173940,53046
173940,36762
173940,54864
173940,55798
173940,62614
173940,53394
173940,62618
173940,62616
173940,62400
173940,63540
173940,53256
173940,45912
173940,44644
173940,57522
173940,55638
173940,44664
173940,59776
173940,53048
173940,52620
173940,50962
173940,62276
173940,62860
173940,44662
173940,56484
173940,1206
173940,53258
173940,58504
175266,1370
175266,61672
175266,61348
175266,11262
175266,35732
175266,48574
175266,61552
175266,39186
175266,62074
175266,50272
175266,1304
175266,49888
175266,53160
175266,50968
175266,51316
175266,53406
175266,53386
175266,63188
175266,59394
175266,63510
175266,32496
175266,63360
175266,62274
175266,44660
175266,62170
175266,62376
175266,36762
175266,48980
175266,55798
175266,62616
175266,62400
175266,45912
175266,44644
175266,57522
175266,55638
175266,44664
175266,59776
175266,62276
175266,62860
175266,44662
175266,58504
189045,1370
189045,61672
189045,35732
189045,48574
189045,39186
189045,60522
189045,62074
189045,50272
189045,1304
189045,49888
189045,53160
189045,50968
189045,51316
189045,53406
189045,53386
189045,63188
189045,63510
189045,32496
189045,63360
189045,62274
189045,44660
189045,62170
189045,62376
189045,36762
189045,55798
189045,62616
189045,62400
189045,44644
189045,57522
189045,55638
189045,59776
189045,62276
189045,62860
189045,58504
198945,50272
198945,1304
198945,51316
198945,53406
198945,36762
198945,62616
198945,44664
198945,62860
204093,61364
204093,1370
204093,30500
204093,56714
204093,61672
204093,61348
204093,50270
204093,54096
204093,11262
204093,35732
204093,48574
204093,61552
204093,39186
204093,57804
204093,60522
204093,62074
204093,44302
204093,124
204093,52918
204093,33886
204093,50274
204093,60
204093,3382
204093,10808
204093,61558
204093,54290
204093,59822
204093,50272
204093,1304
204093,49888
204093,53160
204093,50968
204093,35846
204093,46632
204093,10652
204093,42132
204093,51316
204093,53406
204093,50720
204093,50724
204093,44914
204093,61560
204093,50970
204093,36722
204093,61028
204093,53386
204093,63188
204093,59394
204093,63510
204093,32496
204093,55632
204093,57414
204093,63360
204093,59396
204093,62274
204093,63186
204093,56696
204093,63418
204093,44660
204093,62170
204093,63136
204093,61540
204093,62376
204093,53046
204093,36762
204093,54864
204093,55798
204093,62614
204093,53394
204093,62618
204093,62616
204093,62400
204093,63540
204093,53256
204093,45912
204093,44644
204093,57522
204093,55638
204093,44664
204093,59776
204093,53048
204093,52620
204093,50962
204093,62276
204093,62860
204093,44662
204093,56484
204093,1206
204093,48694
204093,53258
204093,58504
205107,61364
205107,1370
205107,30500
205107,56714
205107,61672
205107,61348
205107,50270
205107,54096
205107,11262
205107,35732
205107,48574
205107,61552
205107,39186
205107,57804
205107,60522
205107,62074
205107,44302
205107,124
205107,52918
205107,33886
205107,50274
205107,60
205107,10808
205107,61558
205107,59822
205107,50272
205107,1304
205107,49888
205107,53160
205107,50968
205107,35846
205107,46632
205107,10652
205107,42132
205107,51316
205107,53406
205107,50720
205107,44914
205107,61560
205107,50970
205107,36722
205107,53386
205107,63188
205107,59394
205107,63510
205107,32496
205107,55632
205107,57414
205107,63360
205107,59396
205107,62274
205107,63186
205107,56696
205107,63418
205107,44660
205107,62170
205107,63136
205107,61540
205107,62376
205107,53046
205107,36762
205107,54864
205107,55798
205107,62614
205107,53394
205107,62618
205107,62616
205107,62400
205107,63540
205107,53256
205107,45912
205107,44644
205107,57522
205107,55638
205107,44664
205107,59776
205107,53048
205107,52620
205107,50962
205107,62276
205107,62860
205107,44662
205107,56484
205107,1206
205107,53258
205107,58504
205959,1370
205959,61672
205959,61348
205959,11262
205959,35732
205959,48574
205959,61552
205959,36720
205959,39186
205959,60522
205959,62074
205959,50272
205959,49888
205959,53160
205959,50968
205959,51316
205959,53406
205959,53386
205959,63188
205959,59394
205959,63510
205959,63360
205959,62274
205959,44660
205959,62170
205959,62376
205959,36762
205959,55798
205959,62616
205959,62400
205959,45912
205959,44644
205959,57522
205959,55638
205959,62276
205959,62860
205959,44662
205959,58504
211047,61364
211047,1370
211047,30500
211047,56714
211047,61672
211047,61348
211047,50270
211047,54096
211047,11262
211047,35732
211047,48574
211047,61552
211047,39186
211047,57804
211047,60522
211047,62074
211047,44302
211047,124
211047,52918
211047,33886
211047,50274
211047,60
211047,10808
211047,61558
211047,59822
211047,50272
211047,1304
211047,49888
211047,53160
211047,50968
211047,35846
211047,46632
211047,10652
211047,42132
211047,51316
211047,53406
211047,50720
211047,50724
211047,44914
211047,61560
211047,50970
211047,36722
211047,53386
211047,63188
211047,59394
211047,63510
211047,32496
211047,55632
211047,57414
211047,63360
211047,59396
211047,62274
211047,63186
211047,56696
211047,63418
211047,44660
211047,62170
211047,63136
211047,61540
211047,62376
211047,53046
211047,36762
211047,55798
211047,62614
211047,53394
211047,62618
211047,62616
211047,62400
211047,63540
211047,53256
211047,45912
211047,44644
211047,57522
211047,55638
211047,44664
211047,59776
211047,53048
211047,52620
211047,50962
211047,62276
211047,62860
211047,44662
211047,56484
211047,1206
211047,53258
211047,58504
212397,1370
212397,61672
212397,54096
212397,48574
212397,61552
212397,39186
212397,34092
212397,60522
212397,52918
212397,3382
212397,10808
212397,61558
212397,50272
212397,49888
212397,53160
212397,50968
212397,46632
212397,10652
212397,42132
212397,51316
212397,53406
212397,50970
212397,36722
212397,53386
212397,63188
212397,59394
212397,63510
212397,32496
212397,57414
212397,63360
212397,62274
212397,56696
212397,63418
212397,62170
212397,63136
212397,61540
212397,62376
212397,36762
212397,55798
212397,62614
212397,62616
212397,62400
212397,63540
212397,53256
212397,44644
212397,55638
212397,59776
212397,62276
212397,62860
212397,44662
212397,58504
212550,50272
212550,53406
212550,62860
220047,61364
220047,1370
220047,56714
220047,61672
220047,61348
220047,54096
220047,11262
220047,35732
220047,48574
220047,61552
220047,39186
220047,57804
220047,60522
220047,62074
220047,124
220047,52918
220047,33886
220047,50274
220047,60
220047,10808
220047,61558
220047,54290
220047,59822
220047,50272
220047,49888
220047,53160
220047,50968
220047,46632
220047,10652
220047,42132
220047,51316
220047,33534
220047,53406
220047,44914
220047,61560
220047,50970
220047,36722
220047,53386
220047,63188
220047,59394
220047,63510
220047,32496
220047,57414
220047,63360
220047,59396
220047,62274
220047,63186
220047,56696
220047,63418
220047,44660
220047,62170
220047,63136
220047,61540
220047,62376
220047,53046
220047,36762
220047,55798
220047,62614
220047,62616
220047,62400
220047,63540
220047,53256
220047,44644
220047,57522
220047,55638
220047,59776
220047,53048
220047,52620
220047,50962
220047,62276
220047,62860
220047,44662
220047,56484
220047,1206
220047,48694
220047,58504
234093,61364
234093,1370
234093,30500
234093,56714
234093,61672
234093,61348
234093,50270
234093,54096
234093,11262
234093,35732
234093,61552
234093,39186
234093,57804
234093,60522
234093,62074
234093,44302
234093,124
234093,52918
234093,33886
234093,50274
234093,60
234093,10808
234093,61558
234093,59822
234093,50272
234093,1304
234093,49888
234093,53160
234093,50968
234093,35846
234093,46632
234093,10652
234093,42132
234093,51316
234093,53406
234093,50720
234093,50724
234093,44914
234093,61560
234093,50970
234093,36722
234093,53386
234093,63188
234093,59394
234093,63510
234093,32496
234093,55632
234093,57414
234093,63360
234093,59396
234093,62274
234093,63186
234093,56696
234093,63418
234093,44660
234093,62170
234093,63136
234093,61540
234093,62376
234093,53046
234093,36762
234093,55798
234093,62614
234093,53394
234093,62618
234093,62616
234093,62400
234093,63540
234093,53256
234093,44644
234093,57522
234093,55638
234093,59776
234093,53048
234093,52620
234093,50962
234093,62276
234093,62860
234093,44662
234093,56484
234093,1206
234093,53258
234093,58504
234120,1370
234120,48574
234120,34092
234120,60522
234120,50272
234120,49888
234120,53160
234120,50968
234120,51316
234120,33534
234120,53406
234120,63510
234120,32496
234120,63360
234120,44660
234120,62170
234120,36762
234120,55798
234120,62616
234120,53256
234120,44644
234120,55638
234120,62860
234120,58504
60888,1370
60888,61672
60888,61348
60888,11262
60888,35732
60888,48574
60888,61552
60888,39186
60888,60522
60888,62074
60888,50272
60888,49888
60888,53160
60888,50968
60888,51316
60888,53406
60888,61028
60888,53386
60888,63188
60888,59394
60888,63510
60888,63360
60888,62274
60888,44660
60888,62170
60888,62376
60888,36762
60888,55798
60888,62616
60888,62400
60888,45912
60888,44644
60888,57522
60888,55638
60888,62276
60888,62860
60888,44662
60888,58504
61482,61364
61482,1370
61482,30500
61482,56714
61482,61672
61482,61348
61482,50270
61482,54096
61482,11262
61482,35732
61482,48574
61482,61552
61482,39186
61482,34092
61482,57804
61482,60522
61482,62074
61482,44302
61482,124
61482,52918
61482,33886
61482,50274
61482,60
61482,10808
61482,61558
61482,1372
61482,59822
61482,50272
61482,1304
61482,49888
61482,53160
61482,50968
61482,35846
61482,46632
61482,10652
61482,42132
61482,51316
61482,53406
61482,51974
61482,50720
61482,44914
61482,61560
61482,50970
61482,36722
61482,53386
61482,63188
61482,62944
61482,59394
61482,63510
61482,32496
61482,55632
61482,57414
61482,63360
61482,59396
61482,62274
61482,63186
61482,56696
61482,63418
61482,44660
61482,62170
61482,63136
61482,61540
61482,62376
61482,53046
61482,63538
61482,36762
61482,54864
61482,55798
61482,62614
61482,53394
61482,62618
61482,62616
61482,62400
61482,63540
61482,53256
61482,44644
61482,57522
61482,55638
61482,44664
61482,53048
61482,50962
61482,62276
61482,62860
61482,44662
61482,56484
61482,1206
61482,53258
61482,58504
64299,1370
64299,61672
64299,35732
64299,48574
64299,39186
64299,60522
64299,62074
64299,50272
64299,1304
64299,49888
64299,53160
64299,50968
64299,51316
64299,53406
64299,53386
64299,63188
64299,63510
64299,32496
64299,63360
64299,62274
64299,44660
64299,62170
64299,62376
64299,36762
64299,55798
64299,62616
64299,62400
64299,44644
64299,57522
64299,55638
64299,59776
64299,62276
64299,62860
64299,58504
154041,1370
154041,61672
154041,61348
154041,11262
154041,35732
154041,48574
154041,61552
154041,39186
154041,34092
154041,60522
154041,62074
154041,50272
154041,49888
154041,53160
154041,50968
154041,51316
154041,53406
154041,53386
154041,63188
154041,59394
154041,63510
154041,63360
154041,62274
154041,44660
154041,62170
154041,62376
154041,36762
154041,55798
154041,62616
154041,62400
154041,45912
154041,44644
154041,57522
154041,55638
154041,59776
154041,62276
154041,62860
154041,44662
154041,58504
154167,1370
154167,48574
154167,60522
154167,62074
154167,50272
154167,1304
154167,37644
154167,49888
154167,53160
154167,50968
154167,51316
154167,53406
154167,63510
154167,32496
154167,63360
154167,62274
154167,44660
154167,62170
154167,36762
154167,55798
154167,62616
154167,62400
154167,53256
154167,44644
154167,55638
154167,62276
154167,62860
154167,58504
164541,35732
164541,48574
164541,39186
164541,60522
164541,62074
164541,50272
164541,49888
164541,53160
164541,50968
164541,51316
164541,53406
164541,63510
164541,63360
164541,62274
164541,44660
164541,62170
164541,62376
164541,36762
164541,55798
164541,62616
164541,62400
164541,44644
164541,55638
164541,62276
164541,62860
164541,58504
164640,61364
164640,1370
164640,30500
164640,56714
164640,61672
164640,61348
164640,50270
164640,54096
164640,11262
164640,35732
164640,48574
164640,61552
164640,39186
164640,57804
164640,60522
164640,62074
164640,44302
164640,124
164640,52918
164640,33886
164640,50274
164640,60
164640,3382
164640,10808
164640,61558
164640,54290
164640,59822
164640,50272
164640,1304
164640,49888
164640,53160
164640,50968
164640,35846
164640,46632
164640,10652
164640,42132
164640,51316
164640,53406
164640,50720
164640,50724
164640,44914
164640,61560
164640,50970
164640,36722
164640,53386
164640,63188
164640,59394
164640,63510
164640,32496
164640,55632
164640,57414
164640,63360
164640,59396
164640,62274
164640,63186
164640,56696
164640,63418
164640,44660
164640,62170
164640,63136
164640,61540
164640,62376
164640,53046
164640,36762
164640,54864
164640,55798
164640,62614
164640,53394
164640,62618
164640,62616
164640,62400
164640,63540
164640,53256
164640,45912
164640,44644
164640,57522
164640,55638
164640,44664
164640,59776
164640,53048
164640,52620
164640,50962
164640,62276
164640,62860
164640,44662
164640,56484
164640,1206
164640,48694
164640,53258
164640,58504
172419,1370
172419,48574
172419,60522
172419,62074
172419,50272
172419,49888
172419,53160
172419,50968
172419,51316
172419,53406
172419,63510
172419,32496
172419,63360
172419,62274
172419,44660
172419,62170
172419,36762
172419,55798
172419,62616
172419,62400
172419,53256
172419,44644
172419,55638
172419,62276
172419,62860
172419,58504
178230,1370
178230,48574
178230,34092
178230,60522
178230,50272
178230,49888
178230,53160
178230,51316
178230,53406
178230,63510
178230,32496
178230,63360
178230,44660
178230,62170
178230,62376
178230,36762
178230,55798
178230,62616
178230,53256
178230,44644
178230,55638
178230,62860
178230,58504
178458,1370
178458,48574
178458,50272
178458,37644
178458,49888
178458,53160
178458,50968
178458,51316
178458,53406
178458,63510
178458,32496
178458,63360
178458,62274
178458,44660
178458,62170
178458,36762
178458,55798
178458,62616
178458,62400
178458,53256
178458,44644
178458,55638
178458,62276
178458,62860
178458,58504
178830,1370
178830,61672
178830,35732
178830,48574
178830,39186
178830,60522
178830,62074
178830,50272
178830,49888
178830,53160
178830,50968
178830,51316
178830,53406
178830,53386
178830,63188
178830,63510
178830,32496
178830,63360
178830,44660
178830,62170
178830,36762
178830,62616
178830,62400
178830,57522
178830,55638
178830,62276
178830,62860
178830,58504
183105,1370
183105,61672
183105,35732
183105,48574
183105,39186
183105,60522
183105,62074
183105,50272
183105,49888
183105,53160
183105,50968
183105,51316
183105,53406
183105,53386
183105,63188
183105,63510
183105,32496
183105,63360
183105,44660
183105,62170
183105,36762
183105,62616
183105,62400
183105,57522
183105,55638
183105,62276
183105,62860
183105,58504
183450,1370
183450,56714
183450,61672
183450,61348
183450,50270
183450,54096
183450,11262
183450,35732
183450,48574
183450,61552
183450,39186
183450,57804
183450,60522
183450,62074
183450,124
183450,52918
183450,33886
183450,50274
183450,60
183450,3382
183450,10808
183450,61558
183450,54290
183450,59822
183450,50272
183450,49888
183450,53160
183450,50968
183450,46632
183450,10652
183450,42132
183450,51316
183450,53406
183450,50724
183450,44914
183450,61560
183450,50970
183450,36722
183450,53386
183450,63188
183450,59394
183450,63510
183450,32496
183450,57414
183450,63360
183450,59396
183450,62274
183450,63186
183450,56696
183450,63418
183450,44660
183450,62170
183450,63136
183450,61540
183450,62376
183450,53046
183450,36762
183450,54864
183450,55798
183450,62614
183450,62616
183450,62400
183450,63540
183450,53256
183450,44644
183450,57522
183450,55638
183450,44664
183450,59776
183450,53048
183450,52620
183450,50962
183450,62276
183450,62860
183450,44662
183450,56484
183450,1206
183450,58504
191232,61364
191232,1370
191232,61348
191232,61542
191232,11262
191232,48574
191232,60522
191232,52918
191232,61558
191232,48298
191232,50272
191232,49888
191232,53160
191232,50968
191232,46632
191232,10652
191232,50268
191232,53406
191232,61560
191232,63510
191232,32496
191232,63360
191232,62170
191232,36762
191232,54864
191232,55798
191232,62616
191232,62400
191232,55638
191232,59776
191232,62276
191232,62860
191232,1206
191232,58504
191250,61364
191250,1370
191250,30500
191250,56714
191250,61348
191250,50270
191250,54096
191250,11262
191250,35732
191250,48574
191250,61552
191250,39186
191250,34092
191250,60522
191250,62074
191250,124
191250,33886
191250,3382
191250,61558
191250,59822
191250,50272
191250,49888
191250,50968
191250,35846
191250,46632
191250,42132
191250,51316
191250,53406
191250,50720
191250,61560
191250,50970
191250,36722
191250,53386
191250,63188
191250,59394
191250,63510
191250,32496
191250,55632
191250,63360
191250,59396
191250,62274
191250,63220
191250,63186
191250,50718
191250,56696
191250,44660
191250,62170
191250,63136
191250,61540
191250,62376
191250,53046
191250,36762
191250,48980
191250,55798
191250,62614
191250,53394
191250,62618
191250,62616
191250,62400
191250,53256
191250,45912
191250,44644
191250,57522
191250,55638
191250,44664
191250,59776
191250,53048
191250,50962
191250,62276
191250,62860
191250,56484
191250,1206
191250,48694
191250,53258
191250,58504
197673,61364
197673,1370
197673,56714
197673,61672
197673,61348
197673,50270
197673,54096
197673,11262
197673,35732
197673,48574
197673,61552
197673,39186
197673,57804
197673,60522
197673,62074
197673,52918
197673,33886
197673,50274
197673,60
197673,3382
197673,10808
197673,61558
197673,54290
197673,59822
197673,50272
197673,1304
197673,49888
197673,53160
197673,50968
197673,46632
197673,10652
197673,42132
197673,51316
197673,53406
197673,50724
197673,44914
197673,61560
197673,50970
197673,36722
197673,53386
197673,63188
197673,59394
197673,63510
197673,32496
197673,57414
197673,63360
197673,59396
197673,62274
197673,63186
197673,56696
197673,63418
197673,44660
197673,62170
197673,63136
197673,61540
197673,62376
197673,36762
197673,55798
197673,62614
197673,62616
197673,62400
197673,63540
197673,53256
197673,44644
197673,57522
197673,55638
197673,59776
197673,53048
197673,52620
197673,62276
197673,62860
197673,56484
197673,1206
197673,58504
201837,61542
201837,61280
201837,60522
201837,50272
201837,60978
201837,51316
201837,53406
201837,48980
201837,62616
201837,10790
201837,62860
201837,58504
203259,1370
203259,48574
203259,34092
203259,50272
203259,49888
203259,53160
203259,50968
203259,51316
203259,53406
203259,63510
203259,32496
203259,63360
203259,44660
203259,62170
203259,36762
203259,55798
203259,62616
203259,53256
203259,44644
203259,55638
203259,44664
203259,62860
203259,58504
211383,61364
211383,1370
211383,30500
211383,56714
211383,61672
211383,61348
211383,50270
211383,54096
211383,11262
211383,35732
211383,48574
211383,61552
211383,39186
211383,57804
211383,60522
211383,62074
211383,44302
211383,124
211383,52918
211383,33886
211383,50274
211383,60
211383,3382
211383,10808
211383,61558
211383,59822
211383,50272
211383,1304
211383,49888
211383,53160
211383,50968
211383,35846
211383,46632
211383,10652
211383,42132
211383,51316
211383,53406
211383,50720
211383,50724
211383,44914
211383,61560
211383,50970
211383,36722
211383,61028
211383,53386
211383,63188
211383,59394
211383,63510
211383,32496
211383,55632
211383,57414
211383,63360
211383,59396
211383,62274
211383,63186
211383,56696
211383,63418
211383,44660
211383,62170
211383,63136
211383,61540
211383,62376
211383,53046
211383,36762
211383,55798
211383,62614
211383,53394
211383,62618
211383,62616
211383,62400
211383,63540
211383,53256
211383,45912
211383,44644
211383,57522
211383,55638
211383,44664
211383,59776
211383,53048
211383,52620
211383,50962
211383,62276
211383,62860
211383,44662
211383,56484
211383,1206
211383,48694
211383,53258
211383,58504
212211,48574
212211,60522
212211,48298
212211,50272
212211,1304
212211,46632
212211,51316
212211,53406
212211,61560
212211,63510
212211,32496
212211,62170
212211,36762
212211,55798
212211,53256
212211,55638
212211,62860
212211,1206
212211,58504
212748,48574
212748,36720
212748,57804
212748,60522
212748,52918
212748,33886
212748,3382
212748,10808
212748,61558
212748,48298
212748,50272
212748,1304
212748,50968
212748,42132
212748,51316
212748,53406
212748,50724
212748,53386
212748,63188
212748,63510
212748,32496
212748,55632
212748,62274
212748,63220
212748,62170
212748,36762
212748,55798
212748,62616
212748,55638
212748,59776
212748,52620
212748,62276
212748,62860
212748,58504
216981,61542
216981,50270
216981,34092
216981,61280
216981,60522
216981,50272
216981,49888
216981,60978
216981,51316
216981,53406
216981,59396
216981,48980
216981,62616
216981,62860
216981,58504
222540,34092
222540,61280
222540,60522
222540,50272
222540,49888
222540,53406
222540,48980
222540,10790
222540,58504
59691,61364
59691,1370
59691,30500
59691,56714
59691,61672
59691,61348
59691,50270
59691,54096
59691,11262
59691,35732
59691,48574
59691,61552
59691,39186
59691,57804
59691,60522
59691,62074
59691,44302
59691,124
59691,52918
59691,33886
59691,50274
59691,60
59691,10808
59691,61558
59691,59822
59691,50272
59691,1304
59691,49888
59691,53160
59691,50968
59691,35846
59691,46632
59691,10652
59691,42132
59691,51316
59691,33534
59691,53406
59691,50720
59691,50724
59691,44914
59691,61560
59691,50970
59691,36722
59691,53386
59691,63188
59691,59394
59691,63510
59691,32496
59691,55632
59691,57414
59691,63360
59691,59396
59691,62274
59691,63186
59691,56696
59691,63418
59691,44660
59691,62170
59691,63136
59691,61540
59691,62376
59691,53046
59691,36762
59691,55798
59691,62614
59691,53394
59691,62618
59691,62616
59691,62400
59691,63540
59691,53256
59691,44644
59691,57522
59691,55638
59691,59776
59691,53048
59691,52620
59691,50962
59691,62276
59691,62860
59691,44662
59691,56484
59691,1206
59691,48694
59691,53258
59691,58504
61908,48574
61908,34092
61908,50272
61908,49888
61908,53160
61908,50968
61908,46632
61908,51316
61908,53406
61908,63510
61908,32496
61908,63360
61908,44660
61908,62170
61908,36762
61908,55798
61908,62616
61908,53256
61908,44664
61908,62860
61908,58504
179790,61364
179790,1370
179790,30500
179790,56714
179790,61672
179790,61348
179790,50270
179790,54096
179790,11262
179790,35732
179790,48574
179790,61552
179790,39186
179790,57804
179790,60522
179790,62074
179790,44302
179790,124
179790,52918
179790,33886
179790,50274
179790,60
179790,10808
179790,61558
179790,54290
179790,59822
179790,50272
179790,1304
179790,49888
179790,53160
179790,50968
179790,35846
179790,46632
179790,10652
179790,42132
179790,51316
179790,33534
179790,53406
179790,50720
179790,50724
179790,44914
179790,61560
179790,50970
179790,36722
179790,53386
179790,63188
179790,59394
179790,63510
179790,32496
179790,55632
179790,57414
179790,63360
179790,59396
179790,62274
179790,63186
179790,56696
179790,63418
179790,44660
179790,62170
179790,63136
179790,61540
179790,62376
179790,53046
179790,36762
179790,54864
179790,55798
179790,62614
179790,53394
179790,62618
179790,62616
179790,62400
179790,63540
179790,53256
179790,44644
179790,57522
179790,55638
179790,44664
179790,59776
179790,53048
179790,52620
179790,50962
179790,62276
179790,62860
179790,44662
179790,56484
179790,1206
179790,53258
179790,58504
186174,1370
186174,61672
186174,35732
186174,39186
186174,62074
186174,50272
186174,1304
186174,49888
186174,53160
186174,50968
186174,51316
186174,53406
186174,53386
186174,63188
186174,63510
186174,32496
186174,63360
186174,62274
186174,44660
186174,62170
186174,62376
186174,36762
186174,55798
186174,62616
186174,62400
186174,44644
186174,57522
186174,55638
186174,44664
186174,59776
186174,62276
186174,62860
186174,58504
188937,61364
188937,1370
188937,30500
188937,56714
188937,61672
188937,61348
188937,50270
188937,54096
188937,11262
188937,35732
188937,48574
188937,61552
188937,36720
188937,39186
188937,61280
188937,60522
188937,124
188937,52918
188937,33886
188937,50274
188937,3382
188937,10808
188937,61558
188937,48298
188937,59822
188937,50272
188937,37644
188937,49888
188937,53160
188937,50968
188937,35846
188937,46632
188937,10652
188937,42132
188937,51316
188937,53406
188937,50720
188937,50724
188937,61560
188937,50970
188937,36722
188937,53386
188937,63188
188937,62944
188937,59394
188937,63510
188937,32496
188937,55632
188937,57414
188937,63360
188937,63218
188937,62274
188937,56696
188937,63418
188937,44660
188937,62170
188937,63136
188937,61540
188937,62376
188937,53046
188937,36762
188937,54864
188937,55798
188937,62614
188937,53394
188937,62618
188937,62616
188937,62400
188937,63540
188937,53256
188937,57522
188937,55638
188937,59776
188937,53048
188937,52620
188937,50962
188937,62276
188937,62860
188937,44662
188937,56484
188937,1206
188937,53258
188937,58504
198867,48574
198867,60522
198867,50272
198867,49888
198867,53160
198867,46632
198867,51316
198867,33534
198867,53406
198867,61560
198867,63510
198867,32496
198867,62170
198867,36762
198867,55798
198867,62616
198867,53256
198867,55638
198867,62276
198867,62860
198867,1206
198867,58504
205659,34092
205659,50272
205659,49888
205659,53160
205659,50968
205659,46632
205659,51316
205659,53406
205659,63510
205659,32496
205659,63360
205659,44660
205659,62170
205659,36762
205659,55798
205659,62616
205659,53256
205659,44664
205659,62860
205659,1206
205659,58504
206940,61364
206940,1370
206940,61348
206940,61542
206940,11262
206940,48574
206940,34092
206940,60522
206940,52918
206940,61558
206940,48298
206940,50272
206940,49888
206940,53160
206940,50968
206940,46632
206940,10652
206940,50268
206940,53406
206940,61560
206940,63510
206940,32496
206940,63360
206940,36762
206940,54864
206940,55798
206940,62616
206940,62400
206940,55638
206940,59776
206940,62276
206940,62860
206940,1206
206940,58504
207339,34092
207339,50272
207339,49888
207339,53160
207339,50968
207339,46632
207339,51316
207339,33534
207339,53406
207339,61560
207339,63510
207339,32496
207339,62170
207339,36762
207339,55798
207339,62616
207339,53256
207339,55638
207339,62276
207339,62860
207339,1206
207339,58504
212256,48574
212256,60522
212256,48298
212256,50272
212256,46632
212256,51316
212256,50268
212256,53406
212256,61560
212256,63510
212256,32496
212256,62170
212256,36762
212256,55798
212256,53256
212256,55638
212256,62860
212256,1206
213978,48574
213978,60522
213978,50272
213978,49888
213978,53160
213978,46632
213978,51316
213978,53406
213978,61560
213978,63510
213978,32496
213978,62170
213978,36762
213978,55798
213978,62616
213978,53256
213978,55638
213978,62276
213978,62860
213978,1206
213978,58504
216123,61364
216123,1370
216123,30500
216123,56714
216123,61672
216123,61348
216123,50270
216123,54096
216123,11262
216123,35732
216123,48574
216123,61552
216123,39186
216123,57804
216123,60522
216123,62074
216123,44302
216123,124
216123,52918
216123,33886
216123,50274
216123,60
216123,3382
216123,10808
216123,61558
216123,54290
216123,59822
216123,50272
216123,1304
216123,49888
216123,53160
216123,50968
216123,35846
216123,46632
216123,10652
216123,42132
216123,51316
216123,53406
216123,50720
216123,50724
216123,44914
216123,61560
216123,50970
216123,36722
216123,53386
216123,63188
216123,59394
216123,63510
216123,32496
216123,55632
216123,57414
216123,63360
216123,59396
216123,62274
216123,63186
216123,56696
216123,63418
216123,44660
216123,62170
216123,63136
216123,61540
216123,62376
216123,53046
216123,36762
216123,54864
216123,55798
216123,62614
216123,53394
216123,62618
216123,62616
216123,62400
216123,63540
216123,53256
216123,45912
216123,44644
216123,57522
216123,55638
216123,44664
216123,59776
216123,53048
216123,52620
216123,50962
216123,62276
216123,62860
216123,44662
216123,56484
216123,1206
216123,48694
216123,53258
216123,58504
225501,1370
225501,61672
225501,61348
225501,11262
225501,35732
225501,48574
225501,61552
225501,39186
225501,60522
225501,62074
225501,50272
225501,49888
225501,53160
225501,50968
225501,51316
225501,53406
225501,53386
225501,63188
225501,59394
225501,63510
225501,63360
225501,62274
225501,44660
225501,62170
225501,62376
225501,36762
225501,55798
225501,62616
225501,62400
225501,45912
225501,44644
225501,57522
225501,55638
225501,59776
225501,62276
225501,62860
225501,44662
225501,58504
227115,1370
227115,61672
227115,61348
227115,54096
227115,11262
227115,48574
227115,61552
227115,39186
227115,60522
227115,62074
227115,52918
227115,33886
227115,3382
227115,10808
227115,61558
227115,50272
227115,37644
227115,49888
227115,53160
227115,50968
227115,46632
227115,10652
227115,42132
227115,51316
227115,33534
227115,53406
227115,50970
227115,36722
227115,53386
227115,63188
227115,59394
227115,63510
227115,32496
227115,57414
227115,63360
227115,62274
227115,56696
227115,63418
227115,62170
227115,63136
227115,61540
227115,62376
227115,36762
227115,54864
227115,55798
227115,62614
227115,62616
227115,62400
227115,63540
227115,53256
227115,44644
227115,57522
227115,55638
227115,59776
227115,53048
227115,62276
227115,62860
227115,44662
227115,1206
227115,58504
63873,50716
63873,34092
63873,60522
63873,50272
63873,49888
63873,50968
63873,51316
63873,33534
63873,53406
63873,63510
63873,63360
63873,59396
63873,44660
63873,62170
63873,53256
63873,44644
63873,10790
63873,62860
66879,1370
66879,61672
66879,61348
66879,50270
66879,54096
66879,11262
66879,35732
66879,48574
66879,61552
66879,39186
66879,60522
66879,62074
66879,124
66879,52918
66879,33886
66879,3382
66879,10808
66879,61558
66879,59822
66879,50272
66879,37644
66879,49888
66879,53160
66879,50968
66879,46632
66879,10652
66879,42132
66879,51316
66879,53406
66879,61560
66879,50970
66879,36722
66879,53386
66879,63188
66879,59394
66879,63510
66879,32496
66879,57414
66879,63360
66879,59396
66879,62274
66879,56696
66879,63418
66879,44660
66879,62170
66879,63136
66879,61540
66879,62376
66879,53046
66879,36762
66879,54864
66879,55798
66879,62614
66879,62616
66879,62400
66879,63540
66879,53256
66879,44644
66879,57522
66879,55638
66879,59776
66879,53048
66879,52620
66879,62276
66879,62860
66879,44662
66879,56484
66879,1206
66879,58504
153303,48574
153303,60522
153303,52918
153303,48298
153303,50272
153303,49888
153303,53160
153303,46632
153303,10652
153303,51316
153303,53406
153303,61560
153303,63510
153303,32496
153303,63360
153303,62170
153303,36762
153303,55798
153303,62616
153303,53256
153303,55638
153303,59776
153303,62276
153303,62860
153303,1206
153303,58504
154578,61364
154578,1370
154578,30500
154578,56714
154578,61672
154578,61348
154578,50270
154578,54096
154578,11262
154578,35732
154578,48574
154578,61552
154578,39186
154578,57804
154578,60522
154578,62074
154578,44302
154578,124
154578,52918
154578,33886
154578,50274
154578,60
154578,10808
154578,61558
154578,54290
154578,59822
154578,50272
154578,1304
154578,49888
154578,53160
154578,50968
154578,35846
154578,46632
154578,10652
154578,42132
154578,51316
154578,53406
154578,50720
154578,44914
154578,61560
154578,50970
154578,36722
154578,53386
154578,63188
154578,59394
154578,63510
154578,32496
154578,55632
154578,57414
154578,63360
154578,59396
154578,62274
154578,63186
154578,56696
154578,63418
154578,44660
154578,62170
154578,63136
154578,61540
154578,62376
154578,53046
154578,36762
154578,54864
154578,55798
154578,62614
154578,53394
154578,62618
154578,62616
154578,62400
154578,63540
154578,53256
154578,45912
154578,44644
154578,57522
154578,55638
154578,44664
154578,59776
154578,53048
154578,52620
154578,50962
154578,62276
154578,62860
154578,44662
154578,56484
154578,1206
154578,53258
154578,58504
164007,1370
164007,61672
164007,61348
164007,11262
164007,35732
164007,48574
164007,61552
164007,39186
164007,62074
164007,50272
164007,49888
164007,53160
164007,50968
164007,51316
164007,53406
164007,61028
164007,53386
164007,63188
164007,59394
164007,63510
164007,32496
164007,63360
164007,62274
164007,44660
164007,62170
164007,62376
164007,36762
164007,55798
164007,62616
164007,62400
164007,45912
164007,44644
164007,57522
164007,55638
164007,59776
164007,62276
164007,62860
164007,44662
164007,58504
172161,35732
172161,50716
172161,34092
172161,60522
172161,62074
172161,50272
172161,50968
172161,51316
172161,53406
172161,63510
172161,63360
172161,59396
172161,50718
172161,44660
172161,62170
172161,62400
172161,53256
172161,44644
172161,44664
172161,62860
172161,58504
179838,1370
179838,61672
179838,54096
179838,35732
179838,48574
179838,50716
179838,39186
179838,60522
179838,62074
179838,1372
179838,50272
179838,50968
179838,51316
179838,53406
179838,61560
179838,53386
179838,63188
179838,63510
179838,62274
179838,50718
179838,44660
179838,62170
179838,36762
179838,54864
179838,55798
179838,62400
179838,53256
179838,45912
179838,44644
179838,44664
179838,50962
179838,62276
179838,62860
179838,58504
194229,34092
194229,60522
194229,50272
194229,53406
194229,63418
194229,62170
194229,44644
194229,44664
194229,62860
194790,1370
194790,35732
194790,48574
194790,39186
194790,34092
194790,60522
194790,62074
194790,50272
194790,49888
194790,53160
194790,50968
194790,51316
194790,53406
194790,63510
194790,63360
194790,59396
194790,62274
194790,44660
194790,62170
194790,62376
194790,36762
194790,48980
194790,55798
194790,62616
194790,62400
194790,44644
194790,44664
194790,62860
194790,58504
197286,1370
197286,35732
197286,48574
197286,39186
197286,34092
197286,60522
197286,62074
197286,50272
197286,49888
197286,50968
197286,51316
197286,53406
197286,63510
197286,63360
197286,59396
197286,62274
197286,44660
197286,62170
197286,62376
197286,36762
197286,48980
197286,62616
197286,62400
197286,44644
197286,44664
197286,62860
197286,58504
198552,35732
198552,39186
198552,60522
198552,62074
198552,1372
198552,50272
198552,1304
198552,50968
198552,51316
198552,53406
198552,63510
198552,44660
198552,62170
198552,48980
198552,55798
198552,62616
198552,62400
198552,44664
198552,62860
198552,44662
198552,58504
203700,50716
203700,34092
203700,60522
203700,50272
203700,50968
203700,51316
203700,33534
203700,53406
203700,63510
203700,63360
203700,59396
203700,44660
203700,62170
203700,63540
203700,53256
203700,44644
203700,10790
203700,62860
203700,58504
210120,60522
210120,50272
210120,51316
210120,53406
210120,62170
210120,62616
210120,44664
210120,62860
210120,58504
220269,35732
220269,48574
220269,39186
220269,60522
220269,62074
220269,50272
220269,49888
220269,53160
220269,50968
220269,51316
220269,53406
220269,63510
220269,63360
220269,62274
220269,44660
220269,62170
220269,62376
220269,36762
220269,55798
220269,62616
220269,62400
220269,44644
220269,55638
220269,62276
220269,62860
220269,58504
239577,1370
239577,61672
239577,61348
239577,11262
239577,35732
239577,48574
239577,61552
239577,39186
239577,60522
239577,62074
239577,50272
239577,1304
239577,49888
239577,53160
239577,50968
239577,51316
239577,53406
239577,53386
239577,63188
239577,59394
239577,63510
239577,32496
239577,63360
239577,62274
239577,44660
239577,62170
239577,62376
239577,36762
239577,55798
239577,62616
239577,62400
239577,45912
239577,44644
239577,57522
239577,55638
239577,59776
239577,62276
239577,62860
239577,44662
239577,58504
72483,1370
72483,61672
72483,50270
72483,35732
72483,48574
72483,61552
72483,39186
72483,34092
72483,60522
72483,62074
72483,1372
72483,50272
72483,1304
72483,49888
72483,53160
72483,50968
72483,51316
72483,33534
72483,53406
72483,61560
72483,53386
72483,63188
72483,59394
72483,63510
72483,63360
72483,59396
72483,62274
72483,44660
72483,62170
72483,62376
72483,36762
72483,48980
72483,62616
72483,62400
72483,45912
72483,44644
72483,10790
72483,59776
72483,50962
72483,62276
72483,62860
72483,44662
72483,56484
72483,58504
154707,1370
154707,61672
154707,61348
154707,11262
154707,35732
154707,48574
154707,61552
154707,39186
154707,60522
154707,62074
154707,50272
154707,49888
154707,53160
154707,50968
154707,51316
154707,53406
154707,53386
154707,63188
154707,59394
154707,63510
154707,63360
154707,62274
154707,44660
154707,62170
154707,62376
154707,36762
154707,55798
154707,62616
154707,62400
154707,45912
154707,44644
154707,57522
154707,55638
154707,59776
154707,62276
154707,62860
154707,44662
154707,58504
163131,1370
163131,61672
163131,61348
163131,11262
163131,35732
163131,48574
163131,61552
163131,39186
163131,62074
163131,50272
163131,49888
163131,53160
163131,50968
163131,51316
163131,53406
163131,61028
163131,53386
163131,63188
163131,59394
163131,63510
163131,32496
163131,63360
163131,62274
163131,44660
163131,62170
163131,62376
163131,36762
163131,55798
163131,62616
163131,62400
163131,45912
163131,44644
163131,57522
163131,55638
163131,59776
163131,62276
163131,62860
163131,44662
163131,58504
165744,35732
165744,48574
165744,39186
165744,60522
165744,62074
165744,50272
165744,49888
165744,53160
165744,50968
165744,51316
165744,53406
165744,63510
165744,63360
165744,62274
165744,44660
165744,62170
165744,62376
165744,36762
165744,55798
165744,62616
165744,62400
165744,44644
165744,55638
165744,62276
165744,62860
165744,58504
186990,61364
186990,1370
186990,30500
186990,56714
186990,61672
186990,61348
186990,50270
186990,54096
186990,11262
186990,35732
186990,48574
186990,61552
186990,39186
186990,57804
186990,60522
186990,62074
186990,44302
186990,124
186990,52918
186990,33886
186990,50274
186990,60
186990,10808
186990,61558
186990,54290
186990,59822
186990,50272
186990,1304
186990,49888
186990,53160
186990,50968
186990,35846
186990,46632
186990,10652
186990,42132
186990,51316
186990,33534
186990,53406
186990,50720
186990,50724
186990,44914
186990,61560
186990,50970
186990,36722
186990,53386
186990,63188
186990,59394
186990,63510
186990,32496
186990,55632
186990,57414
186990,63360
186990,59396
186990,62274
186990,63186
186990,56696
186990,63418
186990,44660
186990,62170
186990,63136
186990,61540
186990,62376
186990,53046
186990,36762
186990,54864
186990,55798
186990,62614
186990,53394
186990,62618
186990,62616
186990,62400
186990,63540
186990,53256
186990,44644
186990,57522
186990,55638
186990,44664
186990,59776
186990,53048
186990,52620
186990,50962
186990,62276
186990,62860
186990,44662
186990,56484
186990,1206
186990,48694
186990,53258
186990,58504
196845,35732
196845,48574
196845,39186
196845,60522
196845,62074
196845,50272
196845,49888
196845,53160
196845,50968
196845,51316
196845,53406
196845,63510
196845,63360
196845,62274
196845,44660
196845,62170
196845,62376
196845,36762
196845,55798
196845,62616
196845,62400
196845,44644
196845,55638
196845,62276
196845,62860
196845,58504
198573,48574
198573,60522
198573,48298
198573,50272
198573,53160
198573,50968
198573,46632
198573,51316
198573,50268
198573,53406
198573,61560
198573,63510
198573,32496
198573,62170
198573,36762
198573,55798
198573,53256
198573,55638
198573,62860
198573,1206
203175,61364
203175,1370
203175,61672
203175,61348
203175,50270
203175,11262
203175,35732
203175,48574
203175,61552
203175,39186
203175,60522
203175,124
203175,52918
203175,33886
203175,3382
203175,10808
203175,61558
203175,48298
203175,50272
203175,37644
203175,49888
203175,53160
203175,50968
203175,46632
203175,10652
203175,42132
203175,51316
203175,53406
203175,50720
203175,61560
203175,50970
203175,36722
203175,53386
203175,63188
203175,62944
203175,63510
203175,32496
203175,55632
203175,63360
203175,62274
203175,44660
203175,62170
203175,63136
203175,62376
203175,53046
203175,36762
203175,54864
203175,55798
203175,62614
203175,53394
203175,62616
203175,62400
203175,53256
203175,57522
203175,55638
203175,59776
203175,53048
203175,50962
203175,62276
203175,62860
203175,56484
203175,1206
203175,58504
205815,61280
205815,60522
205815,50272
205815,60978
205815,53406
205815,48980
205815,62616
205815,10790
205815,62860
205815,58504
206367,1370
206367,56714
206367,61672
206367,61348
206367,50270
206367,54096
206367,11262
206367,35732
206367,48574
206367,61552
206367,39186
206367,60522
206367,62074
206367,124
206367,52918
206367,33886
206367,3382
206367,10808
206367,61558
206367,54290
206367,59822
206367,50272
206367,37644
206367,49888
206367,53160
206367,50968
206367,46632
206367,10652
206367,42132
206367,51316
206367,53406
206367,44914
206367,61560
206367,50970
206367,36722
206367,53386
206367,63188
206367,59394
206367,63510
206367,32496
206367,57414
206367,63360
206367,59396
206367,62274
206367,63186
206367,56696
206367,63418
206367,44660
206367,62170
206367,63136
206367,61540
206367,62376
206367,53046
206367,36762
206367,54864
206367,55798
206367,62614
206367,62616
206367,62400
206367,63540
206367,53256
206367,44644
206367,57522
206367,55638
206367,59776
206367,53048
206367,52620
206367,62276
206367,62860
206367,44662
206367,56484
206367,1206
206367,58504
206418,1370
206418,30500
206418,61672
206418,50270
206418,48574
206418,61552
206418,34092
206418,61280
206418,60522
206418,62074
206418,61558
206418,59816
206418,59822
206418,50272
206418,49888
206418,50968
206418,46632
206418,10652
206418,42132
206418,51316
206418,33534
206418,53406
206418,51974
206418,61560
206418,50970
206418,36722
206418,53386
206418,63188
206418,59394
206418,63510
206418,63360
206418,59396
206418,62274
206418,44660
206418,63136
206418,62376
206418,36762
206418,48980
206418,62616
206418,45912
206418,44644
206418,57522
206418,10790
206418,59776
206418,50962
206418,62276
206418,62860
206418,56484
206418,48694
206418,58504
210678,1370
210678,61672
210678,54096
210678,48574
210678,61552
210678,39186
210678,60522
210678,52918
210678,3382
210678,10808
210678,61558
210678,50272
210678,1304
210678,49888
210678,53160
210678,50968
210678,46632
210678,10652
210678,42132
210678,51316
210678,53406
210678,50970
210678,36722
210678,53386
210678,63188
210678,59394
210678,63510
210678,32496
210678,57414
210678,63360
210678,62274
210678,56696
210678,63418
210678,62170
210678,63136
210678,61540
210678,62376
210678,36762
210678,55798
210678,62614
210678,62616
210678,62400
210678,63540
210678,53256
210678,44644
210678,55638
210678,59776
210678,62276
210678,62860
210678,44662
210678,58504
242439,34092
242439,61280
242439,60522
242439,50272
242439,49888
242439,53406
242439,48980
242439,10790
242439,58504
25749,1370
25749,61672
25749,35732
25749,48574
25749,39186
25749,60522
25749,62074
25749,50272
25749,49888
25749,53160
25749,50968
25749,51316
25749,53406
25749,53386
25749,63188
25749,63510
25749,32496
25749,63360
25749,62274
25749,44660
25749,62170
25749,62376
25749,36762
25749,55798
25749,62616
25749,62400
25749,44644
25749,57522
25749,55638
25749,59776
25749,62276
25749,62860
25749,58504
154551,61364
154551,1370
154551,30500
154551,56714
154551,61672
154551,61348
154551,50270
154551,54096
154551,11262
154551,35732
154551,48574
154551,61552
154551,39186
154551,57804
154551,60522
154551,62074
154551,44302
154551,124
154551,52918
154551,33886
154551,50274
154551,60
154551,10808
154551,61558
154551,59822
154551,50272
154551,1304
154551,49888
154551,53160
154551,50968
154551,35846
154551,46632
154551,10652
154551,42132
154551,51316
154551,53406
154551,50720
154551,50724
154551,44914
154551,61560
154551,50970
154551,36722
154551,53386
154551,63188
154551,59394
154551,63510
154551,32496
154551,55632
154551,57414
154551,63360
154551,59396
154551,62274
154551,63186
154551,56696
154551,63418
154551,44660
154551,62170
154551,63136
154551,61540
154551,62376
154551,53046
154551,36762
154551,55798
154551,62614
154551,53394
154551,62618
154551,62616
154551,62400
154551,63540
154551,53256
154551,44644
154551,57522
154551,55638
154551,59776
154551,53048
154551,52620
154551,50962
154551,62276
154551,62860
154551,44662
154551,56484
154551,1206
154551,53258
154551,58504
183573,1370
183573,61542
183573,50270
183573,35732
183573,48574
183573,39186
183573,57804
183573,60522
183573,62074
183573,1372
183573,50272
183573,1304
183573,37644
183573,49888
183573,50968
183573,51316
183573,33534
183573,53406
183573,61560
183573,63510
183573,63360
183573,59396
183573,62274
183573,44660
183573,62376
183573,36762
183573,48980
183573,62616
183573,62400
183573,44644
183573,10790
183573,50962
183573,62860
183573,44662
183573,58504
201522,1370
201522,61672
201522,61348
201522,11262
201522,35732
201522,48574
201522,61552
201522,39186
201522,62074
201522,50272
201522,1304
201522,49888
201522,53160
201522,50968
201522,51316
201522,53406
201522,53386
201522,63188
201522,59394
201522,63510
201522,32496
201522,63360
201522,62274
201522,44660
201522,62170
201522,62376
201522,36762
201522,55798
201522,62616
201522,62400
201522,45912
201522,44644
201522,57522
201522,55638
201522,44664
201522,59776
201522,62276
201522,62860
201522,44662
201522,58504
204144,34092
204144,50272
204144,49888
204144,53160
204144,50968
204144,46632
204144,51316
204144,53406
204144,63510
204144,32496
204144,63360
204144,44660
204144,62170
204144,36762
204144,55798
204144,62616
204144,53256
204144,44664
204144,62860
204144,58504
206772,61364
206772,1370
206772,30500
206772,56714
206772,61672
206772,61348
206772,50270
206772,54096
206772,11262
206772,35732
206772,48574
206772,61552
206772,39186
206772,57804
206772,60522
206772,62074
206772,44302
206772,124
206772,52918
206772,33886
206772,50274
206772,60
206772,3382
206772,10808
206772,61558
206772,59822
206772,50272
206772,1304
206772,49888
206772,53160
206772,50968
206772,35846
206772,46632
206772,10652
206772,42132
206772,51316
206772,53406
206772,50720
206772,50724
206772,44914
206772,61560
206772,50970
206772,36722
206772,61028
206772,53386
206772,63188
206772,59394
206772,63510
206772,32496
206772,55632
206772,57414
206772,63360
206772,59396
206772,62274
206772,63186
206772,56696
206772,63418
206772,44660
206772,62170
206772,63136
206772,61540
206772,62376
206772,53046
206772,36762
206772,55798
206772,62614
206772,53394
206772,62618
206772,62616
206772,62400
206772,63540
206772,53256
206772,45912
206772,44644
206772,57522
206772,55638
206772,44664
206772,59776
206772,53048
206772,52620
206772,50962
206772,62276
206772,62860
206772,44662
206772,56484
206772,1206
206772,48694
206772,53258
206772,58504
237300,1370
237300,61672
237300,35732
237300,39186
237300,34092
237300,62074
237300,50272
237300,1304
237300,49888
237300,53160
237300,50968
237300,51316
237300,53406
237300,53386
237300,63188
237300,63510
237300,32496
237300,63360
237300,62274
237300,44660
237300,62170
237300,62376
237300,36762
237300,55798
237300,62616
237300,62400
237300,44644
237300,57522
237300,55638
237300,59776
237300,62276
237300,62860
237300,58504
88821,61364
88821,1370
88821,30500
88821,56714
88821,61348
88821,50270
88821,54096
88821,11262
88821,35732
88821,48574
88821,61552
88821,50716
88821,39186
88821,34092
88821,60522
88821,62074
88821,16358
88821,44302
88821,124
88821,52918
88821,33886
88821,50274
88821,60
88821,3382
88821,10808
88821,61558
88821,1372
88821,59822
88821,50272
88821,1304
88821,49888
88821,50968
88821,35846
88821,46632
88821,42132
88821,51316
88821,53406
88821,51974
88821,50720
88821,50724
88821,44914
88821,61560
88821,50970
88821,36722
88821,53386
88821,63188
88821,59394
88821,63510
88821,32496
88821,55632
88821,57414
88821,63360
88821,59396
88821,62274
88821,63220
88821,63186
88821,50718
88821,56696
88821,44660
88821,62170
88821,63136
88821,61540
88821,62376
88821,53046
88821,63538
88821,36762
88821,54864
88821,48980
88821,55798
88821,62614
88821,53394
88821,62618
88821,62616
88821,62400
88821,63540
88821,53256
88821,45912
88821,44644
88821,57522
88821,55638
88821,44664
88821,59776
88821,53048
88821,52620
88821,50962
88821,62276
88821,62860
88821,44662
88821,56484
88821,1206
88821,48694
88821,53258
88821,58504
128502,1370
128502,48574
128502,34092
128502,60522
128502,50272
128502,37644
128502,49888
128502,53160
128502,50968
128502,51316
128502,53406
128502,63510
128502,32496
128502,63360
128502,44660
128502,62170
128502,36762
128502,48980
128502,55798
128502,62616
128502,53256
128502,44644
128502,55638
128502,44664
128502,62860
128502,58504
155055,1370
155055,61672
155055,61348
155055,11262
155055,35732
155055,48574
155055,61552
155055,39186
155055,34092
155055,60522
155055,62074
155055,50272
155055,49888
155055,53160
155055,50968
155055,51316
155055,53406
155055,61560
155055,53386
155055,63188
155055,59394
155055,63510
155055,32496
155055,63360
155055,63218
155055,62274
155055,44660
155055,62170
155055,62376
155055,36762
155055,55798
155055,62616
155055,62400
155055,45912
155055,44644
155055,57522
155055,55638
155055,59776
155055,52620
155055,62276
155055,62860
155055,44662
155055,56484
155055,48694
155055,58504
157398,1370
157398,61672
157398,35732
157398,48574
157398,39186
157398,60522
157398,62074
157398,50272
157398,1304
157398,49888
157398,53160
157398,50968
157398,51316
157398,53406
157398,53386
157398,63188
157398,63510
157398,32496
157398,63360
157398,62274
157398,44660
157398,62170
157398,62376
157398,36762
157398,55798
157398,62616
157398,62400
157398,44644
157398,57522
157398,55638
157398,59776
157398,62276
157398,62860
157398,58504
183492,60522
183492,50272
183492,51316
183492,53406
183492,62170
183492,44664
183492,62860
183492,58504
188637,61364
188637,1370
188637,30500
188637,56714
188637,61672
188637,61348
188637,50270
188637,54096
188637,11262
188637,35732
188637,48574
188637,61552
188637,39186
188637,57804
188637,60522
188637,62074
188637,44302
188637,124
188637,52918
188637,33886
188637,50274
188637,60
188637,3382
188637,10808
188637,61558
188637,54290
188637,59822
188637,50272
188637,1304
188637,49888
188637,53160
188637,50968
188637,35846
188637,46632
188637,10652
188637,42132
188637,51316
188637,53406
188637,50720
188637,50724
188637,44914
188637,61560
188637,50970
188637,36722
188637,61028
188637,53386
188637,63188
188637,59394
188637,63510
188637,32496
188637,55632
188637,57414
188637,63360
188637,59396
188637,62274
188637,63186
188637,56696
188637,63418
188637,44660
188637,62170
188637,63136
188637,61540
188637,62376
188637,53046
188637,36762
188637,54864
188637,55798
188637,62614
188637,53394
188637,62618
188637,62616
188637,62400
188637,63540
188637,53256
188637,45912
188637,44644
188637,57522
188637,55638
188637,44664
188637,59776
188637,53048
188637,52620
188637,50962
188637,62276
188637,62860
188637,44662
188637,56484
188637,1206
188637,48694
188637,53258
188637,58504
188961,61364
188961,1370
188961,30500
188961,56714
188961,61672
188961,61348
188961,50270
188961,54096
188961,11262
188961,35732
188961,48574
188961,61552
188961,39186
188961,57804
188961,60522
188961,62074
188961,44302
188961,124
188961,52918
188961,33886
188961,50274
188961,60
188961,3382
188961,10808
188961,61558
188961,54290
188961,59822
188961,50272
188961,1304
188961,49888
188961,53160
188961,50968
188961,35846
188961,46632
188961,10652
188961,42132
188961,51316
188961,53406
188961,50720
188961,50724
188961,44914
188961,61560
188961,50970
188961,36722
188961,53386
188961,63188
188961,59394
188961,63510
188961,32496
188961,55632
188961,57414
188961,63360
188961,59396
188961,62274
188961,63186
188961,56696
188961,63418
188961,44660
188961,62170
188961,63136
188961,61540
188961,62376
188961,53046
188961,36762
188961,54864
188961,55798
188961,62614
188961,53394
188961,62618
188961,62616
188961,62400
188961,63540
188961,53256
188961,45912
188961,44644
188961,57522
188961,55638
188961,44664
188961,59776
188961,53048
188961,52620
188961,50962
188961,62276
188961,62860
188961,44662
188961,56484
188961,1206
188961,48694
188961,53258
188961,58504
192735,61364
192735,1370
192735,30500
192735,56714
192735,61672
192735,61348
192735,50270
192735,54096
192735,11262
192735,35732
192735,48574
192735,61552
192735,39186
192735,57804
192735,60522
192735,62074
192735,44302
192735,124
192735,52918
192735,33886
192735,50274
192735,60
192735,10808
192735,61558
192735,54290
192735,59822
192735,50272
192735,1304
192735,49888
192735,53160
192735,50968
192735,35846
192735,46632
192735,10652
192735,42132
192735,51316
192735,53406
192735,50720
192735,50724
192735,44914
192735,61560
192735,50970
192735,36722
192735,53386
192735,63188
192735,59394
192735,63510
192735,32496
192735,55632
192735,57414
192735,63360
192735,59396
192735,62274
192735,63186
192735,56696
192735,63418
192735,44660
192735,62170
192735,63136
192735,61540
192735,62376
192735,53046
192735,36762
192735,54864
192735,55798
192735,62614
192735,53394
192735,62618
192735,62616
192735,62400
192735,63540
192735,53256
192735,44644
192735,57522
192735,55638
192735,44664
192735,59776
192735,53048
192735,52620
192735,50962
192735,62276
192735,62860
192735,44662
192735,56484
192735,1206
192735,53258
192735,58504
195063,1370
195063,61672
195063,61348
195063,11262
195063,35732
195063,48574
195063,61552
195063,39186
195063,62074
195063,50272
195063,1304
195063,49888
195063,53160
195063,50968
195063,51316
195063,53406
195063,53386
195063,63188
195063,59394
195063,63510
195063,32496
195063,63360
195063,62274
195063,44660
195063,62170
195063,62376
195063,36762
195063,55798
195063,62616
195063,62400
195063,45912
195063,44644
195063,57522
195063,55638
195063,59776
195063,62276
195063,62860
195063,44662
195063,58504
203673,61364
203673,1370
203673,61672
203673,61348
203673,50270
203673,11262
203673,35732
203673,48574
203673,61552
203673,39186
203673,60522
203673,124
203673,52918
203673,33886
203673,3382
203673,10808
203673,61558
203673,48298
203673,50272
203673,37644
203673,49888
203673,53160
203673,50968
203673,46632
203673,10652
203673,42132
203673,51316
203673,53406
203673,50720
203673,61560
203673,50970
203673,36722
203673,53386
203673,63188
203673,62944
203673,63510
203673,32496
203673,55632
203673,63360
203673,62274
203673,44660
203673,62170
203673,63136
203673,62376
203673,53046
203673,36762
203673,54864
203673,55798
203673,62614
203673,53394
203673,62616
203673,62400
203673,53256
203673,57522
203673,55638
203673,59776
203673,53048
203673,50962
203673,62276
203673,62860
203673,56484
203673,1206
203673,58504
204759,50270
204759,60522
204759,50272
204759,51316
204759,33534
204759,53406
204759,62616
204759,10790
204759,62860
204759,58504
207150,1370
207150,61672
207150,35732
207150,39186
207150,62074
207150,50272
207150,1304
207150,49888
207150,53160
207150,50968
207150,51316
207150,53406
207150,53386
207150,63188
207150,63510
207150,32496
207150,63360
207150,62274
207150,44660
207150,62170
207150,62376
207150,36762
207150,55798
207150,62616
207150,62400
207150,44644
207150,57522
207150,55638
207150,59776
207150,62276
207150,62860
207150,58504
207387,1370
207387,61672
207387,61348
207387,11262
207387,35732
207387,48574
207387,61552
207387,39186
207387,34092
207387,60522
207387,62074
207387,50272
207387,49888
207387,53160
207387,50968
207387,51316
207387,53406
207387,61028
207387,53386
207387,63188
207387,59394
207387,63510
207387,32496
207387,63360
207387,62274
207387,44660
207387,62170
207387,62376
207387,36762
207387,55798
207387,62616
207387,62400
207387,45912
207387,44644
207387,57522
207387,55638
207387,59776
207387,62276
207387,62860
207387,44662
207387,58504
210168,61364
210168,1370
210168,30500
210168,56714
210168,61672
210168,61348
210168,50270
210168,54096
210168,11262
210168,35732
210168,48574
210168,61552
210168,50716
210168,36720
210168,39186
210168,34092
210168,57804
210168,60522
210168,62074
210168,16358
210168,44302
210168,124
210168,52918
210168,33886
210168,50274
210168,60
210168,3382
210168,10808
210168,61558
210168,59822
210168,50272
210168,1304
210168,49888
210168,53160
210168,50968
210168,35846
210168,46632
210168,10652
210168,42132
210168,51316
210168,53406
210168,51974
210168,50720
210168,50724
210168,44914
210168,61560
210168,50970
210168,36722
210168,61028
210168,53386
210168,63188
210168,59394
210168,63510
210168,32496
210168,55632
210168,57414
210168,63360
210168,63218
210168,59396
210168,62274
210168,63220
210168,63186
210168,56696
210168,63418
210168,44660
210168,62170
210168,63136
210168,61540
210168,62376
210168,53046
210168,63538
210168,36762
210168,54864
210168,55798
210168,62614
210168,53394
210168,62618
210168,62616
210168,62400
210168,62378
210168,63540
210168,53256
210168,45912
210168,44644
210168,57522
210168,55638
210168,44664
210168,59776
210168,53048
210168,52620
210168,50962
210168,62276
210168,62860
210168,44662
210168,56484
210168,1206
210168,48694
210168,53258
210168,58504
238887,48574
238887,34092
238887,50272
238887,49888
238887,53160
238887,50968
238887,51316
238887,53406
238887,63510
238887,32496
238887,62170
238887,36762
238887,55798
238887,62616
238887,53256
238887,55638
238887,44664
238887,62860
238887,58504
62817,1370
62817,48574
62817,62074
62817,50272
62817,37644
62817,49888
62817,53160
62817,50968
62817,51316
62817,53406
62817,63510
62817,32496
62817,63360
62817,62274
62817,44660
62817,62170
62817,36762
62817,55798
62817,62616
62817,62400
62817,53256
62817,44644
62817,55638
62817,44664
62817,62276
62817,62860
62817,58504
154146,1370
154146,50270
154146,61280
154146,60522
154146,33886
154146,3382
154146,10808
154146,61558
154146,48298
154146,50272
154146,1304
154146,37644
154146,49888
154146,53160
154146,50968
154146,10652
154146,42132
154146,51316
154146,53406
154146,50724
154146,61560
154146,50970
154146,36722
154146,63510
154146,32496
154146,55632
154146,63360
154146,63220
154146,62170
154146,62376
154146,36762
154146,55798
154146,62616
154146,62400
154146,57522
154146,55638
154146,59776
154146,52620
154146,62860
154146,56484
154146,58504
159831,1370
159831,61672
159831,50270
159831,54096
159831,35732
159831,48574
159831,61552
159831,39186
159831,34092
159831,60522
159831,52918
159831,33886
159831,3382
159831,10808
159831,61558
159831,50272
159831,1304
159831,37644
159831,49888
159831,53160
159831,50968
159831,46632
159831,10652
159831,42132
159831,51316
159831,53406
159831,61560
159831,50970
159831,36722
159831,53386
159831,63188
159831,59394
159831,63510
159831,32496
159831,57414
159831,63360
159831,62274
159831,56696
159831,63418
159831,44660
159831,62170
159831,63136
159831,61540
159831,62376
159831,36762
159831,55798
159831,62614
159831,62616
159831,62400
159831,63540
159831,53256
159831,44644
159831,57522
159831,55638
159831,59776
159831,53048
159831,62276
159831,62860
159831,44662
159831,56484
159831,58504
192771,1370
192771,61672
192771,50270
192771,54096
192771,35732
192771,48574
192771,61552
192771,39186
192771,34092
192771,60522
192771,52918
192771,33886
192771,3382
192771,10808
192771,61558
192771,50272
192771,37644
192771,49888
192771,53160
192771,50968
192771,46632
192771,10652
192771,42132
192771,51316
192771,53406
192771,61560
192771,50970
192771,36722
192771,53386
192771,63188
192771,59394
192771,63510
192771,32496
192771,57414
192771,63360
192771,62274
192771,56696
192771,63418
192771,44660
192771,62170
192771,63136
192771,61540
192771,62376
192771,36762
192771,55798
192771,62614
192771,62616
192771,62400
192771,63540
192771,53256
192771,44644
192771,57522
192771,55638
192771,59776
192771,53048
192771,62276
192771,62860
192771,44662
192771,56484
192771,58504
193323,61364
193323,1370
193323,61672
193323,61348
193323,50270
193323,11262
193323,35732
193323,48574
193323,61552
193323,36720
193323,39186
193323,60522
193323,124
193323,52918
193323,10808
193323,61558
193323,48298
193323,50272
193323,37644
193323,49888
193323,53160
193323,50968
193323,46632
193323,10652
193323,51316
193323,33534
193323,53406
193323,50720
193323,61560
193323,53386
193323,63188
193323,62944
193323,63510
193323,32496
193323,55632
193323,63360
193323,62274
193323,62170
193323,62376
193323,53046
193323,36762
193323,54864
193323,55798
193323,62614
193323,53394
193323,62616
193323,62400
193323,57522
193323,55638
193323,59776
193323,50962
193323,62276
193323,62860
193323,56484
193323,1206
193323,58504
203820,61364
203820,1370
203820,30500
203820,56714
203820,61672
203820,61348
203820,61542
203820,50270
203820,54096
203820,11262
203820,35732
203820,48574
203820,61552
203820,50716
203820,36720
203820,39186
203820,34092
203820,57804
203820,61280
203820,60522
203820,62074
203820,16358
203820,44302
203820,11490
203820,124
203820,52918
203820,33886
203820,50274
203820,60
203820,3382
203820,10808
203820,61558
203820,1372
203820,54290
203820,59822
203820,50272
203820,1304
203820,37644
203820,49888
203820,53160
203820,50968
203820,35846
203820,46632
203820,10652
203820,42132
203820,51316
203820,33534
203820,50268
203820,53406
203820,51974
203820,50720
203820,50724
203820,44914
203820,61560
203820,50970
203820,36722
203820,61028
203820,53386
203820,63188
203820,62944
203820,59394
203820,63510
203820,32496
203820,55632
203820,57414
203820,63360
203820,63218
203820,59396
203820,62274
203820,63220
203820,63186
203820,50718
203820,56696
203820,63418
203820,44660
203820,62170
203820,63136
203820,61540
203820,62376
203820,53046
203820,63538
203820,36762
203820,54864
203820,48980
203820,55798
203820,62614
203820,53394
203820,62618
203820,62616
203820,62400
203820,62378
203820,63540
203820,53256
203820,45912
203820,44644
203820,57522
203820,55638
203820,10790
203820,44664
203820,59776
203820,53048
203820,52620
203820,50962
203820,62276
203820,62860
203820,44662
203820,56484
203820,1206
203820,48694
203820,53258
203820,58504
222894,61672
222894,35732
222894,39186
222894,60522
222894,62074
222894,61558
222894,48298
222894,50272
222894,1304
222894,49888
222894,53160
222894,50968
222894,53406
222894,50724
222894,63510
222894,32496
222894,63360
222894,62274
222894,62170
222894,36762
222894,55798
222894,62616
222894,62400
222894,53256
222894,44644
222894,55638
222894,59776
222894,62276
222894,62860
222894,58504
242409,35732
242409,39186
242409,60522
242409,62074
242409,52918
242409,10808
242409,61558
242409,50272
242409,49888
242409,53160
242409,50968
242409,10652
242409,53406
242409,53386
242409,63188
242409,63510
242409,32496
242409,63360
242409,62274
242409,62170
242409,36762
242409,55798
242409,62616
242409,62400
242409,44644
242409,55638
242409,59776
242409,62276
242409,62860
242409,58504
71271,61364
71271,1370
71271,30500
71271,56714
71271,61672
71271,61348
71271,50270
71271,54096
71271,11262
71271,35732
71271,48574
71271,61552
71271,39186
71271,57804
71271,60522
71271,62074
71271,16358
71271,44302
71271,124
71271,52918
71271,33886
71271,50274
71271,60
71271,10808
71271,61558
71271,59822
71271,50272
71271,1304
71271,49888
71271,53160
71271,50968
71271,35846
71271,46632
71271,10652
71271,42132
71271,51316
71271,53406
71271,50720
71271,44914
71271,61560
71271,50970
71271,36722
71271,53386
71271,63188
71271,59394
71271,63510
71271,32496
71271,55632
71271,57414
71271,63360
71271,59396
71271,62274
71271,63220
71271,63186
71271,50718
71271,56696
71271,63418
71271,44660
71271,62170
71271,63136
71271,61540
71271,62376
71271,53046
71271,36762
71271,54864
71271,55798
71271,62614
71271,53394
71271,62618
71271,62616
71271,62400
71271,63540
71271,53256
71271,45912
71271,44644
71271,57522
71271,55638
71271,44664
71271,59776
71271,53048
71271,52620
71271,50962
71271,62276
71271,62860
71271,44662
71271,56484
71271,1206
71271,53258
71271,58504
154245,61364
154245,1370
154245,61672
154245,61348
154245,50270
154245,11262
154245,35732
154245,48574
154245,61552
154245,39186
154245,60522
154245,124
154245,52918
154245,33886
154245,3382
154245,10808
154245,61558
154245,48298
154245,50272
154245,37644
154245,49888
154245,53160
154245,50968
154245,46632
154245,10652
154245,42132
154245,51316
154245,53406
154245,50720
154245,61560
154245,50970
154245,36722
154245,53386
154245,63188
154245,62944
154245,63510
154245,32496
154245,55632
154245,63360
154245,62274
154245,44660
154245,62170
154245,63136
154245,62376
154245,53046
154245,36762
154245,54864
154245,55798
154245,62614
154245,53394
154245,62616
154245,62400
154245,53256
154245,57522
154245,55638
154245,59776
154245,53048
154245,50962
154245,62276
154245,62860
154245,56484
154245,1206
154245,58504
160029,61672
160029,35732
160029,39186
160029,60522
160029,62074
160029,61558
160029,50272
160029,49888
160029,53160
160029,50968
160029,53406
160029,50724
160029,63510
160029,63360
160029,62274
160029,62170
160029,36762
160029,55798
160029,62616
160029,62400
160029,53256
160029,44644
160029,55638
160029,59776
160029,62276
160029,62860
160029,58504
187650,1370
187650,61672
187650,61348
187650,11262
187650,35732
187650,48574
187650,61552
187650,39186
187650,34092
187650,60522
187650,62074
187650,50272
187650,49888
187650,53160
187650,50968
187650,51316
187650,53406
187650,53386
187650,63188
187650,59394
187650,63510
187650,63360
187650,62274
187650,44660
187650,62170
187650,62376
187650,36762
187650,55798
187650,62616
187650,62400
187650,45912
187650,44644
187650,57522
187650,55638
187650,59776
187650,62276
187650,62860
187650,44662
187650,58504
191256,61364
191256,1370
191256,30500
191256,56714
191256,61672
191256,61348
191256,50270
191256,54096
191256,11262
191256,35732
191256,48574
191256,61552
191256,39186
191256,57804
191256,60522
191256,62074
191256,44302
191256,124
191256,52918
191256,33886
191256,50274
191256,60
191256,3382
191256,10808
191256,61558
191256,54290
191256,59822
191256,50272
191256,1304
191256,49888
191256,53160
191256,50968
191256,35846
191256,46632
191256,10652
191256,42132
191256,51316
191256,53406
191256,50720
191256,50724
191256,44914
191256,61560
191256,50970
191256,36722
191256,53386
191256,63188
191256,59394
191256,63510
191256,32496
191256,55632
191256,57414
191256,63360
191256,59396
191256,62274
191256,63186
191256,56696
191256,63418
191256,44660
191256,62170
191256,63136
191256,61540
191256,62376
191256,53046
191256,36762
191256,54864
191256,55798
191256,62614
191256,53394
191256,62618
191256,62616
191256,62400
191256,63540
191256,53256
191256,45912
191256,44644
191256,57522
191256,55638
191256,44664
191256,59776
191256,53048
191256,52620
191256,50962
191256,62276
191256,62860
191256,44662
191256,56484
191256,1206
191256,48694
191256,53258
191256,58504
192549,1370
192549,11262
192549,33886
192549,50274
192549,60
192549,10808
192549,1304
192549,60978
192549,46632
192549,51316
192549,63188
192549,63218
192549,55798
192549,62618
192549,62616
192549,57522
192549,44664
207216,61364
207216,1370
207216,36720
207216,62074
207216,50274
207216,61558
207216,59816
207216,60978
207216,33534
207216,53406
207216,63188
207216,55632
207216,55798
207216,62618
207216,62616
207216,62400
207216,57522
207216,44664
207219,61364
207219,1370
207219,61672
207219,50716
207219,36720
207219,62074
207219,44302
207219,11490
207219,50274
207219,61558
207219,54290
207219,59816
207219,50272
207219,60978
207219,33534
207219,53406
207219,50724
207219,36722
207219,63188
207219,62944
207219,32496
207219,63218
207219,56696
207219,63136
207219,61540
207219,62376
207219,55798
207219,62614
207219,62618
207219,62616
207219,62400
207219,53256
207219,45912
207219,44644
207219,57522
207219,44664
207219,62860
207219,44662
207219,1206
207219,48694
207219,58504
210876,61364
210876,1370
210876,56714
210876,61672
210876,50270
210876,48574
210876,61552
210876,36720
210876,39186
210876,34092
210876,57804
210876,62074
210876,11490
210876,124
210876,50274
210876,60
210876,10808
210876,61558
210876,54290
210876,59816
210876,1304
210876,50968
210876,60978
210876,35846
210876,33534
210876,53406
210876,50720
210876,50724
210876,44914
210876,50970
210876,36722
210876,61028
210876,53386
210876,63188
210876,62944
210876,32496
210876,57414
210876,63218
210876,59396
210876,50718
210876,56696
210876,63418
210876,44660
210876,62170
210876,63136
210876,61540
210876,62376
210876,63538
210876,48980
210876,55798
210876,53394
210876,62618
210876,62616
210876,62400
210876,53256
210876,45912
210876,44644
210876,57522
210876,44664
210876,52620
210876,50962
210876,62276
210876,62860
210876,44662
210876,1206
210876,48694
210876,58504
227988,61364
227988,1370
227988,56714
227988,61672
227988,61542
227988,50270
227988,11262
227988,48574
227988,61552
227988,50716
227988,36720
227988,39186
227988,34092
227988,57804
227988,61280
227988,62074
227988,16358
227988,11490
227988,124
227988,50274
227988,60
227988,10808
227988,61558
227988,54290
227988,48298
227988,59816
227988,50272
227988,1304
227988,37644
227988,49888
227988,53160
227988,50968
227988,60978
227988,35846
227988,46632
227988,10652
227988,33534
227988,53406
227988,50724
227988,36722
227988,63188
227988,62944
227988,32496
227988,55632
227988,63218
227988,56696
227988,63136
227988,61540
227988,62376
227988,55798
227988,62618
227988,62616
227988,62400
227988,53256
227988,45912
227988,44644
227988,57522
227988,44664
227988,62860
227988,44662
227988,1206
227988,48694
227988,58504
241263,61364
241263,1370
241263,56714
241263,61672
241263,50270
241263,48574
241263,61552
241263,36720
241263,39186
241263,34092
241263,57804
241263,62074
241263,11490
241263,124
241263,50274
241263,60
241263,10808
241263,61558
241263,54290
241263,59816
241263,1304
241263,50968
241263,60978
241263,35846
241263,33534
241263,50268
241263,53406
241263,44914
241263,61560
241263,61028
241263,63188
241263,62944
241263,55632
241263,63218
241263,50718
241263,56696
241263,61540
241263,62376
241263,36762
241263,55798
241263,53394
241263,62618
241263,62616
241263,62400
241263,53256
241263,45912
241263,10790
241263,44664
241263,62276
241263,1206
241263,48694
67827,61364
67827,1370
67827,61672
67827,50270
67827,61280
67827,62074
67827,16358
67827,11490
67827,50274
67827,60
67827,48298
67827,59816
67827,1304
67827,50968
67827,60978
67827,10652
67827,33534
67827,63188
67827,63218
67827,36762
67827,55798
67827,62616
67827,62400
67827,53256
67827,57522
67827,10790
67827,44664
67827,62276
153312,61364
153312,1370
153312,36720
153312,62074
153312,11490
153312,61558
153312,59816
153312,60978
153312,10652
153312,63188
153312,62944
153312,32496
153312,63218
153312,59396
153312,56696
153312,61540
153312,62376
153312,55798
153312,62618
153312,62616
153312,62400
153312,45912
153312,44664
153312,1206
153312,48694
153312,58504
162843,61364
162843,1370
162843,61672
162843,50270
162843,36720
162843,62074
162843,11490
162843,124
162843,50274
162843,60
162843,61558
162843,54290
162843,59816
162843,1304
162843,50968
162843,60978
162843,33534
162843,53406
162843,53386
162843,63188
162843,32496
162843,55632
162843,63218
162843,59396
162843,55798
162843,62618
162843,62400
162843,57522
162843,44664
184485,61364
184485,61672
184485,61542
184485,50270
184485,50716
184485,36720
184485,57804
184485,62074
184485,44302
184485,50274
184485,60
184485,54290
184485,50272
184485,60978
184485,33534
184485,53406
184485,50724
184485,53386
184485,63188
184485,32496
184485,63218
184485,59396
184485,55798
184485,62618
184485,62616
184485,62400
184485,57522
184485,44664
184485,1206
184485,48694
187707,61364
187707,1370
187707,61672
187707,50716
187707,36720
187707,62074
187707,50274
187707,60
187707,48298
187707,59816
187707,50968
187707,60978
187707,33534
187707,53406
187707,63188
187707,55798
187707,62618
187707,62616
187707,62400
187707,57522
187707,44664
204795,61364
204795,1370
204795,61672
204795,50270
204795,50716
204795,36720
204795,62074
204795,11490
204795,50274
204795,60
204795,61558
204795,54290
204795,59816
204795,50968
204795,60978
204795,33534
204795,53406
204795,50724
204795,44914
204795,61028
204795,53386
204795,63188
204795,62944
204795,32496
204795,59396
204795,55798
204795,62618
204795,62616
204795,62400
204795,57522
204795,44664
204795,1206
204795,48694
204795,58504
208449,61364
208449,1370
208449,61672
208449,50270
208449,50716
208449,36720
208449,57804
208449,62074
208449,11490
208449,50274
208449,60
208449,1372
208449,54290
208449,48298
208449,59816
208449,1304
208449,50968
208449,60978
208449,35846
208449,33534
208449,53406
208449,63188
208449,63218
208449,55798
208449,62618
208449,62616
208449,57522
208449,44664
210171,61364
210171,1370
210171,61672
210171,50716
210171,36720
210171,57804
210171,62074
210171,11490
210171,50274
210171,61558
210171,54290
210171,59816
210171,60978
210171,33534
210171,50268
210171,53406
210171,44914
210171,61560
210171,61028
210171,63188
210171,63218
210171,56696
210171,62376
210171,36762
210171,55798
210171,62618
210171,62616
210171,62400
210171,53256
210171,45912
210171,10790
210171,44664
210171,62276
234972,61364
234972,1370
234972,61672
234972,36720
234972,62074
234972,16358
234972,11490
234972,50274
234972,60
234972,59816
234972,1304
234972,50968
234972,60978
234972,10652
234972,33534
234972,53406
234972,50720
234972,50724
234972,44914
234972,36722
234972,61028
234972,53386
234972,63188
234972,32496
234972,63218
234972,59396
234972,56696
234972,63418
234972,63136
234972,61540
234972,62376
234972,63538
234972,48980
234972,55798
234972,62618
234972,62616
234972,62400
234972,45912
234972,44644
234972,57522
234972,44664
234972,50962
234972,62276
234972,62860
234972,44662
234972,1206
234972,48694
234972,58504
167571,61364
167571,1370
167571,56714
167571,61672
167571,61542
167571,50270
167571,11262
167571,48574
167571,61552
167571,50716
167571,36720
167571,39186
167571,34092
167571,57804
167571,62074
167571,11490
167571,124
167571,50274
167571,60
167571,10808
167571,61558
167571,54290
167571,48298
167571,59816
167571,1304
167571,37644
167571,49888
167571,53160
167571,50968
167571,60978
167571,35846
167571,33534
167571,50268
167571,53406
167571,51974
167571,50720
167571,50724
167571,44914
167571,50970
167571,36722
167571,61028
167571,53386
167571,63188
167571,62944
167571,32496
167571,57414
167571,63218
167571,59396
167571,63220
167571,50718
167571,56696
167571,63418
167571,44660
167571,62170
167571,63136
167571,61540
167571,62376
167571,63538
167571,48980
167571,55798
167571,62614
167571,62618
167571,62616
167571,62400
167571,63540
167571,53256
167571,45912
167571,44644
167571,57522
167571,44664
167571,53048
167571,52620
167571,50962
167571,62276
167571,62860
167571,44662
167571,1206
167571,48694
167571,58504
179853,61364
179853,1370
179853,30500
179853,56714
179853,61672
179853,61542
179853,50270
179853,11262
179853,48574
179853,61552
179853,50716
179853,36720
179853,39186
179853,34092
179853,57804
179853,61280
179853,62074
179853,16358
179853,11490
179853,124
179853,52918
179853,33886
179853,50274
179853,60
179853,10808
179853,61558
179853,1372
179853,54290
179853,48298
179853,59816
179853,50272
179853,1304
179853,37644
179853,49888
179853,53160
179853,50968
179853,60978
179853,35846
179853,46632
179853,10652
179853,42132
179853,51316
179853,33534
179853,53406
179853,50724
179853,44914
179853,61028
179853,53386
179853,63188
179853,62944
179853,32496
179853,55632
179853,59396
179853,55798
179853,62618
179853,62616
179853,62400
179853,57522
179853,44664
179853,56484
179853,1206
179853,48694
179853,58504
185067,61364
185067,1370
185067,61672
185067,50270
185067,50716
185067,36720
185067,57804
185067,62074
185067,11490
185067,50274
185067,60
185067,1372
185067,54290
185067,48298
185067,59816
185067,1304
185067,50968
185067,60978
185067,35846
185067,33534
185067,53406
185067,44914
185067,61028
185067,63188
185067,55632
185067,63218
185067,55798
185067,62618
185067,62616
185067,57522
185067,44664
188265,61364
188265,1370
188265,61672
188265,50716
188265,36720
188265,62074
188265,16358
188265,11490
188265,50274
188265,61558
188265,54290
188265,48298
188265,59816
188265,50968
188265,60978
188265,10652
188265,33534
188265,50268
188265,53406
188265,51974
188265,50720
188265,50724
188265,44914
188265,50970
188265,36722
188265,61028
188265,53386
188265,63188
188265,62944
188265,32496
188265,57414
188265,63218
188265,59396
188265,63220
188265,50718
188265,56696
188265,63418
188265,44660
188265,62170
188265,61540
188265,62376
188265,63538
188265,48980
188265,55798
188265,62614
188265,62618
188265,62616
188265,62400
188265,63540
188265,53256
188265,45912
188265,44644
188265,57522
188265,44664
188265,53048
188265,52620
188265,50962
188265,62276
188265,62860
188265,44662
188265,1206
188265,48694
188265,58504
207078,61364
207078,1370
207078,30500
207078,56714
207078,61672
207078,61542
207078,50270
207078,11262
207078,48574
207078,61552
207078,50716
207078,36720
207078,39186
207078,34092
207078,57804
207078,61280
207078,62074
207078,16358
207078,11490
207078,124
207078,52918
207078,33886
207078,50274
207078,60
207078,10808
207078,61558
207078,1372
207078,54290
207078,48298
207078,59816
207078,50272
207078,1304
207078,37644
207078,49888
207078,53160
207078,50968
207078,60978
207078,35846
207078,46632
207078,10652
207078,51316
207078,33534
207078,53406
207078,44914
207078,61028
207078,63188
207078,55632
207078,63218
207078,55798
207078,62618
207078,62616
207078,57522
207078,44664
219381,61364
219381,1370
219381,61672
219381,50716
219381,36720
219381,62074
219381,16358
219381,11490
219381,50274
219381,61558
219381,54290
219381,48298
219381,59816
219381,50968
219381,60978
219381,10652
219381,33534
219381,53406
219381,63188
219381,63218
219381,59396
219381,55798
219381,53394
219381,62618
219381,62616
219381,62400
219381,57522
219381,44664
231096,61364
231096,1370
231096,61672
231096,50270
231096,50716
231096,36720
231096,62074
231096,11490
231096,50274
231096,60
231096,61558
231096,54290
231096,59816
231096,50968
231096,60978
231096,33534
231096,50268
231096,53406
231096,51974
231096,50720
231096,50724
231096,44914
231096,50970
231096,36722
231096,61028
231096,53386
231096,63188
231096,62944
231096,59394
231096,32496
231096,55632
231096,57414
231096,63218
231096,59396
231096,63220
231096,50718
231096,56696
231096,63418
231096,44660
231096,62170
231096,61540
231096,62376
231096,53046
231096,48980
231096,55798
231096,62614
231096,62618
231096,62616
231096,62400
231096,63540
231096,53256
231096,45912
231096,44644
231096,57522
231096,44664
231096,59776
231096,53048
231096,50962
231096,62276
231096,62860
231096,44662
231096,1206
231096,48694
231096,53258
231096,58504
241824,61364
241824,1370
241824,30500
241824,56714
241824,61672
241824,61542
241824,50270
241824,11262
241824,48574
241824,61552
241824,50716
241824,36720
241824,39186
241824,34092
241824,57804
241824,61280
241824,60522
241824,62074
241824,16358
241824,11490
241824,124
241824,52918
241824,33886
241824,50274
241824,60
241824,10808
241824,61558
241824,1372
241824,54290
241824,48298
241824,59816
241824,50272
241824,37644
241824,53160
241824,50968
241824,60978
241824,35846
241824,46632
241824,10652
241824,51316
241824,33534
241824,50268
241824,53406
241824,51974
241824,50720
241824,50724
241824,44914
241824,50970
241824,36722
241824,61028
241824,53386
241824,63188
241824,62944
241824,32496
241824,57414
241824,63218
241824,59396
241824,63220
241824,50718
241824,56696
241824,63418
241824,44660
241824,62170
241824,63136
241824,61540
241824,62376
241824,36762
241824,48980
241824,55798
241824,62614
241824,62618
241824,62616
241824,62400
241824,63540
241824,53256
241824,45912
241824,44644
241824,57522
241824,44664
241824,53048
241824,52620
241824,50962
241824,62276
241824,62860
241824,44662
241824,1206
241824,48694
241824,58504
128469,61364
128469,1370
128469,30500
128469,56714
128469,61672
128469,61542
128469,50270
128469,11262
128469,48574
128469,61552
128469,50716
128469,36720
128469,39186
128469,34092
128469,57804
128469,61280
128469,62074
128469,16358
128469,11490
128469,124
128469,52918
128469,33886
128469,50274
128469,60
128469,10808
128469,61558
128469,1372
128469,54290
128469,48298
128469,59816
128469,50272
128469,1304
128469,37644
128469,49888
128469,53160
128469,50968
128469,60978
128469,35846
128469,46632
128469,10652
128469,42132
128469,51316
128469,33534
128469,63188
128469,55632
128469,55798
128469,62614
128469,62618
128469,62400
128469,53256
128469,57522
128469,44664
179496,61364
179496,1370
179496,61672
179496,50716
179496,36720
179496,62074
179496,11490
179496,50274
179496,61558
179496,50272
179496,60978
179496,33534
179496,50268
179496,53406
179496,51974
179496,50720
179496,50724
179496,44914
179496,50970
179496,36722
179496,61028
179496,53386
179496,63188
179496,62944
179496,32496
179496,57414
179496,63218
179496,59396
179496,63220
179496,50718
179496,56696
179496,63418
179496,44660
179496,62170
179496,61540
179496,62376
179496,63538
179496,48980
179496,55798
179496,62614
179496,62618
179496,62616
179496,62400
179496,63540
179496,53256
179496,45912
179496,44644
179496,57522
179496,55638
179496,44664
179496,53048
179496,50962
179496,62276
179496,62860
179496,44662
179496,1206
179496,48694
179496,58504
183789,61364
183789,1370
183789,30500
183789,56714
183789,61672
183789,61542
183789,50270
183789,11262
183789,48574
183789,61552
183789,50716
183789,36720
183789,39186
183789,34092
183789,57804
183789,61280
183789,62074
183789,16358
183789,11490
183789,124
183789,52918
183789,33886
183789,50274
183789,60
183789,10808
183789,61558
183789,54290
183789,48298
183789,59816
183789,50272
183789,1304
183789,37644
183789,49888
183789,53160
183789,50968
183789,60978
183789,35846
183789,46632
183789,10652
183789,42132
183789,51316
183789,33534
183789,50268
183789,53406
183789,51974
183789,50724
183789,44914
183789,50970
183789,36722
183789,61028
183789,53386
183789,63188
183789,62944
183789,32496
183789,63218
183789,59396
183789,50718
183789,56696
183789,63418
183789,63136
183789,61540
183789,62376
183789,48980
183789,55798
183789,62618
183789,62616
183789,62400
183789,63540
183789,53256
183789,45912
183789,44644
183789,57522
183789,44664
183789,53048
183789,62276
183789,62860
183789,44662
183789,1206
183789,48694
183789,58504
192300,61364
192300,1370
192300,30500
192300,56714
192300,61672
192300,50270
192300,48574
192300,50716
192300,36720
192300,39186
192300,34092
192300,57804
192300,61280
192300,62074
192300,11490
192300,124
192300,52918
192300,33886
192300,50274
192300,60
192300,10808
192300,61558
192300,54290
192300,48298
192300,59816
192300,37644
192300,50968
192300,60978
192300,35846
192300,46632
192300,10652
192300,51316
192300,33534
192300,50268
192300,53406
192300,51974
192300,50720
192300,50724
192300,44914
192300,50970
192300,36722
192300,61028
192300,53386
192300,63188
192300,62944
192300,32496
192300,57414
192300,63218
192300,59396
192300,63220
192300,50718
192300,56696
192300,63418
192300,44660
192300,62170
192300,63136
192300,61540
192300,62376
192300,63538
192300,48980
192300,55798
192300,62614
192300,62618
192300,62616
192300,62400
192300,63540
192300,53256
192300,45912
192300,44644
192300,57522
192300,44664
192300,53048
192300,52620
192300,50962
192300,62276
192300,62860
192300,44662
192300,1206
192300,48694
192300,58504
203094,61364
203094,1370
203094,30500
203094,56714
203094,61672
203094,61542
203094,50270
203094,11262
203094,48574
203094,61552
203094,50716
203094,36720
203094,39186
203094,34092
203094,57804
203094,61280
203094,62074
203094,16358
203094,11490
203094,124
203094,52918
203094,33886
203094,50274
203094,60
203094,10808
203094,61558
203094,1372
203094,54290
203094,48298
203094,59816
203094,50272
203094,1304
203094,37644
203094,49888
203094,53160
203094,50968
203094,60978
203094,35846
203094,46632
203094,10652
203094,42132
203094,51316
203094,33534
203094,50268
203094,53406
203094,51974
203094,50720
203094,50724
203094,44914
203094,50970
203094,36722
203094,61028
203094,53386
203094,63188
203094,62944
203094,32496
203094,57414
203094,63218
203094,59396
203094,63220
203094,50718
203094,56696
203094,63418
203094,44660
203094,62170
203094,61540
203094,62376
203094,63538
203094,48980
203094,55798
203094,62614
203094,62618
203094,62616
203094,62400
203094,63540
203094,53256
203094,45912
203094,44644
203094,57522
203094,44664
203094,53048
203094,52620
203094,50962
203094,62276
203094,62860
203094,44662
203094,1206
203094,48694
203094,58504
204222,61364
204222,1370
204222,30500
204222,56714
204222,61672
204222,61542
204222,50270
204222,11262
204222,48574
204222,61552
204222,50716
204222,36720
204222,39186
204222,34092
204222,57804
204222,61280
204222,62074
204222,16358
204222,11490
204222,124
204222,52918
204222,33886
204222,50274
204222,60
204222,10808
204222,61558
204222,1372
204222,54290
204222,48298
204222,59816
204222,50272
204222,1304
204222,37644
204222,49888
204222,53160
204222,50968
204222,60978
204222,35846
204222,46632
204222,10652
204222,51316
204222,33534
204222,53406
204222,50724
204222,44914
204222,61028
204222,53386
204222,63188
204222,62944
204222,32496
204222,59396
204222,55798
204222,62618
204222,62616
204222,62400
204222,57522
204222,44664
204222,56484
204222,1206
204222,48694
204222,58504
204762,61364
204762,1370
204762,61672
204762,50270
204762,50716
204762,36720
204762,57804
204762,62074
204762,11490
204762,50274
204762,60
204762,1372
204762,54290
204762,48298
204762,59816
204762,1304
204762,50968
204762,60978
204762,35846
204762,33534
204762,53406
204762,50724
204762,44914
204762,61028
204762,53386
204762,63188
204762,62944
204762,32496
204762,59396
204762,55798
204762,62618
204762,62616
204762,62400
204762,57522
204762,44664
204762,56484
204762,1206
204762,48694
204762,58504
210840,61364
210840,1370
210840,61672
210840,50270
210840,50716
210840,36720
210840,57804
210840,62074
210840,44302
210840,11490
210840,50274
210840,60
210840,1372
210840,54290
210840,48298
210840,59816
210840,50272
210840,1304
210840,50968
210840,60978
210840,35846
210840,33534
210840,53406
210840,50724
210840,36722
210840,63188
210840,62944
210840,32496
210840,55632
210840,63218
210840,56696
210840,63136
210840,61540
210840,62376
210840,55798
210840,62618
210840,62616
210840,62400
210840,53256
210840,45912
210840,44644
210840,57522
210840,44664
210840,62860
210840,44662
210840,1206
210840,48694
210840,58504
211950,61364
211950,1370
211950,56714
211950,61672
211950,50270
211950,48574
211950,61552
211950,36720
211950,39186
211950,34092
211950,57804
211950,62074
211950,11490
211950,124
211950,50274
211950,60
211950,10808
211950,61558
211950,54290
211950,59816
211950,1304
211950,50968
211950,60978
211950,35846
211950,33534
211950,50268
211950,53406
211950,51974
211950,50720
211950,50724
211950,44914
211950,50970
211950,36722
211950,61028
211950,53386
211950,63188
211950,62944
211950,32496
211950,57414
211950,63218
211950,59396
211950,63220
211950,50718
211950,56696
211950,63418
211950,44660
211950,62170
211950,61540
211950,62376
211950,63538
211950,48980
211950,55798
211950,62614
211950,62618
211950,62616
211950,62400
211950,63540
211950,53256
211950,45912
211950,44644
211950,57522
211950,55638
211950,44664
211950,53048
211950,52620
211950,50962
211950,62276
211950,62860
211950,44662
211950,1206
211950,48694
211950,58504
216648,61364
216648,1370
216648,30500
216648,56714
216648,61672
216648,61542
216648,50270
216648,11262
216648,48574
216648,61552
216648,50716
216648,36720
216648,39186
216648,34092
216648,57804
216648,61280
216648,62074
216648,16358
216648,11490
216648,124
216648,52918
216648,33886
216648,50274
216648,60
216648,10808
216648,61558
216648,54290
216648,48298
216648,59816
216648,50272
216648,1304
216648,37644
216648,49888
216648,53160
216648,50968
216648,60978
216648,35846
216648,46632
216648,10652
216648,51316
216648,33534
216648,53406
216648,50724
216648,53386
216648,63188
216648,32496
216648,63218
216648,59396
216648,55798
216648,62618
216648,62616
216648,62400
216648,57522
216648,44664
216648,1206
216648,48694
225669,61364
225669,1370
225669,61672
225669,50716
225669,36720
225669,62074
225669,50274
225669,60
225669,48298
225669,59816
225669,50968
225669,60978
225669,33534
225669,50268
225669,53406
225669,50720
225669,50724
225669,44914
225669,50970
225669,36722
225669,61028
225669,53386
225669,63188
225669,62944
225669,32496
225669,57414
225669,63218
225669,59396
225669,50718
225669,56696
225669,63418
225669,44660
225669,62170
225669,63136
225669,61540
225669,62376
225669,63538
225669,48980
225669,55798
225669,62614
225669,62618
225669,62616
225669,62400
225669,53256
225669,45912
225669,44644
225669,57522
225669,44664
225669,52620
225669,50962
225669,62276
225669,62860
225669,44662
225669,56484
225669,1206
225669,48694
225669,58504
242388,61364
242388,1370
242388,56714
242388,61672
242388,61542
242388,50270
242388,11262
242388,48574
242388,61552
242388,50716
242388,36720
242388,39186
242388,34092
242388,57804
242388,61280
242388,62074
242388,11490
242388,124
242388,50274
242388,60
242388,10808
242388,61558
242388,1372
242388,54290
242388,48298
242388,59816
242388,1304
242388,37644
242388,49888
242388,53160
242388,50968
242388,60978
242388,35846
242388,46632
242388,10652
242388,33534
242388,63188
242388,55632
242388,55798
242388,62618
242388,62616
242388,62400
242388,57522
242388,44664
71409,61364
71409,1370
71409,36720
71409,62074
71409,11490
71409,50274
71409,61558
71409,59816
71409,60978
71409,33534
71409,53406
71409,44914
71409,50970
71409,61028
71409,63188
71409,62944
71409,32496
71409,55632
71409,63218
71409,50718
71409,56696
71409,61540
71409,55798
71409,53394
71409,62618
71409,62616
71409,62400
71409,45912
71409,57522
71409,44664
71409,62276
71409,1206
71409,48694
71409,58504
186657,61364
186657,1370
186657,61672
186657,50270
186657,50716
186657,36720
186657,57804
186657,61280
186657,62074
186657,16358
186657,11490
186657,124
186657,50274
186657,60
186657,61558
186657,54290
186657,48298
186657,59816
186657,1304
186657,50968
186657,60978
186657,35846
186657,46632
186657,10652
186657,33534
186657,50268
186657,53406
186657,51974
186657,50720
186657,50724
186657,44914
186657,50970
186657,36722
186657,61028
186657,53386
186657,63188
186657,62944
186657,32496
186657,57414
186657,63218
186657,59396
186657,63220
186657,50718
186657,56696
186657,63418
186657,44660
186657,62170
186657,61540
186657,62376
186657,63538
186657,48980
186657,55798
186657,62614
186657,62618
186657,62616
186657,62400
186657,63540
186657,53256
186657,45912
186657,44644
186657,57522
186657,44664
186657,53048
186657,52620
186657,50962
186657,62276
186657,62860
186657,44662
186657,1206
186657,48694
186657,58504
203100,61364
203100,1370
203100,30500
203100,56714
203100,61672
203100,61542
203100,50270
203100,11262
203100,48574
203100,61552
203100,50716
203100,36720
203100,39186
203100,34092
203100,57804
203100,61280
203100,62074
203100,16358
203100,11490
203100,124
203100,52918
203100,33886
203100,50274
203100,60
203100,10808
203100,61558
203100,1372
203100,54290
203100,48298
203100,59816
203100,50272
203100,1304
203100,37644
203100,49888
203100,53160
203100,50968
203100,60978
203100,35846
203100,46632
203100,10652
203100,51316
203100,33534
203100,50268
203100,53406
203100,51974
203100,50720
203100,50724
203100,44914
203100,50970
203100,36722
203100,61028
203100,53386
203100,63188
203100,62944
203100,32496
203100,57414
203100,63218
203100,59396
203100,63220
203100,50718
203100,56696
203100,63418
203100,44660
203100,62170
203100,63136
203100,61540
203100,62376
203100,63538
203100,48980
203100,55798
203100,62614
203100,62618
203100,62616
203100,62400
203100,63540
203100,53256
203100,45912
203100,44644
203100,57522
203100,44664
203100,53048
203100,52620
203100,50962
203100,62276
203100,62860
203100,44662
203100,1206
203100,48694
203100,58504
203460,61364
203460,1370
203460,30500
203460,56714
203460,61672
203460,61542
203460,50270
203460,11262
203460,48574
203460,61552
203460,50716
203460,36720
203460,39186
203460,34092
203460,57804
203460,61280
203460,62074
203460,16358
203460,11490
203460,124
203460,52918
203460,33886
203460,50274
203460,60
203460,10808
203460,61558
203460,1372
203460,54290
203460,48298
203460,59816
203460,50272
203460,1304
203460,37644
203460,49888
203460,53160
203460,50968
203460,60978
203460,35846
203460,46632
203460,10652
203460,42132
203460,51316
203460,33534
203460,53406
203460,50720
203460,50724
203460,44914
203460,50970
203460,36722
203460,61028
203460,53386
203460,63188
203460,62944
203460,32496
203460,57414
203460,63218
203460,59396
203460,50718
203460,56696
203460,63418
203460,44660
203460,62170
203460,63136
203460,61540
203460,62376
203460,63538
203460,48980
203460,55798
203460,53394
203460,62618
203460,62616
203460,62400
203460,53256
203460,45912
203460,44644
203460,57522
203460,44664
203460,52620
203460,50962
203460,62276
203460,62860
203460,44662
203460,1206
203460,48694
203460,58504
203790,61364
203790,1370
203790,56714
203790,61672
203790,61542
203790,50270
203790,11262
203790,48574
203790,61552
203790,50716
203790,36720
203790,39186
203790,34092
203790,57804
203790,61280
203790,62074
203790,16358
203790,11490
203790,124
203790,50274
203790,60
203790,10808
203790,61558
203790,54290
203790,48298
203790,59816
203790,50272
203790,1304
203790,37644
203790,49888
203790,53160
203790,50968
203790,60978
203790,35846
203790,46632
203790,10652
203790,33534
203790,63188
203790,62944
203790,32496
203790,63218
203790,59396
203790,56696
203790,61540
203790,62376
203790,55798
203790,62618
203790,62616
203790,62400
203790,45912
203790,44664
203790,1206
203790,48694
203790,58504
207243,61364
207243,1370
207243,61672
207243,50270
207243,36720
207243,62074
207243,11490
207243,124
207243,50274
207243,60
207243,61558
207243,54290
207243,59816
207243,1304
207243,50968
207243,60978
207243,33534
207243,50268
207243,53406
207243,51974
207243,50720
207243,50724
207243,44914
207243,50970
207243,36722
207243,61028
207243,53386
207243,63188
207243,62944
207243,32496
207243,57414
207243,63218
207243,59396
207243,63220
207243,50718
207243,56696
207243,63418
207243,44660
207243,62170
207243,63136
207243,61540
207243,62376
207243,48980
207243,55798
207243,62614
207243,62618
207243,62616
207243,62400
207243,63540
207243,53256
207243,45912
207243,44644
207243,57522
207243,44664
207243,53048
207243,52620
207243,50962
207243,62276
207243,62860
207243,44662
207243,1206
207243,48694
207243,58504
209994,61364
209994,1370
209994,30500
209994,56714
209994,61672
209994,61542
209994,50270
209994,11262
209994,48574
209994,61552
209994,50716
209994,36720
209994,39186
209994,34092
209994,57804
209994,61280
209994,62074
209994,11490
209994,124
209994,52918
209994,33886
209994,50274
209994,60
209994,10808
209994,61558
209994,1372
209994,54290
209994,48298
209994,59816
209994,50272
209994,1304
209994,37644
209994,49888
209994,53160
209994,50968
209994,60978
209994,35846
209994,46632
209994,10652
209994,51316
209994,33534
209994,50268
209994,53406
209994,51974
209994,50720
209994,50724
209994,44914
209994,50970
209994,36722
209994,61028
209994,53386
209994,63188
209994,62944
209994,63510
209994,32496
209994,57414
209994,63218
209994,59396
209994,63220
209994,50718
209994,56696
209994,63418
209994,44660
209994,62170
209994,61540
209994,62376
209994,48980
209994,55798
209994,62614
209994,62618
209994,62616
209994,62400
209994,63540
209994,53256
209994,45912
209994,44644
209994,57522
209994,55638
209994,44664
209994,53048
209994,50962
209994,62276
209994,62860
209994,44662
209994,1206
209994,48694
209994,58504
219021,61364
219021,1370
219021,30500
219021,56714
219021,61672
219021,61542
219021,50270
219021,11262
219021,35732
219021,48574
219021,61552
219021,50716
219021,36720
219021,39186
219021,34092
219021,57804
219021,61280
219021,62074
219021,16358
219021,11490
219021,124
219021,52918
219021,33886
219021,50274
219021,60
219021,10808
219021,61558
219021,54290
219021,48298
219021,59816
219021,50272
219021,1304
219021,37644
219021,49888
219021,53160
219021,50968
219021,60978
219021,35846
219021,46632
219021,10652
219021,42132
219021,51316
219021,33534
219021,63360
219021,63218
219021,55798
219021,44664
231909,11490
231909,50274
231909,59822
231909,60978
231909,33534
231909,53386
231909,32496
231909,63218
231909,59396
231909,56696
231909,61540
231909,62376
231909,55798
231909,62618
231909,62616
231909,62400
231909,45912
231909,44664
231909,1206
231909,48694
59703,61364
59703,1370
59703,61672
59703,50270
59703,36720
59703,62074
59703,11490
59703,50274
59703,60
59703,54290
59703,59816
59703,1304
59703,50968
59703,60978
59703,33534
59703,53386
59703,63188
59703,32496
59703,63218
59703,59396
59703,55798
59703,62618
59703,62616
59703,62400
59703,57522
59703,44664
66777,61364
66777,61672
66777,50270
66777,50716
66777,36720
66777,57804
66777,62074
66777,11490
66777,50274
66777,60
66777,54290
66777,59816
66777,50968
66777,60978
66777,33534
66777,53406
66777,50724
66777,44914
66777,61028
66777,53386
66777,63188
66777,62944
66777,32496
66777,63218
66777,59396
66777,55798
66777,62618
66777,62616
66777,62400
66777,57522
66777,44664
66777,1206
66777,48694
66777,58504
154542,61364
154542,1370
154542,61672
154542,50270
154542,50716
154542,36720
154542,57804
154542,62074
154542,11490
154542,50274
154542,60
154542,1372
154542,54290
154542,48298
154542,59816
154542,1304
154542,50968
154542,60978
154542,35846
154542,33534
154542,53406
154542,50724
154542,44914
154542,61028
154542,53386
154542,63188
154542,62944
154542,32496
154542,55632
154542,63218
154542,59396
154542,55798
154542,62618
154542,62616
154542,62400
154542,57522
154542,44664
154542,1206
154542,48694
154542,58504
161526,61364
161526,1370
161526,61672
161526,50270
161526,50716
161526,36720
161526,57804
161526,62074
161526,11490
161526,50274
161526,60
161526,1372
161526,54290
161526,48298
161526,59816
161526,1304
161526,50968
161526,60978
161526,35846
161526,33534
161526,53406
161526,50724
161526,44914
161526,61028
161526,53386
161526,63188
161526,62944
161526,32496
161526,59396
161526,55798
161526,62618
161526,62616
161526,62400
161526,57522
161526,44664
161526,1206
161526,48694
161526,58504
188700,61364
188700,1370
188700,61672
188700,50270
188700,50716
188700,36720
188700,57804
188700,62074
188700,11490
188700,50274
188700,60
188700,1372
188700,54290
188700,48298
188700,59816
188700,1304
188700,50968
188700,60978
188700,35846
188700,33534
188700,53406
188700,50724
188700,36722
188700,63188
188700,62944
188700,63510
188700,32496
188700,63218
188700,56696
188700,63136
188700,61540
188700,62376
188700,55798
188700,62618
188700,62616
188700,62400
188700,53256
188700,45912
188700,44644
188700,57522
188700,55638
188700,44664
188700,62860
188700,44662
188700,1206
188700,48694
188700,58504
191892,61364
191892,1370
191892,56714
191892,61672
191892,50270
191892,48574
191892,61552
191892,36720
191892,39186
191892,34092
191892,57804
191892,62074
191892,11490
191892,124
191892,50274
191892,60
191892,10808
191892,61558
191892,54290
191892,59816
191892,1304
191892,50968
191892,60978
191892,35846
191892,33534
191892,53406
191892,50724
191892,44914
191892,61028
191892,53386
191892,63188
191892,62944
191892,32496
191892,59396
191892,55798
191892,62614
191892,62618
191892,62616
191892,62400
191892,57522
191892,44664
191892,1206
191892,48694
191892,58504
232455,61364
232455,1370
232455,61672
232455,50270
232455,50716
232455,36720
232455,57804
232455,62074
232455,11490
232455,50274
232455,60
232455,1372
232455,54290
232455,48298
232455,59816
232455,1304
232455,50968
232455,60978
232455,35846
232455,33534
232455,63188
232455,63218
232455,55798
232455,62618
232455,62616
232455,57522
232455,44664
232827,61364
232827,1370
232827,62074
232827,11490
232827,61558
232827,59816
232827,60978
232827,33534
232827,53406
232827,44914
232827,61028
232827,53386
232827,63188
232827,62944
232827,32496
232827,63218
232827,59396
232827,63220
232827,56696
232827,61540
232827,55798
232827,62618
232827,62616
232827,62400
232827,45912
232827,57522
232827,44664
232827,1206
232827,48694
232827,58504
242430,61364
242430,1370
242430,61672
242430,50716
242430,36720
242430,62074
242430,50274
242430,60
242430,61558
242430,48298
242430,59816
242430,50968
242430,60978
242430,10652
242430,33534
242430,53406
242430,63188
242430,55798
242430,62618
242430,62616
242430,62400
242430,57522
242430,44664
242556,61364
242556,1370
242556,61672
242556,50270
242556,50716
242556,36720
242556,62074
242556,11490
242556,50274
242556,60
242556,61558
242556,54290
242556,59816
242556,50272
242556,50968
242556,60978
242556,33534
242556,53406
242556,50724
242556,36722
242556,63188
242556,62944
242556,32496
242556,63218
242556,56696
242556,63136
242556,61540
242556,62376
242556,55798
242556,62618
242556,62616
242556,62400
242556,53256
242556,45912
242556,44644
242556,57522
242556,44664
242556,62860
242556,44662
242556,1206
242556,48694
242556,58504
167652,61364
167652,1370
167652,56714
167652,61672
167652,50270
167652,48574
167652,61552
167652,36720
167652,39186
167652,34092
167652,57804
167652,62074
167652,11490
167652,124
167652,50274
167652,60
167652,10808
167652,61558
167652,54290
167652,59816
167652,1304
167652,50968
167652,60978
167652,35846
167652,33534
167652,53406
167652,61028
167652,57414
167652,63360
167652,53046
167652,36762
167652,54864
167652,48980
167652,55798
167652,62400
167652,53256
167652,50962
167652,62276
187734,30500
187734,54096
187734,36720
187734,39186
187734,34092
187734,44302
187734,60
187734,3382
187734,59816
187734,50272
187734,49888
187734,53160
187734,46632
187734,10652
187734,42132
187734,51316
187734,53406
187734,44914
187734,61560
187734,63186
187734,50718
187734,63418
187734,44660
187734,62170
187734,36762
187734,55798
187734,45912
187734,44644
187734,55638
187734,10790
187734,44664
187734,52620
187734,62860
187734,58504
207399,61364
207399,56714
207399,61542
207399,11262
207399,50716
207399,36720
207399,61280
207399,60522
207399,62074
207399,16358
207399,124
207399,60
207399,3382
207399,10808
207399,59816
207399,59822
207399,50272
207399,1304
207399,37644
207399,49888
207399,53160
207399,60978
207399,35846
207399,46632
207399,10652
207399,42132
207399,51316
207399,50268
207399,53406
207399,50720
207399,44914
207399,61560
207399,36722
207399,53386
207399,63188
207399,62944
207399,59394
207399,63510
207399,32496
207399,55632
207399,57414
207399,63218
207399,63220
207399,63186
207399,50718
207399,63418
207399,44660
207399,62170
207399,61540
207399,62376
207399,53046
207399,63538
207399,36762
207399,55798
207399,53394
207399,62618
207399,62616
207399,62400
207399,62378
207399,63540
207399,53256
207399,45912
207399,44644
207399,55638
207399,10790
207399,44664
207399,59776
207399,53048
207399,52620
207399,62276
207399,62860
207399,56484
207399,48694
207399,53258
207399,58504
203112,61364
203112,1370
203112,30500
203112,56714
203112,61672
203112,61542
203112,50270
203112,11262
203112,35732
203112,48574
203112,61552
203112,50716
203112,36720
203112,34092
203112,57804
203112,61280
203112,60522
203112,62074
203112,16358
203112,11490
203112,124
203112,52918
203112,33886
203112,50274
203112,60
203112,3382
203112,10808
203112,61558
203112,1372
203112,54290
203112,48298
203112,59816
203112,50272
203112,42132
203112,63186
203112,63418
203112,44660
203112,62170
203112,36762
203112,55798
203112,10790
203112,44664
203112,52620
203112,58504
207102,61364
207102,61542
207102,11262
207102,50716
207102,57804
207102,60522
207102,16358
207102,11490
207102,3382
207102,59816
207102,50272
207102,42132
207102,63186
207102,63418
207102,44660
207102,62170
207102,36762
207102,55798
207102,10790
207102,44664
207102,52620
207102,58504
219048,61364
219048,61542
219048,11262
219048,50716
219048,57804
219048,60522
219048,16358
219048,3382
219048,59816
219048,50724
219048,44914
219048,63186
219048,55798
165927,50716
165927,44302
165927,3382
165927,59816
165927,50272
165927,37644
165927,49888
165927,53160
165927,60978
165927,35846
165927,46632
165927,10652
165927,42132
165927,51316
165927,53406
165927,50720
165927,44914
165927,61560
165927,53386
165927,63188
165927,62944
165927,59394
165927,63510
165927,32496
165927,55632
165927,57414
165927,63218
165927,63220
165927,63186
165927,56696
165927,63418
165927,44660
165927,62170
165927,62376
165927,53046
165927,63538
165927,36762
165927,55798
165927,62618
165927,62616
165927,62400
165927,62378
165927,63540
165927,45912
165927,44644
165927,55638
165927,10790
165927,44664
165927,53048
165927,52620
165927,62276
165927,62860
165927,56484
165927,48694
165927,53258
165927,58504
182292,61364
182292,1370
182292,30500
182292,56714
182292,61672
182292,61542
182292,50270
182292,11262
182292,35732
182292,50716
182292,36720
182292,34092
182292,57804
182292,60522
182292,62074
182292,16358
182292,11490
182292,124
182292,52918
182292,33886
182292,50274
182292,60
182292,3382
182292,10808
182292,61558
182292,1372
182292,59816
182292,50724
182292,44914
182292,63186
182292,63136
182292,55798
198801,54096
198801,50716
198801,44302
198801,3382
198801,59816
198801,59822
198801,50272
198801,1304
198801,37644
198801,49888
198801,53160
198801,60978
198801,35846
198801,46632
198801,10652
198801,42132
198801,51316
198801,53406
198801,50720
198801,44914
198801,61560
198801,36722
198801,53386
198801,63188
198801,62944
198801,59394
198801,63510
198801,32496
198801,55632
198801,57414
198801,63220
198801,63186
198801,50718
198801,63418
198801,44660
198801,62170
198801,61540
198801,62376
198801,53046
198801,63538
198801,36762
198801,55798
198801,53394
198801,62618
198801,62616
198801,62400
198801,62378
198801,63540
198801,53256
198801,45912
198801,44644
198801,55638
198801,10790
198801,44664
198801,59776
198801,53048
198801,52620
198801,62276
198801,62860
198801,56484
198801,48694
198801,53258
198801,58504
204657,61364
204657,1370
204657,30500
204657,56714
204657,61672
204657,61542
204657,11262
204657,35732
204657,48574
204657,61552
204657,50716
204657,36720
204657,34092
204657,57804
204657,61280
204657,60522
204657,62074
204657,16358
204657,11490
204657,124
204657,52918
204657,33886
204657,50274
204657,60
204657,3382
204657,10808
204657,61558
204657,1372
204657,54290
204657,48298
204657,59816
204657,50272
204657,49888
204657,53160
204657,46632
204657,10652
204657,42132
204657,51316
204657,53406
204657,44914
204657,61560
204657,63186
204657,50718
204657,63418
204657,44660
204657,62170
204657,36762
204657,55798
204657,53256
204657,45912
204657,44644
204657,55638
204657,10790
204657,44664
204657,52620
204657,62860
204657,58504
206670,61364
206670,56714
206670,61542
206670,11262
206670,50716
206670,36720
206670,61280
206670,60522
206670,62074
206670,16358
206670,124
206670,60
206670,3382
206670,10808
206670,59816
206670,59822
206670,50272
206670,1304
206670,37644
206670,49888
206670,53160
206670,60978
206670,35846
206670,46632
206670,10652
206670,51316
206670,53406
206670,50720
206670,44914
206670,61560
206670,36722
206670,53386
206670,63188
206670,62944
206670,59394
206670,63510
206670,55632
206670,57414
206670,63218
206670,63220
206670,63186
206670,50718
206670,63418
206670,44660
206670,62170
206670,61540
206670,62376
206670,53046
206670,63538
206670,36762
206670,55798
206670,53394
206670,62618
206670,62616
206670,62400
206670,62378
206670,63540
206670,45912
206670,44644
206670,55638
206670,10790
206670,44664
206670,59776
206670,53048
206670,52620
206670,62276
206670,62860
206670,56484
206670,48694
206670,53258
206670,58504
216498,61364
216498,1370
216498,30500
216498,56714
216498,61672
216498,61542
216498,50270
216498,11262
216498,35732
216498,48574
216498,61552
216498,50716
216498,36720
216498,34092
216498,57804
216498,60522
216498,62074
216498,16358
216498,11490
216498,124
216498,52918
216498,33886
216498,50274
216498,60
216498,3382
216498,10808
216498,61558
216498,1372
216498,48298
216498,59816
216498,50272
216498,49888
216498,53160
216498,46632
216498,10652
216498,42132
216498,51316
216498,53406
216498,51974
216498,44914
216498,61560
216498,63186
216498,63418
216498,44660
216498,62170
216498,36762
216498,55798
216498,45912
216498,44644
216498,55638
216498,10790
216498,52620
216498,62860
216498,58504
238689,61364
238689,56714
238689,61542
238689,11262
238689,50716
238689,36720
238689,61280
238689,60522
238689,62074
238689,16358
238689,124
238689,60
238689,3382
238689,10808
238689,59816
238689,50272
238689,49888
238689,35846
238689,42132
238689,51316
238689,53406
238689,44914
238689,63188
238689,32496
238689,55632
238689,57414
238689,63186
238689,50718
238689,63418
238689,44660
238689,62170
238689,62376
238689,53046
238689,63538
238689,36762
238689,55798
238689,62400
238689,62378
238689,63540
238689,45912
238689,44644
238689,55638
238689,10790
238689,44664
238689,53048
238689,52620
238689,62860
238689,48694
238689,53258
238689,58504
241329,61364
241329,1370
241329,30500
241329,56714
241329,61542
241329,11262
241329,35732
241329,50716
241329,36720
241329,34092
241329,57804
241329,60522
241329,62074
241329,16358
241329,124
241329,60
241329,3382
241329,10808
241329,59816
241329,44914
241329,63186
241329,56696
241329,54864
241329,55798
154698,44302
154698,3382
154698,59816
154698,50272
154698,49888
154698,35846
154698,42132
154698,51316
154698,53406
154698,44914
154698,63188
154698,32496
154698,55632
154698,57414
154698,63186
154698,63418
154698,44660
154698,62170
154698,62376
154698,53046
154698,63538
154698,36762
154698,55798
154698,62378
154698,63540
154698,45912
154698,44644
154698,55638
154698,10790
154698,44664
154698,53048
154698,52620
154698,62860
154698,48694
154698,53258
187797,61364
187797,1370
187797,30500
187797,56714
187797,61542
187797,11262
187797,35732
187797,50716
187797,36720
187797,34092
187797,57804
187797,60522
187797,16358
187797,124
187797,60
187797,3382
187797,10808
187797,59816
187797,50272
187797,42132
187797,51316
187797,44914
187797,63188
187797,55632
187797,63186
187797,63418
187797,44660
187797,62170
187797,53046
187797,36762
187797,55798
187797,45912
187797,44644
187797,55638
187797,10790
187797,44664
187797,52620
187797,62860
210981,61364
210981,56714
210981,61542
210981,11262
210981,50716
210981,36720
210981,57804
210981,60522
210981,62074
210981,16358
210981,124
210981,60
210981,3382
210981,59816
210981,42132
210981,44914
210981,63186
210981,63418
210981,44660
210981,36762
210981,55798
210981,10790
129135,61364
129135,61542
129135,11262
129135,50716
129135,57804
129135,16358
129135,3382
129135,59816
129135,50724
129135,44914
129135,63186
129135,63136
129135,55798
183489,54096
183489,50716
183489,44302
183489,3382
183489,59816
183489,50272
183489,49888
183489,35846
183489,42132
183489,51316
183489,53406
183489,51974
183489,44914
183489,63188
183489,32496
183489,55632
183489,57414
183489,63186
183489,63418
183489,44660
183489,62170
183489,62376
183489,53046
183489,63538
183489,36762
183489,55798
183489,62378
183489,63540
183489,45912
183489,44644
183489,55638
183489,10790
183489,44664
183489,53048
183489,52620
183489,62860
183489,48694
183489,53258
194883,61364
194883,1370
194883,30500
194883,56714
194883,61542
194883,11262
194883,35732
194883,50716
194883,36720
194883,34092
194883,57804
194883,60522
194883,16358
194883,124
194883,60
194883,3382
194883,10808
194883,59816
194883,50272
194883,49888
194883,10652
194883,53406
194883,61560
194883,63186
194883,50718
194883,63418
194883,44660
194883,62170
194883,36762
194883,55798
194883,45912
194883,44644
194883,10790
194883,44664
194883,52620
194883,62860
194883,58504
204522,61364
204522,56714
204522,61542
204522,11262
204522,50716
204522,36720
204522,60522
204522,62074
204522,16358
204522,11490
204522,124
204522,60
204522,3382
204522,59816
204522,51974
204522,63186
204522,63418
204522,44660
204522,62170
204522,62376
204522,36762
204522,55798
204522,10790
204522,44664
204522,52620
204522,58504
209622,61364
209622,54096
209622,11262
209622,50716
209622,11490
209622,3382
209622,59816
209622,59822
209622,50272
209622,1304
209622,37644
209622,49888
209622,53160
209622,60978
209622,35846
209622,46632
209622,10652
209622,42132
209622,51316
209622,53406
209622,50720
209622,44914
209622,61560
209622,36722
209622,53386
209622,63188
209622,62944
209622,59394
209622,63510
209622,55632
209622,57414
209622,63218
209622,63220
209622,63186
209622,50718
209622,63418
209622,44660
209622,62170
209622,61540
209622,62376
209622,53046
209622,63538
209622,36762
209622,54864
209622,55798
209622,53394
209622,62616
209622,62400
209622,62378
209622,63540
209622,45912
209622,44644
209622,55638
209622,10790
209622,44664
209622,59776
209622,53048
209622,52620
209622,62276
209622,62860
209622,56484
209622,48694
209622,53258
209622,58504
212283,61364
212283,1370
212283,30500
212283,56714
212283,61672
212283,61542
212283,50270
212283,11262
212283,35732
212283,48574
212283,61552
212283,50716
212283,36720
212283,34092
212283,57804
212283,60522
212283,62074
212283,16358
212283,11490
212283,124
212283,52918
212283,33886
212283,50274
212283,60
212283,3382
212283,10808
212283,61558
212283,1372
212283,54290
212283,48298
212283,59816
212283,51974
212283,50724
212283,44914
212283,63186
212283,63418
212283,55798
214506,54096
214506,44302
214506,59816
214506,50272
214506,42132
214506,51974
214506,44914
214506,63186
214506,50718
214506,63418
214506,44660
214506,36762
214506,55798
214506,10790
214506,44664
214506,52620
214506,58504
221115,61364
221115,56714
221115,61542
221115,11262
221115,50716
221115,57804
221115,60522
221115,16358
221115,3382
221115,59816
221115,59822
221115,50272
221115,1304
221115,37644
221115,49888
221115,53160
221115,60978
221115,35846
221115,46632
221115,10652
221115,42132
221115,51316
221115,50268
221115,53406
221115,50720
221115,44914
221115,61560
221115,36722
221115,53386
221115,63188
221115,62944
221115,59394
221115,63510
221115,32496
221115,55632
221115,57414
221115,63218
221115,63220
221115,63186
221115,50718
221115,63418
221115,44660
221115,62170
221115,61540
221115,62376
221115,53046
221115,63538
221115,36762
221115,55798
221115,53394
221115,62616
221115,62400
221115,62378
221115,63540
221115,53256
221115,45912
221115,44644
221115,55638
221115,10790
221115,44664
221115,59776
221115,53048
221115,52620
221115,62276
221115,62860
221115,56484
221115,48694
221115,53258
221115,58504
232665,61364
232665,1370
232665,30500
232665,56714
232665,61672
232665,61542
232665,50270
232665,11262
232665,35732
232665,48574
232665,61552
232665,50716
232665,36720
232665,34092
232665,57804
232665,61280
232665,60522
232665,62074
232665,16358
232665,11490
232665,124
232665,52918
232665,33886
232665,50274
232665,60
232665,3382
232665,10808
232665,61558
232665,1372
232665,54290
232665,48298
232665,59816
232665,50272
232665,49888
232665,53160
232665,46632
232665,10652
232665,42132
232665,51316
232665,53406
232665,44914
232665,61560
232665,63186
232665,63418
232665,44660
232665,62170
232665,36762
232665,55798
232665,45912
232665,44644
232665,55638
232665,10790
232665,44664
232665,52620
232665,62860
232665,58504
219522,61364
219522,56714
219522,61542
219522,11262
219522,50716
219522,36720
219522,61280
219522,60522
219522,62074
219522,16358
219522,124
219522,60
219522,3382
219522,10808
219522,59816
219522,1304
219522,35846
219522,51974
219522,50724
219522,44914
219522,59396
219522,63186
219522,63418
219522,54864
64734,61364
64734,48574
64734,61552
64734,34092
64734,60522
64734,44302
64734,3382
64734,59816
64734,50272
64734,49888
64734,60978
64734,10652
64734,42132
64734,51316
64734,53406
64734,50724
64734,44914
64734,53386
64734,63188
64734,62944
64734,32496
64734,55632
64734,57414
64734,59396
64734,63186
64734,56696
64734,63418
64734,44660
64734,62170
64734,62376
64734,53046
64734,63538
64734,36762
64734,55798
64734,53394
64734,62400
64734,62378
64734,63540
64734,45912
64734,44644
64734,10790
64734,44664
64734,59776
64734,52620
64734,62860
64734,58504
65631,61364
65631,1370
65631,56714
65631,61672
65631,61542
65631,11262
65631,35732
65631,48574
65631,50716
65631,36720
65631,57804
65631,62074
65631,16358
65631,124
65631,52918
65631,60
65631,3382
65631,61558
65631,1372
65631,59816
65631,59822
65631,50272
65631,1304
65631,37644
65631,49888
65631,53160
65631,60978
65631,35846
65631,46632
65631,10652
65631,42132
65631,51316
65631,53406
65631,50720
65631,44914
65631,61560
65631,36722
65631,53386
65631,63188
65631,62944
65631,59394
65631,63510
65631,32496
65631,55632
65631,57414
65631,63220
65631,63186
65631,50718
65631,63418
65631,44660
65631,62170
65631,61540
65631,62376
65631,53046
65631,63538
65631,36762
65631,55798
65631,53394
65631,62618
65631,62616
65631,62400
65631,62378
65631,63540
65631,53256
65631,45912
65631,44644
65631,55638
65631,10790
65631,44664
65631,59776
65631,53048
65631,52620
65631,62276
65631,62860
65631,56484
65631,48694
65631,53258
65631,58504
155481,61364
155481,1370
155481,30500
155481,56714
155481,61672
155481,61542
155481,11262
155481,35732
155481,48574
155481,61552
155481,50716
155481,36720
155481,34092
155481,57804
155481,61280
155481,60522
155481,62074
155481,16358
155481,11490
155481,124
155481,52918
155481,33886
155481,50274
155481,60
155481,3382
155481,10808
155481,61558
155481,1372
155481,54290
155481,48298
155481,59816
155481,50272
155481,49888
155481,60978
155481,10652
155481,42132
155481,51316
155481,53406
155481,44914
155481,63188
155481,62944
155481,32496
155481,55632
155481,57414
155481,63186
155481,50718
155481,56696
155481,63418
155481,44660
155481,62170
155481,62376
155481,53046
155481,63538
155481,36762
155481,55798
155481,62400
155481,62378
155481,63540
155481,45912
155481,44644
155481,10790
155481,44664
155481,52620
155481,62860
217494,61364
217494,1370
217494,56714
217494,61542
217494,11262
217494,35732
217494,50716
217494,36720
217494,57804
217494,62074
217494,16358
217494,124
217494,52918
217494,60
217494,3382
217494,61558
217494,59816
217494,50272
217494,42132
217494,51974
217494,44914
217494,63186
217494,56696
217494,63418
217494,44660
217494,62170
217494,36762
217494,55798
217494,10790
217494,44664
217494,52620
217494,58504
224925,61364
224925,61542
224925,54096
224925,11262
224925,50716
224925,57804
224925,60522
224925,16358
224925,11490
224925,3382
224925,59816
224925,50272
224925,42132
224925,51974
224925,44914
224925,63186
224925,56696
224925,63418
224925,44660
224925,62170
224925,36762
224925,55798
224925,10790
224925,44664
224925,52620
224925,58504
229539,61364
229539,61542
229539,11262
229539,50716
229539,57804
229539,60522
229539,16358
229539,11490
229539,3382
229539,59816
229539,59822
229539,50272
229539,1304
229539,37644
229539,49888
229539,53160
229539,50968
229539,60978
229539,35846
229539,46632
229539,10652
229539,42132
229539,51316
229539,50268
229539,53406
229539,50720
229539,44914
229539,61560
229539,53386
229539,63188
229539,62944
229539,59394
229539,63510
229539,32496
229539,55632
229539,57414
229539,59396
229539,63220
229539,63186
229539,56696
229539,63418
229539,44660
229539,62170
229539,61540
229539,62376
229539,53046
229539,63538
229539,36762
229539,48980
229539,55798
229539,53394
229539,62618
229539,62616
229539,62400
229539,62378
229539,63540
229539,45912
229539,44644
229539,57522
229539,55638
229539,10790
229539,44664
229539,59776
229539,53048
229539,52620
229539,50962
229539,62276
229539,62860
229539,56484
229539,48694
229539,53258
229539,58504
72045,61364
72045,1370
72045,30500
72045,56714
72045,61672
72045,61348
72045,61542
72045,50270
72045,11262
72045,35732
72045,48574
72045,61552
72045,50716
72045,36720
72045,34092
72045,57804
72045,60522
72045,62074
72045,16358
72045,124
72045,52918
72045,33886
72045,50274
72045,60
72045,3382
72045,10808
72045,61558
72045,1372
72045,54290
72045,48298
72045,59816
72045,59822
72045,50272
72045,53160
72045,50968
72045,46632
72045,42132
72045,51974
72045,44914
72045,63188
72045,57414
72045,59396
72045,63186
72045,63418
72045,44660
72045,62170
72045,62376
72045,53046
72045,48980
72045,55798
72045,62400
72045,10790
72045,44664
72045,52620
129081,61364
129081,61542
129081,50270
129081,11262
129081,50716
129081,36720
129081,16358
129081,124
129081,60
129081,3382
129081,1372
129081,59816
129081,42132
129081,44914
129081,63186
129081,50718
129081,62376
129081,36762
129081,55798
129081,62400
129081,10790
129081,44664
159033,61364
159033,61542
159033,11262
159033,57804
159033,16358
159033,3382
159033,1372
159033,59816
159033,51974
159033,63186
159033,63418
159033,44660
159033,62170
159033,62376
159033,36762
159033,55798
159033,10790
159033,44664
159033,52620
159033,58504
180495,61364
180495,61542
180495,11262
180495,50716
180495,57804
180495,11490
180495,3382
180495,1372
180495,59816
180495,51974
180495,59396
180495,63186
180495,63418
180495,44660
180495,62170
180495,62376
180495,36762
180495,55798
180495,62400
180495,10790
180495,44664
180495,52620
180495,58504
203082,61364
203082,61542
203082,11262
203082,50716
203082,57804
203082,60
203082,3382
203082,1372
203082,59816
203082,51974
203082,63186
203082,63418
203082,44660
203082,62170
203082,62376
203082,36762
203082,55798
203082,10790
203082,44664
203082,52620
203082,58504
156225,61364
156225,61542
156225,54096
156225,11262
156225,50716
156225,57804
156225,11490
156225,3382
156225,59816
156225,51974
156225,59396
156225,63186
156225,50718
156225,63418
156225,62170
156225,62376
156225,36762
156225,55798
156225,62400
156225,10790
156225,44664
156225,52620
156225,58504
158742,61364
158742,61542
158742,11262
158742,50716
158742,57804
158742,11490
158742,3382
158742,1372
158742,59816
158742,50272
158742,42132
158742,63186
158742,63418
158742,44660
158742,62170
158742,36762
158742,55798
158742,10790
158742,44664
158742,52620
158742,58504
222669,61364
222669,61542
222669,11262
222669,50716
222669,57804
222669,60522
222669,16358
222669,3382
222669,59816
222669,50272
222669,37644
222669,49888
222669,53160
222669,60978
222669,35846
222669,46632
222669,10652
222669,42132
222669,51316
222669,53406
222669,44914
222669,61560
222669,53386
222669,63188
222669,62944
222669,32496
222669,55632
222669,57414
222669,63218
222669,63220
222669,63186
222669,56696
222669,63418
222669,44660
222669,62170
222669,62376
222669,53046
222669,63538
222669,36762
222669,55798
222669,62618
222669,62616
222669,62400
222669,62378
222669,63540
222669,45912
222669,44644
222669,55638
222669,10790
222669,44664
222669,53048
222669,52620
222669,62276
222669,62860
222669,56484
222669,48694
222669,53258
222669,58504
224631,61364
224631,1370
224631,30500
224631,56714
224631,61672
224631,61542
224631,50270
224631,11262
224631,35732
224631,50716
224631,36720
224631,34092
224631,57804
224631,60522
224631,62074
224631,16358
224631,124
224631,52918
224631,33886
224631,60
224631,3382
224631,10808
224631,61558
224631,1372
224631,59816
224631,42132
224631,44914
224631,63186
224631,63418
224631,44660
224631,62170
224631,36762
224631,55798
224631,10790
224631,44664
161403,61364
161403,61542
161403,50716
161403,57804
161403,16358
161403,3382
161403,59816
161403,50272
161403,42132
161403,61560
161403,63186
161403,63418
161403,44660
161403,62170
161403,36762
161403,55798
161403,10790
161403,44664
161403,52620
161403,62860
161403,58504
184104,61364
184104,61542
184104,11262
184104,50716
184104,36720
184104,57804
184104,60522
184104,16358
184104,60
184104,3382
184104,59816
184104,51974
184104,63186
184104,63418
184104,44660
184104,62170
184104,62376
184104,36762
184104,55798
184104,10790
184104,44664
184104,52620
184104,58504
204228,61364
204228,61542
204228,11262
204228,50716
204228,57804
204228,11490
204228,3382
204228,59816
204228,50720
204228,44914
204228,59394
204228,63510
204228,55632
204228,63186
204228,44660
204228,36762
204228,55798
204228,1206
211806,11262
211806,50716
211806,44302
211806,3382
211806,59816
211806,50272
211806,49888
211806,60978
211806,10652
211806,42132
211806,51316
211806,53406
211806,50724
211806,44914
211806,53386
211806,63188
211806,62944
211806,32496
211806,55632
211806,57414
211806,59396
211806,63186
211806,50718
211806,56696
211806,63418
211806,44660
211806,62170
211806,62376
211806,53046
211806,63538
211806,36762
211806,55798
211806,53394
211806,62400
211806,62378
211806,63540
211806,45912
211806,44644
211806,10790
211806,44664
211806,59776
211806,52620
211806,62860
211806,58504
239556,61364
239556,1370
239556,56714
239556,61672
239556,61542
239556,11262
239556,35732
239556,48574
239556,50716
239556,36720
239556,57804
239556,62074
239556,16358
239556,124
239556,52918
239556,60
239556,3382
239556,61558
239556,1372
239556,59816
239556,51974
239556,44914
239556,63186
239556,62170
239556,36762
239556,55798
239556,10790
239556,62276
239556,58504
89013,61364
89013,61542
89013,36720
89013,57804
89013,60522
89013,11490
89013,3382
89013,59816
89013,35846
89013,10652
89013,33534
89013,51974
89013,44914
89013,61560
89013,63186
89013,63418
89013,62170
89013,36762
89013,55798
89013,10790
89013,52620
89013,62276
89013,1206
89013,58504
153048,61364
153048,36720
153048,57804
153048,60522
153048,11490
153048,3382
153048,59816
153048,50724
153048,44914
153048,63360
153048,63186
153048,50718
153048,36762
153048,55798
153048,62276
153048,58504
209637,61364
209637,57804
209637,60522
209637,11490
209637,3382
209637,10808
209637,50272
209637,1304
209637,49888
209637,60978
209637,42132
209637,51316
209637,51974
209637,50720
209637,50724
209637,44914
209637,61560
209637,57414
209637,62274
209637,63220
209637,63186
209637,63418
209637,62170
209637,62376
209637,53046
209637,63538
209637,36762
209637,54864
209637,55798
209637,62614
209637,62400
209637,62378
209637,63540
209637,45912
209637,44644
209637,55638
209637,10790
209637,52620
209637,62276
209637,62860
209637,58504
210816,1370
210816,56714
210816,61542
210816,54096
210816,50716
210816,61280
210816,60522
210816,62074
210816,44302
210816,124
210816,50274
210816,60
210816,3382
210816,61558
210816,54290
210816,59816
210816,59822
210816,50272
210816,1304
210816,37644
210816,49888
210816,53160
210816,60978
210816,35846
210816,46632
210816,10652
210816,42132
210816,51316
210816,53406
210816,51974
210816,44914
210816,61560
210816,50970
210816,36722
210816,53386
210816,63188
210816,62944
210816,59394
210816,63510
210816,32496
210816,55632
210816,57414
210816,63220
210816,63186
210816,50718
210816,63418
210816,44660
210816,62170
210816,61540
210816,62376
210816,63538
210816,36762
210816,55798
210816,62614
210816,53394
210816,62618
210816,62616
210816,62400
210816,62378
210816,63540
210816,53256
210816,45912
210816,44644
210816,55638
210816,10790
210816,59776
210816,53048
210816,52620
210816,62276
210816,62860
210816,44662
210816,56484
210816,48694
210816,58504
61977,61364
61977,1370
61977,30500
61977,56714
61977,61672
61977,61542
61977,50270
61977,54096
61977,11262
61977,35732
61977,48574
61977,61552
61977,50716
61977,36720
61977,34092
61977,57804
61977,61280
61977,60522
61977,62074
61977,16358
61977,11490
61977,124
61977,52918
61977,33886
61977,50274
61977,60
61977,3382
61977,10808
61977,61558
61977,1372
61977,54290
61977,48298
61977,59816
61977,50272
61977,50968
61977,60978
61977,42132
61977,51974
61977,44914
61977,61560
61977,63186
61977,56696
61977,63418
61977,62170
61977,36762
61977,54864
61977,55798
61977,62400
61977,10790
61977,52620
61977,62276
61977,62860
61977,58504
62337,56714
62337,61542
62337,54096
62337,50716
62337,60522
62337,44302
62337,50274
62337,3382
62337,59816
62337,50272
62337,10652
62337,42132
62337,53406
62337,51974
62337,44914
62337,61560
62337,63186
62337,63418
62337,62170
62337,36762
62337,55798
62337,10790
62337,52620
62337,62276
62337,62860
62337,58504
66378,61364
66378,56714
66378,61542
66378,54096
66378,11262
66378,50716
66378,36720
66378,60522
66378,11490
66378,3382
66378,59816
66378,59822
66378,50272
66378,1304
66378,37644
66378,49888
66378,53160
66378,60978
66378,35846
66378,46632
66378,10652
66378,42132
66378,51316
66378,33534
66378,50268
66378,53406
66378,51974
66378,44914
66378,61560
66378,50970
66378,36722
66378,61028
66378,53386
66378,63188
66378,62944
66378,59394
66378,63510
66378,32496
66378,55632
66378,57414
66378,63360
66378,63220
66378,63186
66378,50718
66378,63418
66378,44660
66378,62170
66378,61540
66378,62376
66378,53046
66378,63538
66378,36762
66378,55798
66378,62614
66378,53394
66378,62618
66378,62616
66378,62400
66378,62378
66378,63540
66378,53256
66378,45912
66378,44644
66378,55638
66378,10790
66378,59776
66378,53048
66378,52620
66378,50962
66378,62276
66378,62860
66378,44662
66378,56484
66378,1206
66378,48694
66378,53258
66378,58504
175293,61364
175293,1370
175293,30500
175293,56714
175293,61672
175293,61348
175293,61542
175293,50270
175293,54096
175293,11262
175293,35732
175293,48574
175293,61552
175293,50716
175293,36720
175293,34092
175293,57804
175293,61280
175293,60522
175293,62074
175293,16358
175293,11490
175293,124
175293,52918
175293,33886
175293,50274
175293,60
175293,3382
175293,10808
175293,61558
175293,1372
175293,54290
175293,48298
175293,59816
175293,35846
175293,10652
175293,33534
175293,51974
175293,44914
175293,61560
175293,63186
175293,63418
175293,62170
175293,36762
175293,55798
175293,10790
175293,52620
175293,62276
175293,1206
175293,58504
197595,61364
197595,36720
197595,57804
197595,60522
197595,11490
197595,3382
197595,59816
197595,50272
197595,49888
197595,53160
197595,46632
197595,10652
197595,42132
197595,51316
197595,53406
197595,51974
197595,44914
197595,61560
197595,63186
197595,63418
197595,44660
197595,62170
197595,36762
197595,55798
197595,45912
197595,44644
197595,55638
197595,10790
197595,44664
197595,52620
197595,62860
197595,58504
201852,61364
201852,56714
201852,61542
201852,11262
201852,50716
201852,36720
201852,61280
201852,60522
201852,62074
201852,16358
201852,124
201852,60
201852,3382
201852,10808
201852,59816
201852,59822
201852,50272
201852,1304
201852,37644
201852,49888
201852,53160
201852,60978
201852,35846
201852,46632
201852,10652
201852,42132
201852,51316
201852,53406
201852,51974
201852,44914
201852,61560
201852,50970
201852,36722
201852,53386
201852,63188
201852,62944
201852,59394
201852,63510
201852,32496
201852,55632
201852,57414
201852,63220
201852,63186
201852,50718
201852,63418
201852,44660
201852,62170
201852,61540
201852,62376
201852,63538
201852,36762
201852,55798
201852,62614
201852,53394
201852,62618
201852,62616
201852,62400
201852,62378
201852,63540
201852,53256
201852,45912
201852,44644
201852,55638
201852,10790
201852,59776
201852,53048
201852,52620
201852,62276
201852,62860
201852,44662
201852,56484
201852,48694
201852,58504
227343,61364
227343,1370
227343,30500
227343,56714
227343,61672
227343,61542
227343,50270
227343,11262
227343,35732
227343,48574
227343,61552
227343,50716
227343,36720
227343,34092
227343,57804
227343,61280
227343,60522
227343,62074
227343,16358
227343,11490
227343,124
227343,52918
227343,33886
227343,50274
227343,60
227343,3382
227343,10808
227343,61558
227343,1372
227343,54290
227343,48298
227343,59816
227343,42132
227343,50268
227343,44914
227343,59396
227343,63186
227343,63418
227343,44660
227343,62170
227343,62376
227343,53046
227343,48980
227343,55798
227343,62400
227343,10790
227343,44664
227343,52620
239247,61364
239247,61542
239247,11262
239247,50716
239247,57804
239247,16358
239247,3382
239247,1372
239247,59816
239247,51974
239247,44914
239247,61560
239247,63186
239247,62170
239247,36762
239247,54864
239247,55798
239247,10790
239247,58504
176403,61364
176403,57804
176403,60522
176403,44302
176403,3382
176403,50272
176403,49888
176403,10652
176403,42132
176403,53406
176403,44914
176403,61560
176403,63186
176403,63418
176403,44660
176403,62170
176403,36762
176403,55798
176403,45912
176403,44644
176403,10790
176403,44664
176403,52620
176403,62860
176403,58504
186378,61364
186378,56714
186378,61542
186378,11262
186378,50716
186378,36720
186378,60522
186378,62074
186378,16358
186378,124
186378,60
186378,3382
186378,59816
186378,50272
186378,49888
186378,35846
186378,42132
186378,51316
186378,53406
186378,44914
186378,63188
186378,32496
186378,55632
186378,57414
186378,63186
186378,63418
186378,44660
186378,62170
186378,62376
186378,53046
186378,63538
186378,36762
186378,55798
186378,62400
186378,62378
186378,63540
186378,45912
186378,44644
186378,55638
186378,10790
186378,44664
186378,53048
186378,52620
186378,62860
186378,48694
186378,53258
186378,58504
212721,61364
212721,1370
212721,30500
212721,56714
212721,61542
212721,11262
212721,35732
212721,50716
212721,36720
212721,34092
212721,57804
212721,60522
212721,62074
212721,16358
212721,124
212721,60
212721,3382
212721,10808
212721,59816
212721,42132
212721,50268
212721,50720
212721,44914
212721,63188
212721,62944
212721,32496
212721,55632
212721,57414
212721,59396
212721,63186
212721,62170
212721,63538
212721,36762
212721,55798
212721,62618
212721,45912
212721,44644
212721,10790
212721,44664
212721,59776
212721,62860
212721,44662
216108,61364
216108,61542
216108,11262
216108,50716
216108,16358
216108,124
216108,33886
216108,60
216108,3382
216108,59816
216108,59822
216108,50272
216108,1304
216108,37644
216108,49888
216108,53160
216108,60978
216108,35846
216108,46632
216108,10652
216108,42132
216108,51316
216108,50268
216108,53406
216108,50724
216108,44914
216108,53386
216108,63188
216108,62944
216108,59394
216108,32496
216108,55632
216108,57414
216108,59396
216108,63220
216108,63186
216108,56696
216108,63418
216108,44660
216108,62170
216108,61540
216108,62376
216108,53046
216108,63538
216108,36762
216108,55798
216108,53394
216108,62618
216108,62400
216108,62378
216108,63540
216108,45912
216108,44644
216108,57522
216108,55638
216108,10790
216108,44664
216108,59776
216108,53048
216108,52620
216108,50962
216108,62860
216108,48694
216108,53258
216108,58504
234021,61364
234021,1370
234021,30500
234021,56714
234021,61672
234021,61542
234021,50270
234021,11262
234021,35732
234021,48574
234021,61552
234021,50716
234021,36720
234021,34092
234021,57804
234021,62074
234021,16358
234021,124
234021,52918
234021,33886
234021,50274
234021,60
234021,3382
234021,10808
234021,61558
234021,1372
234021,48298
234021,59816
234021,50968
234021,50724
234021,44914
234021,63186
234021,63136
234021,36762
234021,55798
202959,50716
202959,44302
202959,3382
202959,59816
202959,59822
202959,50272
202959,1304
202959,37644
202959,49888
202959,53160
202959,60978
202959,35846
202959,46632
202959,10652
202959,42132
202959,51316
202959,53406
202959,50720
202959,44914
202959,61560
202959,36722
202959,53386
202959,63188
202959,62944
202959,59394
202959,63510
202959,32496
202959,55632
202959,57414
202959,63218
202959,63220
202959,63186
202959,50718
202959,63418
202959,44660
202959,62170
202959,61540
202959,62376
202959,53046
202959,63538
202959,36762
202959,55798
202959,53394
202959,62618
202959,62616
202959,62400
202959,62378
202959,63540
202959,45912
202959,44644
202959,55638
202959,10790
202959,44664
202959,59776
202959,53048
202959,52620
202959,62276
202959,62860
202959,56484
202959,48694
202959,53258
202959,58504
203445,61364
203445,1370
203445,30500
203445,56714
203445,61672
203445,61542
203445,50270
203445,11262
203445,35732
203445,48574
203445,61552
203445,50716
203445,36720
203445,34092
203445,57804
203445,61280
203445,60522
203445,62074
203445,16358
203445,11490
203445,124
203445,52918
203445,33886
203445,50274
203445,60
203445,3382
203445,10808
203445,61558
203445,1372
203445,48298
203445,59816
203445,42132
203445,51974
203445,44914
203445,63186
203445,63418
203445,44660
203445,62170
203445,36762
203445,55798
203445,10790
203445,44664
212775,61364
212775,61542
212775,50716
212775,57804
212775,16358
212775,3382
212775,59816
212775,50272
212775,49888
212775,53160
212775,46632
212775,10652
212775,42132
212775,51316
212775,53406
212775,44914
212775,61560
212775,63186
212775,63418
212775,44660
212775,62170
212775,36762
212775,55798
212775,45912
212775,44644
212775,55638
212775,10790
212775,44664
212775,52620
212775,62860
212775,58504
231102,61364
231102,56714
231102,61542
231102,11262
231102,50716
231102,36720
231102,61280
231102,60522
231102,62074
231102,16358
231102,124
231102,60
231102,3382
231102,10808
231102,59816
231102,59822
231102,50272
231102,1304
231102,37644
231102,49888
231102,53160
231102,60978
231102,35846
231102,46632
231102,10652
231102,42132
231102,51316
231102,53406
231102,50720
231102,44914
231102,61560
231102,36722
231102,53386
231102,63188
231102,62944
231102,59394
231102,63510
231102,32496
231102,55632
231102,57414
231102,63220
231102,63186
231102,50718
231102,63418
231102,44660
231102,62170
231102,61540
231102,62376
231102,53046
231102,63538
231102,36762
231102,55798
231102,53394
231102,62618
231102,62616
231102,62400
231102,62378
231102,63540
231102,53256
231102,45912
231102,44644
231102,55638
231102,10790
231102,44664
231102,59776
231102,53048
231102,52620
231102,62276
231102,62860
231102,56484
231102,48694
231102,53258
231102,58504
244380,61364
244380,1370
244380,30500
244380,56714
244380,61672
244380,61542
244380,11262
244380,35732
244380,48574
244380,61552
244380,50716
244380,36720
244380,34092
244380,57804
244380,61280
244380,60522
244380,62074
244380,16358
244380,11490
244380,124
244380,52918
244380,33886
244380,50274
244380,60
244380,3382
244380,10808
244380,61558
244380,1372
244380,54290
244380,48298
244380,59816
244380,50272
244380,10652
244380,42132
244380,53406
244380,51974
244380,44914
244380,61560
244380,63186
244380,63418
244380,44660
244380,62170
244380,36762
244380,55798
244380,10790
244380,52620
244380,62276
244380,62860
244380,58504
206955,61364
206955,56714
206955,61542
206955,54096
206955,11262
206955,50716
206955,36720
206955,60522
206955,11490
206955,3382
206955,59816
206955,63186
206955,55798
230604,11490
230604,3382
230604,59816
230604,51974
230604,44914
230604,63186
230604,62170
230604,36762
230604,54864
230604,55798
230604,10790
230604,58504
165750,34092
165750,57804
165750,60522
165750,44302
165750,3382
165750,59816
165750,50272
165750,49888
165750,53160
165750,46632
165750,10652
165750,42132
165750,51316
165750,53406
165750,61560
165750,63186
165750,63418
165750,44660
165750,62170
165750,36762
165750,55798
165750,45912
165750,44644
165750,55638
165750,10790
165750,44664
165750,52620
165750,62860
165750,58504
183576,61364
183576,56714
183576,61542
183576,11262
183576,50716
183576,36720
183576,61280
183576,60522
183576,62074
183576,16358
183576,124
183576,60
183576,3382
183576,10808
183576,54290
183576,59816
183576,42132
183576,50268
183576,50720
183576,44914
183576,63188
183576,62944
183576,32496
183576,55632
183576,57414
183576,63538
183576,36762
183576,54864
183576,55798
183576,62618
183576,45912
183576,44644
183576,10790
183576,44664
183576,62860
183576,44662
188343,61364
188343,61542
188343,11262
188343,50716
188343,124
188343,33886
188343,60
188343,3382
188343,59816
188343,42132
188343,50268
188343,50720
188343,44914
188343,63188
188343,62944
188343,32496
188343,55632
188343,57414
188343,63186
188343,50718
188343,62170
188343,63538
188343,36762
188343,55798
188343,62618
188343,45912
188343,44644
188343,10790
188343,44664
188343,62860
188343,44662
211641,61364
211641,61542
211641,11262
211641,50716
211641,16358
211641,124
211641,33886
211641,60
211641,3382
211641,59816
211641,51974
211641,59396
211641,63186
211641,63418
211641,44660
211641,62170
211641,62376
211641,36762
211641,55798
211641,62400
211641,10790
211641,44664
211641,52620
211641,58504
213114,61364
213114,61542
213114,11262
213114,50716
213114,57804
213114,11490
213114,3382
213114,1372
213114,59816
213114,50272
213114,37644
213114,49888
213114,53160
213114,60978
213114,35846
213114,46632
213114,10652
213114,42132
213114,51316
213114,53406
213114,50720
213114,44914
213114,61560
213114,53386
213114,63188
213114,62944
213114,59394
213114,63510
213114,32496
213114,55632
213114,57414
213114,63218
213114,63220
213114,63186
213114,56696
213114,63418
213114,44660
213114,62170
213114,62376
213114,53046
213114,63538
213114,36762
213114,55798
213114,62618
213114,62616
213114,62400
213114,62378
213114,63540
213114,45912
213114,44644
213114,55638
213114,10790
213114,44664
213114,53048
213114,52620
213114,62276
213114,62860
213114,56484
213114,48694
213114,53258
213114,58504
66054,61364
66054,1370
66054,30500
66054,56714
66054,61672
66054,61542
66054,50270
66054,11262
66054,35732
66054,50716
66054,36720
66054,34092
66054,57804
66054,60522
66054,62074
66054,16358
66054,11490
66054,124
66054,52918
66054,33886
66054,50274
66054,60
66054,3382
66054,10808
66054,61558
66054,1372
66054,59816
66054,10652
66054,42132
66054,61560
66054,63186
66054,50718
66054,63418
66054,44660
66054,62170
66054,36762
66054,55798
66054,10790
66054,44664
66054,52620
66054,62860
66054,58504
71766,61364
71766,56714
71766,61542
71766,11262
71766,50716
71766,36720
71766,57804
71766,60522
71766,16358
71766,60
71766,3382
71766,10808
71766,59816
71766,59822
71766,50272
71766,1304
71766,37644
71766,49888
71766,53160
71766,60978
71766,35846
71766,46632
71766,10652
71766,42132
71766,51316
71766,53406
71766,50720
71766,44914
71766,61560
71766,36722
71766,53386
71766,63188
71766,62944
71766,59394
71766,63510
71766,32496
71766,55632
71766,57414
71766,63220
71766,63186
71766,50718
71766,63418
71766,44660
71766,62170
71766,61540
71766,62376
71766,53046
71766,63538
71766,36762
71766,55798
71766,53394
71766,62618
71766,62616
71766,62400
71766,62378
71766,63540
71766,45912
71766,44644
71766,55638
71766,10790
71766,44664
71766,59776
71766,53048
71766,52620
71766,62276
71766,62860
71766,56484
71766,48694
71766,53258
71766,58504
154098,61364
154098,1370
154098,30500
154098,56714
154098,61672
154098,61542
154098,11262
154098,35732
154098,48574
154098,61552
154098,50716
154098,36720
154098,34092
154098,57804
154098,61280
154098,60522
154098,62074
154098,16358
154098,11490
154098,124
154098,52918
154098,33886
154098,50274
154098,60
154098,3382
154098,10808
154098,61558
154098,1372
154098,54290
154098,48298
154098,59816
154098,44914
154098,63186
154098,50718
154098,36762
154098,55798
187659,61364
187659,50716
187659,11490
187659,3382
187659,50272
187659,49888
187659,53160
187659,46632
187659,10652
187659,42132
187659,51316
187659,53406
187659,61560
187659,63186
187659,63418
187659,44660
187659,62170
187659,36762
187659,55798
187659,53256
187659,45912
187659,44644
187659,55638
187659,10790
187659,44664
187659,52620
187659,62860
187659,58504
201564,61364
201564,56714
201564,61542
201564,11262
201564,50716
201564,36720
201564,61280
201564,60522
201564,62074
201564,16358
201564,124
201564,60
201564,3382
201564,10808
201564,59816
201564,10652
201564,53406
201564,51974
201564,44914
201564,61560
201564,63186
201564,62170
201564,36762
201564,55798
201564,10790
201564,58504
212112,61364
212112,54096
212112,50716
212112,36720
212112,11490
212112,3382
212112,59816
212112,50272
212112,49888
212112,35846
212112,42132
212112,51316
212112,53406
212112,51974
212112,44914
212112,63188
212112,32496
212112,55632
212112,57414
212112,63186
212112,63418
212112,44660
212112,62170
212112,62376
212112,53046
212112,63538
212112,36762
212112,55798
212112,62400
212112,62378
212112,63540
212112,45912
212112,44644
212112,55638
212112,10790
212112,44664
212112,53048
212112,52620
212112,62860
212112,48694
212112,53258
212112,58504
203775,61364
203775,1370
203775,30500
203775,56714
203775,61542
203775,11262
203775,35732
203775,50716
203775,36720
203775,34092
203775,57804
203775,60522
203775,62074
203775,16358
203775,124
203775,60
203775,3382
203775,10808
203775,59816
203775,10652
203775,42132
203775,53406
203775,44914
203775,61560
203775,63186
203775,63418
203775,44660
203775,53046
203775,36762
203775,55798
203775,10790
203775,44664
212379,61364
212379,61542
212379,50716
212379,36720
212379,60522
212379,16358
212379,124
212379,3382
212379,59816
212379,60978
212379,50724
212379,44914
212379,63186
212379,56696
212379,62170
212379,36762
212379,54864
212379,55798
212379,10790
212379,44664
187962,61542
187962,50716
187962,44302
187962,3382
187962,10808
187962,59816
187962,59822
187962,50272
187962,53160
187962,50968
187962,46632
187962,42132
187962,44914
187962,63188
187962,57414
187962,59396
187962,63186
187962,63418
187962,44660
187962,62170
187962,62376
187962,53046
187962,48980
187962,55798
187962,62400
187962,10790
187962,44664
187962,52620
153381,61542
153381,50270
153381,11262
153381,50716
153381,36720
153381,16358
153381,124
153381,60
153381,3382
153381,1372
153381,59816
153381,50272
153381,49888
153381,60978
153381,35846
153381,10652
153381,42132
153381,51316
153381,53406
153381,51974
153381,44914
153381,63188
153381,62944
153381,32496
153381,55632
153381,57414
153381,63186
153381,56696
153381,63418
153381,44660
153381,62170
153381,62376
153381,53046
153381,63538
153381,36762
153381,55798
153381,62400
153381,62378
153381,63540
153381,45912
153381,44644
153381,55638
153381,10790
153381,44664
153381,53048
153381,52620
153381,62860
153381,48694
153381,53258
153381,58504
172503,61364
172503,1370
172503,30500
172503,56714
172503,61542
172503,11262
172503,35732
172503,50716
172503,36720
172503,34092
172503,57804
172503,60522
172503,62074
172503,16358
172503,124
172503,52918
172503,60
172503,3382
172503,10808
172503,61558
172503,59816
172503,50272
172503,42132
172503,51974
172503,63186
172503,63418
172503,44660
172503,62170
172503,36762
172503,55798
172503,10790
172503,44664
172503,52620
172503,58504
212475,61364
212475,61542
212475,11262
212475,50716
212475,57804
212475,60522
212475,16358
212475,3382
212475,59816
212475,50272
212475,42132
212475,63186
212475,63418
212475,44660
212475,62170
212475,36762
212475,55798
212475,10790
212475,44664
212475,52620
212475,58504
228060,61364
228060,61542
228060,11262
228060,50716
228060,57804
228060,60522
228060,16358
228060,3382
228060,59816
228060,50272
228060,42132
228060,51974
228060,44914
228060,63186
228060,63418
228060,44660
228060,62170
228060,53046
228060,36762
228060,55798
228060,10790
228060,44664
228060,52620
235191,61364
235191,56714
235191,61542
235191,11262
235191,50716
235191,36720
235191,57804
235191,60522
235191,16358
235191,124
235191,3382
235191,59816
235191,50272
235191,49888
235191,53160
235191,46632
235191,10652
235191,42132
235191,51316
235191,53406
235191,51974
235191,44914
235191,61560
235191,63186
235191,63418
235191,44660
235191,62170
235191,36762
235191,55798
235191,45912
235191,44644
235191,55638
235191,10790
235191,52620
235191,62860
235191,58504
61692,61364
61692,56714
61692,61542
61692,11262
61692,50716
61692,36720
61692,61280
61692,60522
61692,62074
61692,16358
61692,124
61692,60
61692,3382
61692,10808
61692,59816
61692,50272
61692,42132
61692,51974
61692,44914
61692,63186
61692,56696
61692,63418
61692,44660
61692,62170
61692,36762
61692,55798
61692,10790
61692,44664
61692,52620
61692,58504
207828,61364
207828,61542
207828,54096
207828,11262
207828,50716
207828,57804
207828,60522
207828,16358
207828,11490
207828,3382
207828,59816
207828,59822
207828,50272
207828,1304
207828,49888
207828,53160
207828,60978
207828,35846
207828,46632
207828,10652
207828,42132
207828,51316
207828,53406
207828,51974
207828,44914
207828,61560
207828,53386
207828,63188
207828,62944
207828,55632
207828,57414
207828,63220
207828,63186
207828,63418
207828,44660
207828,62170
207828,61540
207828,53046
207828,63538
207828,36762
207828,55798
207828,53394
207828,62400
207828,62378
207828,63540
207828,45912
207828,44644
207828,55638
207828,10790
207828,44664
207828,59776
207828,53048
207828,52620
207828,62276
207828,62860
207828,48694
207828,58504
191223,61364
191223,1370
191223,30500
191223,56714
191223,61672
191223,61542
191223,11262
191223,35732
191223,48574
191223,61552
191223,50716
191223,36720
191223,34092
191223,57804
191223,60522
191223,62074
191223,16358
191223,52918
191223,50274
191223,60
191223,3382
191223,61558
191223,1372
191223,54290
191223,48298
191223,59816
191223,33534
191223,51974
191223,44914
191223,63186
191223,63418
191223,62170
191223,36762
191223,54864
191223,55798
191223,10790
191223,52620
191223,62276
191223,58504
203178,61364
203178,61348
203178,34092
203178,57804
203178,60522
203178,44302
203178,3382
203178,50724
203178,44914
203178,63360
203178,63186
203178,50718
203178,36762
203178,55798
203178,62276
203178,58504
236490,61364
236490,57804
236490,60522
236490,3382
236490,10808
236490,59822
236490,50272
236490,1304
236490,37644
236490,49888
236490,53160
236490,60978
236490,35846
236490,46632
236490,10652
236490,42132
236490,51316
236490,53406
236490,44914
236490,61560
236490,53386
236490,63188
236490,62944
236490,32496
236490,55632
236490,57414
236490,63220
236490,63186
236490,50718
236490,63418
236490,44660
236490,62170
236490,61540
236490,62376
236490,53046
236490,63538
236490,36762
236490,55798
236490,53394
236490,62616
236490,62400
236490,62378
236490,63540
236490,45912
236490,44644
236490,55638
236490,10790
236490,44664
236490,59776
236490,53048
236490,52620
236490,62276
236490,62860
236490,56484
236490,48694
236490,58504
72558,61364
72558,1370
72558,30500
72558,56714
72558,61672
72558,61542
72558,11262
72558,35732
72558,48574
72558,61552
72558,50716
72558,36720
72558,34092
72558,57804
72558,60522
72558,62074
72558,16358
72558,124
72558,52918
72558,33886
72558,60
72558,3382
72558,10808
72558,61558
72558,1372
72558,48298
72558,59816
72558,59822
72558,50272
72558,1304
72558,37644
72558,49888
72558,53160
72558,60978
72558,35846
72558,46632
72558,10652
72558,42132
72558,51316
72558,53406
72558,50720
72558,44914
72558,61560
72558,36722
72558,53386
72558,63188
72558,62944
72558,59394
72558,63510
72558,55632
72558,57414
72558,63218
72558,63220
72558,63186
72558,50718
72558,63418
72558,44660
72558,62170
72558,61540
72558,62376
72558,53046
72558,63538
72558,36762
72558,54864
72558,55798
72558,53394
72558,62618
72558,62616
72558,62400
72558,62378
72558,63540
72558,45912
72558,44644
72558,55638
72558,10790
72558,44664
72558,59776
72558,53048
72558,52620
72558,62276
72558,62860
72558,56484
72558,48694
72558,53258
72558,58504
192159,61364
192159,1370
192159,30500
192159,56714
192159,61672
192159,61542
192159,50270
192159,11262
192159,35732
192159,48574
192159,61552
192159,50716
192159,36720
192159,34092
192159,57804
192159,60522
192159,62074
192159,16358
192159,11490
192159,124
192159,52918
192159,33886
192159,50274
192159,60
192159,3382
192159,10808
192159,61558
192159,1372
192159,48298
192159,59816
192159,50272
192159,42132
192159,63186
192159,56696
192159,63418
192159,44660
192159,62170
192159,36762
192159,55798
192159,10790
192159,44664
192159,52620
192159,62860
192159,58504
206850,61364
206850,61542
206850,11262
206850,50716
206850,36720
206850,57804
206850,60522
206850,16358
206850,60
206850,3382
206850,59816
206850,50272
206850,49888
206850,35846
206850,42132
206850,51316
206850,53406
206850,51974
206850,44914
206850,63188
206850,32496
206850,55632
206850,57414
206850,63186
206850,63418
206850,44660
206850,62170
206850,62376
206850,53046
206850,63538
206850,36762
206850,55798
206850,62378
206850,63540
206850,45912
206850,44644
206850,55638
206850,10790
206850,44664
206850,53048
206850,52620
206850,62860
206850,48694
206850,53258
163251,61364
163251,1370
163251,30500
163251,56714
163251,61542
163251,11262
163251,35732
163251,50716
163251,36720
163251,34092
163251,57804
163251,60522
163251,16358
163251,124
163251,60
163251,3382
163251,10808
163251,59816
163251,50272
163251,49888
163251,53160
163251,46632
163251,10652
163251,42132
163251,51316
163251,53406
163251,44914
163251,61560
163251,63186
163251,63418
163251,44660
163251,62170
163251,36762
163251,55798
163251,45912
163251,44644
163251,55638
163251,10790
163251,52620
163251,62860
163251,58504
164064,61364
164064,56714
164064,61542
164064,11262
164064,50716
164064,36720
164064,61280
164064,60522
164064,62074
164064,16358
164064,124
164064,60
164064,3382
164064,10808
164064,59816
164064,51974
164064,44914
164064,61560
164064,63186
164064,62170
164064,36762
164064,54864
164064,55798
164064,10790
164064,58504
208806,61364
208806,57804
208806,60522
208806,44302
208806,3382
208806,44914
208806,63186
208806,62170
208806,55798
208806,10790
208806,52620
225276,61364
225276,61542
225276,50716
225276,36720
225276,16358
225276,3382
225276,59816
225276,42132
225276,44914
225276,63186
225276,63418
225276,44660
225276,36762
225276,55798
225276,10790
225276,44664
172587,61542
172587,61552
172587,57804
172587,16358
172587,3382
172587,59816
172587,59822
172587,50272
172587,1304
172587,37644
172587,53160
172587,60978
172587,35846
172587,46632
172587,10652
172587,42132
172587,51316
172587,33534
172587,53406
172587,51974
172587,44914
172587,61560
172587,50970
172587,36722
172587,53386
172587,63188
172587,62944
172587,59394
172587,63510
172587,32496
172587,55632
172587,57414
172587,63220
172587,63186
172587,50718
172587,63418
172587,62170
172587,61540
172587,62376
172587,63538
172587,36762
172587,55798
172587,62614
172587,53394
172587,62618
172587,62616
172587,62400
172587,62378
172587,63540
172587,45912
172587,44644
172587,55638
172587,10790
172587,44664
172587,59776
172587,53048
172587,52620
172587,62276
172587,62860
172587,44662
172587,56484
172587,1206
172587,48694
172587,58504
188196,61364
188196,1370
188196,30500
188196,56714
188196,61672
188196,61348
188196,61542
188196,50270
188196,54096
188196,11262
188196,35732
188196,48574
188196,61552
188196,50716
188196,36720
188196,34092
188196,57804
188196,61280
188196,60522
188196,62074
188196,16358
188196,11490
188196,124
188196,52918
188196,33886
188196,50274
188196,60
188196,3382
188196,10808
188196,61558
188196,1372
188196,54290
188196,48298
188196,59816
188196,42132
188196,44914
188196,61560
188196,63186
188196,50718
188196,63418
188196,44660
188196,36762
188196,55798
188196,10790
188196,44664
211965,61364
211965,61542
211965,50716
211965,36720
211965,57804
211965,60522
211965,16358
211965,3382
211965,59816
211965,50724
211965,44914
211965,63186
211965,63136
211965,55798
192618,54096
192618,50716
192618,44302
192618,3382
192618,59816
192618,50272
192618,49888
192618,60978
192618,35846
192618,10652
192618,42132
192618,51316
192618,53406
192618,51974
192618,44914
192618,63188
192618,62944
192618,32496
192618,55632
192618,57414
192618,63186
192618,56696
192618,63418
192618,44660
192618,62170
192618,62376
192618,53046
192618,63538
192618,36762
192618,55798
192618,62400
192618,62378
192618,63540
192618,45912
192618,44644
192618,55638
192618,10790
192618,44664
192618,53048
192618,52620
192618,62860
192618,48694
192618,53258
192618,58504
206349,61364
206349,1370
206349,30500
206349,56714
206349,61542
206349,11262
206349,35732
206349,50716
206349,36720
206349,34092
206349,57804
206349,60522
206349,62074
206349,16358
206349,124
206349,52918
206349,60
206349,3382
206349,10808
206349,61558
206349,59816
206349,59822
206349,50272
206349,1304
206349,37644
206349,49888
206349,53160
206349,60978
206349,35846
206349,46632
206349,10652
206349,42132
206349,51316
206349,53406
206349,50720
206349,44914
206349,61560
206349,36722
206349,53386
206349,63188
206349,62944
206349,59394
206349,63510
206349,55632
206349,57414
206349,63218
206349,63220
206349,63186
206349,50718
206349,63418
206349,44660
206349,62170
206349,61540
206349,62376
206349,53046
206349,63538
206349,36762
206349,55798
206349,53394
206349,62616
206349,62400
206349,62378
206349,63540
206349,45912
206349,44644
206349,55638
206349,10790
206349,44664
206349,59776
206349,53048
206349,52620
206349,62276
206349,62860
206349,56484
206349,48694
206349,53258
206349,58504
204768,61364
204768,1370
204768,30500
204768,56714
204768,61672
204768,61542
204768,50270
204768,11262
204768,35732
204768,48574
204768,61552
204768,50716
204768,36720
204768,34092
204768,57804
204768,61280
204768,60522
204768,62074
204768,16358
204768,11490
204768,124
204768,52918
204768,33886
204768,50274
204768,60
204768,3382
204768,10808
204768,61558
204768,1372
204768,48298
204768,59816
204768,50272
204768,42132
204768,63186
204768,63418
204768,44660
204768,62170
204768,36762
204768,55798
204768,10790
204768,44664
204768,52620
204768,58504
225351,61364
225351,61542
225351,11262
225351,50716
225351,57804
225351,60522
225351,16358
225351,11490
225351,3382
225351,59816
225351,50272
225351,37644
225351,49888
225351,53160
225351,35846
225351,46632
225351,42132
225351,51316
225351,53406
225351,50720
225351,44914
225351,61560
225351,63188
225351,62944
225351,59394
225351,63510
225351,32496
225351,55632
225351,57414
225351,63220
225351,63186
225351,63418
225351,44660
225351,62170
225351,62376
225351,53046
225351,63538
225351,36762
225351,55798
225351,62616
225351,62400
225351,62378
225351,63540
225351,45912
225351,44644
225351,55638
225351,10790
225351,44664
225351,53048
225351,52620
225351,62276
225351,62860
225351,56484
225351,48694
225351,53258
225351,58504
225699,61364
225699,1370
225699,30500
225699,56714
225699,61542
225699,50270
225699,11262
225699,35732
225699,50716
225699,36720
225699,34092
225699,57804
225699,60522
225699,62074
225699,16358
225699,11490
225699,124
225699,52918
225699,33886
225699,60
225699,3382
225699,10808
225699,59816
225699,50272
225699,42132
225699,51974
225699,44914
225699,63186
225699,50718
225699,56696
225699,63418
225699,44660
225699,62170
225699,36762
225699,55798
225699,10790
225699,44664
225699,52620
225699,58504
128334,61364
128334,61542
128334,54096
128334,11262
128334,50716
128334,57804
128334,60522
128334,16358
128334,11490
128334,3382
128334,59816
128334,59822
128334,50272
128334,1304
128334,37644
128334,49888
128334,53160
128334,60978
128334,35846
128334,46632
128334,10652
128334,51316
128334,53406
128334,50720
128334,44914
128334,61560
128334,36722
128334,53386
128334,63188
128334,62944
128334,59394
128334,63510
128334,55632
128334,57414
128334,63218
128334,63220
128334,63186
128334,50718
128334,63418
128334,44660
128334,62170
128334,61540
128334,62376
128334,53046
128334,63538
128334,36762
128334,55798
128334,53394
128334,62616
128334,62400
128334,62378
128334,63540
128334,45912
128334,44644
128334,55638
128334,10790
128334,44664
128334,59776
128334,53048
128334,52620
128334,62276
128334,62860
128334,56484
128334,48694
128334,53258
128334,58504
238536,61364
238536,1370
238536,30500
238536,56714
238536,61672
238536,61542
238536,50270
238536,11262
238536,35732
238536,48574
238536,61552
238536,50716
238536,36720
238536,34092
238536,57804
238536,60522
238536,62074
238536,16358
238536,11490
238536,124
238536,52918
238536,33886
238536,50274
238536,60
238536,3382
238536,10808
238536,61558
238536,1372
238536,48298
238536,59816
238536,50272
238536,49888
238536,35846
238536,42132
238536,51316
238536,53406
238536,51974
238536,44914
238536,63188
238536,32496
238536,55632
238536,57414
238536,63186
238536,50718
238536,63418
238536,44660
238536,62170
238536,62376
238536,53046
238536,63538
238536,36762
238536,55798
238536,62378
238536,63540
238536,45912
238536,44644
238536,55638
238536,10790
238536,44664
238536,53048
238536,52620
238536,62860
238536,48694
238536,53258
154434,61364
154434,1370
154434,30500
154434,56714
154434,61542
154434,11262
154434,35732
154434,50716
154434,36720
154434,34092
154434,57804
154434,60522
154434,16358
154434,124
154434,60
154434,3382
154434,10808
154434,59816
154434,51974
154434,44914
154434,63186
154434,62170
154434,36762
154434,55798
154434,10790
154434,53258
154434,58504
198990,60522
198990,11490
198990,3382
198990,50272
198990,49888
198990,60978
198990,35846
198990,10652
198990,42132
198990,51316
198990,53406
198990,51974
198990,44914
198990,63188
198990,62944
198990,32496
198990,55632
198990,57414
198990,63186
198990,56696
198990,63418
198990,44660
198990,62170
198990,62376
198990,53046
198990,63538
198990,36762
198990,55798
198990,62400
198990,62378
198990,63540
198990,45912
198990,44644
198990,55638
198990,10790
198990,44664
198990,53048
198990,52620
198990,62860
198990,48694
198990,53258
198990,58504
208476,61364
208476,1370
208476,30500
208476,56714
208476,61542
208476,11262
208476,35732
208476,50716
208476,36720
208476,34092
208476,57804
208476,60522
208476,62074
208476,16358
208476,124
208476,52918
208476,60
208476,3382
208476,10808
208476,61558
208476,59816
208476,53160
208476,46632
208476,42132
208476,50268
208476,50720
208476,44914
208476,63188
208476,62944
208476,32496
208476,55632
208476,57414
208476,59396
208476,63186
208476,63418
208476,44660
208476,62170
208476,62376
208476,63538
208476,36762
208476,55798
208476,62618
208476,62378
208476,63540
208476,45912
208476,44644
208476,10790
208476,44664
208476,59776
208476,44662
231459,61364
231459,61542
231459,50270
231459,11262
231459,50716
231459,16358
231459,124
231459,52918
231459,33886
231459,60
231459,3382
231459,59816
231459,50272
231459,42132
231459,51974
231459,63186
231459,63418
231459,44660
231459,62170
231459,36762
231459,55798
231459,10790
231459,44664
231459,52620
231459,58504
206376,61364
206376,61542
206376,11262
206376,50716
206376,57804
206376,60522
206376,16358
206376,11490
206376,3382
206376,59816
206376,50272
206376,37644
206376,49888
206376,53160
206376,60978
206376,35846
206376,46632
206376,10652
206376,42132
206376,51316
206376,53406
206376,50720
206376,44914
206376,61560
206376,36722
206376,53386
206376,63188
206376,59394
206376,63510
206376,32496
206376,55632
206376,57414
206376,63218
206376,63186
206376,56696
206376,63418
206376,44660
206376,62170
206376,62376
206376,53046
206376,63538
206376,36762
206376,55798
206376,62616
206376,62400
206376,62378
206376,63540
206376,45912
206376,44644
206376,55638
206376,10790
206376,44664
206376,53048
206376,52620
206376,62276
206376,56484
206376,48694
206376,53258
206376,58504
223968,61364
223968,1370
223968,30500
223968,61672
223968,61542
223968,50270
223968,35732
223968,61552
223968,50716
223968,36720
223968,34092
223968,57804
223968,62074
223968,16358
223968,11490
223968,33886
223968,50274
223968,60
223968,3382
223968,10808
223968,61558
223968,1372
223968,59816
223968,50272
223968,49888
223968,60978
223968,10652
223968,42132
223968,51316
223968,53406
223968,44914
223968,63188
223968,62944
223968,32496
223968,55632
223968,57414
223968,63186
223968,56696
223968,63418
223968,44660
223968,62170
223968,62376
223968,53046
223968,63538
223968,36762
223968,55798
223968,62400
223968,62378
223968,63540
223968,45912
223968,44644
223968,10790
223968,44664
223968,52620
223968,62860
207927,61364
207927,1370
207927,56714
207927,61542
207927,11262
207927,35732
207927,50716
207927,36720
207927,57804
207927,62074
207927,16358
207927,124
207927,52918
207927,60
207927,3382
207927,61558
207927,59816
207927,51974
207927,44914
207927,63186
207927,62170
207927,36762
207927,55798
207927,10790
207927,53258
207927,58504
207366,54096
207366,60522
207366,11490
207366,3382
207366,49888
207366,10652
207366,53406
207366,44914
207366,61560
207366,57414
207366,59396
207366,63186
207366,63418
207366,44660
207366,62170
207366,53046
207366,55798
207366,62618
207366,10790
207366,52620
207366,62860
61902,61364
61902,61542
61902,11262
61902,50716
61902,36720
61902,57804
61902,60522
61902,16358
61902,124
61902,60
61902,3382
61902,59816
61902,51316
61902,44914
61902,63510
61902,32496
61902,63360
61902,56696
61902,62376
61902,63538
61902,54864
61902,55798
61902,62378
61902,55638
61902,10790
61902,44664
61902,59776
61902,53048
61902,52620
61902,50962
61902,62860
61902,44662
61902,56484
61902,1206
61902,48694
61902,53258
217293,1370
217293,56714
217293,61348
217293,61542
217293,54096
217293,35732
217293,48574
217293,61552
217293,50716
217293,36720
217293,34092
217293,57804
217293,44302
217293,11490
217293,124
217293,33886
217293,50274
217293,60
217293,10808
217293,61558
217293,1372
217293,54290
217293,48298
217293,50272
217293,37644
217293,53160
217293,50968
217293,60978
217293,35846
217293,10652
217293,42132
217293,33534
217293,50268
217293,53406
217293,51974
217293,50720
217293,50724
217293,61560
217293,50970
217293,61028
217293,63188
217293,62944
217293,59394
217293,63510
217293,32496
217293,55632
217293,57414
217293,63360
217293,59396
217293,62274
217293,63186
217293,50718
217293,56696
217293,63418
217293,44660
217293,62170
217293,61540
217293,62376
217293,53046
217293,63538
217293,36762
217293,54864
217293,55798
217293,62614
217293,53394
217293,62618
217293,62616
217293,62400
217293,62378
217293,63540
217293,53256
217293,45912
217293,57522
217293,55638
154113,30500
154113,61348
154113,11490
154113,60
154113,48298
154113,50272
154113,50268
154113,62944
154113,59394
154113,63538
154113,55798
154113,62378
154113,44662
154113,1206
154113,58504
206358,1370
206358,61672
206358,61348
206358,61542
206358,61280
206358,11490
206358,124
206358,33886
206358,60
206358,48298
206358,50272
206358,50268
206358,50724
206358,61560
206358,50970
206358,53386
206358,59394
206358,63510
206358,63186
206358,62170
206358,62376
206358,63538
206358,55798
206358,62616
206358,62378
206358,63540
206358,55638
206358,44664
206358,52620
206358,50962
206358,56484
206358,1206
206358,48694
206358,53258
206496,1370
206496,61542
206496,11490
206496,33886
206496,50274
206496,60
206496,48298
206496,50272
206496,46632
206496,10652
206496,42132
206496,33534
206496,50268
206496,53406
206496,50724
206496,50970
206496,59394
206496,63510
206496,57414
206496,59396
206496,63186
206496,44660
206496,62170
206496,53046
206496,63538
206496,36762
206496,54864
206496,62614
206496,62400
206496,62378
206496,63540
206496,55638
221751,61348
221751,11490
221751,60
221751,50272
221751,50268
221751,50724
221751,63510
221751,59396
221751,44660
221751,62170
221751,54864
221751,62378
221751,55638
221751,1206
183363,1370
183363,61348
183363,61542
183363,61280
183363,11490
183363,124
183363,60
183363,48298
183363,50272
183363,50268
183363,59394
183363,63510
183363,63220
183363,44660
183363,62170
183363,55798
183363,62378
183363,63540
183363,55638
183363,10790
183363,44664
183363,59776
183363,53048
183363,52620
183363,50962
183363,62860
183363,44662
183363,56484
183363,1206
183363,48694
183363,53258
227664,1370
227664,61348
227664,61542
227664,35732
227664,48574
227664,61552
227664,39186
227664,34092
227664,57804
227664,44302
227664,11490
227664,124
227664,33886
227664,50274
227664,60
227664,10808
227664,61558
227664,1372
227664,54290
227664,48298
227664,50272
227664,37644
227664,50968
227664,60978
227664,35846
227664,10652
227664,42132
227664,33534
227664,50268
227664,53406
227664,51974
227664,50720
227664,50724
227664,61560
227664,50970
227664,61028
227664,63188
227664,59394
227664,63510
227664,32496
227664,55632
227664,57414
227664,63360
227664,59396
227664,63186
227664,50718
227664,56696
227664,63418
227664,44660
227664,62170
227664,61540
227664,62376
227664,63538
227664,36762
227664,54864
227664,62614
227664,53394
227664,62400
227664,62378
227664,63540
227664,53256
227664,45912
227664,44644
227664,57522
227664,55638
227664,44664
227664,62860
227664,1206
227664,53258
244446,1370
244446,61672
244446,61348
244446,61552
244446,50716
244446,39186
244446,34092
244446,57804
244446,62074
244446,11490
244446,52918
244446,33886
244446,50274
244446,60
244446,1372
244446,54290
244446,48298
244446,50272
244446,37644
244446,49888
244446,50968
244446,60978
244446,35846
244446,10652
244446,42132
244446,50268
244446,53406
244446,51974
244446,50724
244446,50970
244446,63510
244446,57414
244446,59396
244446,63186
244446,56696
244446,44660
244446,62170
244446,62376
244446,36762
244446,54864
244446,62614
244446,62378
244446,53256
244446,55638
203088,61348
203088,11490
203088,59816
203088,50272
203088,63510
203088,48980
203088,62378
203088,55638
203088,10790
203088,44664
203088,53048
203088,52620
203088,50962
203088,44662
203088,56484
203088,48694
203088,53258
207618,1370
207618,30500
207618,61348
207618,35732
207618,48574
207618,61552
207618,36720
207618,39186
207618,34092
207618,57804
207618,62074
207618,44302
207618,11490
207618,124
207618,52918
207618,33886
207618,50274
207618,60
207618,61558
207618,1372
207618,54290
207618,48298
207618,50272
207618,50968
207618,60978
207618,35846
207618,10652
207618,42132
207618,33534
207618,50268
207618,53406
207618,50720
207618,50724
207618,61560
207618,50970
207618,61028
207618,63188
207618,62944
207618,63510
207618,32496
207618,55632
207618,57414
207618,63360
207618,59396
207618,62274
207618,63186
207618,50718
207618,44660
207618,62170
207618,61540
207618,62376
207618,63538
207618,36762
207618,54864
207618,62614
207618,53394
207618,62618
207618,62616
207618,62400
207618,62378
207618,63540
207618,45912
207618,55638
163377,30500
163377,50716
163377,36720
163377,34092
163377,11490
163377,33886
163377,50274
163377,60
163377,61558
163377,48298
163377,59816
163377,50272
163377,50268
163377,53406
163377,50724
163377,53386
163377,59394
163377,63510
163377,63186
163377,44660
163377,55798
163377,62378
163377,55638
163377,44664
163377,52620
163377,50962
163377,56484
163377,1206
163377,48694
163377,53258
217380,1370
217380,61348
217380,61542
217380,11490
217380,33886
217380,50274
217380,60
217380,48298
217380,50272
217380,46632
217380,10652
217380,42132
217380,33534
217380,50268
217380,53406
217380,50724
217380,50970
217380,59394
217380,63510
217380,57414
217380,59396
217380,63186
217380,44660
217380,62170
217380,53046
217380,63538
217380,36762
217380,54864
217380,62614
217380,62400
217380,62378
217380,63540
217380,55638
217380,44664
217380,52620
217380,50962
217380,56484
217380,1206
217380,48694
217380,53258
208572,1370
208572,30500
208572,61348
208572,61542
208572,11490
208572,124
208572,33886
208572,50274
208572,60
208572,48298
208572,50272
208572,10652
208572,42132
208572,33534
208572,50268
208572,53406
208572,50724
208572,50970
208572,59394
208572,63510
208572,57414
208572,59396
208572,63186
208572,44660
208572,62170
208572,53046
208572,63538
208572,36762
208572,54864
208572,62614
208572,62400
208572,62378
208572,63540
208572,55638
208572,10790
208572,44664
208572,59776
208572,53048
208572,52620
208572,50962
208572,62860
208572,44662
208572,56484
208572,1206
208572,48694
208572,53258
176607,1370
176607,56714
176607,61348
176607,61542
176607,54096
176607,35732
176607,48574
176607,61552
176607,50716
176607,36720
176607,39186
176607,34092
176607,57804
176607,44302
176607,11490
176607,124
176607,33886
176607,50274
176607,60
176607,10808
176607,61558
176607,1372
176607,54290
176607,48298
176607,50272
176607,37644
176607,49888
176607,53160
176607,50968
176607,60978
176607,35846
176607,46632
176607,10652
176607,42132
176607,33534
176607,50268
176607,53406
176607,51974
176607,50720
176607,50724
176607,61560
176607,50970
176607,61028
176607,63188
176607,62944
176607,59394
176607,63510
176607,32496
176607,55632
176607,57414
176607,63360
176607,59396
176607,63186
176607,50718
176607,56696
176607,63418
176607,44660
176607,62170
176607,61540
176607,62376
176607,53046
176607,63538
176607,36762
176607,54864
176607,55798
176607,62614
176607,53394
176607,62618
176607,62616
176607,62400
176607,62378
176607,63540
176607,53256
176607,45912
176607,44644
176607,57522
176607,55638
176607,10790
176607,44664
176607,59776
176607,53048
176607,52620
176607,50962
176607,62860
176607,44662
176607,56484
176607,1206
176607,48694
231162,1370
231162,56714
231162,61348
231162,61542
231162,54096
231162,35732
231162,48574
231162,61552
231162,50716
231162,36720
231162,39186
231162,34092
231162,57804
231162,62074
231162,44302
231162,11490
231162,124
231162,33886
231162,50274
231162,60
231162,10808
231162,61558
231162,1372
231162,54290
231162,48298
231162,50272
231162,37644
231162,49888
231162,53160
231162,50968
231162,60978
231162,35846
231162,10652
231162,42132
231162,33534
231162,50268
231162,53406
231162,51974
231162,50720
231162,50724
231162,61560
231162,50970
231162,61028
231162,63188
231162,62944
231162,59394
231162,63510
231162,32496
231162,55632
231162,57414
231162,63360
231162,59396
231162,63186
231162,50718
231162,56696
231162,63418
231162,44660
231162,62170
231162,61540
231162,62376
231162,53046
231162,63538
231162,36762
231162,54864
231162,62614
231162,53394
231162,62618
231162,62616
231162,62400
231162,62378
231162,63540
231162,53256
231162,45912
231162,44644
231162,57522
231162,55638
231162,44664
231162,62860
231162,44662
231162,1206
231162,48694
231162,53258
211767,1370
211767,61348
211767,35732
211767,48574
211767,61552
211767,39186
211767,34092
211767,57804
211767,11490
211767,124
211767,52918
211767,33886
211767,50274
211767,60
211767,10808
211767,61558
211767,1372
211767,54290
211767,48298
211767,50272
211767,37644
211767,60978
211767,35846
211767,33534
211767,50268
211767,53406
211767,51974
211767,50720
211767,50724
211767,50970
211767,63188
211767,59394
211767,63510
211767,32496
211767,55632
211767,57414
211767,63360
211767,59396
211767,63186
211767,50718
211767,56696
211767,44660
211767,62170
211767,61540
211767,62376
211767,63538
211767,36762
211767,54864
211767,53394
211767,62400
211767,62378
211767,63540
211767,45912
211767,57522
211767,55638
204141,30500
204141,62074
204141,11490
204141,33886
204141,50274
204141,60
204141,61558
204141,48298
204141,50272
204141,50968
204141,50268
204141,53406
204141,50724
204141,59394
204141,63510
204141,59396
204141,63186
204141,44660
204141,62376
204141,55798
204141,62400
204141,62378
204141,45912
204141,55638
204141,44664
204141,48694
203232,61542
203232,11490
203232,124
203232,33886
203232,50274
203232,60
203232,48298
203232,50272
203232,50268
203232,53406
203232,50724
203232,50970
203232,59394
203232,63510
203232,59396
203232,63220
203232,63186
203232,44660
203232,62170
203232,62376
203232,63538
203232,54864
203232,55798
203232,62400
203232,62378
203232,55638
203232,44664
203232,52620
203232,1206
154473,1370
154473,61542
154473,11490
154473,33886
154473,50274
154473,60
154473,48298
154473,50272
154473,10652
154473,42132
154473,50268
154473,53406
154473,50724
154473,59394
154473,63510
154473,59396
154473,44660
154473,62170
154473,36762
154473,54864
154473,62400
154473,62378
154473,55638
154473,44664
154473,52620
154473,62860
154473,1206
154473,48694
154473,53258
211989,1370
211989,30500
211989,61348
211989,61542
211989,61280
211989,11490
211989,33886
211989,50274
211989,60
211989,48298
211989,59816
211989,50272
211989,50968
211989,10652
211989,42132
211989,33534
211989,50268
211989,50724
211989,61560
211989,50970
211989,59394
211989,63510
211989,57414
211989,59396
211989,63220
211989,44660
211989,62170
211989,53046
211989,63538
211989,48980
211989,62614
211989,62616
211989,62400
211989,62378
211989,53256
211989,55638
211989,44664
211989,52620
211989,1206
241389,1370
241389,61542
241389,11490
241389,33886
241389,50274
241389,60
241389,48298
241389,50272
241389,10652
241389,42132
241389,50268
241389,53406
241389,50724
241389,50970
241389,59394
241389,63510
241389,57414
241389,59396
241389,63186
241389,44660
241389,62170
241389,63538
241389,36762
241389,54864
241389,55798
241389,62614
241389,62400
241389,62378
241389,55638
241389,44664
241389,52620
241389,1206
241389,48694
205728,1370
205728,61542
205728,11490
205728,33886
205728,50274
205728,60
205728,48298
205728,50272
205728,10652
205728,42132
205728,50268
205728,53406
205728,50724
205728,50970
205728,59394
205728,63510
205728,57414
205728,59396
205728,63220
205728,63186
205728,44660
205728,62170
205728,63538
205728,36762
205728,54864
205728,55798
205728,62614
205728,62400
205728,62378
205728,55638
205728,10790
205728,44664
205728,59776
205728,53048
205728,52620
205728,50962
205728,62276
205728,62860
205728,44662
205728,56484
205728,1206
205728,48694
205728,53258
205728,58504
227973,61364
227973,1370
227973,30500
227973,56714
227973,61672
227973,61348
227973,61542
227973,50270
227973,54096
227973,11262
227973,35732
227973,48574
227973,61552
227973,50716
227973,36720
227973,39186
227973,34092
227973,57804
227973,61280
227973,60522
227973,44302
227973,11490
227973,124
227973,52918
227973,33886
227973,50274
227973,60
227973,10808
227973,61558
227973,1372
227973,54290
227973,48298
227973,59816
227973,59822
227973,50272
227973,1304
227973,37644
227973,49888
227973,53160
227973,50968
227973,60978
227973,35846
227973,46632
227973,10652
227973,42132
227973,51316
227973,33534
227973,50268
227973,53406
227973,51974
227973,50720
227973,50724
227973,44914
227973,61560
227973,50970
227973,36722
227973,61028
227973,53386
227973,63188
227973,62944
227973,59394
227973,63510
227973,32496
227973,55632
227973,57414
227973,63360
227973,63218
227973,59396
227973,62274
227973,63220
227973,63186
227973,50718
227973,56696
227973,63418
227973,44660
227973,62170
227973,63136
227973,61540
227973,62376
227973,53046
227973,63538
227973,36762
227973,54864
227973,48980
227973,55798
227973,62614
227973,53394
227973,62618
227973,62616
227973,62400
227973,62378
227973,63540
227973,53256
227973,45912
227973,44644
227973,57522
227973,55638
227973,44664
227973,1206
227973,48694
235299,1370
235299,61542
235299,11490
235299,33886
235299,50274
235299,60
235299,48298
235299,50272
235299,10652
235299,42132
235299,50268
235299,53406
235299,50724
235299,50970
235299,59394
235299,63510
235299,57414
235299,59396
235299,63186
235299,44660
235299,62170
235299,63538
235299,36762
235299,54864
235299,62614
235299,62400
235299,62378
235299,55638
235299,44664
235299,52620
235299,50962
235299,56484
235299,1206
235299,48694
235299,53258
195507,1370
195507,30500
195507,61348
195507,61542
195507,11490
195507,33886
195507,50274
195507,60
195507,48298
195507,50272
195507,10652
195507,42132
195507,33534
195507,50268
195507,50724
195507,50970
195507,59394
195507,63510
195507,57414
195507,59396
195507,63186
195507,44660
195507,62170
195507,53046
195507,63538
195507,36762
195507,54864
195507,62614
195507,62400
195507,62378
195507,63540
195507,55638
195507,44664
195507,52620
195507,50962
195507,56484
195507,1206
195507,48694
195507,53258
201282,1370
201282,61348
201282,61542
201282,11490
201282,33886
201282,50274
201282,60
201282,48298
201282,50272
201282,10652
201282,42132
201282,33534
201282,50268
201282,53406
201282,50724
201282,50970
201282,59394
201282,63510
201282,57414
201282,59396
201282,63186
201282,44660
201282,62170
201282,53046
201282,63538
201282,36762
201282,54864
201282,62614
201282,62400
201282,62378
201282,63540
201282,55638
201282,10790
201282,44664
201282,59776
201282,53048
201282,52620
201282,50962
201282,62860
201282,44662
201282,56484
201282,1206
201282,48694
201282,53258
243408,61364
243408,1370
243408,56714
243408,61348
243408,61542
243408,54096
243408,35732
243408,48574
243408,61552
243408,50716
243408,36720
243408,34092
243408,57804
243408,44302
243408,11490
243408,124
243408,33886
243408,50274
243408,60
243408,61558
243408,1372
243408,54290
243408,48298
243408,59816
243408,50272
243408,53160
243408,50968
243408,60978
243408,35846
243408,10652
243408,42132
243408,33534
243408,50268
243408,53406
243408,50720
243408,50724
243408,61560
243408,50970
243408,61028
243408,63188
243408,62944
243408,59394
243408,63510
243408,32496
243408,55632
243408,57414
243408,63360
243408,59396
243408,62274
243408,63186
243408,50718
243408,44660
243408,62170
243408,61540
243408,62376
243408,63538
243408,36762
243408,54864
243408,55798
243408,62614
243408,53394
243408,62618
243408,62616
243408,62400
243408,62378
243408,63540
243408,53256
243408,45912
243408,55638
243408,44664
243408,53048
243408,52620
243408,50962
243408,62860
243408,44662
243408,56484
243408,1206
243408,48694
243408,53258
174513,1370
174513,56714
174513,61348
174513,61542
174513,35732
174513,48574
174513,61552
174513,50716
174513,36720
174513,39186
174513,34092
174513,57804
174513,60522
174513,44302
174513,11490
174513,52918
174513,33886
174513,50274
174513,60
174513,61558
174513,1372
174513,54290
174513,48298
174513,50272
174513,49888
174513,53160
174513,50968
174513,60978
174513,35846
174513,10652
174513,42132
174513,33534
174513,50268
174513,53406
174513,50720
174513,50724
174513,61560
174513,50970
174513,61028
174513,63188
174513,62944
174513,59394
174513,63510
174513,32496
174513,55632
174513,57414
174513,63360
174513,59396
174513,62274
174513,63186
174513,50718
174513,44660
174513,62170
174513,61540
174513,62376
174513,63538
174513,36762
174513,54864
174513,55798
174513,62614
174513,53394
174513,62618
174513,62616
174513,62400
174513,62378
174513,63540
174513,53256
174513,45912
174513,55638
174513,44664
174513,1206
174513,48694
188730,1370
188730,61348
188730,61542
188730,11490
188730,33886
188730,50274
188730,60
188730,48298
188730,50272
188730,10652
188730,42132
188730,50268
188730,50724
188730,50970
188730,59394
188730,63510
188730,57414
188730,59396
188730,63186
188730,44660
188730,62170
188730,63538
188730,36762
188730,54864
188730,62400
188730,62378
188730,55638
188730,48694
198882,61348
198882,61542
198882,11490
198882,33886
198882,50274
198882,48298
198882,50272
198882,50268
198882,53406
198882,63510
198882,59396
198882,44660
198882,62170
198882,62376
198882,54864
198882,62378
198882,55638
198882,1206
198882,48694
206442,61348
206442,61542
206442,11490
206442,33886
206442,50274
206442,60
206442,48298
206442,50272
206442,50268
206442,50724
206442,59394
206442,63510
206442,59396
206442,44660
206442,62170
206442,54864
206442,62400
206442,62378
206442,55638
206442,48694
212220,61364
212220,61348
212220,11490
212220,33886
212220,50274
212220,48298
212220,50272
212220,50268
212220,53406
212220,63510
212220,59396
212220,44660
212220,54864
212220,62378
212220,55638
212220,48694
212430,61348
212430,11490
212430,33886
212430,50274
212430,60
212430,48298
212430,50272
212430,50268
212430,53406
212430,63510
212430,59396
212430,63186
212430,44660
212430,62376
212430,54864
212430,62378
212430,55638
212430,44664
212430,52620
212430,1206
212430,48694
212526,1370
212526,61348
212526,61542
212526,11490
212526,124
212526,33886
212526,50274
212526,60
212526,48298
212526,50272
212526,10652
212526,42132
212526,50268
212526,53406
212526,50724
212526,50970
212526,59394
212526,63510
212526,57414
212526,59396
212526,63186
212526,44660
212526,62170
212526,63538
212526,36762
212526,54864
212526,62614
212526,62400
212526,62378
212526,55638
212526,10790
212526,44664
212526,50962
212526,62860
212526,44662
212526,56484
212526,1206
212526,48694
212526,53258
220728,1370
220728,61348
220728,61542
220728,35732
220728,48574
220728,34092
220728,57804
220728,11490
220728,33886
220728,50274
220728,60
220728,61558
220728,1372
220728,54290
220728,48298
220728,59816
220728,50272
220728,50968
220728,60978
220728,35846
220728,10652
220728,42132
220728,33534
220728,50268
220728,53406
220728,50724
220728,50970
220728,63188
220728,59394
220728,63510
220728,32496
220728,55632
220728,57414
220728,63360
220728,59396
220728,63186
220728,50718
220728,44660
220728,62170
220728,62376
220728,63538
220728,36762
220728,54864
220728,62614
220728,62400
220728,62378
220728,63540
220728,53256
220728,45912
220728,44644
220728,55638
220728,44664
220728,52620
220728,50962
220728,56484
220728,1206
220728,48694
220728,53258
153756,1370
153756,30500
153756,61542
153756,11490
153756,33886
153756,50274
153756,60
153756,48298
153756,50272
153756,10652
153756,42132
153756,33534
153756,50268
153756,53406
153756,50724
153756,50970
153756,59394
153756,63510
153756,57414
153756,59396
153756,63186
153756,44660
153756,62170
153756,53046
153756,63538
153756,36762
153756,54864
153756,62614
153756,62400
153756,62378
153756,63540
153756,55638
153756,50962
153756,56484
153756,48694
153756,53258
177903,61364
177903,1370
177903,56714
177903,61348
177903,48574
177903,61552
177903,50716
177903,39186
177903,34092
177903,57804
177903,44302
177903,11490
177903,33886
177903,50274
177903,60
177903,61558
177903,54290
177903,48298
177903,50272
177903,49888
177903,60978
177903,35846
177903,10652
177903,42132
177903,50268
177903,53406
177903,36722
177903,63510
177903,59396
177903,62274
177903,63186
177903,50718
177903,44660
177903,62170
177903,63136
177903,62376
177903,54864
177903,62614
177903,53394
177903,62618
177903,62616
177903,62400
177903,62378
177903,55638
177903,10790
177903,44664
177903,59776
177903,53048
177903,52620
177903,50962
177903,62860
177903,44662
177903,56484
177903,1206
177903,48694
177903,53258
194424,1370
194424,56714
194424,61348
194424,61542
194424,54096
194424,35732
194424,48574
194424,61552
194424,50716
194424,36720
194424,39186
194424,34092
194424,57804
194424,60522
194424,44302
194424,11490
194424,124
194424,33886
194424,50274
194424,60
194424,10808
194424,61558
194424,1372
194424,54290
194424,48298
194424,50272
194424,37644
194424,53160
194424,50968
194424,60978
194424,35846
194424,46632
194424,10652
194424,42132
194424,33534
194424,50268
194424,53406
194424,51974
194424,50720
194424,50724
194424,61560
194424,50970
194424,61028
194424,63188
194424,62944
194424,59394
194424,63510
194424,32496
194424,55632
194424,57414
194424,63360
194424,59396
194424,62274
194424,63186
194424,50718
194424,56696
194424,63418
194424,44660
194424,62170
194424,61540
194424,62376
194424,53046
194424,63538
194424,36762
194424,54864
194424,55798
194424,62614
194424,53394
194424,62618
194424,62616
194424,62400
194424,62378
194424,63540
194424,53256
194424,45912
194424,44644
194424,57522
194424,55638
194424,52620
194424,1206
203133,1370
203133,61348
203133,61542
203133,57804
203133,11490
203133,33886
203133,50274
203133,60
203133,50272
203133,49888
203133,50268
203133,50724
203133,50970
203133,63510
203133,59396
203133,63186
203133,44660
203133,62170
203133,62376
203133,63538
203133,54864
203133,62614
203133,62400
203133,62378
203133,55638
203133,10790
203133,44664
203133,59776
203133,53048
203133,52620
203133,50962
203133,62860
203133,44662
203133,56484
203133,1206
203133,48694
203133,53258
203796,1370
203796,56714
203796,61348
203796,61542
203796,50270
203796,54096
203796,35732
203796,48574
203796,61552
203796,50716
203796,36720
203796,39186
203796,34092
203796,57804
203796,61280
203796,62074
203796,44302
203796,11490
203796,124
203796,33886
203796,50274
203796,60
203796,10808
203796,61558
203796,1372
203796,54290
203796,48298
203796,50272
203796,1304
203796,37644
203796,49888
203796,53160
203796,50968
203796,60978
203796,35846
203796,10652
203796,42132
203796,33534
203796,50268
203796,53406
203796,51974
203796,50720
203796,50724
203796,61560
203796,50970
203796,61028
203796,63188
203796,62944
203796,59394
203796,63510
203796,32496
203796,55632
203796,57414
203796,63360
203796,63218
203796,59396
203796,62274
203796,63186
203796,50718
203796,56696
203796,63418
203796,44660
203796,62170
203796,61540
203796,62376
203796,53046
203796,63538
203796,36762
203796,54864
203796,62614
203796,53394
203796,62618
203796,62616
203796,62400
203796,62378
203796,63540
203796,53256
203796,45912
203796,44644
203796,57522
203796,55638
203796,10790
203796,44664
203796,59776
203796,53048
203796,52620
203796,50962
203796,62860
203796,44662
203796,56484
203796,1206
203796,48694
203796,53258
206460,1370
206460,56714
206460,61348
206460,61542
206460,54096
206460,35732
206460,48574
206460,61552
206460,50716
206460,36720
206460,34092
206460,57804
206460,44302
206460,11490
206460,124
206460,33886
206460,50274
206460,60
206460,10808
206460,61558
206460,1372
206460,54290
206460,48298
206460,59816
206460,50272
206460,37644
206460,49888
206460,53160
206460,50968
206460,60978
206460,35846
206460,10652
206460,42132
206460,33534
206460,50268
206460,53406
206460,51974
206460,50720
206460,50724
206460,61560
206460,50970
206460,61028
206460,63188
206460,62944
206460,59394
206460,63510
206460,32496
206460,55632
206460,57414
206460,63360
206460,59396
206460,63186
206460,50718
206460,56696
206460,63418
206460,44660
206460,62170
206460,61540
206460,62376
206460,63538
206460,36762
206460,54864
206460,62614
206460,53394
206460,62618
206460,62616
206460,62400
206460,62378
206460,63540
206460,53256
206460,45912
206460,57522
206460,55638
206460,48694
207129,61348
207129,11490
207129,33886
207129,50274
207129,60
207129,48298
207129,50272
207129,50268
207129,53406
207129,63510
207129,59396
207129,63186
207129,44660
207129,62376
207129,54864
207129,62378
207129,55638
207129,44664
207129,52620
207129,1206
156057,1370
156057,30500
156057,61542
156057,11490
156057,33886
156057,50274
156057,60
156057,48298
156057,50272
156057,10652
156057,42132
156057,50268
156057,53406
156057,50724
156057,50970
156057,59394
156057,63510
156057,57414
156057,59396
156057,63186
156057,44660
156057,62170
156057,63538
156057,36762
156057,54864
156057,62614
156057,62400
156057,62378
156057,55638
156489,61672
156489,61348
156489,11490
156489,50274
156489,50272
156489,63220
156489,63418
156489,44660
156489,48980
156489,62378
156489,55638
156489,44664
156489,52620
156489,50962
156489,56484
156489,1206
156489,48694
156489,53258
167316,1370
167316,61348
167316,61542
167316,11490
167316,33886
167316,50274
167316,60
167316,48298
167316,50272
167316,10652
167316,42132
167316,33534
167316,50268
167316,53406
167316,50724
167316,50970
167316,59394
167316,63510
167316,57414
167316,59396
167316,63186
167316,44660
167316,62170
167316,53046
167316,63538
167316,36762
167316,54864
167316,62614
167316,62400
167316,62378
167316,63540
167316,55638
167316,10790
167316,44664
167316,59776
167316,53048
167316,52620
167316,50962
167316,62860
167316,44662
167316,56484
167316,1206
167316,53258
208341,1370
208341,56714
208341,61348
208341,61542
208341,50270
208341,54096
208341,35732
208341,48574
208341,61552
208341,50716
208341,36720
208341,34092
208341,57804
208341,44302
208341,11490
208341,124
208341,33886
208341,50274
208341,60
208341,10808
208341,61558
208341,1372
208341,54290
208341,48298
208341,50272
208341,37644
208341,53160
208341,50968
208341,60978
208341,35846
208341,10652
208341,42132
208341,33534
208341,50268
208341,53406
208341,51974
208341,50720
208341,50724
208341,61560
208341,50970
208341,36722
208341,61028
208341,53386
208341,63188
208341,62944
208341,59394
208341,63510
208341,32496
208341,55632
208341,57414
208341,63360
208341,59396
208341,62274
208341,63186
208341,50718
208341,56696
208341,63418
208341,44660
208341,62170
208341,61540
208341,62376
208341,63538
208341,36762
208341,54864
208341,55798
208341,62614
208341,53394
208341,62618
208341,62616
208341,62400
208341,62378
208341,63540
208341,53256
208341,45912
208341,57522
208341,55638
208341,10790
208341,44664
208341,59776
208341,53048
208341,52620
208341,50962
208341,62860
208341,44662
208341,56484
208341,1206
208341,48694
208341,53258
208509,1370
208509,56714
208509,61348
208509,61542
208509,54096
208509,35732
208509,48574
208509,50716
208509,36720
208509,34092
208509,57804
208509,60522
208509,11490
208509,33886
208509,50274
208509,60
208509,10808
208509,61558
208509,1372
208509,54290
208509,48298
208509,59816
208509,50272
208509,37644
208509,49888
208509,53160
208509,50968
208509,60978
208509,35846
208509,10652
208509,42132
208509,33534
208509,50268
208509,53406
208509,51974
208509,50720
208509,50724
208509,61560
208509,61028
208509,63188
208509,62944
208509,59394
208509,63510
208509,32496
208509,55632
208509,63360
208509,59396
208509,62274
208509,50718
208509,56696
208509,63418
208509,44660
208509,62170
208509,61540
208509,62376
208509,36762
208509,54864
208509,55798
208509,62618
208509,62616
208509,62400
208509,62378
208509,63540
208509,53256
208509,45912
208509,57522
208509,55638
208509,48694
208509,53258
158499,1370
158499,61348
158499,61542
158499,48574
158499,34092
158499,57804
158499,11490
158499,33886
158499,50274
158499,60
158499,1372
158499,50272
158499,10652
158499,42132
158499,33534
158499,50268
158499,53406
158499,50724
158499,50970
158499,63510
158499,59396
158499,63186
158499,50718
158499,44660
158499,62170
158499,62376
158499,63538
158499,54864
158499,62614
158499,62400
158499,62378
158499,55638
158499,44664
158499,1206
158499,48694
206361,1370
206361,30500
206361,61348
206361,61542
206361,11490
206361,33886
206361,50274
206361,60
206361,48298
206361,50272
206361,50268
206361,53406
206361,50724
206361,61560
206361,50970
206361,59394
206361,63510
206361,57414
206361,59396
206361,63186
206361,44660
206361,62170
206361,63538
206361,36762
206361,54864
206361,62616
206361,62400
206361,62378
206361,55638
206361,44664
206361,52620
206361,50962
206361,44662
206361,56484
206361,48694
206361,53258
206667,1370
206667,61348
206667,61542
206667,35732
206667,48574
206667,61552
206667,39186
206667,34092
206667,57804
206667,11490
206667,124
206667,52918
206667,33886
206667,50274
206667,60
206667,61558
206667,1372
206667,54290
206667,48298
206667,59816
206667,50272
206667,50968
206667,60978
206667,35846
206667,10652
206667,42132
206667,33534
206667,50268
206667,53406
206667,50720
206667,50724
206667,50970
206667,63188
206667,62944
206667,59394
206667,63510
206667,32496
206667,55632
206667,57414
206667,63360
206667,59396
206667,62274
206667,63186
206667,50718
206667,44660
206667,62170
206667,61540
206667,62376
206667,63538
206667,36762
206667,54864
206667,62614
206667,53394
206667,62400
206667,62378
206667,63540
206667,45912
206667,55638
206667,44664
206667,1206
206667,48694
226662,61364
226662,1370
226662,61348
226662,61542
226662,11490
226662,33886
226662,50274
226662,60
226662,48298
226662,50272
226662,50268
226662,53406
226662,50724
226662,50970
226662,59394
226662,63510
226662,57414
226662,59396
226662,63186
226662,44660
226662,62170
226662,63538
226662,54864
226662,62400
226662,62378
226662,63540
226662,55638
226662,44664
226662,52620
226662,50962
226662,56484
226662,1206
226662,48694
226662,53258
61215,1370
61215,61348
61215,61542
61215,11490
61215,33886
61215,50274
61215,60
61215,48298
61215,50272
61215,10652
61215,42132
61215,33534
61215,50268
61215,50724
61215,50970
61215,59394
61215,63510
61215,57414
61215,59396
61215,63186
61215,44660
61215,62170
61215,53046
61215,63538
61215,36762
61215,54864
61215,62614
61215,62400
61215,62378
61215,63540
61215,55638
61215,1206
61215,48694
154011,30500
154011,61542
154011,11490
154011,33886
154011,50274
154011,60
154011,48298
154011,50272
154011,50268
154011,53406
154011,50724
154011,50970
154011,59394
154011,63510
154011,57414
154011,59396
154011,63186
154011,44660
154011,62170
154011,62376
154011,63538
154011,54864
154011,62400
154011,62378
154011,63540
154011,55638
154011,44664
154011,52620
154011,50962
154011,56484
154011,1206
154011,48694
154011,53258
174468,1370
174468,61348
174468,61542
174468,11490
174468,33886
174468,50274
174468,60
174468,48298
174468,50272
174468,10652
174468,42132
174468,33534
174468,50268
174468,50724
174468,50970
174468,59394
174468,63510
174468,57414
174468,59396
174468,63186
174468,44660
174468,62170
174468,53046
174468,63538
174468,36762
174468,54864
174468,62614
174468,62400
174468,62378
174468,63540
174468,55638
174468,10790
174468,44664
174468,59776
174468,53048
174468,52620
174468,50962
174468,62860
174468,44662
174468,56484
174468,1206
174468,48694
174468,53258
203052,1370
203052,56714
203052,61348
203052,61542
203052,54096
203052,35732
203052,48574
203052,61552
203052,50716
203052,36720
203052,34092
203052,57804
203052,60522
203052,44302
203052,11490
203052,124
203052,33886
203052,50274
203052,60
203052,10808
203052,61558
203052,1372
203052,54290
203052,48298
203052,59816
203052,50272
203052,37644
203052,49888
203052,53160
203052,50968
203052,60978
203052,35846
203052,10652
203052,42132
203052,33534
203052,50268
203052,53406
203052,51974
203052,50720
203052,50724
203052,61560
203052,50970
203052,61028
203052,63188
203052,62944
203052,59394
203052,63510
203052,32496
203052,55632
203052,57414
203052,63360
203052,59396
203052,62274
203052,63186
203052,50718
203052,56696
203052,63418
203052,44660
203052,62170
203052,61540
203052,62376
203052,63538
203052,36762
203052,54864
203052,55798
203052,62614
203052,53394
203052,62618
203052,62616
203052,62400
203052,62378
203052,63540
203052,53256
203052,45912
203052,44644
203052,57522
203052,55638
203052,44664
203052,48694
204780,61348
204780,11490
204780,33886
204780,50274
204780,60
204780,48298
204780,59816
204780,50272
204780,50268
204780,53406
204780,50724
204780,59394
204780,63510
204780,59396
204780,63186
204780,44660
204780,62376
204780,63538
204780,54864
204780,62378
204780,55638
204780,56484
204780,48694
204780,53258
208788,1370
208788,61672
208788,61348
208788,11262
208788,35732
208788,48574
208788,61552
208788,39186
208788,60522
208788,62074
208788,50272
208788,49888
208788,53160
208788,50968
208788,51316
208788,53406
208788,53386
208788,63188
208788,59394
208788,63510
208788,32496
208788,63360
208788,62274
208788,44660
208788,62170
208788,62376
208788,36762
208788,62616
208788,62400
208788,45912
208788,44644
208788,57522
208788,55638
208788,59776
208788,62276
208788,62860
208788,44662
208788,58504
211527,1370
211527,56714
211527,61672
211527,61348
211527,50270
211527,54096
211527,11262
211527,35732
211527,48574
211527,61552
211527,39186
211527,60522
211527,62074
211527,124
211527,52918
211527,33886
211527,3382
211527,10808
211527,61558
211527,54290
211527,59822
211527,50272
211527,37644
211527,49888
211527,53160
211527,50968
211527,46632
211527,10652
211527,42132
211527,51316
211527,53406
211527,50724
211527,44914
211527,61560
211527,50970
211527,36722
211527,53386
211527,63188
211527,59394
211527,63510
211527,32496
211527,57414
211527,63360
211527,59396
211527,62274
211527,63186
211527,56696
211527,63418
211527,44660
211527,62170
211527,63136
211527,61540
211527,62376
211527,53046
211527,36762
211527,54864
211527,55798
211527,62614
211527,62616
211527,62400
211527,63540
211527,53256
211527,44644
211527,57522
211527,55638
211527,59776
211527,53048
211527,52620
211527,62276
211527,62860
211527,44662
211527,56484
211527,1206
211527,58504
211749,1370
211749,61672
211749,35732
211749,48574
211749,39186
211749,60522
211749,62074
211749,50272
211749,1304
211749,49888
211749,53160
211749,50968
211749,51316
211749,53406
211749,53386
211749,63188
211749,63510
211749,32496
211749,63360
211749,62274
211749,44660
211749,62170
211749,62376
211749,36762
211749,55798
211749,62616
211749,62400
211749,44644
211749,57522
211749,55638
211749,59776
211749,62276
211749,62860
211749,58504
234030,1370
234030,61672
234030,50270
234030,54096
234030,35732
234030,48574
234030,61552
234030,36720
234030,39186
234030,34092
234030,60522
234030,52918
234030,33886
234030,3382
234030,10808
234030,61558
234030,50272
234030,37644
234030,49888
234030,53160
234030,50968
234030,46632
234030,10652
234030,42132
234030,51316
234030,33534
234030,53406
234030,61560
234030,50970
234030,36722
234030,53386
234030,63188
234030,59394
234030,63510
234030,32496
234030,57414
234030,63360
234030,62274
234030,56696
234030,63418
234030,44660
234030,62170
234030,63136
234030,61540
234030,62376
234030,36762
234030,55798
234030,62614
234030,62616
234030,62400
234030,63540
234030,53256
234030,44644
234030,57522
234030,55638
234030,59776
234030,53048
234030,62276
234030,62860
234030,44662
234030,56484
234030,58504
72930,61364
72930,1370
72930,30500
72930,56714
72930,61672
72930,61348
72930,50270
72930,54096
72930,11262
72930,35732
72930,48574
72930,61552
72930,39186
72930,57804
72930,60522
72930,62074
72930,44302
72930,124
72930,52918
72930,33886
72930,50274
72930,60
72930,10808
72930,61558
72930,54290
72930,59822
72930,50272
72930,1304
72930,49888
72930,53160
72930,50968
72930,35846
72930,46632
72930,10652
72930,42132
72930,51316
72930,33534
72930,53406
72930,50720
72930,50724
72930,44914
72930,61560
72930,50970
72930,36722
72930,53386
72930,63188
72930,59394
72930,63510
72930,32496
72930,55632
72930,57414
72930,63360
72930,59396
72930,62274
72930,63186
72930,56696
72930,63418
72930,44660
72930,62170
72930,63136
72930,61540
72930,62376
72930,53046
72930,36762
72930,54864
72930,55798
72930,62614
72930,53394
72930,62618
72930,62616
72930,62400
72930,63540
72930,53256
72930,44644
72930,57522
72930,55638
72930,44664
72930,59776
72930,53048
72930,52620
72930,50962
72930,62276
72930,62860
72930,44662
72930,56484
72930,1206
72930,53258
72930,58504
186177,1370
186177,48574
186177,60522
186177,50272
186177,1304
186177,49888
186177,53160
186177,50968
186177,51316
186177,53406
186177,63510
186177,32496
186177,63360
186177,44660
186177,62170
186177,36762
186177,55798
186177,62616
186177,53256
186177,44644
186177,55638
186177,62860
186177,58504
191226,1370
191226,61672
191226,61348
191226,11262
191226,35732
191226,48574
191226,61552
191226,39186
191226,34092
191226,60522
191226,62074
191226,50272
191226,49888
191226,53160
191226,50968
191226,51316
191226,53406
191226,53386
191226,63188
191226,59394
191226,63510
191226,63360
191226,62274
191226,44660
191226,62170
191226,62376
191226,36762
191226,55798
191226,62616
191226,62400
191226,45912
191226,44644
191226,57522
191226,55638
191226,59776
191226,62276
191226,62860
191226,44662
191226,58504
203829,48574
203829,60522
203829,50272
203829,49888
203829,53160
203829,51316
203829,53406
203829,63510
203829,62170
203829,36762
203829,62616
203829,53256
203829,55638
203829,62860
203829,58504
211125,61364
211125,1370
211125,30500
211125,56714
211125,61672
211125,61348
211125,50270
211125,54096
211125,11262
211125,35732
211125,48574
211125,61552
211125,39186
211125,57804
211125,60522
211125,62074
211125,44302
211125,124
211125,52918
211125,33886
211125,50274
211125,60
211125,10808
211125,61558
211125,54290
211125,59822
211125,50272
211125,1304
211125,49888
211125,53160
211125,50968
211125,35846
211125,46632
211125,10652
211125,42132
211125,51316
211125,33534
211125,53406
211125,50720
211125,50724
211125,44914
211125,61560
211125,50970
211125,36722
211125,53386
211125,63188
211125,59394
211125,63510
211125,32496
211125,55632
211125,57414
211125,63360
211125,59396
211125,62274
211125,63186
211125,56696
211125,63418
211125,44660
211125,62170
211125,63136
211125,61540
211125,62376
211125,53046
211125,36762
211125,54864
211125,55798
211125,62614
211125,53394
211125,62618
211125,62616
211125,62400
211125,63540
211125,53256
211125,44644
211125,57522
211125,55638
211125,44664
211125,59776
211125,53048
211125,52620
211125,50962
211125,62276
211125,62860
211125,44662
211125,56484
211125,1206
211125,48694
211125,53258
211125,58504
224145,48574
224145,60522
224145,48298
224145,50272
224145,50968
224145,46632
224145,51316
224145,50268
224145,53406
224145,61560
224145,63510
224145,32496
224145,62170
224145,36762
224145,55798
224145,53256
224145,55638
224145,62860
224145,1206
237195,1370
237195,48574
237195,50272
237195,49888
237195,53160
237195,50968
237195,51316
237195,53406
237195,63510
237195,32496
237195,63360
237195,44660
237195,62170
237195,36762
237195,55798
237195,62616
237195,53256
237195,44644
237195,55638
237195,44664
237195,62860
237195,58504
172704,1370
172704,48574
172704,34092
172704,60522
172704,50272
172704,37644
172704,49888
172704,53160
172704,50968
172704,51316
172704,53406
172704,63510
172704,32496
172704,63360
172704,44660
172704,62170
172704,36762
172704,48980
172704,55798
172704,62616
172704,53256
172704,44644
172704,55638
172704,44664
172704,62860
172704,58504
211140,61364
211140,1370
211140,30500
211140,56714
211140,61672
211140,61348
211140,50270
211140,54096
211140,11262
211140,35732
211140,48574
211140,61552
211140,36720
211140,39186
211140,34092
211140,57804
211140,60522
211140,62074
211140,44302
211140,124
211140,52918
211140,33886
211140,50274
211140,3382
211140,10808
211140,61558
211140,48298
211140,59822
211140,50272
211140,1304
211140,49888
211140,53160
211140,50968
211140,35846
211140,46632
211140,10652
211140,42132
211140,51316
211140,53406
211140,51974
211140,50720
211140,50724
211140,44914
211140,61560
211140,50970
211140,36722
211140,53386
211140,63188
211140,59394
211140,63510
211140,32496
211140,55632
211140,57414
211140,63360
211140,63218
211140,59396
211140,62274
211140,63220
211140,63186
211140,56696
211140,63418
211140,44660
211140,62170
211140,63136
211140,61540
211140,62376
211140,53046
211140,36762
211140,54864
211140,55798
211140,62614
211140,53394
211140,62618
211140,62616
211140,62400
211140,62378
211140,63540
211140,53256
211140,45912
211140,44644
211140,57522
211140,55638
211140,59776
211140,53048
211140,52620
211140,50962
211140,62276
211140,62860
211140,44662
211140,56484
211140,1206
211140,48694
211140,53258
211140,58504
72108,1370
72108,61348
72108,11262
72108,48574
72108,61552
72108,34092
72108,60522
72108,124
72108,52918
72108,10808
72108,61558
72108,48298
72108,50272
72108,1304
72108,49888
72108,50968
72108,46632
72108,10652
72108,53406
72108,61560
72108,53386
72108,63188
72108,59394
72108,63510
72108,32496
72108,63360
72108,62274
72108,62170
72108,53046
72108,36762
72108,54864
72108,55798
72108,62616
72108,62400
72108,53256
72108,44644
72108,57522
72108,55638
72108,59776
72108,62276
72108,62860
72108,1206
72108,58504
166437,61364
166437,1370
166437,61672
166437,61348
166437,50270
166437,11262
166437,35732
166437,48574
166437,61552
166437,39186
166437,61280
166437,60522
166437,124
166437,52918
166437,33886
166437,3382
166437,10808
166437,61558
166437,48298
166437,50272
166437,1304
166437,37644
166437,49888
166437,53160
166437,50968
166437,46632
166437,10652
166437,42132
166437,51316
166437,53406
166437,50720
166437,61560
166437,50970
166437,36722
166437,53386
166437,63188
166437,62944
166437,63510
166437,32496
166437,55632
166437,63360
166437,62274
166437,44660
166437,62170
166437,63136
166437,62376
166437,53046
166437,36762
166437,54864
166437,55798
166437,62614
166437,53394
166437,62616
166437,62400
166437,53256
166437,57522
166437,55638
166437,59776
166437,53048
166437,50962
166437,62276
166437,62860
166437,56484
166437,1206
166437,58504
184950,48574
184950,60522
184950,50272
184950,1304
184950,49888
184950,53160
184950,51316
184950,53406
184950,63510
184950,36762
184950,55798
184950,53256
184950,55638
184950,62860
184950,58504
210186,1370
210186,48574
210186,39186
210186,60522
210186,62074
210186,50272
210186,53160
210186,50968
210186,51316
210186,53406
210186,61028
210186,63510
210186,62274
210186,62170
210186,36762
210186,54864
210186,55798
210186,62400
210186,44644
210186,55638
210186,62276
210186,62860
210186,44662
210186,58504
232065,1370
232065,61672
232065,50270
232065,35732
232065,48574
232065,61552
232065,39186
232065,61280
232065,60522
232065,124
232065,52918
232065,33886
232065,3382
232065,10808
232065,61558
232065,48298
232065,50272
232065,37644
232065,49888
232065,53160
232065,50968
232065,46632
232065,10652
232065,42132
232065,51316
232065,53406
232065,50720
232065,61560
232065,50970
232065,36722
232065,53386
232065,63188
232065,63510
232065,32496
232065,55632
232065,63360
232065,62274
232065,44660
232065,62170
232065,63136
232065,62376
232065,53046
232065,36762
232065,55798
232065,62614
232065,53394
232065,62616
232065,62400
232065,53256
232065,57522
232065,55638
232065,59776
232065,53048
232065,62276
232065,62860
232065,56484
232065,1206
232065,58504
65640,48574
65640,36720
65640,57804
65640,60522
65640,52918
65640,33886
65640,3382
65640,10808
65640,61558
65640,48298
65640,50272
65640,50968
65640,42132
65640,51316
65640,53406
65640,50724
65640,53386
65640,63188
65640,63510
65640,32496
65640,55632
65640,62274
65640,63220
65640,62170
65640,36762
65640,55798
65640,62616
65640,55638
65640,59776
65640,52620
65640,62276
65640,62860
65640,58504
154275,34092
154275,48298
154275,50272
154275,49888
154275,53160
154275,50968
154275,46632
154275,51316
154275,53406
154275,61560
154275,63510
154275,32496
154275,63360
154275,44660
154275,62170
154275,36762
154275,55798
154275,62616
154275,53256
154275,44664
154275,62860
154275,1206
154275,58504
161667,34092
161667,50272
161667,49888
161667,53160
161667,50968
161667,46632
161667,51316
161667,53406
161667,63510
161667,32496
161667,63360
161667,44660
161667,62170
161667,36762
161667,48980
161667,55798
161667,62616
161667,53256
161667,44664
161667,62860
161667,58504
188844,61364
188844,1370
188844,30500
188844,56714
188844,61672
188844,61348
188844,50270
188844,54096
188844,11262
188844,35732
188844,48574
188844,61552
188844,39186
188844,57804
188844,60522
188844,62074
188844,44302
188844,124
188844,52918
188844,33886
188844,50274
188844,60
188844,10808
188844,61558
188844,54290
188844,59822
188844,50272
188844,1304
188844,49888
188844,53160
188844,50968
188844,35846
188844,46632
188844,10652
188844,42132
188844,51316
188844,33534
188844,53406
188844,50720
188844,50724
188844,44914
188844,61560
188844,50970
188844,36722
188844,53386
188844,63188
188844,59394
188844,63510
188844,32496
188844,55632
188844,57414
188844,63360
188844,59396
188844,62274
188844,63186
188844,56696
188844,63418
188844,44660
188844,62170
188844,63136
188844,61540
188844,62376
188844,53046
188844,36762
188844,54864
188844,55798
188844,62614
188844,53394
188844,62618
188844,62616
188844,62400
188844,63540
188844,53256
188844,44644
188844,57522
188844,55638
188844,44664
188844,59776
188844,53048
188844,52620
188844,50962
188844,62276
188844,62860
188844,44662
188844,56484
188844,1206
188844,53258
188844,58504
203709,61348
203709,11262
203709,48574
203709,36720
203709,57804
203709,60522
203709,52918
203709,33886
203709,3382
203709,10808
203709,61558
203709,48298
203709,50272
203709,1304
203709,49888
203709,53160
203709,50968
203709,46632
203709,42132
203709,51316
203709,53406
203709,50724
203709,50970
203709,36722
203709,53386
203709,63188
203709,63510
203709,32496
203709,55632
203709,63220
203709,62170
203709,36762
203709,54864
203709,55798
203709,62616
203709,55638
203709,59776
203709,53048
203709,52620
203709,62276
203709,62860
203709,58504
210834,48574
210834,36720
210834,57804
210834,60522
210834,52918
210834,33886
210834,3382
210834,10808
210834,61558
210834,48298
210834,50272
210834,50968
210834,42132
210834,51316
210834,53406
210834,50724
210834,53386
210834,63188
210834,63510
210834,32496
210834,55632
210834,62274
210834,63220
210834,62170
210834,36762
210834,55798
210834,62616
210834,55638
210834,59776
210834,52620
210834,62276
210834,62860
210834,58504
224169,61364
224169,1370
224169,30500
224169,56714
224169,61672
224169,61348
224169,50270
224169,54096
224169,11262
224169,35732
224169,48574
224169,61552
224169,39186
224169,57804
224169,60522
224169,62074
224169,16358
224169,44302
224169,124
224169,52918
224169,33886
224169,50274
224169,60
224169,3382
224169,10808
224169,61558
224169,1372
224169,48298
224169,59822
224169,50272
224169,1304
224169,49888
224169,53160
224169,50968
224169,35846
224169,46632
224169,10652
224169,42132
224169,51316
224169,53406
224169,51974
224169,50720
224169,50724
224169,44914
224169,61560
224169,50970
224169,36722
224169,61028
224169,53386
224169,63188
224169,59394
224169,63510
224169,32496
224169,55632
224169,57414
224169,63360
224169,59396
224169,62274
224169,63186
224169,56696
224169,63418
224169,44660
224169,62170
224169,63136
224169,61540
224169,62376
224169,53046
224169,63538
224169,36762
224169,54864
224169,55798
224169,62614
224169,53394
224169,62618
224169,62616
224169,62400
224169,63540
224169,53256
224169,45912
224169,44644
224169,57522
224169,55638
224169,59776
224169,53048
224169,52620
224169,50962
224169,62276
224169,62860
224169,44662
224169,56484
224169,1206
224169,48694
224169,53258
224169,58504
195372,1370
195372,48574
195372,34092
195372,60522
195372,50272
195372,37644
195372,49888
195372,53160
195372,50968
195372,51316
195372,53406
195372,63510
195372,32496
195372,63360
195372,44660
195372,62170
195372,36762
195372,48980
195372,55798
195372,62616
195372,53256
195372,44644
195372,55638
195372,44664
195372,62860
195372,58504
198210,1370
198210,61348
198210,61542
198210,11262
198210,48574
198210,61552
198210,39186
198210,60522
198210,124
198210,52918
198210,10808
198210,61558
198210,48298
198210,50272
198210,37644
198210,49888
198210,53160
198210,50968
198210,46632
198210,10652
198210,51316
198210,53406
198210,61560
198210,53386
198210,63188
198210,63510
198210,32496
198210,63360
198210,62274
198210,62170
198210,62376
198210,53046
198210,36762
198210,54864
198210,55798
198210,62614
198210,62616
198210,62400
198210,53256
198210,57522
198210,55638
198210,59776
198210,62276
198210,62860
198210,1206
198210,58504
211524,1370
211524,48574
211524,34092
211524,60522
211524,50272
211524,37644
211524,49888
211524,53160
211524,50968
211524,51316
211524,53406
211524,63510
211524,32496
211524,63360
211524,44660
211524,62170
211524,36762
211524,55798
211524,62616
211524,53256
211524,44644
211524,55638
211524,44664
211524,62860
211524,58504
231282,34092
231282,50272
231282,49888
231282,53160
231282,50968
231282,46632
231282,51316
231282,53406
231282,63510
231282,32496
231282,63360
231282,44660
231282,62170
231282,36762
231282,48980
231282,55798
231282,62616
231282,53256
231282,44664
231282,62860
231282,58504
66465,48574
66465,60522
66465,50272
66465,53160
66465,46632
66465,51316
66465,53406
66465,61560
66465,63510
66465,32496
66465,62170
66465,36762
66465,55798
66465,53256
66465,55638
66465,62860
66465,1206
66465,58504
96444,34092
96444,50272
96444,49888
96444,53160
96444,50968
96444,46632
96444,51316
96444,53406
96444,63510
96444,32496
96444,63360
96444,44660
96444,62170
96444,48980
96444,55798
96444,62616
96444,44664
96444,62860
96444,58504
155085,61364
155085,1370
155085,61672
155085,61348
155085,50270
155085,11262
155085,35732
155085,48574
155085,61552
155085,39186
155085,60522
155085,124
155085,52918
155085,33886
155085,3382
155085,10808
155085,61558
155085,48298
155085,50272
155085,37644
155085,49888
155085,53160
155085,50968
155085,46632
155085,10652
155085,42132
155085,51316
155085,53406
155085,50720
155085,61560
155085,50970
155085,36722
155085,53386
155085,63188
155085,62944
155085,63510
155085,32496
155085,55632
155085,63360
155085,62274
155085,44660
155085,62170
155085,63136
155085,62376
155085,53046
155085,36762
155085,54864
155085,55798
155085,62614
155085,53394
155085,62616
155085,62400
155085,53256
155085,57522
155085,55638
155085,59776
155085,53048
155085,50962
155085,62276
155085,62860
155085,56484
155085,1206
155085,58504
208797,1370
208797,61672
208797,50270
208797,35732
208797,48574
208797,61552
208797,39186
208797,60522
208797,52918
208797,33886
208797,3382
208797,10808
208797,61558
208797,50272
208797,37644
208797,49888
208797,53160
208797,50968
208797,46632
208797,10652
208797,42132
208797,51316
208797,53406
208797,61560
208797,50970
208797,36722
208797,53386
208797,63188
208797,63510
208797,32496
208797,63360
208797,62274
208797,62170
208797,63136
208797,62376
208797,36762
208797,55798
208797,62614
208797,62616
208797,62400
208797,53256
208797,57522
208797,55638
208797,59776
208797,53048
208797,62276
208797,62860
208797,56484
208797,58504
239592,1370
239592,61672
239592,50270
239592,35732
239592,48574
239592,61552
239592,39186
239592,60522
239592,52918
239592,33886
239592,3382
239592,10808
239592,61558
239592,50272
239592,37644
239592,49888
239592,53160
239592,50968
239592,46632
239592,10652
239592,42132
239592,51316
239592,53406
239592,61560
239592,50970
239592,36722
239592,53386
239592,63188
239592,63510
239592,32496
239592,63360
239592,62274
239592,62170
239592,63136
239592,62376
239592,36762
239592,55798
239592,62614
239592,62616
239592,62400
239592,53256
239592,57522
239592,55638
239592,59776
239592,53048
239592,62276
239592,62860
239592,56484
239592,58504
196722,1370
196722,61672
196722,50270
196722,35732
196722,48574
196722,61552
196722,39186
196722,60522
196722,52918
196722,33886
196722,3382
196722,10808
196722,61558
196722,50272
196722,37644
196722,49888
196722,53160
196722,50968
196722,46632
196722,10652
196722,42132
196722,51316
196722,53406
196722,61560
196722,50970
196722,36722
196722,53386
196722,63188
196722,63510
196722,32496
196722,63360
196722,62274
196722,62170
196722,63136
196722,62376
196722,36762
196722,55798
196722,62614
196722,62616
196722,62400
196722,53256
196722,57522
196722,55638
196722,59776
196722,53048
196722,62276
196722,62860
196722,56484
196722,58504
203388,34092
203388,48298
203388,50272
203388,1304
203388,49888
203388,50968
203388,46632
203388,51316
203388,53406
203388,61560
203388,63510
203388,32496
203388,63360
203388,44660
203388,62170
203388,36762
203388,55798
203388,62616
203388,53256
203388,44664
203388,62276
203388,62860
203388,1206
203388,58504
220170,48574
220170,60522
220170,50272
220170,49888
220170,53160
220170,46632
220170,51316
220170,53406
220170,61560
220170,63510
220170,32496
220170,62170
220170,36762
220170,55798
220170,62616
220170,53256
220170,55638
220170,62276
220170,62860
220170,1206
220170,58504
128538,1370
128538,56714
128538,61348
128538,50270
128538,35732
128538,36720
128538,34092
128538,61280
128538,33886
128538,3382
128538,10808
128538,61558
128538,48298
128538,59822
128538,50272
128538,1304
128538,37644
128538,49888
128538,53160
128538,50968
128538,60978
128538,35846
128538,46632
128538,10652
128538,42132
128538,51316
128538,33534
128538,50268
128538,53406
128538,51974
128538,50720
128538,50724
128538,44914
128538,61560
128538,50970
128538,36722
128538,53386
128538,63188
128538,62944
128538,59394
128538,63510
128538,32496
128538,55632
128538,57414
128538,63360
128538,59396
128538,62274
128538,63220
128538,63186
128538,50718
128538,56696
128538,63418
128538,44660
128538,62170
128538,61540
128538,62376
128538,53046
128538,63538
128538,36762
128538,54864
128538,48980
128538,55798
128538,62614
128538,53394
128538,62618
128538,62616
128538,62400
128538,62378
128538,63540
128538,53256
128538,45912
128538,44644
128538,57522
128538,55638
128538,10790
128538,44664
128538,59776
128538,53048
128538,52620
128538,50962
128538,62276
128538,62860
128538,44662
128538,56484
128538,48694
128538,53258
128538,58504
196455,1370
196455,30500
196455,56714
196455,61672
196455,61348
196455,61542
196455,50270
196455,11262
196455,35732
196455,48574
196455,61552
196455,50716
196455,36720
196455,39186
196455,34092
196455,57804
196455,61280
196455,60522
196455,62074
196455,16358
196455,44302
196455,124
196455,52918
196455,33886
196455,50274
196455,60
196455,3382
196455,10808
196455,61558
196455,1372
196455,54290
196455,48298
196455,59816
196455,50272
196455,49888
196455,53160
196455,46632
196455,10652
196455,42132
196455,51316
196455,53406
196455,51974
196455,44914
196455,61560
196455,63186
196455,63418
196455,44660
196455,62170
196455,36762
196455,55798
196455,53256
196455,45912
196455,44644
196455,55638
196455,10790
196455,44664
196455,52620
196455,62860
196455,58504
208053,61364
208053,56714
208053,61542
208053,11262
208053,50716
208053,36720
208053,61280
208053,60522
208053,62074
208053,16358
208053,124
208053,60
208053,3382
208053,10808
208053,59816
208053,42132
208053,44914
208053,63186
208053,63418
208053,44660
208053,36762
208053,55798
208053,10790
225747,61542
225747,57804
225747,16358
225747,3382
225747,59816
225747,42132
225747,44914
225747,63188
225747,59396
225747,63186
225747,63418
225747,44660
225747,62376
225747,36762
225747,55798
225747,62400
225747,10790
225747,44664
228741,61364
228741,61542
228741,11262
228741,50716
228741,57804
228741,16358
228741,60
228741,3382
228741,1372
228741,59816
228741,50272
228741,53160
228741,46632
228741,42132
228741,51974
228741,44914
228741,53386
228741,63188
228741,57414
228741,59396
228741,63186
228741,56696
228741,63418
228741,44660
228741,62376
228741,53046
228741,36762
228741,55798
228741,62400
228741,10790
228741,44664
228741,52620
61824,61364
61824,56714
61824,61672
61824,61542
61824,50270
61824,11262
61824,50716
61824,57804
61824,60522
61824,62074
61824,16358
61824,124
61824,60
61824,3382
61824,1372
61824,59816
61824,59822
61824,50272
61824,1304
61824,37644
61824,49888
61824,53160
61824,50968
61824,60978
61824,35846
61824,46632
61824,10652
61824,42132
61824,51316
61824,50268
61824,53406
61824,50720
61824,44914
61824,61560
61824,53386
61824,63188
61824,62944
61824,59394
61824,63510
61824,32496
61824,55632
61824,57414
61824,59396
61824,63220
61824,63186
61824,56696
61824,63418
61824,44660
61824,62170
61824,61540
61824,62376
61824,53046
61824,63538
61824,36762
61824,48980
61824,55798
61824,53394
61824,62618
61824,62616
61824,62400
61824,62378
61824,63540
61824,45912
61824,44644
61824,57522
61824,55638
61824,10790
61824,44664
61824,59776
61824,53048
61824,52620
61824,50962
61824,62276
61824,62860
61824,56484
61824,48694
61824,53258
61824,58504
165726,61364
165726,1370
165726,30500
165726,56714
165726,61672
165726,61348
165726,61542
165726,50270
165726,11262
165726,35732
165726,48574
165726,61552
165726,50716
165726,36720
165726,34092
165726,57804
165726,60522
165726,62074
165726,16358
165726,124
165726,52918
165726,33886
165726,50274
165726,60
165726,3382
165726,10808
165726,61558
165726,1372
165726,54290
165726,48298
165726,59816
165726,53160
165726,46632
165726,42132
165726,51316
165726,50268
165726,53406
165726,50720
165726,44914
165726,63188
165726,62944
165726,59394
165726,32496
165726,55632
165726,57414
165726,59396
165726,63220
165726,63186
165726,56696
165726,63418
165726,44660
165726,62170
165726,62376
165726,53046
165726,63538
165726,36762
165726,55798
165726,62618
165726,62378
165726,63540
165726,45912
165726,44644
165726,10790
165726,44664
165726,59776
165726,52620
165726,44662
166128,61364
166128,56714
166128,61542
166128,50270
166128,11262
166128,35732
166128,50716
166128,36720
166128,57804
166128,16358
166128,124
166128,52918
166128,33886
166128,60
166128,3382
166128,59816
166128,59822
166128,50272
166128,53160
166128,50968
166128,46632
166128,42132
166128,51974
166128,44914
166128,63188
166128,57414
166128,59396
166128,63186
166128,63418
166128,44660
166128,62170
166128,62376
166128,53046
166128,48980
166128,55798
166128,62400
166128,45912
166128,44644
166128,10790
166128,44664
166128,52620
166128,62860
194904,61364
194904,61542
194904,50270
194904,11262
194904,50716
194904,36720
194904,57804
194904,60522
194904,16358
194904,124
194904,60
194904,3382
194904,1372
194904,59816
194904,50724
194904,44914
194904,63186
197529,34092
197529,60522
197529,11490
197529,3382
197529,63360
197529,63186
197529,55798
197529,53258
203322,61364
203322,11490
203322,3382
203322,59816
203322,63360
203322,55798
203322,53258
207993,61364
207993,60522
207993,11490
207993,3382
207993,51974
207993,44914
207993,63186
207993,55798
207993,53258
208722,61364
208722,60522
208722,11490
208722,3382
208722,59822
208722,50272
208722,1304
208722,37644
208722,53160
208722,60978
208722,35846
208722,46632
208722,10652
208722,42132
208722,51316
208722,53406
208722,51974
208722,44914
208722,61560
208722,36722
208722,53386
208722,63188
208722,62944
208722,59394
208722,63510
208722,32496
208722,57414
208722,63220
208722,63186
208722,50718
208722,63418
208722,62170
208722,61540
208722,62376
208722,63538
208722,36762
208722,55798
208722,62614
208722,53394
208722,62616
208722,62400
208722,62378
208722,63540
208722,45912
208722,44644
208722,55638
208722,10790
208722,44664
208722,59776
208722,53048
208722,52620
208722,62276
208722,62860
208722,44662
208722,56484
208722,1206
208722,48694
208722,58504
154743,61364
154743,1370
154743,30500
154743,56714
154743,61672
154743,61542
154743,50270
154743,54096
154743,11262
154743,35732
154743,48574
154743,61552
154743,50716
154743,36720
154743,34092
154743,57804
154743,61280
154743,60522
154743,62074
154743,16358
154743,11490
154743,124
154743,52918
154743,33886
154743,50274
154743,60
154743,3382
154743,10808
154743,61558
154743,1372
154743,54290
154743,48298
154743,59816
154743,59822
154743,50272
154743,1304
154743,37644
154743,53160
154743,60978
154743,35846
154743,46632
154743,10652
154743,42132
154743,51316
154743,33534
154743,53406
154743,51974
154743,44914
154743,61560
154743,50970
154743,36722
154743,53386
154743,63188
154743,62944
154743,59394
154743,63510
154743,32496
154743,55632
154743,57414
154743,63220
154743,63186
154743,50718
154743,63418
154743,62170
154743,61540
154743,62376
154743,63538
154743,36762
154743,55798
154743,62614
154743,53394
154743,62618
154743,62616
154743,62400
154743,62378
154743,63540
154743,45912
154743,44644
154743,55638
154743,10790
154743,44664
154743,59776
154743,53048
154743,52620
154743,62276
154743,62860
154743,44662
154743,56484
154743,1206
154743,48694
154743,58504
181101,61364
181101,1370
181101,30500
181101,56714
181101,61672
181101,61348
181101,61542
181101,50270
181101,54096
181101,11262
181101,35732
181101,48574
181101,61552
181101,50716
181101,36720
181101,34092
181101,57804
181101,61280
181101,60522
181101,62074
181101,16358
181101,11490
181101,124
181101,52918
181101,33886
181101,50274
181101,60
181101,3382
181101,10808
181101,61558
181101,1372
181101,54290
181101,48298
181101,59816
181101,50272
181101,50968
181101,60978
181101,42132
181101,51974
181101,44914
181101,61560
181101,63186
181101,56696
181101,63418
181101,62170
181101,36762
181101,54864
181101,55798
181101,62400
181101,10790
181101,52620
181101,62276
181101,62860
181101,58504
206427,56714
206427,61542
206427,54096
206427,50716
206427,60522
206427,44302
206427,50274
206427,3382
206427,59816
206427,59822
206427,50272
206427,1304
206427,37644
206427,49888
206427,53160
206427,60978
206427,35846
206427,46632
206427,10652
206427,42132
206427,51316
206427,53406
206427,51974
206427,44914
206427,61560
206427,50970
206427,36722
206427,53386
206427,63188
206427,62944
206427,59394
206427,63510
206427,32496
206427,55632
206427,57414
206427,63220
206427,63186
206427,50718
206427,63418
206427,44660
206427,62170
206427,61540
206427,62376
206427,63538
206427,36762
206427,55798
206427,62614
206427,53394
206427,62618
206427,62616
206427,62400
206427,62378
206427,63540
206427,53256
206427,45912
206427,44644
206427,55638
206427,10790
206427,59776
206427,53048
206427,52620
206427,62276
206427,62860
206427,44662
206427,56484
206427,48694
206427,58504
225393,61364
225393,1370
225393,30500
225393,56714
225393,61672
225393,61542
225393,50270
225393,54096
225393,11262
225393,35732
225393,48574
225393,61552
225393,50716
225393,36720
225393,34092
225393,57804
225393,61280
225393,60522
225393,62074
225393,16358
225393,11490
225393,124
225393,52918
225393,33886
225393,50274
225393,60
225393,3382
225393,10808
225393,61558
225393,1372
225393,54290
225393,48298
225393,59816
225393,59822
225393,50272
225393,1304
225393,37644
225393,49888
225393,53160
225393,60978
225393,35846
225393,46632
225393,10652
225393,42132
225393,51316
225393,53406
225393,51974
225393,44914
225393,61560
225393,50970
225393,36722
225393,53386
225393,63188
225393,62944
225393,59394
225393,63510
225393,32496
225393,55632
225393,57414
225393,63220
225393,63186
225393,50718
225393,63418
225393,44660
225393,62170
225393,61540
225393,62376
225393,63538
225393,36762
225393,55798
225393,62614
225393,53394
225393,62618
225393,62616
225393,62400
225393,62378
225393,63540
225393,53256
225393,45912
225393,44644
225393,55638
225393,10790
225393,59776
225393,53048
225393,52620
225393,62276
225393,62860
225393,44662
225393,56484
225393,48694
225393,58504
154890,61364
154890,1370
154890,30500
154890,56714
154890,61672
154890,61542
154890,50270
154890,54096
154890,11262
154890,35732
154890,48574
154890,61552
154890,50716
154890,36720
154890,34092
154890,57804
154890,61280
154890,60522
154890,62074
154890,16358
154890,11490
154890,124
154890,52918
154890,33886
154890,50274
154890,60
154890,3382
154890,10808
154890,61558
154890,1372
154890,54290
154890,48298
154890,59816
154890,50272
154890,10652
154890,42132
154890,53406
154890,44914
154890,61560
154890,63360
154890,63186
154890,63418
154890,44660
154890,62170
154890,36762
154890,55798
154890,10790
154890,52620
154890,62276
154890,62860
154890,58504
206697,61364
206697,56714
206697,61542
206697,54096
206697,50716
206697,36720
206697,60522
206697,11490
206697,3382
206697,59816
206697,50272
206697,1304
206697,49888
206697,50968
206697,60978
206697,10652
206697,42132
206697,51316
206697,53406
206697,51974
206697,50720
206697,50724
206697,44914
206697,61560
206697,57414
206697,63360
206697,62274
206697,63220
206697,63186
206697,50718
206697,56696
206697,63418
206697,44660
206697,62170
206697,62376
206697,53046
206697,63538
206697,36762
206697,54864
206697,55798
206697,62614
206697,62400
206697,62378
206697,63540
206697,45912
206697,44644
206697,55638
206697,10790
206697,52620
206697,62276
206697,62860
206697,58504
210114,1370
210114,56714
210114,61542
210114,54096
210114,50716
210114,36720
210114,61280
210114,60522
210114,62074
210114,44302
210114,124
210114,50274
210114,60
210114,3382
210114,10808
210114,61558
210114,54290
210114,59816
210114,59822
210114,50272
210114,1304
210114,49888
210114,53160
210114,46632
210114,10652
210114,42132
210114,51316
210114,53406
210114,44914
210114,61560
210114,53386
210114,63188
210114,57414
210114,63360
210114,63220
210114,63186
210114,44660
210114,62170
210114,62376
210114,63538
210114,36762
210114,55798
210114,62614
210114,62400
210114,62378
210114,63540
210114,45912
210114,44644
210114,57522
210114,55638
210114,10790
210114,62860
210114,58504
211548,61364
211548,1370
211548,61672
211548,61542
211548,50270
211548,54096
211548,11262
211548,50716
211548,36720
211548,39186
211548,61280
211548,60522
211548,62074
211548,11490
211548,50274
211548,60
211548,3382
211548,1372
211548,59816
211548,59822
211548,50272
211548,1304
211548,37644
211548,49888
211548,53160
211548,60978
211548,35846
211548,46632
211548,10652
211548,42132
211548,51316
211548,53406
211548,51974
211548,44914
211548,61560
211548,50970
211548,36722
211548,53386
211548,63188
211548,62944
211548,59394
211548,63510
211548,32496
211548,55632
211548,57414
211548,63220
211548,63186
211548,50718
211548,63418
211548,44660
211548,62170
211548,61540
211548,62376
211548,63538
211548,36762
211548,55798
211548,62614
211548,53394
211548,62618
211548,62616
211548,62400
211548,62378
211548,63540
211548,53256
211548,45912
211548,44644
211548,55638
211548,10790
211548,59776
211548,53048
211548,52620
211548,62276
211548,62860
211548,44662
211548,56484
211548,48694
211548,58504
232404,61364
232404,1370
232404,30500
232404,56714
232404,61672
232404,61542
232404,50270
232404,11262
232404,35732
232404,48574
232404,61552
232404,50716
232404,36720
232404,34092
232404,57804
232404,61280
232404,60522
232404,62074
232404,16358
232404,11490
232404,124
232404,52918
232404,33886
232404,50274
232404,60
232404,3382
232404,10808
232404,61558
232404,1372
232404,54290
232404,48298
232404,59816
232404,50272
232404,42132
232404,44914
232404,57414
232404,63186
232404,63418
232404,44660
232404,62170
232404,53046
232404,36762
232404,55798
232404,45912
232404,44644
232404,10790
232404,44664
232404,52620
232404,62860
212301,61364
212301,56714
212301,61542
212301,11262
212301,50716
212301,36720
212301,57804
212301,60522
212301,16358
212301,124
212301,3382
212301,59816
212301,50272
212301,49888
212301,53160
212301,46632
212301,10652
212301,42132
212301,51316
212301,53406
212301,44914
212301,61560
212301,63186
212301,63418
212301,44660
212301,62170
212301,36762
212301,55798
212301,45912
212301,44644
212301,55638
212301,10790
212301,44664
212301,52620
212301,62860
212301,58504
154032,61364
154032,56714
154032,61542
154032,11262
154032,50716
154032,36720
154032,61280
154032,60522
154032,62074
154032,16358
154032,124
154032,60
154032,3382
154032,10808
154032,59816
154032,50272
154032,49888
154032,53160
154032,46632
154032,10652
154032,42132
154032,51316
154032,53406
154032,44914
154032,61560
154032,63186
154032,63418
154032,44660
154032,62170
154032,36762
154032,55798
154032,53256
154032,45912
154032,44644
154032,55638
154032,10790
154032,44664
154032,52620
154032,62860
154032,58504
153669,61364
153669,56714
153669,61542
153669,11262
153669,50716
153669,36720
153669,61280
153669,60522
153669,62074
153669,16358
153669,124
153669,60
153669,3382
153669,10808
153669,59816
153669,59822
153669,50272
153669,1304
153669,37644
153669,49888
153669,53160
153669,60978
153669,35846
153669,46632
153669,10652
153669,42132
153669,51316
153669,53406
153669,50720
153669,44914
153669,61560
153669,36722
153669,53386
153669,63188
153669,62944
153669,59394
153669,63510
153669,32496
153669,55632
153669,57414
153669,63220
153669,63186
153669,50718
153669,63418
153669,44660
153669,62170
153669,61540
153669,62376
153669,53046
153669,63538
153669,36762
153669,55798
153669,53394
153669,62618
153669,62616
153669,62400
153669,62378
153669,63540
153669,45912
153669,44644
153669,55638
153669,10790
153669,44664
153669,59776
153669,53048
153669,52620
153669,62276
153669,62860
153669,56484
153669,48694
153669,53258
153669,58504
194718,61364
194718,1370
194718,30500
194718,56714
194718,61672
194718,61542
194718,11262
194718,35732
194718,48574
194718,61552
194718,50716
194718,36720
194718,34092
194718,57804
194718,61280
194718,60522
194718,62074
194718,16358
194718,11490
194718,124
194718,52918
194718,33886
194718,50274
194718,60
194718,3382
194718,10808
194718,61558
194718,1372
194718,54290
194718,48298
194718,59816
194718,51974
194718,59396
194718,63186
194718,50718
194718,63418
194718,62170
194718,62376
194718,36762
194718,55798
194718,62400
194718,10790
194718,44664
194718,52620
194718,58504
208350,61364
208350,61542
208350,11262
208350,50716
208350,57804
208350,11490
208350,60
208350,3382
208350,1372
208350,59816
208350,42132
208350,51974
208350,63186
208350,63418
208350,44660
208350,62170
208350,62376
208350,36762
208350,55798
208350,10790
208350,44664
208350,52620
208350,58504
238293,61364
238293,61542
238293,11262
238293,50716
238293,57804
238293,11490
238293,3382
238293,59816
238293,50272
238293,53160
238293,60978
238293,46632
238293,50724
238293,44914
238293,53386
238293,63188
238293,62944
238293,32496
238293,55632
238293,57414
238293,59396
238293,63186
238293,56696
238293,63418
238293,44660
238293,62170
238293,53046
238293,63538
238293,36762
238293,55798
238293,62618
238293,62400
238293,62378
238293,63540
238293,10790
238293,44664
238293,59776
238293,52620
238293,44662
157938,61364
157938,56714
157938,61672
157938,61542
157938,50270
157938,11262
157938,50716
157938,36720
157938,62074
157938,16358
157938,124
157938,33886
157938,60
157938,3382
157938,61558
157938,1372
157938,59816
157938,59822
157938,50272
157938,1304
157938,37644
157938,49888
157938,53160
157938,60978
157938,35846
157938,46632
157938,10652
157938,42132
157938,51316
157938,53406
157938,44914
157938,61560
157938,53386
157938,63188
157938,62944
157938,63510
157938,32496
157938,55632
157938,57414
157938,63220
157938,63186
157938,63418
157938,44660
157938,62170
157938,62376
157938,53046
157938,63538
157938,36762
157938,55798
157938,62618
157938,62616
157938,62400
157938,62378
157938,63540
157938,45912
157938,44644
157938,55638
157938,10790
157938,44664
157938,53048
157938,52620
157938,62276
157938,62860
157938,56484
157938,48694
157938,53258
157938,58504
200502,61364
200502,1370
200502,30500
200502,56714
200502,61672
200502,61542
200502,11262
200502,35732
200502,50716
200502,36720
200502,34092
200502,57804
200502,60522
200502,62074
200502,16358
200502,124
200502,52918
200502,60
200502,3382
200502,10808
200502,61558
200502,1372
200502,54290
200502,59816
200502,42132
200502,50268
200502,50720
200502,44914
200502,63188
200502,62944
200502,32496
200502,55632
200502,57414
200502,59396
200502,63186
200502,62170
200502,63538
200502,36762
200502,55798
200502,62618
200502,45912
200502,44644
200502,10790
200502,44664
200502,59776
200502,62860
200502,44662
208590,61364
208590,61542
208590,11262
208590,50716
208590,16358
208590,124
208590,33886
208590,60
208590,3382
208590,59816
208590,53160
208590,46632
208590,42132
208590,50268
208590,50720
208590,44914
208590,63188
208590,62944
208590,32496
208590,55632
208590,57414
208590,63186
208590,63418
208590,44660
208590,62170
208590,62376
208590,63538
208590,36762
208590,55798
208590,62618
208590,62378
208590,63540
208590,45912
208590,44644
208590,10790
208590,44664
208590,44662
201798,61364
201798,61542
201798,50270
201798,11262
201798,50716
201798,39186
201798,16358
201798,124
201798,52918
201798,33886
201798,50274
201798,60
201798,3382
201798,59816
201798,42132
201798,50268
201798,50720
201798,44914
201798,63188
201798,62944
201798,32496
201798,55632
201798,57414
201798,59396
201798,63186
201798,62170
201798,63538
201798,36762
201798,55798
201798,62618
201798,45912
201798,44644
201798,10790
201798,44664
201798,59776
201798,62860
201798,44662
208209,61364
208209,61542
208209,11262
208209,50716
208209,16358
208209,124
208209,33886
208209,60
208209,3382
208209,59816
208209,42132
208209,50268
208209,50720
208209,44914
208209,63188
208209,62944
208209,32496
208209,55632
208209,57414
208209,59396
208209,63186
208209,62170
208209,63538
208209,36762
208209,55798
208209,62618
208209,45912
208209,44644
208209,10790
208209,44664
208209,59776
208209,62860
208209,44662
227310,61364
227310,61542
227310,11262
227310,50716
227310,16358
227310,124
227310,33886
227310,60
227310,3382
227310,59816
227310,53160
227310,46632
227310,42132
227310,50268
227310,50720
227310,44914
227310,63188
227310,62944
227310,32496
227310,55632
227310,57414
227310,59396
227310,63186
227310,63418
227310,44660
227310,62170
227310,62376
227310,63538
227310,36762
227310,55798
227310,62618
227310,62378
227310,63540
227310,45912
227310,44644
227310,10790
227310,44664
227310,59776
227310,44662
60882,61364
60882,61542
60882,50270
60882,11262
60882,50716
60882,39186
60882,16358
60882,124
60882,52918
60882,33886
60882,50274
60882,60
60882,3382
60882,59816
60882,50272
60882,53160
60882,60978
60882,46632
60882,50268
60882,50720
60882,44914
60882,53386
60882,63188
60882,62944
60882,32496
60882,55632
60882,57414
60882,59396
60882,63186
60882,56696
60882,63418
60882,44660
60882,62170
60882,53046
60882,63538
60882,36762
60882,55798
60882,62618
60882,62400
60882,62378
60882,63540
60882,10790
60882,44664
60882,59776
60882,52620
60882,44662
66843,61364
66843,56714
66843,61672
66843,61542
66843,50270
66843,11262
66843,50716
66843,36720
66843,62074
66843,16358
66843,124
66843,33886
66843,60
66843,3382
66843,61558
66843,1372
66843,59816
66843,59822
66843,50272
66843,53160
66843,60978
66843,46632
66843,10652
66843,51316
66843,53406
66843,44914
66843,53386
66843,63188
66843,62944
66843,59394
66843,32496
66843,55632
66843,57414
66843,59396
66843,63186
66843,50718
66843,56696
66843,63418
66843,44660
66843,62170
66843,53046
66843,63538
66843,36762
66843,55798
66843,53394
66843,62618
66843,62400
66843,62378
66843,63540
66843,45912
66843,44644
66843,10790
66843,44664
66843,59776
66843,52620
66843,62860
154758,61364
154758,56714
154758,61672
154758,61542
154758,50270
154758,11262
154758,48574
154758,50716
154758,36720
154758,57804
154758,62074
154758,16358
154758,124
154758,60
154758,3382
154758,61558
154758,1372
154758,59816
154758,53160
154758,46632
154758,42132
154758,51316
154758,50268
154758,53406
154758,50720
154758,44914
154758,63188
154758,62944
154758,59394
154758,32496
154758,55632
154758,57414
154758,63220
154758,63186
154758,50718
154758,63418
154758,44660
154758,62170
154758,62376
154758,63538
154758,36762
154758,55798
154758,62618
154758,62378
154758,63540
154758,45912
154758,44644
154758,10790
154758,44664
154758,44662
203706,61364
203706,61542
203706,50270
203706,11262
203706,35732
203706,50716
203706,36720
203706,39186
203706,57804
203706,16358
203706,124
203706,52918
203706,33886
203706,50274
203706,60
203706,3382
203706,59816
203706,42132
203706,50268
203706,50720
203706,44914
203706,63188
203706,62944
203706,32496
203706,55632
203706,57414
203706,59396
203706,63186
203706,62170
203706,63538
203706,36762
203706,55798
203706,62618
203706,45912
203706,44644
203706,10790
203706,44664
203706,59776
203706,62860
203706,44662
212892,61364
212892,61542
212892,11262
212892,50716
212892,16358
212892,124
212892,33886
212892,60
212892,3382
212892,59816
212892,59822
212892,50272
212892,1304
212892,37644
212892,49888
212892,53160
212892,60978
212892,35846
212892,46632
212892,10652
212892,42132
212892,51316
212892,53406
212892,50720
212892,44914
212892,61560
212892,50970
212892,36722
212892,53386
212892,63188
212892,62944
212892,59394
212892,63510
212892,32496
212892,55632
212892,57414
212892,63360
212892,59396
212892,63220
212892,63186
212892,50718
212892,63418
212892,44660
212892,62170
212892,61540
212892,62376
212892,53046
212892,63538
212892,36762
212892,55798
212892,62614
212892,53394
212892,62618
212892,62616
212892,62400
212892,62378
212892,63540
212892,45912
212892,44644
212892,55638
212892,10790
212892,44664
212892,59776
212892,53048
212892,52620
212892,62276
212892,62860
212892,56484
212892,48694
212892,53258
212892,58504
236520,61364
236520,1370
236520,30500
236520,56714
236520,61672
236520,61348
236520,61542
236520,50270
236520,11262
236520,35732
236520,48574
236520,61552
236520,50716
236520,36720
236520,34092
236520,57804
236520,61280
236520,60522
236520,62074
236520,16358
236520,11490
236520,124
236520,52918
236520,33886
236520,50274
236520,60
236520,3382
236520,10808
236520,61558
236520,1372
236520,54290
236520,48298
236520,59816
236520,50272
236520,1304
236520,49888
236520,50968
236520,60978
236520,10652
236520,42132
236520,51316
236520,53406
236520,51974
236520,50720
236520,50724
236520,44914
236520,61560
236520,57414
236520,63360
236520,62274
236520,63220
236520,63186
236520,50718
236520,63418
236520,62170
236520,62376
236520,53046
236520,63538
236520,36762
236520,54864
236520,55798
236520,62614
236520,62400
236520,62378
236520,63540
236520,45912
236520,44644
236520,55638
236520,10790
236520,52620
236520,62276
236520,62860
236520,58504
128526,1370
128526,56714
128526,61542
128526,54096
128526,50716
128526,36720
128526,61280
128526,60522
128526,62074
128526,44302
128526,124
128526,50274
128526,60
128526,3382
128526,10808
128526,61558
128526,54290
128526,59816
128526,51974
128526,63186
128526,63418
128526,44660
128526,62170
128526,62376
128526,36762
128526,55798
128526,10790
128526,44664
128526,52620
128526,58504
153765,61364
153765,61542
153765,54096
153765,11262
153765,50716
153765,57804
153765,11490
153765,3382
153765,59816
153765,50272
153765,10652
153765,42132
153765,50268
153765,53406
153765,44914
153765,61560
153765,63186
153765,63418
153765,44660
153765,62170
153765,36762
153765,55798
153765,10790
153765,52620
153765,62860
153765,58504
203889,61364
203889,56714
203889,61542
203889,11262
203889,50716
203889,36720
203889,60522
203889,16358
203889,60
203889,3382
203889,10808
203889,59816
203889,50272
203889,49888
203889,10652
203889,42132
203889,53406
203889,44914
203889,61560
203889,63186
203889,63418
203889,44660
203889,62170
203889,36762
203889,55798
203889,45912
203889,44644
203889,10790
203889,44664
203889,52620
203889,58504
204519,61364
204519,61542
204519,50716
204519,36720
204519,62074
204519,16358
204519,60
204519,3382
204519,59816
204519,50272
204519,49888
204519,53160
204519,46632
204519,10652
204519,42132
204519,51316
204519,53406
204519,44914
204519,61560
204519,63186
204519,50718
204519,63418
204519,44660
204519,62170
204519,36762
204519,55798
204519,45912
204519,44644
204519,55638
204519,10790
204519,52620
204519,62860
204519,58504
192627,61364
192627,56714
192627,61542
192627,11262
192627,50716
192627,36720
192627,61280
192627,60522
192627,62074
192627,16358
192627,124
192627,60
192627,3382
192627,10808
192627,59816
192627,59822
192627,50272
192627,1304
192627,37644
192627,53160
192627,60978
192627,35846
192627,46632
192627,10652
192627,42132
192627,51316
192627,53406
192627,51974
192627,44914
192627,61560
192627,53386
192627,62944
192627,32496
192627,57414
192627,63360
192627,63220
192627,63186
192627,50718
192627,63418
192627,62170
192627,61540
192627,62376
192627,63538
192627,36762
192627,55798
192627,53394
192627,62400
192627,62378
192627,63540
192627,45912
192627,44644
192627,55638
192627,10790
192627,44664
192627,59776
192627,52620
192627,62276
192627,62860
192627,44662
192627,56484
192627,1206
192627,48694
192627,58504
208893,61364
208893,1370
208893,30500
208893,56714
208893,61672
208893,61542
208893,54096
208893,11262
208893,35732
208893,48574
208893,61552
208893,50716
208893,36720
208893,57804
208893,61280
208893,60522
208893,62074
208893,16358
208893,11490
208893,124
208893,52918
208893,50274
208893,60
208893,3382
208893,10808
208893,61558
208893,1372
208893,54290
208893,48298
208893,59816
208893,50272
208893,1304
208893,49888
208893,50968
208893,60978
208893,10652
208893,42132
208893,51316
208893,53406
208893,51974
208893,50724
208893,44914
208893,61560
208893,57414
208893,63360
208893,62274
208893,63220
208893,63186
208893,50718
208893,56696
208893,63418
208893,62170
208893,62376
208893,53046
208893,63538
208893,36762
208893,54864
208893,55798
208893,62614
208893,62400
208893,62378
208893,63540
208893,45912
208893,44644
208893,55638
208893,10790
208893,52620
208893,62276
208893,62860
208893,58504
223554,1370
223554,56714
223554,61542
223554,54096
223554,50716
223554,36720
223554,61280
223554,60522
223554,62074
223554,44302
223554,124
223554,50274
223554,60
223554,3382
223554,10808
223554,61558
223554,54290
223554,59816
223554,53160
223554,46632
223554,42132
223554,51316
223554,50268
223554,53406
223554,50720
223554,44914
223554,63188
223554,62944
223554,59394
223554,32496
223554,55632
223554,57414
223554,59396
223554,63220
223554,63186
223554,63418
223554,44660
223554,62170
223554,62376
223554,53046
223554,63538
223554,36762
223554,55798
223554,62618
223554,62378
223554,63540
223554,45912
223554,44644
223554,10790
223554,44664
223554,59776
223554,52620
223554,44662
234156,61364
234156,61542
234156,50270
234156,11262
234156,35732
234156,50716
234156,36720
234156,57804
234156,16358
234156,124
234156,52918
234156,33886
234156,60
234156,3382
234156,59816
234156,50272
234156,53160
234156,46632
234156,10652
234156,42132
234156,51316
234156,53406
234156,44914
234156,61560
234156,63188
234156,55632
234156,63186
234156,50718
234156,63418
234156,44660
234156,62170
234156,53046
234156,36762
234156,55798
234156,45912
234156,44644
234156,55638
234156,10790
234156,44664
234156,52620
234156,62860
234156,58504
167256,61364
167256,56714
167256,61542
167256,11262
167256,50716
167256,36720
167256,57804
167256,60522
167256,62074
167256,16358
167256,60
167256,3382
167256,1372
167256,59816
167256,50272
167256,49888
167256,60978
167256,35846
167256,10652
167256,42132
167256,51316
167256,53406
167256,51974
167256,44914
167256,63188
167256,62944
167256,32496
167256,55632
167256,57414
167256,63186
167256,56696
167256,63418
167256,44660
167256,62170
167256,62376
167256,53046
167256,63538
167256,36762
167256,55798
167256,62400
167256,62378
167256,63540
167256,45912
167256,44644
167256,55638
167256,10790
167256,44664
167256,53048
167256,52620
167256,62860
167256,48694
167256,53258
167256,58504
239217,61364
239217,1370
239217,30500
239217,56714
239217,61542
239217,11262
239217,35732
239217,50716
239217,36720
239217,34092
239217,57804
239217,60522
239217,62074
239217,16358
239217,124
239217,52918
239217,60
239217,3382
239217,10808
239217,61558
239217,59816
239217,50272
239217,49888
239217,60978
239217,10652
239217,42132
239217,51316
239217,53406
239217,50724
239217,44914
239217,53386
239217,63188
239217,62944
239217,32496
239217,55632
239217,57414
239217,59396
239217,63186
239217,56696
239217,63418
239217,44660
239217,62170
239217,62376
239217,53046
239217,63538
239217,36762
239217,55798
239217,53394
239217,62400
239217,62378
239217,63540
239217,45912
239217,44644
239217,10790
239217,44664
239217,59776
239217,52620
239217,62860
239217,58504
160770,61364
160770,1370
160770,56714
160770,61672
160770,61542
160770,11262
160770,35732
160770,48574
160770,50716
160770,36720
160770,57804
160770,62074
160770,16358
160770,124
160770,52918
160770,60
160770,3382
160770,61558
160770,1372
160770,59816
160770,50272
160770,49888
160770,53160
160770,46632
160770,10652
160770,42132
160770,51316
160770,53406
160770,61560
160770,63186
160770,50718
160770,63418
160770,44660
160770,62170
160770,36762
160770,55798
160770,45912
160770,44644
160770,55638
160770,10790
160770,44664
160770,52620
160770,62860
160770,58504
184605,61364
184605,56714
184605,61542
184605,11262
184605,50716
184605,36720
184605,61280
184605,60522
184605,62074
184605,16358
184605,124
184605,60
184605,3382
184605,10808
184605,59816
184605,51974
184605,63186
184605,50718
184605,63418
184605,62170
184605,62376
184605,36762
184605,55798
184605,10790
184605,44664
184605,52620
184605,58504
206664,61364
206664,54096
206664,11262
206664,50716
206664,11490
206664,3382
206664,59816
206664,50272
206664,10652
206664,42132
206664,53406
206664,51974
206664,44914
206664,61560
206664,63186
206664,63418
206664,44660
206664,62170
206664,36762
206664,55798
206664,62400
206664,10790
206664,52620
206664,62276
206664,62860
206664,58504
206760,61364
206760,56714
206760,61542
206760,54096
206760,50716
206760,36720
206760,60522
206760,11490
206760,3382
206760,59816
206760,50272
206760,10652
206760,42132
206760,53406
206760,44914
206760,61560
206760,63186
206760,63418
206760,44660
206760,62170
206760,36762
206760,55798
206760,10790
206760,44664
206760,52620
206760,62860
206760,58504
61344,61364
61344,56714
61344,61542
61344,11262
61344,50716
61344,36720
61344,60522
61344,16358
61344,60
61344,3382
61344,10808
61344,59816
61344,50272
61344,42132
61344,63186
61344,63418
61344,44660
61344,62170
61344,36762
61344,55798
61344,10790
61344,44664
61344,52620
61344,58504
205188,61364
205188,61542
205188,11262
205188,50716
205188,57804
205188,60522
205188,16358
205188,3382
205188,59816
205188,42132
205188,44914
205188,59396
205188,63186
205188,44660
205188,62376
205188,36762
205188,48980
205188,55798
205188,62400
205188,10790
205188,44664
238263,61364
238263,61542
238263,11262
238263,57804
238263,16358
238263,3382
238263,1372
238263,50272
238263,42132
238263,51974
238263,44914
238263,63186
238263,56696
238263,63418
238263,44660
238263,62170
238263,36762
238263,55798
238263,10790
238263,44664
238263,52620
238263,58504
184635,61364
184635,61542
184635,11262
184635,50716
184635,57804
184635,60522
184635,16358
184635,11490
184635,3382
184635,59816
184635,59822
184635,50272
184635,53160
184635,50968
184635,46632
184635,42132
184635,44914
184635,63188
184635,57414
184635,59396
184635,63186
184635,63418
184635,44660
184635,62170
184635,62376
184635,53046
184635,48980
184635,55798
184635,62400
184635,10790
184635,44664
184635,52620
206607,61364
206607,61542
206607,50270
206607,11262
206607,50716
206607,36720
206607,16358
206607,124
206607,60
206607,3382
206607,1372
206607,59816
206607,50724
206607,44914
206607,63360
206607,63186
206607,50718
206607,62170
206607,36762
206607,55798
206607,10790
206607,53258
206607,58504
224526,60522
224526,11490
224526,3382
224526,10808
224526,50272
224526,49888
224526,53160
224526,46632
224526,10652
224526,42132
224526,51316
224526,53406
224526,44914
224526,61560
224526,63186
224526,63418
224526,44660
224526,62170
224526,36762
224526,55798
224526,45912
224526,44644
224526,55638
224526,10790
224526,44664
224526,52620
224526,62860
224526,58504
212232,61364
212232,56714
212232,61542
212232,11262
212232,50716
212232,36720
212232,61280
212232,60522
212232,62074
212232,16358
212232,124
212232,60
212232,3382
212232,10808
212232,59816
212232,59822
212232,50272
212232,1304
212232,37644
212232,49888
212232,53160
212232,50968
212232,60978
212232,35846
212232,46632
212232,10652
212232,42132
212232,51316
212232,33534
212232,50268
212232,53406
212232,51974
212232,50720
212232,50724
212232,44914
212232,61560
212232,50970
212232,36722
212232,53386
212232,63188
212232,62944
212232,59394
212232,63510
212232,32496
212232,55632
212232,57414
212232,63360
212232,59396
212232,62274
212232,63220
212232,63186
212232,50718
212232,56696
212232,63418
212232,44660
212232,62170
212232,61540
212232,62376
212232,53046
212232,63538
212232,36762
212232,54864
212232,48980
212232,55798
212232,62614
212232,53394
212232,62618
212232,62616
212232,62400
212232,62378
212232,63540
212232,53256
212232,45912
212232,44644
212232,57522
212232,55638
212232,10790
212232,44664
212232,59776
212232,53048
212232,52620
212232,50962
212232,62276
212232,62860
212232,44662
212232,56484
212232,48694
212232,53258
212232,58504
153726,1370
153726,30500
153726,56714
153726,61672
153726,61348
153726,61542
153726,50270
153726,11262
153726,35732
153726,48574
153726,61552
153726,50716
153726,36720
153726,39186
153726,34092
153726,57804
153726,61280
153726,60522
153726,62074
153726,16358
153726,44302
153726,124
153726,52918
153726,33886
153726,50274
153726,60
153726,3382
153726,10808
153726,61558
153726,1372
153726,54290
153726,48298
153726,59816
153726,59822
153726,50272
153726,53160
153726,50968
153726,46632
153726,42132
153726,44914
153726,63188
153726,57414
153726,59396
153726,63186
153726,63418
153726,44660
153726,62170
153726,62376
153726,53046
153726,48980
153726,55798
153726,62400
153726,10790
153726,44664
153726,52620
208533,61364
208533,61542
208533,50270
208533,11262
208533,50716
208533,36720
208533,16358
208533,124
208533,60
208533,3382
208533,1372
208533,59816
208533,59822
208533,50272
208533,1304
208533,37644
208533,49888
208533,53160
208533,60978
208533,35846
208533,46632
208533,10652
208533,42132
208533,51316
208533,50268
208533,53406
208533,50720
208533,44914
208533,61560
208533,36722
208533,53386
208533,63188
208533,62944
208533,59394
208533,63510
208533,55632
208533,57414
208533,63220
208533,63186
208533,50718
208533,63418
208533,44660
208533,62170
208533,61540
208533,62376
208533,53046
208533,63538
208533,36762
208533,54864
208533,55798
208533,53394
208533,62616
208533,62400
208533,62378
208533,63540
208533,45912
208533,44644
208533,55638
208533,10790
208533,44664
208533,59776
208533,53048
208533,52620
208533,62276
208533,62860
208533,56484
208533,1206
208533,48694
208533,53258
208533,58504
211476,61364
211476,1370
211476,30500
211476,56714
211476,61672
211476,61542
211476,50270
211476,11262
211476,35732
211476,48574
211476,61552
211476,50716
211476,36720
211476,34092
211476,57804
211476,60522
211476,62074
211476,16358
211476,11490
211476,124
211476,52918
211476,33886
211476,50274
211476,60
211476,3382
211476,10808
211476,61558
211476,1372
211476,54290
211476,48298
211476,59816
211476,59822
211476,50272
211476,1304
211476,37644
211476,49888
211476,53160
211476,60978
211476,35846
211476,46632
211476,10652
211476,42132
211476,51316
211476,53406
211476,50720
211476,44914
211476,61560
211476,36722
211476,53386
211476,63188
211476,62944
211476,59394
211476,63510
211476,55632
211476,57414
211476,63220
211476,63186
211476,50718
211476,63418
211476,44660
211476,62170
211476,61540
211476,62376
211476,53046
211476,63538
211476,36762
211476,54864
211476,55798
211476,53394
211476,62618
211476,62616
211476,62400
211476,62378
211476,63540
211476,45912
211476,44644
211476,55638
211476,10790
211476,44664
211476,59776
211476,53048
211476,52620
211476,62276
211476,62860
211476,56484
211476,48694
211476,53258
211476,58504
222711,61364
222711,1370
222711,30500
222711,56714
222711,61672
222711,61542
222711,11262
222711,35732
222711,48574
222711,61552
222711,50716
222711,36720
222711,34092
222711,57804
222711,60522
222711,62074
222711,16358
222711,124
222711,52918
222711,33886
222711,50274
222711,60
222711,3382
222711,10808
222711,61558
222711,1372
222711,48298
222711,59816
222711,50272
222711,50968
222711,60978
222711,10652
222711,42132
222711,53406
222711,50720
222711,50724
222711,44914
222711,61560
222711,63360
222711,63186
222711,50718
222711,63418
222711,62170
222711,36762
222711,54864
222711,55798
222711,62400
222711,10790
222711,52620
222711,62276
222711,62860
222711,58504
128700,56714
128700,61542
128700,54096
128700,50716
128700,36720
128700,60522
128700,44302
128700,3382
128700,10808
128700,59816
128700,50272
128700,49888
128700,10652
128700,42132
128700,53406
128700,61560
128700,63186
128700,63418
128700,44660
128700,62170
128700,36762
128700,55798
128700,45912
128700,44644
128700,10790
128700,44664
128700,52620
128700,62860
128700,58504
192564,61364
192564,56714
192564,61542
192564,11262
192564,50716
192564,36720
192564,60522
192564,62074
192564,16358
192564,124
192564,60
192564,3382
192564,59816
192564,50272
192564,42132
192564,51974
192564,44914
192564,63186
192564,63418
192564,44660
192564,62170
192564,36762
192564,54864
192564,55798
192564,10790
192564,44664
192564,52620
192564,58504
194388,61364
194388,61542
194388,54096
194388,11262
194388,50716
194388,57804
194388,60522
194388,16358
194388,11490
194388,3382
194388,59816
194388,42132
194388,50268
194388,50720
194388,44914
194388,63188
194388,62944
194388,32496
194388,55632
194388,57414
194388,59396
194388,63186
194388,50718
194388,62170
194388,63538
194388,36762
194388,55798
194388,62618
194388,45912
194388,44644
194388,10790
194388,44664
194388,59776
194388,62860
194388,44662
63867,61364
63867,61542
63867,11262
63867,50716
63867,16358
63867,124
63867,33886
63867,60
63867,3382
63867,59816
63867,42132
63867,44914
63867,63186
63867,44660
63867,62376
63867,36762
63867,55798
63867,62400
63867,10790
63867,44664
208524,61364
208524,61542
208524,61552
208524,57804
208524,16358
208524,3382
208524,1372
208524,51974
208524,63186
208524,63418
208524,44660
208524,62170
208524,62376
208524,36762
208524,55798
208524,10790
208524,44664
208524,52620
208524,58504
157224,61364
157224,61542
157224,11262
157224,50716
157224,57804
157224,11490
157224,3382
157224,1372
157224,59816
157224,59822
157224,50272
157224,1304
157224,37644
157224,49888
157224,53160
157224,60978
157224,35846
157224,46632
157224,10652
157224,42132
157224,51316
157224,53406
157224,50720
157224,44914
157224,61560
157224,50970
157224,36722
157224,53386
157224,63188
157224,62944
157224,59394
157224,63510
157224,32496
157224,55632
157224,57414
157224,63360
157224,59396
157224,63220
157224,63186
157224,50718
157224,63418
157224,44660
157224,62170
157224,61540
157224,62376
157224,53046
157224,63538
157224,36762
157224,55798
157224,62614
157224,53394
157224,62618
157224,62616
157224,62400
157224,62378
157224,63540
157224,45912
157224,44644
157224,55638
157224,10790
157224,44664
157224,59776
157224,53048
157224,52620
157224,62276
157224,62860
157224,56484
157224,48694
157224,53258
157224,58504
204771,61364
204771,1370
204771,30500
204771,56714
204771,61672
204771,61348
204771,61542
204771,50270
204771,11262
204771,35732
204771,48574
204771,61552
204771,50716
204771,36720
204771,34092
204771,57804
204771,61280
204771,60522
204771,62074
204771,16358
204771,124
204771,52918
204771,33886
204771,50274
204771,60
204771,3382
204771,10808
204771,61558
204771,1372
204771,54290
204771,48298
204771,59816
204771,50272
204771,10652
204771,42132
204771,53406
204771,44914
204771,61560
204771,63186
204771,50718
204771,63418
204771,44660
204771,62170
204771,36762
204771,55798
204771,53256
204771,10790
204771,52620
204771,62860
204771,58504
205122,61364
205122,56714
205122,61542
205122,11262
205122,50716
205122,36720
205122,60522
205122,16358
205122,60
205122,3382
205122,10808
205122,59816
205122,50272
205122,53160
205122,60978
205122,46632
205122,50724
205122,44914
205122,53386
205122,63188
205122,62944
205122,32496
205122,55632
205122,57414
205122,59396
205122,63186
205122,50718
205122,56696
205122,63418
205122,44660
205122,62170
205122,53046
205122,63538
205122,36762
205122,55798
205122,62618
205122,62400
205122,62378
205122,63540
205122,10790
205122,44664
205122,59776
205122,52620
205122,44662
161283,61364
161283,56714
161283,61672
161283,61542
161283,50270
161283,11262
161283,50716
161283,36720
161283,62074
161283,16358
161283,124
161283,33886
161283,60
161283,3382
161283,61558
161283,1372
161283,59816
161283,50272
161283,49888
161283,10652
161283,42132
161283,53406
161283,44914
161283,61560
161283,63186
161283,50718
161283,63418
161283,44660
161283,62170
161283,36762
161283,55798
161283,45912
161283,44644
161283,10790
161283,44664
161283,52620
161283,62860
161283,58504
154779,61364
154779,56714
154779,61542
154779,11262
154779,50716
154779,36720
154779,60522
154779,62074
154779,16358
154779,124
154779,60
154779,3382
154779,59816
154779,59822
154779,50272
154779,53160
154779,46632
154779,10652
154779,42132
154779,51316
154779,53406
154779,51974
154779,44914
154779,61560
154779,53386
154779,63186
154779,63418
154779,62170
154779,36762
154779,55798
154779,62400
154779,45912
154779,44644
154779,10790
154779,52620
154779,62276
154779,62860
154779,1206
154779,58504
208506,61364
208506,56714
208506,61672
208506,61542
208506,54096
208506,11262
208506,50716
208506,36720
208506,57804
208506,61280
208506,60522
208506,62074
208506,16358
208506,11490
208506,124
208506,50274
208506,60
208506,3382
208506,61558
208506,1372
208506,59816
208506,53160
208506,46632
208506,42132
208506,51316
208506,50268
208506,53406
208506,50720
208506,44914
208506,63188
208506,62944
208506,59394
208506,32496
208506,55632
208506,57414
208506,63220
208506,63186
208506,50718
208506,63418
208506,44660
208506,62170
208506,62376
208506,63538
208506,36762
208506,55798
208506,62618
208506,62378
208506,63540
208506,45912
208506,44644
208506,10790
208506,44664
208506,44662
175899,61364
175899,56714
175899,61542
175899,50270
175899,11262
175899,35732
175899,50716
175899,36720
175899,39186
175899,57804
175899,16358
175899,124
175899,52918
175899,33886
175899,50274
175899,60
175899,3382
175899,59816
175899,50272
175899,10652
175899,42132
175899,53406
175899,44914
175899,61560
175899,63360
175899,63186
175899,63418
175899,44660
175899,62170
175899,36762
175899,55798
175899,10790
175899,52620
175899,62276
175899,62860
175899,58504
185244,61364
185244,56714
185244,61542
185244,54096
185244,11262
185244,50716
185244,36720
185244,60522
185244,11490
185244,3382
185244,59816
185244,51974
185244,44914
185244,63186
185244,62170
185244,36762
185244,55798
185244,10790
185244,53258
185244,58504
206439,60522
206439,11490
206439,3382
206439,59822
206439,50272
206439,1304
206439,37644
206439,49888
206439,53160
206439,60978
206439,35846
206439,46632
206439,10652
206439,42132
206439,51316
206439,33534
206439,50268
206439,53406
206439,51974
206439,50720
206439,44914
206439,61560
206439,50970
206439,36722
206439,53386
206439,63188
206439,62944
206439,59394
206439,63510
206439,32496
206439,55632
206439,57414
206439,63218
206439,63220
206439,63186
206439,50718
206439,63418
206439,44660
206439,62170
206439,61540
206439,62376
206439,53046
206439,63538
206439,36762
206439,55798
206439,62614
206439,53394
206439,62618
206439,62616
206439,62400
206439,62378
206439,63540
206439,53256
206439,45912
206439,44644
206439,55638
206439,10790
206439,44664
206439,59776
206439,53048
206439,52620
206439,50962
206439,62276
206439,62860
206439,44662
206439,56484
206439,48694
206439,53258
206439,58504
234129,61364
234129,1370
234129,30500
234129,56714
234129,61672
234129,61348
234129,61542
234129,50270
234129,11262
234129,35732
234129,48574
234129,61552
234129,50716
234129,36720
234129,39186
234129,34092
234129,57804
234129,61280
234129,60522
234129,62074
234129,16358
234129,11490
234129,124
234129,52918
234129,33886
234129,50274
234129,60
234129,3382
234129,10808
234129,61558
234129,1372
234129,54290
234129,48298
234129,59816
234129,49888
234129,10652
234129,53406
234129,44914
234129,61560
234129,57414
234129,59396
234129,63186
234129,63418
234129,44660
234129,62170
234129,55798
234129,62618
234129,10790
234129,52620
234129,62860
167082,61364
167082,61542
167082,50716
167082,36720
167082,57804
167082,60522
167082,16358
167082,124
167082,60
167082,3382
167082,59816
167082,59822
167082,50272
167082,1304
167082,37644
167082,49888
167082,53160
167082,60978
167082,35846
167082,46632
167082,10652
167082,42132
167082,51316
167082,53406
167082,50720
167082,44914
167082,61560
167082,50970
167082,36722
167082,53386
167082,63188
167082,62944
167082,59394
167082,63510
167082,32496
167082,55632
167082,57414
167082,63360
167082,59396
167082,63220
167082,63186
167082,50718
167082,63418
167082,44660
167082,62170
167082,61540
167082,62376
167082,53046
167082,63538
167082,36762
167082,55798
167082,62614
167082,53394
167082,62618
167082,62616
167082,62400
167082,62378
167082,63540
167082,45912
167082,44644
167082,55638
167082,10790
167082,44664
167082,59776
167082,53048
167082,52620
167082,62276
167082,62860
167082,56484
167082,48694
167082,53258
167082,58504
157680,61364
157680,1370
157680,30500
157680,56714
157680,61672
157680,61348
157680,61542
157680,50270
157680,11262
157680,35732
157680,48574
157680,61552
157680,50716
157680,36720
157680,34092
157680,57804
157680,61280
157680,60522
157680,62074
157680,16358
157680,11490
157680,124
157680,52918
157680,33886
157680,50274
157680,60
157680,3382
157680,10808
157680,61558
157680,1372
157680,54290
157680,48298
157680,59816
157680,59822
157680,50272
157680,53160
157680,46632
157680,42132
157680,51316
157680,51974
157680,44914
157680,53386
157680,63188
157680,55632
157680,57414
157680,59396
157680,63186
157680,50718
157680,56696
157680,63418
157680,62170
157680,62376
157680,53046
157680,48980
157680,55798
157680,62400
157680,45912
157680,44644
157680,10790
157680,44664
157680,52620
157680,62860
206943,61364
206943,61672
206943,61542
206943,50270
206943,11262
206943,50716
206943,36720
206943,62074
206943,16358
206943,124
206943,60
206943,3382
206943,1372
206943,59816
206943,50272
206943,49888
206943,10652
206943,53406
206943,61560
206943,63186
206943,50718
206943,63418
206943,44660
206943,62170
206943,36762
206943,55798
206943,45912
206943,44644
206943,10790
206943,44664
206943,52620
206943,62860
206943,58504
184863,61364
184863,56714
184863,61542
184863,11262
184863,50716
184863,36720
184863,60522
184863,62074
184863,16358
184863,124
184863,60
184863,3382
184863,59816
184863,50720
184863,44914
184863,62944
184863,32496
184863,55632
184863,57414
184863,62170
184863,63538
184863,55798
184863,62618
184863,45912
184863,44644
184863,10790
184863,44664
184863,62860
192714,61364
192714,61542
192714,11262
192714,33886
192714,3382
192714,59816
192714,42132
192714,44914
192714,63186
192714,44660
192714,62170
192714,36762
192714,55798
192714,10790
206451,61364
206451,61542
206451,50270
206451,36720
206451,60522
206451,16358
206451,3382
206451,59816
206451,50272
206451,49888
206451,53160
206451,46632
206451,10652
206451,42132
206451,51316
206451,53406
206451,44914
206451,61560
206451,63186
206451,63418
206451,44660
206451,62170
206451,36762
206451,55798
206451,53256
206451,45912
206451,44644
206451,55638
206451,10790
206451,44664
206451,52620
206451,62860
206451,58504
208539,61364
208539,56714
208539,61542
208539,11262
208539,50716
208539,36720
208539,61280
208539,60522
208539,62074
208539,16358
208539,124
208539,60
208539,3382
208539,10808
208539,59816
208539,50272
208539,42132
208539,51974
208539,63186
208539,63418
208539,44660
208539,62170
208539,36762
208539,55798
208539,10790
208539,44664
208539,52620
208539,58504
203199,61364
203199,61542
203199,54096
203199,11262
203199,50716
203199,57804
203199,60522
203199,16358
203199,11490
203199,3382
203199,59816
203199,59822
203199,50272
203199,1304
203199,37644
203199,49888
203199,53160
203199,60978
203199,35846
203199,46632
203199,10652
203199,51316
203199,53406
203199,50720
203199,44914
203199,61560
203199,36722
203199,53386
203199,63188
203199,62944
203199,59394
203199,63510
203199,55632
203199,57414
203199,63218
203199,63220
203199,63186
203199,50718
203199,63418
203199,44660
203199,62170
203199,61540
203199,62376
203199,53046
203199,63538
203199,36762
203199,55798
203199,53394
203199,62618
203199,62616
203199,62400
203199,62378
203199,63540
203199,45912
203199,44644
203199,55638
203199,10790
203199,44664
203199,59776
203199,53048
203199,52620
203199,62276
203199,62860
203199,56484
203199,48694
203199,53258
203199,58504
203871,61364
203871,1370
203871,30500
203871,56714
203871,61672
203871,61542
203871,50270
203871,11262
203871,35732
203871,48574
203871,61552
203871,50716
203871,36720
203871,34092
203871,57804
203871,60522
203871,62074
203871,16358
203871,11490
203871,124
203871,52918
203871,33886
203871,50274
203871,60
203871,3382
203871,10808
203871,61558
203871,1372
203871,48298
203871,59816
203871,59822
203871,50272
203871,1304
203871,37644
203871,49888
203871,53160
203871,60978
203871,35846
203871,46632
203871,10652
203871,42132
203871,51316
203871,50268
203871,53406
203871,50720
203871,44914
203871,61560
203871,36722
203871,53386
203871,63188
203871,62944
203871,59394
203871,63510
203871,55632
203871,57414
203871,63220
203871,63186
203871,50718
203871,63418
203871,44660
203871,62170
203871,61540
203871,62376
203871,53046
203871,63538
203871,36762
203871,55798
203871,53394
203871,62618
203871,62616
203871,62400
203871,62378
203871,63540
203871,45912
203871,44644
203871,55638
203871,10790
203871,44664
203871,59776
203871,53048
203871,52620
203871,62276
203871,62860
203871,56484
203871,48694
203871,53258
203871,58504
216948,61364
216948,1370
216948,30500
216948,56714
216948,61672
216948,61542
216948,11262
216948,35732
216948,48574
216948,61552
216948,50716
216948,36720
216948,34092
216948,57804
216948,61280
216948,60522
216948,62074
216948,16358
216948,11490
216948,124
216948,52918
216948,33886
216948,50274
216948,60
216948,3382
216948,10808
216948,61558
216948,1372
216948,48298
216948,59816
216948,59822
216948,50272
216948,53160
216948,50968
216948,46632
216948,42132
216948,51974
216948,44914
216948,63188
216948,57414
216948,59396
216948,63186
216948,63418
216948,44660
216948,62170
216948,62376
216948,53046
216948,48980
216948,55798
216948,62400
216948,10790
216948,44664
216948,52620
232269,61364
232269,61542
232269,50270
232269,11262
232269,50716
232269,36720
232269,16358
232269,124
232269,60
232269,3382
232269,1372
232269,59816
232269,50272
232269,49888
232269,53160
232269,46632
232269,10652
232269,42132
232269,51316
232269,53406
232269,61560
232269,63186
232269,63418
232269,44660
232269,62170
232269,36762
232269,55798
232269,45912
232269,44644
232269,55638
232269,10790
232269,44664
232269,52620
232269,62860
232269,58504
72312,61364
72312,56714
72312,61542
72312,11262
72312,50716
72312,36720
72312,61280
72312,60522
72312,62074
72312,16358
72312,11490
72312,124
72312,60
72312,3382
72312,10808
72312,59816
72312,50272
72312,42132
72312,63186
72312,63418
72312,44660
72312,62170
72312,36762
72312,55798
72312,10790
72312,44664
72312,52620
72312,58504
204411,61364
204411,61542
204411,11262
204411,50716
204411,57804
204411,60522
204411,16358
204411,11490
204411,3382
204411,59816
204411,42132
204411,44914
204411,63186
204411,63418
204411,44660
204411,62170
204411,36762
204411,55798
204411,10790
204411,44664
75723,61364
75723,61542
75723,11262
75723,50716
75723,57804
75723,16358
75723,3382
75723,59816
75723,50272
75723,49888
75723,53160
75723,46632
75723,10652
75723,42132
75723,51316
75723,53406
75723,44914
75723,61560
75723,63186
75723,63418
75723,44660
75723,62170
75723,36762
75723,55798
75723,53256
75723,45912
75723,44644
75723,55638
75723,10790
75723,52620
75723,62860
75723,58504
223104,61364
223104,56714
223104,61542
223104,11262
223104,50716
223104,36720
223104,61280
223104,60522
223104,62074
223104,16358
223104,60
223104,3382
223104,10808
223104,59816
223104,49888
223104,10652
223104,53406
223104,44914
223104,61560
223104,57414
223104,59396
223104,63186
223104,63418
223104,44660
223104,62170
223104,55798
223104,62618
223104,10790
223104,52620
223104,62860
154119,61364
154119,61542
154119,11262
154119,50716
154119,36720
154119,57804
154119,60522
154119,16358
154119,124
154119,60
154119,3382
154119,59816
154119,59822
154119,50272
154119,49888
154119,53160
154119,60978
154119,46632
154119,10652
154119,42132
154119,51316
154119,50268
154119,53406
154119,44914
154119,53386
154119,63188
154119,62944
154119,32496
154119,55632
154119,57414
154119,59396
154119,63186
154119,56696
154119,63418
154119,44660
154119,62170
154119,62376
154119,53046
154119,63538
154119,36762
154119,54864
154119,55798
154119,53394
154119,62400
154119,62378
154119,63540
154119,45912
154119,44644
154119,57522
154119,10790
154119,44664
154119,59776
154119,52620
154119,62860
165786,61364
165786,1370
165786,56714
165786,61672
165786,61542
165786,50270
165786,11262
165786,35732
165786,48574
165786,50716
165786,36720
165786,62074
165786,16358
165786,124
165786,52918
165786,50274
165786,60
165786,3382
165786,61558
165786,1372
165786,59816
165786,50272
165786,49888
165786,10652
165786,42132
165786,53406
165786,61560
165786,63186
165786,63418
165786,44660
165786,62170
165786,36762
165786,55798
165786,45912
165786,44644
165786,10790
165786,44664
165786,52620
165786,62860
165786,58504
209520,61364
209520,56714
209520,61542
209520,11262
209520,50716
209520,36720
209520,60522
209520,62074
209520,16358
209520,11490
209520,124
209520,60
209520,3382
209520,59816
209520,50272
209520,10652
209520,42132
209520,53406
209520,44914
209520,61560
209520,63186
209520,63418
209520,44660
209520,62170
209520,36762
209520,55798
209520,10790
209520,44664
209520,52620
209520,62860
209520,58504
203073,61364
203073,56714
203073,61542
203073,11262
203073,50716
203073,36720
203073,60522
203073,16358
203073,60
203073,3382
203073,10808
203073,54290
203073,59816
203073,50272
203073,37644
203073,49888
203073,53160
203073,35846
203073,46632
203073,10652
203073,42132
203073,53406
203073,44914
203073,61560
203073,63188
203073,62944
203073,32496
203073,55632
203073,57414
203073,63218
203073,63220
203073,63186
203073,50718
203073,63418
203073,44660
203073,62170
203073,53046
203073,63538
203073,36762
203073,55798
203073,62618
203073,62616
203073,62400
203073,62378
203073,63540
203073,45912
203073,44644
203073,55638
203073,10790
203073,44664
203073,53048
203073,52620
203073,62276
203073,62860
203073,56484
203073,48694
203073,53258
203073,58504
182442,61364
182442,1370
182442,30500
182442,56714
182442,61542
182442,11262
182442,35732
182442,50716
182442,36720
182442,34092
182442,57804
182442,60522
182442,62074
182442,16358
182442,124
182442,52918
182442,33886
182442,50274
182442,60
182442,3382
182442,10808
182442,59816
182442,59822
182442,50272
182442,53160
182442,50968
182442,46632
182442,42132
182442,51316
182442,44914
182442,53386
182442,63188
182442,55632
182442,57414
182442,59396
182442,63186
182442,56696
182442,63418
182442,44660
182442,62170
182442,62376
182442,53046
182442,48980
182442,55798
182442,62400
182442,45912
182442,44644
182442,10790
182442,44664
182442,52620
182442,62860
223518,61672
223518,61542
223518,50270
223518,11262
223518,50716
223518,36720
223518,62074
223518,16358
223518,124
223518,60
223518,3382
223518,1372
223518,59816
223518,59822
223518,50272
223518,53160
223518,60978
223518,46632
223518,10652
223518,51316
223518,53406
223518,44914
223518,53386
223518,63188
223518,62944
223518,59394
223518,32496
223518,55632
223518,57414
223518,59396
223518,63186
223518,56696
223518,63418
223518,44660
223518,62170
223518,53046
223518,63538
223518,36762
223518,55798
223518,53394
223518,62618
223518,62400
223518,62378
223518,63540
223518,45912
223518,44644
223518,10790
223518,44664
223518,59776
223518,52620
223518,62860
208872,61364
208872,56714
208872,61672
208872,61542
208872,50270
208872,11262
208872,48574
208872,50716
208872,36720
208872,57804
208872,62074
208872,16358
208872,124
208872,60
208872,3382
208872,61558
208872,1372
208872,59816
208872,10652
208872,53406
208872,61560
208872,63186
208872,63418
208872,44660
208872,62170
208872,36762
208872,55798
208872,10790
215298,61364
215298,61542
215298,50716
215298,36720
215298,60522
215298,11490
215298,3382
215298,59816
215298,50272
215298,10652
215298,42132
215298,53406
215298,51974
215298,44914
215298,61560
215298,55632
215298,63186
215298,63418
215298,44660
215298,62170
215298,36762
215298,54864
215298,55798
215298,62400
215298,10790
215298,52620
215298,62276
215298,62860
215298,58504
197034,61364
197034,56714
197034,61542
197034,54096
197034,50716
197034,36720
197034,60522
197034,44302
197034,3382
197034,59816
197034,50272
197034,42132
197034,51974
197034,44914
197034,63186
197034,56696
197034,63418
197034,44660
197034,62170
197034,36762
197034,55798
197034,10790
197034,44664
197034,52620
197034,58504
212469,61364
212469,61542
212469,11262
212469,50716
212469,57804
212469,60522
212469,16358
212469,11490
212469,3382
212469,59816
212469,59822
212469,50272
212469,1304
212469,37644
212469,49888
212469,53160
212469,60978
212469,35846
212469,46632
212469,10652
212469,42132
212469,51316
212469,53406
212469,50720
212469,44914
212469,61560
212469,36722
212469,53386
212469,63188
212469,62944
212469,59394
212469,63510
212469,32496
212469,55632
212469,57414
212469,63218
212469,63220
212469,63186
212469,50718
212469,63418
212469,44660
212469,62170
212469,61540
212469,62376
212469,53046
212469,63538
212469,36762
212469,55798
212469,53394
212469,62616
212469,62400
212469,62378
212469,63540
212469,53256
212469,45912
212469,44644
212469,55638
212469,10790
212469,44664
212469,59776
212469,53048
212469,52620
212469,62276
212469,62860
212469,56484
212469,48694
212469,53258
212469,58504
239115,61364
239115,1370
239115,30500
239115,56714
239115,61672
239115,61542
239115,50270
239115,11262
239115,35732
239115,48574
239115,61552
239115,50716
239115,36720
239115,34092
239115,57804
239115,61280
239115,60522
239115,62074
239115,16358
239115,11490
239115,124
239115,52918
239115,33886
239115,50274
239115,60
239115,3382
239115,10808
239115,61558
239115,1372
239115,54290
239115,48298
239115,59816
239115,59822
239115,50272
239115,1304
239115,37644
239115,49888
239115,53160
239115,60978
239115,35846
239115,46632
239115,10652
239115,42132
239115,51316
239115,53406
239115,50720
239115,44914
239115,61560
239115,36722
239115,53386
239115,63188
239115,62944
239115,59394
239115,63510
239115,32496
239115,55632
239115,57414
239115,63218
239115,63220
239115,63186
239115,50718
239115,63418
239115,44660
239115,62170
239115,61540
239115,62376
239115,53046
239115,63538
239115,36762
239115,55798
239115,53394
239115,62616
239115,62400
239115,62378
239115,63540
239115,53256
239115,45912
239115,44644
239115,55638
239115,10790
239115,44664
239115,59776
239115,53048
239115,52620
239115,62276
239115,62860
239115,56484
239115,48694
239115,53258
239115,58504
216309,61364
216309,1370
216309,30500
216309,56714
216309,61672
216309,61542
216309,50270
216309,11262
216309,35732
216309,48574
216309,61552
216309,50716
216309,36720
216309,34092
216309,57804
216309,61280
216309,60522
216309,62074
216309,16358
216309,11490
216309,124
216309,52918
216309,33886
216309,50274
216309,60
216309,3382
216309,10808
216309,61558
216309,1372
216309,54290
216309,48298
216309,59816
216309,50272
216309,49888
216309,53160
216309,46632
216309,10652
216309,42132
216309,51316
216309,53406
216309,44914
216309,61560
216309,63186
216309,63418
216309,44660
216309,62170
216309,36762
216309,55798
216309,45912
216309,44644
216309,55638
216309,10790
216309,44664
216309,52620
216309,62860
216309,58504
66033,61364
66033,56714
66033,61542
66033,11262
66033,50716
66033,36720
66033,61280
66033,60522
66033,62074
66033,16358
66033,124
66033,60
66033,3382
66033,10808
66033,54290
66033,59816
66033,50272
66033,49888
66033,53160
66033,46632
66033,10652
66033,42132
66033,51316
66033,53406
66033,44914
66033,61560
66033,63186
66033,63418
66033,44660
66033,62170
66033,36762
66033,55798
66033,53256
66033,45912
66033,44644
66033,55638
66033,10790
66033,44664
66033,52620
66033,62860
66033,58504
208566,61364
208566,56714
208566,61542
208566,11262
208566,50716
208566,36720
208566,61280
208566,60522
208566,62074
208566,16358
208566,124
208566,60
208566,3382
208566,10808
208566,59816
208566,59822
208566,50272
208566,1304
208566,49888
208566,53160
208566,60978
208566,35846
208566,46632
208566,10652
208566,42132
208566,51316
208566,53406
208566,44914
208566,61560
208566,53386
208566,63188
208566,62944
208566,55632
208566,57414
208566,63220
208566,63186
208566,63418
208566,44660
208566,62170
208566,61540
208566,62376
208566,53046
208566,63538
208566,36762
208566,55798
208566,53394
208566,62400
208566,62378
208566,63540
208566,45912
208566,44644
208566,55638
208566,10790
208566,44664
208566,59776
208566,53048
208566,52620
208566,62276
208566,62860
208566,48694
208566,58504
159027,61364
159027,1370
159027,30500
159027,56714
159027,61672
159027,61542
159027,11262
159027,35732
159027,48574
159027,61552
159027,50716
159027,36720
159027,34092
159027,57804
159027,60522
159027,62074
159027,16358
159027,124
159027,52918
159027,60
159027,3382
159027,10808
159027,61558
159027,1372
159027,54290
159027,48298
159027,59816
159027,50272
159027,37644
159027,49888
159027,53160
159027,60978
159027,35846
159027,46632
159027,10652
159027,42132
159027,51316
159027,53406
159027,50720
159027,44914
159027,61560
159027,36722
159027,53386
159027,63188
159027,62944
159027,59394
159027,63510
159027,55632
159027,57414
159027,63218
159027,63220
159027,63186
159027,50718
159027,63418
159027,44660
159027,62170
159027,61540
159027,62376
159027,53046
159027,63538
159027,36762
159027,54864
159027,55798
159027,53394
159027,62618
159027,62616
159027,62400
159027,62378
159027,63540
159027,45912
159027,44644
159027,55638
159027,10790
159027,44664
159027,59776
159027,53048
159027,52620
159027,62276
159027,62860
159027,56484
159027,48694
159027,53258
159027,58504
232266,61364
232266,1370
232266,30500
232266,56714
232266,61672
232266,61542
232266,11262
232266,35732
232266,48574
232266,61552
232266,50716
232266,36720
232266,34092
232266,57804
232266,60522
232266,62074
232266,16358
232266,11490
232266,124
232266,52918
232266,33886
232266,50274
232266,60
232266,3382
232266,10808
232266,61558
232266,1372
232266,48298
232266,59816
232266,42132
232266,44914
232266,63186
232266,56696
232266,63418
232266,44660
232266,36762
232266,55798
232266,10790
154869,61364
154869,61542
154869,50716
154869,57804
154869,16358
154869,3382
154869,59816
154869,42132
154869,44914
154869,63186
154869,63418
154869,44660
154869,36762
154869,55798
154869,10790
166995,61364
166995,61542
166995,50716
166995,57804
166995,16358
166995,3382
166995,59816
166995,50272
166995,42132
166995,44914
166995,63186
166995,63418
166995,44660
166995,62170
166995,36762
166995,55798
166995,10790
166995,44664
166995,52620
166995,58504
182565,61364
182565,61542
182565,11262
182565,50716
182565,57804
182565,60522
182565,16358
182565,3382
182565,59816
182565,42132
182565,51974
182565,44914
182565,63186
182565,63418
182565,44660
182565,62170
182565,36762
182565,55798
182565,10790
182565,44664
203268,61364
203268,61542
203268,11262
203268,50716
203268,57804
203268,16358
203268,3382
203268,59816
203268,50272
203268,42132
203268,51974
203268,63186
203268,63418
203268,44660
203268,62170
203268,36762
203268,55798
203268,10790
203268,44664
203268,52620
203268,58504
153960,61364
153960,61542
153960,11262
153960,50716
153960,57804
153960,60522
153960,16358
153960,3382
153960,59816
153960,50272
153960,49888
153960,53160
153960,46632
153960,10652
153960,42132
153960,51316
153960,53406
153960,44914
153960,61560
153960,63186
153960,50718
153960,63418
153960,44660
153960,62170
153960,36762
153960,55798
153960,45912
153960,44644
153960,55638
153960,10790
153960,44664
153960,52620
153960,62860
153960,58504
188604,61364
188604,56714
188604,61542
188604,11262
188604,50716
188604,36720
188604,61280
188604,60522
188604,62074
188604,16358
188604,124
188604,60
188604,3382
188604,10808
188604,59816
188604,59822
188604,50272
188604,53160
188604,50968
188604,46632
188604,42132
188604,44914
188604,63188
188604,57414
188604,59396
188604,63186
188604,63418
188604,44660
188604,62170
188604,62376
188604,53046
188604,48980
188604,55798
188604,62400
188604,10790
188604,44664
188604,52620
203295,61364
203295,61542
203295,50270
203295,11262
203295,50716
203295,36720
203295,16358
203295,124
203295,60
203295,3382
203295,1372
203295,59816
203295,50272
203295,10652
203295,42132
203295,53406
203295,44914
203295,61560
203295,63186
203295,50718
203295,63418
203295,44660
203295,62170
203295,36762
203295,55798
203295,10790
203295,44664
203295,52620
203295,62860
203295,58504
206346,61364
206346,56714
206346,61542
206346,11262
206346,50716
206346,36720
206346,60522
206346,16358
206346,60
206346,3382
206346,10808
206346,59816
206346,53160
206346,46632
206346,42132
206346,51316
206346,50268
206346,53406
206346,50720
206346,44914
206346,63188
206346,62944
206346,59394
206346,32496
206346,55632
206346,57414
206346,59396
206346,63220
206346,63186
206346,63418
206346,44660
206346,62170
206346,62376
206346,53046
206346,63538
206346,36762
206346,55798
206346,62618
206346,62378
206346,63540
206346,45912
206346,44644
206346,10790
206346,44664
206346,59776
206346,52620
206346,44662
154485,61364
154485,61542
154485,50270
154485,11262
154485,35732
154485,50716
154485,36720
154485,57804
154485,16358
154485,124
154485,52918
154485,33886
154485,60
154485,3382
154485,59816
154485,50272
154485,42132
154485,44914
154485,61560
154485,63186
154485,56696
154485,63418
154485,44660
154485,62170
154485,36762
154485,55798
154485,10790
154485,52620
154485,62860
154485,58504
157416,61364
157416,61542
157416,11262
157416,50716
157416,36720
157416,57804
157416,60522
157416,16358
157416,60
157416,3382
157416,59816
157416,63186
157416,54864
157416,55798
203316,61364
203316,44302
203316,3382
203316,50272
203316,49888
203316,53160
203316,46632
203316,10652
203316,42132
203316,51316
203316,53406
203316,44914
203316,61560
203316,63186
203316,63418
203316,44660
203316,62170
203316,36762
203316,55798
203316,53256
203316,45912
203316,44644
203316,55638
203316,10790
203316,44664
203316,52620
203316,62860
203316,58504
205662,61364
205662,56714
205662,61542
205662,11262
205662,50716
205662,36720
205662,61280
205662,60522
205662,62074
205662,16358
205662,124
205662,60
205662,3382
205662,10808
205662,59816
205662,50272
205662,37644
205662,49888
205662,53160
205662,35846
205662,46632
205662,10652
205662,42132
205662,50268
205662,53406
205662,44914
205662,61560
205662,63188
205662,62944
205662,32496
205662,55632
205662,57414
205662,63218
205662,63220
205662,63186
205662,63418
205662,44660
205662,62170
205662,53046
205662,63538
205662,36762
205662,55798
205662,62618
205662,62616
205662,62400
205662,62378
205662,63540
205662,45912
205662,44644
205662,55638
205662,10790
205662,44664
205662,53048
205662,52620
205662,62276
205662,62860
205662,56484
205662,48694
205662,53258
205662,58504
206406,61364
206406,1370
206406,30500
206406,56714
206406,61542
206406,11262
206406,35732
206406,50716
206406,36720
206406,34092
206406,57804
206406,60522
206406,62074
206406,16358
206406,124
206406,52918
206406,33886
206406,60
206406,3382
206406,10808
206406,59816
206406,50724
206406,44914
206406,63186
206406,63136
206406,55798
229977,54096
229977,50716
229977,44302
229977,3382
229977,59816
229977,50272
229977,49888
229977,10652
229977,42132
229977,53406
229977,61560
229977,63186
229977,63418
229977,44660
229977,62170
229977,36762
229977,55798
229977,45912
229977,44644
229977,10790
229977,44664
229977,52620
229977,62860
229977,58504
172695,61364
172695,56714
172695,61542
172695,11262
172695,50716
172695,36720
172695,60522
172695,62074
172695,16358
172695,11490
172695,124
172695,60
172695,3382
172695,59816
172695,10652
172695,42132
172695,53406
172695,44914
172695,61560
172695,57414
172695,63186
172695,63418
172695,44660
172695,53046
172695,36762
172695,55798
172695,10790
172695,44664
205740,61364
205740,61542
205740,50716
205740,36720
205740,60522
205740,16358
205740,124
205740,3382
205740,59816
205740,10652
205740,53406
205740,44914
205740,61560
205740,63188
205740,55632
205740,57414
205740,63186
205740,63418
205740,44660
205740,62170
205740,53046
205740,55798
205740,45912
205740,44644
205740,10790
205740,44664
205740,52620
205740,62860
2061063,61364
2061063,61542
2061063,11262
2061063,50716
2061063,36720
2061063,60522
2061063,16358
2061063,124
2061063,60
2061063,3382
2061063,59816
2061063,50272
2061063,49888
2061063,10652
2061063,42132
2061063,53406
2061063,61560
2061063,63186
2061063,63418
2061063,44660
2061063,62170
2061063,36762
2061063,55798
2061063,45912
2061063,44644
2061063,10790
2061063,44664
2061063,52620
2061063,62860
2061063,58504
206745,61364
206745,56714
206745,61542
206745,11262
206745,50716
206745,36720
206745,60522
206745,62074
206745,16358
206745,124
206745,60
206745,3382
206745,59816
206745,50272
206745,49888
206745,53160
206745,46632
206745,10652
206745,42132
206745,51316
206745,53406
206745,44914
206745,61560
206745,63186
206745,63418
206745,44660
206745,62170
206745,36762
206745,55798
206745,45912
206745,44644
206745,55638
206745,10790
206745,44664
206745,52620
206745,62860
206745,58504
208599,61364
208599,56714
208599,61542
208599,11262
208599,50716
208599,36720
208599,61280
208599,60522
208599,62074
208599,16358
208599,124
208599,60
208599,3382
208599,10808
208599,59816
208599,59822
208599,50272
208599,1304
208599,37644
208599,49888
208599,53160
208599,60978
208599,35846
208599,46632
208599,10652
208599,42132
208599,51316
208599,33534
208599,50268
208599,53406
208599,51974
208599,50720
208599,44914
208599,61560
208599,50970
208599,36722
208599,53386
208599,63188
208599,62944
208599,59394
208599,63510
208599,32496
208599,55632
208599,57414
208599,63220
208599,63186
208599,50718
208599,63418
208599,44660
208599,62170
208599,61540
208599,62376
208599,53046
208599,63538
208599,36762
208599,55798
208599,62614
208599,53394
208599,62618
208599,62616
208599,62400
208599,62378
208599,63540
208599,53256
208599,45912
208599,44644
208599,55638
208599,10790
208599,44664
208599,59776
208599,53048
208599,52620
208599,50962
208599,62276
208599,62860
208599,44662
208599,56484
208599,48694
208599,53258
208599,58504
229341,61364
229341,1370
229341,30500
229341,56714
229341,61672
229341,61348
229341,61542
229341,50270
229341,11262
229341,35732
229341,48574
229341,61552
229341,50716
229341,36720
229341,39186
229341,34092
229341,57804
229341,61280
229341,60522
229341,62074
229341,16358
229341,11490
229341,124
229341,52918
229341,33886
229341,50274
229341,60
229341,3382
229341,10808
229341,61558
229341,1372
229341,54290
229341,48298
229341,59816
229341,50272
229341,49888
229341,10652
229341,42132
229341,53406
229341,61560
229341,63186
229341,63418
229341,44660
229341,62170
229341,36762
229341,55798
229341,45912
229341,44644
229341,10790
229341,44664
229341,52620
229341,62860
229341,58504
186438,61364
186438,56714
186438,61542
186438,11262
186438,50716
186438,36720
186438,60522
186438,62074
186438,16358
186438,11490
186438,124
186438,60
186438,3382
186438,59816
186438,50272
186438,49888
186438,53160
186438,46632
186438,10652
186438,42132
186438,51316
186438,53406
186438,44914
186438,61560
186438,63186
186438,63418
186438,44660
186438,62170
186438,36762
186438,55798
186438,53256
186438,45912
186438,44644
186438,55638
186438,10790
186438,44664
186438,52620
186438,62860
186438,58504
208740,61364
208740,56714
208740,61542
208740,11262
208740,50716
208740,36720
208740,61280
208740,60522
208740,62074
208740,16358
208740,124
208740,60
208740,3382
208740,10808
208740,59816
208740,59822
208740,50272
208740,1304
208740,37644
208740,49888
208740,53160
208740,60978
208740,35846
208740,46632
208740,10652
208740,51316
208740,53406
208740,50720
208740,44914
208740,61560
208740,36722
208740,53386
208740,63188
208740,59394
208740,63510
208740,55632
208740,57414
208740,63218
208740,63186
208740,63418
208740,44660
208740,62170
208740,61540
208740,62376
208740,53046
208740,63538
208740,36762
208740,55798
208740,53394
208740,62618
208740,62616
208740,62400
208740,62378
208740,63540
208740,45912
208740,44644
208740,55638
208740,10790
208740,44664
208740,59776
208740,53048
208740,52620
208740,62276
208740,56484
208740,48694
208740,53258
208740,58504
227469,61364
227469,1370
227469,30500
227469,61672
227469,61542
227469,50270
227469,35732
227469,48574
227469,61552
227469,50716
227469,36720
227469,34092
227469,57804
227469,62074
227469,16358
227469,11490
227469,33886
227469,50274
227469,60
227469,3382
227469,10808
227469,61558
227469,1372
227469,48298
227469,59816
227469,50272
227469,53160
227469,46632
227469,42132
227469,51974
227469,44914
227469,63186
227469,63418
227469,44660
227469,62170
227469,36762
227469,55798
227469,10790
227469,44664
227469,52620
227469,58504
230028,61364
230028,61542
230028,50270
230028,11262
230028,50716
230028,57804
230028,60522
230028,62074
230028,16358
230028,60
230028,3382
230028,1372
230028,59816
230028,59822
230028,50272
230028,1304
230028,37644
230028,49888
230028,53160
230028,60978
230028,35846
230028,46632
230028,10652
230028,42132
230028,51316
230028,53406
230028,50720
230028,44914
230028,61560
230028,36722
230028,53386
230028,63188
230028,62944
230028,59394
230028,63510
230028,55632
230028,57414
230028,63218
230028,63220
230028,63186
230028,50718
230028,63418
230028,44660
230028,62170
230028,61540
230028,62376
230028,53046
230028,63538
230028,36762
230028,54864
230028,55798
230028,53394
230028,62618
230028,62616
230028,62400
230028,62378
230028,63540
230028,45912
230028,44644
230028,55638
230028,10790
230028,44664
230028,59776
230028,53048
230028,52620
230028,62276
230028,62860
230028,56484
230028,48694
230028,53258
230028,58504
242151,61364
242151,1370
242151,30500
242151,56714
242151,61672
242151,61542
242151,50270
242151,11262
242151,35732
242151,48574
242151,61552
242151,50716
242151,36720
242151,34092
242151,57804
242151,60522
242151,62074
242151,16358
242151,11490
242151,124
242151,52918
242151,33886
242151,50274
242151,60
242151,3382
242151,10808
242151,61558
242151,1372
242151,48298
242151,59816
242151,50272
242151,10652
242151,42132
242151,53406
242151,44914
242151,61560
242151,63186
242151,63418
242151,44660
242151,62170
242151,36762
242151,55798
242151,53256
242151,10790
242151,44664
242151,52620
242151,62860
242151,58504
242571,61364
242571,56714
242571,61542
242571,11262
242571,50716
242571,36720
242571,60522
242571,16358
242571,60
242571,3382
242571,10808
242571,59816
242571,50272
242571,49888
242571,53160
242571,46632
242571,10652
242571,42132
242571,51316
242571,53406
242571,44914
242571,61560
242571,63186
242571,63418
242571,44660
242571,62170
242571,36762
242571,55798
242571,53256
242571,45912
242571,44644
242571,55638
242571,10790
242571,44664
242571,52620
242571,62860
242571,58504
128604,61364
128604,56714
128604,61542
128604,11262
128604,50716
128604,36720
128604,61280
128604,60522
128604,62074
128604,16358
128604,124
128604,60
128604,3382
128604,10808
128604,59816
128604,42132
128604,44914
128604,63186
128604,63418
128604,44660
128604,36762
128604,55798
128604,10790
190776,61364
190776,61542
190776,57804
190776,16358
190776,3382
190776,59816
190776,59822
190776,50272
190776,1304
190776,37644
190776,49888
190776,53160
190776,60978
190776,35846
190776,46632
190776,10652
190776,42132
190776,51316
190776,33534
190776,50268
190776,53406
190776,51974
190776,50720
190776,44914
190776,61560
190776,50970
190776,36722
190776,61028
190776,53386
190776,63188
190776,62944
190776,59394
190776,63510
190776,32496
190776,55632
190776,57414
190776,63360
190776,63218
190776,63220
190776,63186
190776,50718
190776,63418
190776,44660
190776,62170
190776,63136
190776,61540
190776,62376
190776,53046
190776,63538
190776,36762
190776,54864
190776,48980
190776,55798
190776,62614
190776,53394
190776,62618
190776,62616
190776,62400
190776,62378
190776,63540
190776,53256
190776,45912
190776,44644
190776,57522
190776,55638
190776,10790
190776,44664
190776,59776
190776,53048
190776,52620
190776,50962
190776,62276
190776,62860
190776,44662
190776,56484
190776,1206
190776,48694
190776,53258
190776,58504
206847,61364
206847,1370
206847,30500
206847,56714
206847,61672
206847,61348
206847,61542
206847,50270
206847,11262
206847,35732
206847,48574
206847,61552
206847,50716
206847,36720
206847,39186
206847,34092
206847,57804
206847,61280
206847,60522
206847,62074
206847,16358
206847,11490
206847,124
206847,52918
206847,33886
206847,50274
206847,60
206847,3382
206847,10808
206847,61558
206847,1372
206847,48298
206847,59816
206847,50272
206847,42132
206847,51974
206847,44914
206847,63186
206847,63418
206847,44660
206847,36762
206847,55798
206847,10790
206847,44664
206847,52620
206847,58504
210234,61364
210234,56714
210234,61542
210234,11262
210234,50716
210234,57804
210234,60522
210234,16358
210234,3382
210234,59816
210234,59822
210234,50272
210234,37644
210234,49888
210234,53160
210234,35846
210234,46632
210234,10652
210234,51316
210234,53406
210234,50720
210234,44914
210234,61560
210234,53386
210234,63188
210234,62944
210234,59394
210234,63510
210234,55632
210234,57414
210234,63218
210234,63220
210234,63186
210234,63418
210234,44660
210234,62170
210234,62376
210234,53046
210234,63538
210234,36762
210234,55798
210234,62618
210234,62616
210234,62400
210234,62378
210234,63540
210234,45912
210234,44644
210234,55638
210234,10790
210234,44664
210234,53048
210234,52620
210234,62276
210234,62860
210234,56484
210234,48694
210234,53258
210234,58504
211815,61364
211815,1370
211815,30500
211815,56714
211815,61672
211815,61542
211815,11262
211815,35732
211815,50716
211815,36720
211815,34092
211815,57804
211815,60522
211815,62074
211815,16358
211815,124
211815,52918
211815,33886
211815,50274
211815,60
211815,3382
211815,10808
211815,61558
211815,1372
211815,59816
211815,33534
211815,50724
211815,44914
211815,63360
211815,63186
211815,50718
211815,63418
211815,62170
211815,36762
211815,54864
211815,55798
211815,10790
211815,52620
211815,62276
211815,58504
213513,61364
213513,57804
213513,60522
213513,44302
213513,3382
213513,10808
213513,50272
213513,42132
213513,51974
213513,44914
213513,61560
213513,63186
213513,63418
213513,44660
213513,62170
213513,36762
213513,55798
213513,10790
213513,44664
213513,52620
213513,62860
213513,58504
242856,61364
242856,61542
242856,11262
242856,50716
242856,36720
242856,57804
242856,60522
242856,16358
242856,60
242856,3382
242856,59816
242856,50272
242856,49888
242856,53160
242856,46632
242856,10652
242856,42132
242856,51316
242856,53406
242856,51974
242856,61560
242856,63186
242856,63418
242856,44660
242856,62170
242856,36762
242856,55798
242856,45912
242856,44644
242856,55638
242856,10790
242856,44664
242856,52620
242856,62860
242856,58504
64218,61364
64218,56714
64218,61542
64218,11262
64218,50716
64218,36720
64218,61280
64218,60522
64218,62074
64218,16358
64218,124
64218,60
64218,3382
64218,10808
64218,59816
64218,35846
64218,10652
64218,33534
64218,51974
64218,44914
64218,61560
64218,63186
64218,63418
64218,62170
64218,36762
64218,55798
64218,10790
64218,52620
64218,62276
64218,1206
64218,58504
181149,61364
181149,36720
181149,57804
181149,60522
181149,11490
181149,3382
181149,59816
181149,51974
181149,59396
181149,63186
181149,63418
181149,44660
181149,62170
181149,62376
181149,36762
181149,55798
181149,62400
181149,10790
181149,44664
181149,52620
181149,58504
225012,61364
225012,61542
225012,11262
225012,50716
225012,57804
225012,11490
225012,3382
225012,1372
225012,59816
225012,50272
225012,42132
225012,51316
225012,53406
225012,44914
225012,63188
225012,55632
225012,57414
225012,63186
225012,63418
225012,44660
225012,62170
225012,55798
225012,45912
225012,44644
225012,55638
225012,10790
225012,44664
225012,52620
225012,62860
186447,61364
186447,61542
186447,11262
186447,35732
186447,36720
186447,57804
186447,60522
186447,16358
186447,3382
186447,59816
186447,50272
186447,50968
186447,60978
186447,10652
186447,42132
186447,53406
186447,44914
186447,61560
186447,63360
186447,63186
186447,50718
186447,56696
186447,63418
186447,62170
186447,36762
186447,54864
186447,55798
186447,62400
186447,10790
186447,52620
186447,62276
186447,62860
186447,58504
203214,56714
203214,61542
203214,54096
203214,50716
203214,36720
203214,60522
203214,44302
203214,50274
203214,3382
203214,10808
203214,59816
203214,42132
203214,44914
203214,63186
203214,44660
203214,62376
203214,36762
203214,55798
203214,62400
203214,10790
203214,44664
208626,61364
208626,61542
208626,61552
208626,57804
208626,16358
208626,3382
208626,1372
208626,59816
208626,50272
208626,42132
208626,51974
208626,44914
208626,63186
208626,56696
208626,63418
208626,44660
208626,62170
208626,36762
208626,55798
208626,10790
208626,44664
208626,52620
208626,58504
63582,61364
63582,61542
63582,54096
63582,11262
63582,50716
63582,57804
63582,60522
63582,16358
63582,11490
63582,3382
63582,59816
63582,59822
63582,50272
63582,53160
63582,46632
63582,42132
63582,50268
63582,51974
63582,44914
63582,63188
63582,57414
63582,59396
63582,44660
63582,62376
63582,53046
63582,54864
63582,48980
63582,55798
63582,62400
63582,10790
63582,44664
63582,52620
183390,61364
183390,61542
183390,50270
183390,11262
183390,50716
183390,36720
183390,124
183390,60
183390,3382
183390,1372
183390,59816
183390,51974
183390,63186
183390,63418
183390,44660
183390,62170
183390,62376
183390,36762
183390,55798
183390,10790
183390,44664
183390,52620
183390,58504
203328,61364
203328,61542
203328,11262
203328,50716
203328,57804
203328,11490
203328,3382
203328,59816
203328,51974
203328,59396
203328,63186
203328,63418
203328,44660
203328,62170
203328,62376
203328,36762
203328,55798
203328,62400
203328,10790
203328,44664
203328,52620
203328,58504
212478,61364
212478,61542
212478,11262
212478,50716
212478,57804
212478,11490
212478,3382
212478,1372
212478,59816
212478,51974
212478,63186
212478,63418
212478,44660
212478,62170
212478,62376
212478,36762
212478,55798
212478,10790
212478,44664
212478,52620
212478,58504
207084,61364
207084,61542
207084,11262
207084,50716
207084,57804
207084,11490
207084,3382
207084,1372
207084,59816
207084,50272
207084,49888
207084,60978
207084,10652
207084,42132
207084,51316
207084,53406
207084,44914
207084,63188
207084,62944
207084,32496
207084,55632
207084,57414
207084,63186
207084,56696
207084,63418
207084,44660
207084,62170
207084,62376
207084,53046
207084,63538
207084,36762
207084,55798
207084,62400
207084,62378
207084,63540
207084,45912
207084,44644
207084,10790
207084,44664
207084,52620
207084,62860
209799,61364
209799,1370
209799,56714
209799,61542
209799,11262
209799,35732
209799,50716
209799,36720
209799,57804
209799,62074
209799,16358
209799,124
209799,52918
209799,60
209799,3382
209799,61558
209799,59816
209799,50272
209799,49888
209799,60978
209799,10652
209799,42132
209799,51316
209799,53406
209799,50724
209799,44914
209799,63188
209799,62944
209799,32496
209799,55632
209799,57414
209799,63186
209799,56696
209799,63418
209799,44660
209799,62170
209799,62376
209799,53046
209799,63538
209799,36762
209799,55798
209799,62400
209799,62378
209799,63540
209799,45912
209799,44644
209799,10790
209799,44664
209799,52620
209799,62860
221526,61364
221526,1370
221526,56714
221526,61542
221526,11262
221526,35732
221526,50716
221526,36720
221526,57804
221526,62074
221526,16358
221526,124
221526,52918
221526,60
221526,3382
221526,61558
221526,59816
221526,59822
221526,50272
221526,49888
221526,53160
221526,60978
221526,46632
221526,10652
221526,42132
221526,51316
221526,53406
221526,44914
221526,53386
221526,63188
221526,62944
221526,32496
221526,55632
221526,57414
221526,59396
221526,63186
221526,56696
221526,63418
221526,44660
221526,62170
221526,62376
221526,53046
221526,63538
221526,36762
221526,55798
221526,53394
221526,62400
221526,62378
221526,63540
221526,45912
221526,44644
221526,57522
221526,10790
221526,44664
221526,59776
221526,52620
221526,62860
221526,58504
155106,61364
155106,1370
155106,56714
155106,61672
155106,61542
155106,50270
155106,11262
155106,35732
155106,48574
155106,50716
155106,36720
155106,57804
155106,62074
155106,16358
155106,124
155106,52918
155106,50274
155106,60
155106,3382
155106,61558
155106,1372
155106,59816
155106,59822
155106,50272
155106,49888
155106,53160
155106,60978
155106,46632
155106,10652
155106,42132
155106,51316
155106,53406
155106,44914
155106,53386
155106,63188
155106,62944
155106,32496
155106,55632
155106,57414
155106,59396
155106,63186
155106,56696
155106,63418
155106,44660
155106,62170
155106,62376
155106,53046
155106,63538
155106,36762
155106,55798
155106,53394
155106,62400
155106,62378
155106,63540
155106,45912
155106,44644
155106,57522
155106,10790
155106,44664
155106,59776
155106,52620
155106,62860
155106,58504
184509,61364
184509,1370
184509,56714
184509,61672
184509,61542
184509,50270
184509,11262
184509,35732
184509,48574
184509,50716
184509,36720
184509,57804
184509,62074
184509,16358
184509,124
184509,52918
184509,50274
184509,60
184509,3382
184509,61558
184509,1372
184509,59816
184509,59822
184509,50272
184509,49888
184509,53160
184509,60978
184509,46632
184509,10652
184509,42132
184509,51316
184509,53406
184509,44914
184509,53386
184509,63188
184509,62944
184509,32496
184509,55632
184509,57414
184509,59396
184509,63186
184509,56696
184509,63418
184509,44660
184509,62170
184509,62376
184509,53046
184509,63538
184509,36762
184509,55798
184509,53394
184509,62400
184509,62378
184509,63540
184509,45912
184509,44644
184509,57522
184509,10790
184509,44664
184509,59776
184509,52620
184509,62860
184509,58504
224874,61364
224874,1370
224874,56714
224874,61672
224874,61542
224874,50270
224874,11262
224874,35732
224874,48574
224874,50716
224874,36720
224874,57804
224874,62074
224874,16358
224874,124
224874,52918
224874,50274
224874,60
224874,3382
224874,61558
224874,1372
224874,59816
224874,51974
224874,63186
224874,63418
224874,44660
224874,62170
224874,62376
224874,36762
224874,55798
224874,10790
224874,44664
224874,52620
224874,58504
154068,61364
154068,61542
154068,11262
154068,50716
154068,57804
154068,11490
154068,3382
154068,1372
154068,59816
154068,59822
154068,50272
154068,1304
154068,37644
154068,49888
154068,53160
154068,60978
154068,35846
154068,46632
154068,10652
154068,42132
154068,51316
154068,53406
154068,50720
154068,44914
154068,61560
154068,53386
154068,63188
154068,62944
154068,59394
154068,63510
154068,55632
154068,57414
154068,63220
154068,63186
154068,50718
154068,63418
154068,44660
154068,62170
154068,61540
154068,62376
154068,53046
154068,63538
154068,36762
154068,55798
154068,53394
154068,62618
154068,62616
154068,62400
154068,62378
154068,63540
154068,45912
154068,44644
154068,55638
154068,10790
154068,44664
154068,59776
154068,53048
154068,52620
154068,62276
154068,62860
154068,56484
154068,48694
154068,53258
154068,58504
154881,61364
154881,1370
154881,30500
154881,56714
154881,61672
154881,61542
154881,11262
154881,35732
154881,48574
154881,61552
154881,50716
154881,36720
154881,34092
154881,57804
154881,60522
154881,62074
154881,16358
154881,124
154881,52918
154881,33886
154881,50274
154881,60
154881,3382
154881,10808
154881,61558
154881,1372
154881,54290
154881,48298
154881,59816
154881,50272
154881,49888
154881,60978
154881,10652
154881,42132
154881,51316
154881,53406
154881,50724
154881,44914
154881,63188
154881,62944
154881,32496
154881,55632
154881,57414
154881,63186
154881,50718
154881,56696
154881,63418
154881,44660
154881,62170
154881,62376
154881,53046
154881,63538
154881,36762
154881,55798
154881,62400
154881,62378
154881,63540
154881,45912
154881,44644
154881,10790
154881,44664
154881,52620
154881,62860
186933,61364
186933,1370
186933,56714
186933,61542
186933,11262
186933,35732
186933,50716
186933,36720
186933,57804
186933,62074
186933,16358
186933,124
186933,52918
186933,60
186933,3382
186933,61558
186933,59816
186933,50968
186933,10652
186933,44914
186933,50970
186933,36722
186933,53386
186933,63188
186933,59394
186933,55632
186933,59396
186933,63418
186933,44660
186933,61540
186933,62618
186933,53256
186933,57522
186933,55638
186933,59776
186933,62276
186933,62860
186933,1206
186933,58504
222438,1370
222438,61672
222438,35732
222438,48574
222438,39186
222438,60522
222438,62074
222438,50272
222438,49888
222438,53160
222438,50968
222438,51316
222438,53406
222438,53386
222438,63188
222438,63510
222438,32496
222438,63360
222438,62274
222438,44660
222438,62170
222438,62376
222438,36762
222438,55798
222438,62616
222438,62400
222438,44644
222438,57522
222438,55638
222438,59776
222438,62276
222438,62860
222438,58504
158016,61364
158016,1370
158016,61672
158016,61348
158016,50270
158016,11262
158016,35732
158016,48574
158016,61552
158016,39186
158016,60522
158016,124
158016,52918
158016,33886
158016,3382
158016,10808
158016,61558
158016,48298
158016,50272
158016,37644
158016,49888
158016,53160
158016,50968
158016,46632
158016,10652
158016,42132
158016,51316
158016,53406
158016,50720
158016,61560
158016,50970
158016,36722
158016,53386
158016,63188
158016,62944
158016,63510
158016,32496
158016,55632
158016,63360
158016,62274
158016,44660
158016,62170
158016,63136
158016,62376
158016,53046
158016,36762
158016,54864
158016,55798
158016,62614
158016,53394
158016,62616
158016,62400
158016,53256
158016,57522
158016,55638
158016,59776
158016,53048
158016,50962
158016,62276
158016,62860
158016,56484
158016,1206
158016,58504
153309,57804
153309,60522
153309,50274
153309,60
153309,10808
153309,50272
153309,53160
153309,51316
153309,53406
153309,50718
153309,55798
153309,62616
153309,10790
153309,62860
153309,58504
186216,61364
186216,1370
186216,30500
186216,56714
186216,61672
186216,61348
186216,50270
186216,54096
186216,11262
186216,35732
186216,48574
186216,61552
186216,39186
186216,57804
186216,60522
186216,62074
186216,44302
186216,124
186216,52918
186216,33886
186216,50274
186216,60
186216,10808
186216,61558
186216,54290
186216,59822
186216,50272
186216,1304
186216,49888
186216,53160
186216,50968
186216,35846
186216,46632
186216,10652
186216,42132
186216,51316
186216,53406
186216,50720
186216,50724
186216,44914
186216,61560
186216,50970
186216,36722
186216,53386
186216,63188
186216,59394
186216,63510
186216,32496
186216,55632
186216,57414
186216,63360
186216,59396
186216,62274
186216,63186
186216,56696
186216,63418
186216,44660
186216,62170
186216,63136
186216,61540
186216,62376
186216,53046
186216,36762
186216,54864
186216,55798
186216,62614
186216,53394
186216,62618
186216,62616
186216,62400
186216,63540
186216,53256
186216,44644
186216,57522
186216,55638
186216,44664
186216,59776
186216,53048
186216,52620
186216,50962
186216,62276
186216,62860
186216,44662
186216,56484
186216,1206
186216,53258
186216,58504
208536,61280
208536,60522
208536,50272
208536,63540
208536,44644
208536,44664
208536,62860
224841,54096
224841,35732
224841,50716
224841,60522
224841,62074
224841,1372
224841,50272
224841,49888
224841,50968
224841,51316
224841,53406
224841,63510
224841,63360
224841,59396
224841,50718
224841,44660
224841,62170
224841,62400
224841,53256
224841,44644
224841,44664
224841,62860
224841,58504
235932,50716
235932,34092
235932,60522
235932,50272
235932,49888
235932,50968
235932,51316
235932,33534
235932,53406
235932,63510
235932,63360
235932,59396
235932,44660
235932,62170
235932,63538
235932,63540
235932,53256
235932,44644
235932,10790
235932,62860
235932,58504
207600,1370
207600,35732
207600,48574
207600,39186
207600,34092
207600,60522
207600,62074
207600,10808
207600,50272
207600,49888
207600,53160
207600,50968
207600,51316
207600,33534
207600,53406
207600,61560
207600,63510
207600,63360
207600,59396
207600,62274
207600,44660
207600,62170
207600,62376
207600,36762
207600,48980
207600,62616
207600,62400
207600,44644
207600,10790
207600,62860
207600,58504
210393,1370
210393,50270
210393,48574
210393,34092
210393,60522
210393,62074
210393,50272
210393,49888
210393,53160
210393,50968
210393,51316
210393,33534
210393,53406
210393,61560
210393,63510
210393,63360
210393,59396
210393,62274
210393,44660
210393,62170
210393,62376
210393,36762
210393,48980
210393,62616
210393,44644
210393,10790
210393,62860
210393,58504
165762,50270
165762,34092
165762,60522
165762,62074
165762,50272
165762,50968
165762,51316
165762,33534
165762,53406
165762,63510
165762,62170
165762,48980
165762,62616
165762,10790
165762,62860
165762,58504
72900,61364
72900,1370
72900,30500
72900,56714
72900,61672
72900,61348
72900,50270
72900,54096
72900,11262
72900,35732
72900,48574
72900,61552
72900,50716
72900,36720
72900,39186
72900,34092
72900,57804
72900,60522
72900,62074
72900,16358
72900,44302
72900,11490
72900,124
72900,52918
72900,33886
72900,50274
72900,60
72900,3382
72900,10808
72900,61558
72900,1372
72900,54290
72900,59822
72900,50272
72900,1304
72900,49888
72900,53160
72900,50968
72900,35846
72900,46632
72900,10652
72900,42132
72900,51316
72900,50268
72900,53406
72900,51974
72900,50720
72900,50724
72900,44914
72900,61560
72900,50970
72900,36722
72900,61028
72900,53386
72900,63188
72900,59394
72900,63510
72900,32496
72900,55632
72900,57414
72900,63360
72900,63218
72900,59396
72900,62274
72900,63220
72900,63186
72900,50718
72900,56696
72900,63418
72900,44660
72900,62170
72900,63136
72900,61540
72900,62376
72900,53046
72900,63538
72900,36762
72900,54864
72900,48980
72900,55798
72900,62614
72900,53394
72900,62618
72900,62616
72900,62400
72900,62378
72900,63540
72900,53256
72900,45912
72900,44644
72900,57522
72900,55638
72900,44664
72900,59776
72900,53048
72900,52620
72900,50962
72900,62276
72900,62860
72900,44662
72900,56484
72900,1206
72900,48694
72900,53258
72900,58504
161787,61364
161787,1370
161787,30500
161787,56714
161787,61672
161787,61348
161787,50270
161787,54096
161787,11262
161787,35732
161787,48574
161787,61552
161787,39186
161787,34092
161787,60522
161787,62074
161787,16358
161787,44302
161787,124
161787,52918
161787,33886
161787,50274
161787,60
161787,3382
161787,10808
161787,61558
161787,59822
161787,50272
161787,1304
161787,49888
161787,53160
161787,50968
161787,35846
161787,46632
161787,42132
161787,51316
161787,53406
161787,51974
161787,50720
161787,50724
161787,44914
161787,61560
161787,50970
161787,36722
161787,61028
161787,53386
161787,63188
161787,59394
161787,63510
161787,55632
161787,57414
161787,63360
161787,59396
161787,62274
161787,63220
161787,63186
161787,56696
161787,44660
161787,62170
161787,63136
161787,61540
161787,62376
161787,53046
161787,36762
161787,54864
161787,48980
161787,55798
161787,62614
161787,53394
161787,62618
161787,62616
161787,62400
161787,63540
161787,53256
161787,45912
161787,44644
161787,57522
161787,55638
161787,44664
161787,59776
161787,53048
161787,52620
161787,50962
161787,62276
161787,62860
161787,44662
161787,56484
161787,1206
161787,48694
161787,53258
161787,58504
208347,1370
208347,50270
208347,35732
208347,48574
208347,39186
208347,60522
208347,62074
208347,1372
208347,50272
208347,37644
208347,49888
208347,50968
208347,51316
208347,33534
208347,53406
208347,61560
208347,63510
208347,63360
208347,59396
208347,62274
208347,44660
208347,62376
208347,36762
208347,48980
208347,62616
208347,62400
208347,44644
208347,10790
208347,50962
208347,62860
208347,58504
208500,1370
208500,61672
208500,50270
208500,35732
208500,48574
208500,61552
208500,39186
208500,61280
208500,60522
208500,52918
208500,33886
208500,3382
208500,10808
208500,61558
208500,50272
208500,37644
208500,49888
208500,53160
208500,50968
208500,46632
208500,10652
208500,42132
208500,51316
208500,53406
208500,61560
208500,50970
208500,36722
208500,53386
208500,63188
208500,63510
208500,32496
208500,63360
208500,62274
208500,62170
208500,63136
208500,62376
208500,36762
208500,55798
208500,62614
208500,62616
208500,62400
208500,53256
208500,57522
208500,55638
208500,59776
208500,53048
208500,62276
208500,62860
208500,56484
208500,58504
208575,48574
208575,60522
208575,50272
208575,53160
208575,46632
208575,51316
208575,53406
208575,61560
208575,63510
208575,32496
208575,62170
208575,36762
208575,55798
208575,53256
208575,55638
208575,62860
208575,1206
208575,58504
231414,1370
231414,48574
231414,34092
231414,60522
231414,50272
231414,37644
231414,49888
231414,53160
231414,50968
231414,51316
231414,33534
231414,53406
231414,63510
231414,32496
231414,63360
231414,44660
231414,62170
231414,36762
231414,55798
231414,62616
231414,53256
231414,44644
231414,55638
231414,44664
231414,62860
231414,58504
181860,61364
181860,1370
181860,61672
181860,61348
181860,50270
181860,11262
181860,35732
181860,48574
181860,61552
181860,39186
181860,60522
181860,124
181860,52918
181860,33886
181860,3382
181860,10808
181860,61558
181860,48298
181860,50272
181860,37644
181860,49888
181860,53160
181860,50968
181860,46632
181860,10652
181860,42132
181860,51316
181860,53406
181860,50720
181860,61560
181860,50970
181860,36722
181860,53386
181860,63188
181860,62944
181860,63510
181860,32496
181860,55632
181860,63360
181860,62274
181860,44660
181860,62170
181860,63136
181860,62376
181860,53046
181860,36762
181860,54864
181860,55798
181860,62614
181860,53394
181860,62616
181860,62400
181860,53256
181860,57522
181860,55638
181860,59776
181860,53048
181860,50962
181860,62276
181860,62860
181860,56484
181860,1206
181860,58504
210690,61364
210690,1370
210690,30500
210690,56714
210690,61672
210690,61348
210690,50270
210690,54096
210690,11262
210690,35732
210690,48574
210690,61552
210690,36720
210690,39186
210690,60522
210690,124
210690,52918
210690,33886
210690,50274
210690,3382
210690,10808
210690,61558
210690,48298
210690,59822
210690,50272
210690,37644
210690,49888
210690,53160
210690,50968
210690,35846
210690,46632
210690,10652
210690,42132
210690,51316
210690,53406
210690,50720
210690,50724
210690,61560
210690,50970
210690,36722
210690,53386
210690,63188
210690,62944
210690,59394
210690,63510
210690,32496
210690,55632
210690,57414
210690,63360
210690,63218
210690,62274
210690,56696
210690,63418
210690,44660
210690,62170
210690,63136
210690,61540
210690,62376
210690,53046
210690,36762
210690,54864
210690,55798
210690,62614
210690,53394
210690,62618
210690,62616
210690,62400
210690,63540
210690,53256
210690,57522
210690,55638
210690,59776
210690,53048
210690,52620
210690,50962
210690,62276
210690,62860
210690,44662
210690,56484
210690,1206
210690,53258
210690,58504
236655,61364
236655,1370
236655,30500
236655,56714
236655,61672
236655,61348
236655,50270
236655,54096
236655,11262
236655,35732
236655,48574
236655,61552
236655,36720
236655,39186
236655,60522
236655,124
236655,52918
236655,33886
236655,50274
236655,3382
236655,10808
236655,61558
236655,48298
236655,59822
236655,50272
236655,37644
236655,49888
236655,53160
236655,50968
236655,35846
236655,46632
236655,10652
236655,42132
236655,51316
236655,53406
236655,50720
236655,50724
236655,61560
236655,50970
236655,36722
236655,53386
236655,63188
236655,62944
236655,59394
236655,63510
236655,32496
236655,55632
236655,57414
236655,63360
236655,63218
236655,62274
236655,56696
236655,63418
236655,44660
236655,62170
236655,63136
236655,61540
236655,62376
236655,53046
236655,36762
236655,54864
236655,55798
236655,62614
236655,53394
236655,62618
236655,62616
236655,62400
236655,63540
236655,53256
236655,57522
236655,55638
236655,59776
236655,53048
236655,52620
236655,50962
236655,62276
236655,62860
236655,44662
236655,56484
236655,1206
236655,53258
236655,58504
129204,61364
129204,1370
129204,61348
129204,50270
129204,11262
129204,35732
129204,61552
129204,39186
129204,61280
129204,60522
129204,124
129204,52918
129204,33886
129204,50274
129204,3382
129204,10808
129204,61558
129204,48298
129204,50272
129204,37644
129204,49888
129204,53160
129204,50968
129204,10652
129204,42132
129204,51316
129204,53406
129204,50720
129204,50724
129204,61560
129204,50970
129204,36722
129204,53386
129204,63188
129204,63510
129204,32496
129204,55632
129204,63360
129204,62274
129204,62170
129204,62376
129204,53046
129204,36762
129204,54864
129204,55798
129204,53394
129204,62616
129204,62400
129204,53256
129204,57522
129204,55638
129204,59776
129204,62276
129204,62860
129204,56484
129204,1206
129204,58504
198279,48574
198279,36720
198279,57804
198279,60522
198279,52918
198279,33886
198279,3382
198279,10808
198279,61558
198279,48298
198279,50272
198279,50968
198279,42132
198279,51316
198279,53406
198279,50724
198279,53386
198279,63188
198279,63510
198279,32496
198279,55632
198279,62274
198279,63220
198279,62170
198279,36762
198279,55798
198279,62616
198279,55638
198279,59776
198279,52620
198279,62276
198279,62860
198279,58504
25743,61348
25743,11262
25743,48574
25743,36720
25743,57804
25743,60522
25743,52918
25743,33886
25743,50274
25743,3382
25743,10808
25743,61558
25743,59822
25743,50272
25743,37644
25743,53160
25743,50968
25743,46632
25743,42132
25743,51316
25743,53406
25743,50724
25743,50970
25743,36722
25743,53386
25743,63188
25743,63510
25743,32496
25743,55632
25743,63220
25743,62170
25743,62376
25743,36762
25743,54864
25743,55798
25743,62616
25743,62400
25743,62378
25743,55638
25743,52620
25743,50962
25743,62276
25743,62860
25743,58504
212442,1370
212442,50270
212442,61280
212442,60522
212442,33886
212442,3382
212442,10808
212442,61558
212442,48298
212442,50272
212442,37644
212442,49888
212442,53160
212442,50968
212442,10652
212442,42132
212442,51316
212442,53406
212442,50724
212442,61560
212442,50970
212442,36722
212442,63510
212442,32496
212442,55632
212442,63360
212442,63220
212442,62170
212442,62376
212442,36762
212442,55798
212442,62616
212442,62400
212442,57522
212442,55638
212442,59776
212442,52620
212442,62860
212442,56484
212442,58504
230091,48574
230091,36720
230091,57804
230091,60522
230091,52918
230091,33886
230091,3382
230091,10808
230091,61558
230091,48298
230091,50272
230091,50968
230091,42132
230091,51316
230091,53406
230091,50724
230091,53386
230091,63188
230091,63510
230091,32496
230091,55632
230091,62274
230091,63220
230091,62170
230091,36762
230091,55798
230091,62616
230091,55638
230091,59776
230091,52620
230091,62276
230091,62860
230091,58504
129153,61348
129153,11262
129153,48574
129153,61552
129153,36720
129153,39186
129153,57804
129153,60522
129153,52918
129153,33886
129153,50274
129153,3382
129153,10808
129153,61558
129153,59822
129153,50272
129153,49888
129153,53160
129153,50968
129153,46632
129153,42132
129153,51316
129153,53406
129153,50724
129153,50970
129153,36722
129153,53386
129153,63188
129153,63510
129153,32496
129153,63220
129153,62170
129153,62376
129153,36762
129153,54864
129153,55798
129153,62614
129153,62616
129153,62400
129153,62378
129153,53256
129153,55638
129153,59776
129153,53048
129153,52620
129153,50962
129153,62276
129153,62860
129153,58504
220011,61364
220011,1370
220011,61672
220011,61348
220011,50270
220011,11262
220011,35732
220011,48574
220011,61552
220011,39186
220011,60522
220011,124
220011,52918
220011,33886
220011,3382
220011,10808
220011,61558
220011,48298
220011,50272
220011,1304
220011,37644
220011,49888
220011,53160
220011,50968
220011,46632
220011,10652
220011,42132
220011,51316
220011,53406
220011,50720
220011,61560
220011,50970
220011,36722
220011,53386
220011,63188
220011,62944
220011,63510
220011,32496
220011,55632
220011,63360
220011,62274
220011,44660
220011,62170
220011,63136
220011,62376
220011,53046
220011,36762
220011,54864
220011,55798
220011,62614
220011,53394
220011,62616
220011,62400
220011,53256
220011,57522
220011,55638
220011,59776
220011,53048
220011,50962
220011,62276
220011,62860
220011,56484
220011,1206
220011,58504
208518,61348
208518,11262
208518,48574
208518,61552
208518,36720
208518,39186
208518,57804
208518,60522
208518,52918
208518,33886
208518,50274
208518,3382
208518,10808
208518,61558
208518,48298
208518,59822
208518,50272
208518,37644
208518,46632
208518,10652
208518,42132
208518,51316
208518,33534
208518,53406
208518,50724
208518,50970
208518,36722
208518,53386
208518,63188
208518,63510
208518,32496
208518,55632
208518,63220
208518,62170
208518,62376
208518,36762
208518,54864
208518,55798
208518,62614
208518,62616
208518,62400
208518,44644
208518,55638
208518,59776
208518,53048
208518,52620
208518,62276
208518,62860
208518,58504
210846,61364
210846,1370
210846,61672
210846,61348
210846,50270
210846,11262
210846,35732
210846,48574
210846,61552
210846,39186
210846,60522
210846,124
210846,52918
210846,33886
210846,3382
210846,10808
210846,61558
210846,48298
210846,50272
210846,37644
210846,49888
210846,53160
210846,50968
210846,46632
210846,10652
210846,42132
210846,51316
210846,53406
210846,50720
210846,61560
210846,50970
210846,36722
210846,53386
210846,63188
210846,62944
210846,63510
210846,32496
210846,55632
210846,63360
210846,62274
210846,44660
210846,62170
210846,63136
210846,62376
210846,53046
210846,36762
210846,54864
210846,55798
210846,62614
210846,53394
210846,62616
210846,62400
210846,53256
210846,57522
210846,55638
210846,59776
210846,53048
210846,50962
210846,62276
210846,62860
210846,56484
210846,1206
210846,58504
155097,1370
155097,61348
155097,50270
155097,11262
155097,60522
155097,124
155097,52918
155097,33886
155097,3382
155097,10808
155097,61558
155097,48298
155097,50272
155097,37644
155097,49888
155097,53160
155097,50968
155097,10652
155097,42132
155097,51316
155097,53406
155097,50724
155097,61560
155097,50970
155097,36722
155097,63510
155097,32496
155097,55632
155097,63360
155097,63220
155097,62170
155097,62376
155097,53046
155097,36762
155097,54864
155097,55798
155097,62616
155097,62400
155097,57522
155097,55638
155097,59776
155097,52620
155097,62276
155097,62860
155097,56484
155097,1206
155097,58504
232068,48574
232068,36720
232068,57804
232068,60522
232068,52918
232068,33886
232068,3382
232068,10808
232068,61558
232068,48298
232068,50272
232068,50968
232068,42132
232068,51316
232068,53406
232068,50724
232068,53386
232068,63188
232068,63510
232068,32496
232068,55632
232068,62274
232068,63220
232068,62170
232068,36762
232068,55798
232068,62616
232068,55638
232068,59776
232068,52620
232068,62276
232068,62860
232068,58504
238377,61364
238377,1370
238377,61672
238377,61348
238377,50270
238377,11262
238377,35732
238377,48574
238377,61552
238377,39186
238377,60522
238377,124
238377,52918
238377,33886
238377,3382
238377,10808
238377,61558
238377,48298
238377,50272
238377,37644
238377,49888
238377,53160
238377,50968
238377,46632
238377,10652
238377,42132
238377,51316
238377,53406
238377,50720
238377,61560
238377,50970
238377,36722
238377,53386
238377,63188
238377,62944
238377,63510
238377,32496
238377,55632
238377,63360
238377,62274
238377,44660
238377,62170
238377,63136
238377,62376
238377,53046
238377,36762
238377,54864
238377,55798
238377,62614
238377,53394
238377,62616
238377,62400
238377,53256
238377,57522
238377,55638
238377,59776
238377,53048
238377,50962
238377,62276
238377,62860
238377,56484
238377,1206
238377,58504
158685,61348
158685,11262
158685,48574
158685,61552
158685,36720
158685,39186
158685,57804
158685,60522
158685,52918
158685,33886
158685,50274
158685,3382
158685,10808
158685,61558
158685,48298
158685,59822
158685,50272
158685,37644
158685,46632
158685,10652
158685,42132
158685,51316
158685,33534
158685,53406
158685,50724
158685,50970
158685,36722
158685,53386
158685,63188
158685,63510
158685,32496
158685,55632
158685,63220
158685,62170
158685,62376
158685,36762
158685,54864
158685,55798
158685,62614
158685,62616
158685,62400
158685,44644
158685,55638
158685,59776
158685,53048
158685,52620
158685,50962
158685,62276
158685,62860
158685,58504
175809,48574
175809,60522
175809,50272
175809,49888
175809,53160
175809,46632
175809,51316
175809,53406
175809,61560
175809,63510
175809,32496
175809,62170
175809,36762
175809,55798
175809,62616
175809,53256
175809,55638
175809,62276
175809,62860
175809,1206
175809,58504
203310,1370
203310,61672
203310,35732
203310,48574
203310,39186
203310,60522
203310,62074
203310,50272
203310,49888
203310,53160
203310,50968
203310,51316
203310,53406
203310,53386
203310,63188
203310,63510
203310,32496
203310,63360
203310,62274
203310,44660
203310,62170
203310,62376
203310,36762
203310,55798
203310,62616
203310,62400
203310,44644
203310,57522
203310,55638
203310,59776
203310,62276
203310,62860
203310,58504
211533,1370
211533,61672
211533,35732
211533,39186
211533,60522
211533,62074
211533,50272
211533,49888
211533,53160
211533,50968
211533,51316
211533,53406
211533,53386
211533,63188
211533,63510
211533,32496
211533,63360
211533,62274
211533,44660
211533,62170
211533,62376
211533,36762
211533,55798
211533,62616
211533,62400
211533,44644
211533,57522
211533,55638
211533,59776
211533,62276
211533,62860
211533,58504
238218,61364
238218,1370
238218,30500
238218,56714
238218,61672
238218,61348
238218,50270
238218,54096
238218,11262
238218,35732
238218,48574
238218,61552
238218,39186
238218,34092
238218,60522
238218,62074
238218,16358
238218,44302
238218,124
238218,52918
238218,33886
238218,50274
238218,60
238218,3382
238218,10808
238218,61558
238218,1372
238218,59822
238218,50272
238218,1304
238218,49888
238218,53160
238218,50968
238218,35846
238218,46632
238218,42132
238218,51316
238218,53406
238218,51974
238218,50720
238218,50724
238218,44914
238218,61560
238218,50970
238218,36722
238218,53386
238218,63188
238218,59394
238218,63510
238218,55632
238218,57414
238218,63360
238218,59396
238218,62274
238218,63220
238218,63186
238218,56696
238218,44660
238218,62170
238218,63136
238218,61540
238218,62376
238218,53046
238218,36762
238218,54864
238218,55798
238218,62614
238218,53394
238218,62618
238218,62616
238218,62400
238218,63540
238218,53256
238218,45912
238218,44644
238218,57522
238218,55638
238218,44664
238218,59776
238218,53048
238218,52620
238218,50962
238218,62276
238218,62860
238218,44662
238218,56484
238218,1206
238218,48694
238218,53258
238218,58504
203439,1370
203439,61672
203439,61348
203439,11262
203439,48574
203439,61552
203439,36720
203439,39186
203439,60522
203439,124
203439,52918
203439,10808
203439,61558
203439,48298
203439,50272
203439,37644
203439,49888
203439,53160
203439,50968
203439,46632
203439,10652
203439,51316
203439,33534
203439,53406
203439,61560
203439,53386
203439,63188
203439,63510
203439,32496
203439,63360
203439,62274
203439,62170
203439,62376
203439,53046
203439,36762
203439,54864
203439,55798
203439,62614
203439,62616
203439,62400
203439,57522
203439,55638
203439,59776
203439,50962
203439,62276
203439,62860
203439,1206
203439,58504
128901,61364
128901,1370
128901,61672
128901,61348
128901,50270
128901,11262
128901,35732
128901,48574
128901,61552
128901,39186
128901,60522
128901,124
128901,52918
128901,33886
128901,3382
128901,10808
128901,61558
128901,48298
128901,50272
128901,37644
128901,49888
128901,53160
128901,50968
128901,46632
128901,10652
128901,42132
128901,51316
128901,53406
128901,50720
128901,61560
128901,50970
128901,36722
128901,53386
128901,63188
128901,62944
128901,63510
128901,32496
128901,55632
128901,63360
128901,62274
128901,44660
128901,62170
128901,63136
128901,62376
128901,53046
128901,36762
128901,54864
128901,55798
128901,62614
128901,53394
128901,62616
128901,62400
128901,53256
128901,57522
128901,55638
128901,59776
128901,53048
128901,50962
128901,62276
128901,62860
128901,56484
128901,1206
128901,58504
164661,61364
164661,1370
164661,30500
164661,56714
164661,61672
164661,61348
164661,61542
164661,50270
164661,54096
164661,11262
164661,35732
164661,48574
164661,61552
164661,36720
164661,39186
164661,57804
164661,60522
164661,62074
164661,124
164661,52918
164661,33886
164661,50274
164661,60
164661,3382
164661,10808
164661,61558
164661,48298
164661,59822
164661,50272
164661,37644
164661,49888
164661,53160
164661,50968
164661,35846
164661,46632
164661,10652
164661,42132
164661,51316
164661,50268
164661,53406
164661,50720
164661,50724
164661,44914
164661,61560
164661,50970
164661,36722
164661,53386
164661,63188
164661,62944
164661,59394
164661,63510
164661,32496
164661,55632
164661,57414
164661,63360
164661,63218
164661,59396
164661,62274
164661,63186
164661,56696
164661,63418
164661,44660
164661,62170
164661,63136
164661,61540
164661,62376
164661,53046
164661,63538
164661,36762
164661,54864
164661,55798
164661,62614
164661,53394
164661,62618
164661,62616
164661,62400
164661,63540
164661,53256
164661,44644
164661,57522
164661,55638
164661,59776
164661,53048
164661,52620
164661,50962
164661,62276
164661,62860
164661,44662
164661,56484
164661,1206
164661,48694
164661,53258
164661,58504
230010,61280
230010,60522
230010,50272
230010,55798
230010,63540
230010,44644
230010,44664
202818,35732
202818,48574
202818,39186
202818,60522
202818,62074
202818,50272
202818,49888
202818,53160
202818,50968
202818,51316
202818,53406
202818,63510
202818,63360
202818,62274
202818,44660
202818,62170
202818,62376
202818,36762
202818,55798
202818,62616
202818,62400
202818,44644
202818,55638
202818,62276
202818,62860
202818,58504
223401,61542
223401,61280
223401,60522
223401,50272
223401,51316
223401,53406
223401,62616
223401,10790
223401,62860
223401,58504
228729,35732
228729,48574
228729,39186
228729,60522
228729,62074
228729,50272
228729,49888
228729,53160
228729,10652
228729,51316
228729,53406
228729,63510
228729,32496
228729,62170
228729,36762
228729,62616
228729,62400
228729,44644
228729,55638
228729,59776
228729,62860
228729,58504
208491,1370
208491,60522
208491,124
208491,52918
208491,33886
208491,10808
208491,61558
208491,48298
208491,50272
208491,50968
208491,10652
208491,51316
208491,53406
208491,63510
208491,32496
208491,55632
208491,63360
208491,62170
208491,53046
208491,36762
208491,55798
208491,62616
208491,53256
208491,57522
208491,55638
208491,62276
208491,62860
208491,1206
208491,58504
207264,1370
207264,61672
207264,50270
207264,35732
207264,48574
207264,61552
207264,39186
207264,61280
207264,60522
207264,52918
207264,33886
207264,3382
207264,10808
207264,61558
207264,50272
207264,37644
207264,49888
207264,53160
207264,50968
207264,46632
207264,10652
207264,42132
207264,51316
207264,53406
207264,61560
207264,50970
207264,36722
207264,53386
207264,63188
207264,63510
207264,32496
207264,63360
207264,62274
207264,62170
207264,63136
207264,62376
207264,36762
207264,55798
207264,62614
207264,62616
207264,62400
207264,53256
207264,57522
207264,55638
207264,59776
207264,53048
207264,62276
207264,62860
207264,56484
207264,58504
208761,35732
208761,39186
208761,60522
208761,62074
208761,1372
208761,50272
208761,1304
208761,50968
208761,51316
208761,53406
208761,63510
208761,44660
208761,62170
208761,48980
208761,62616
208761,62400
208761,44664
208761,62860
208761,44662
208761,58504
240939,35732
240939,39186
240939,60522
240939,62074
240939,1372
240939,50272
240939,1304
240939,50968
240939,51316
240939,53406
240939,63510
240939,44660
240939,62170
240939,48980
240939,55798
240939,62616
240939,62400
240939,44664
240939,62860
240939,44662
240939,58504
164457,48574
164457,34092
164457,50272
164457,1304
164457,49888
164457,50968
164457,46632
164457,51316
164457,53406
164457,63510
164457,32496
164457,63360
164457,44660
164457,62170
164457,36762
164457,55798
164457,62616
164457,53256
164457,44664
164457,62860
164457,58504
208503,48574
208503,60522
208503,50272
208503,49888
208503,53160
208503,51316
208503,53406
208503,63510
208503,32496
208503,62170
208503,36762
208503,62616
208503,53256
208503,55638
208503,62860
208503,58504
212448,61364
212448,1370
212448,61672
212448,61348
212448,50270
212448,11262
212448,35732
212448,48574
212448,61552
212448,39186
212448,60522
212448,124
212448,52918
212448,33886
212448,3382
212448,10808
212448,61558
212448,48298
212448,50272
212448,37644
212448,49888
212448,53160
212448,50968
212448,46632
212448,10652
212448,42132
212448,51316
212448,53406
212448,50720
212448,61560
212448,50970
212448,36722
212448,53386
212448,63188
212448,62944
212448,63510
212448,32496
212448,55632
212448,63360
212448,62274
212448,44660
212448,62170
212448,63136
212448,62376
212448,53046
212448,36762
212448,54864
212448,55798
212448,62614
212448,53394
212448,62616
212448,62400
212448,53256
212448,57522
212448,55638
212448,59776
212448,53048
212448,50962
212448,62276
212448,62860
212448,56484
212448,1206
212448,58504
211407,1370
211407,35732
211407,48574
211407,39186
211407,34092
211407,60522
211407,62074
211407,50272
211407,49888
211407,53160
211407,50968
211407,51316
211407,53406
211407,53386
211407,63188
211407,63510
211407,32496
211407,63360
211407,62274
211407,44660
211407,62170
211407,62376
211407,36762
211407,55798
211407,62616
211407,62400
211407,44644
211407,57522
211407,55638
211407,62276
211407,62860
211407,58504
64272,60522
64272,50272
64272,51316
64272,53406
64272,62170
64272,62616
64272,44664
64272,62860
64272,58504
67335,1370
67335,61672
67335,61348
67335,11262
67335,35732
67335,48574
67335,61552
67335,39186
67335,62074
67335,50272
67335,49888
67335,53160
67335,50968
67335,51316
67335,53406
67335,59394
67335,63510
67335,32496
67335,63360
67335,63218
67335,62274
67335,44660
67335,62170
67335,62376
67335,36762
67335,55798
67335,62616
67335,62400
67335,45912
67335,44644
67335,57522
67335,55638
67335,44664
67335,59776
67335,62276
67335,62860
67335,44662
206811,1370
206811,61672
206811,35732
206811,48574
206811,39186
206811,62074
206811,50272
206811,1304
206811,49888
206811,53160
206811,50968
206811,51316
206811,53406
206811,53386
206811,63188
206811,63510
206811,32496
206811,63360
206811,62274
206811,44660
206811,62170
206811,62376
206811,36762
206811,55798
206811,62616
206811,62400
206811,44644
206811,57522
206811,55638
206811,59776
206811,62276
206811,62860
206811,58504
241203,1370
241203,61672
241203,35732
241203,48574
241203,39186
241203,60522
241203,62074
241203,50272
241203,1304
241203,49888
241203,53160
241203,50968
241203,51316
241203,53406
241203,53386
241203,63188
241203,63510
241203,32496
241203,63360
241203,62274
241203,44660
241203,62170
241203,62376
241203,36762
241203,55798
241203,62616
241203,62400
241203,44644
241203,57522
241203,55638
241203,59776
241203,62276
241203,62860
241203,58504
129264,61364
129264,1370
129264,30500
129264,56714
129264,61672
129264,61348
129264,50270
129264,54096
129264,11262
129264,35732
129264,48574
129264,61552
129264,39186
129264,60522
129264,62074
129264,124
129264,52918
129264,33886
129264,10808
129264,61558
129264,59822
129264,50272
129264,49888
129264,53160
129264,50968
129264,35846
129264,46632
129264,10652
129264,42132
129264,51316
129264,53406
129264,50720
129264,61560
129264,50970
129264,36722
129264,53386
129264,63188
129264,59394
129264,63510
129264,32496
129264,55632
129264,57414
129264,63360
129264,59396
129264,62274
129264,63186
129264,56696
129264,44660
129264,62170
129264,63136
129264,61540
129264,62376
129264,53046
129264,36762
129264,55798
129264,62614
129264,53394
129264,62618
129264,62616
129264,62400
129264,63540
129264,53256
129264,44644
129264,57522
129264,55638
129264,59776
129264,53048
129264,62276
129264,62860
129264,44662
129264,56484
129264,1206
129264,53258
129264,58504
157500,61364
157500,1370
157500,30500
157500,56714
157500,61672
157500,61348
157500,50270
157500,54096
157500,11262
157500,35732
157500,48574
157500,61552
157500,39186
157500,34092
157500,57804
157500,60522
157500,62074
157500,44302
157500,124
157500,52918
157500,33886
157500,50274
157500,60
157500,3382
157500,10808
157500,61558
157500,54290
157500,59822
157500,50272
157500,1304
157500,49888
157500,53160
157500,50968
157500,35846
157500,10652
157500,42132
157500,51316
157500,53406
157500,50720
157500,50724
157500,44914
157500,61560
157500,50970
157500,36722
157500,53386
157500,63188
157500,59394
157500,63510
157500,32496
157500,55632
157500,57414
157500,63360
157500,59396
157500,62274
157500,63186
157500,56696
157500,63418
157500,44660
157500,62170
157500,63136
157500,61540
157500,62376
157500,53046
157500,36762
157500,54864
157500,55798
157500,62614
157500,53394
157500,62618
157500,62616
157500,62400
157500,63540
157500,53256
157500,45912
157500,44644
157500,57522
157500,55638
157500,44664
157500,59776
157500,53048
157500,52620
157500,50962
157500,62276
157500,62860
157500,44662
157500,56484
157500,1206
157500,48694
157500,53258
157500,58504
192144,61364
192144,1370
192144,61672
192144,61348
192144,50270
192144,11262
192144,35732
192144,48574
192144,61552
192144,39186
192144,60522
192144,124
192144,52918
192144,33886
192144,3382
192144,10808
192144,61558
192144,48298
192144,50272
192144,37644
192144,49888
192144,53160
192144,50968
192144,46632
192144,10652
192144,42132
192144,51316
192144,53406
192144,50720
192144,61560
192144,50970
192144,36722
192144,53386
192144,63188
192144,62944
192144,63510
192144,32496
192144,55632
192144,63360
192144,62274
192144,44660
192144,62170
192144,63136
192144,62376
192144,53046
192144,36762
192144,54864
192144,55798
192144,62614
192144,53394
192144,62616
192144,62400
192144,53256
192144,57522
192144,55638
192144,59776
192144,53048
192144,50962
192144,62276
192144,62860
192144,56484
192144,1206
192144,58504
203724,48574
203724,60522
203724,50272
203724,49888
203724,53160
203724,50968
203724,51316
203724,53406
203724,63510
203724,32496
203724,62170
203724,36762
203724,62616
203724,53256
203724,55638
203724,62860
203724,58504
209796,1370
209796,56714
209796,61672
209796,61348
209796,54096
209796,11262
209796,48574
209796,61552
209796,39186
209796,57804
209796,60522
209796,62074
209796,52918
209796,50274
209796,60
209796,3382
209796,10808
209796,61558
209796,59822
209796,50272
209796,49888
209796,53160
209796,50968
209796,46632
209796,42132
209796,51316
209796,33534
209796,53406
209796,44914
209796,61560
209796,50970
209796,36722
209796,53386
209796,63188
209796,59394
209796,63510
209796,32496
209796,62274
209796,63186
209796,56696
209796,62170
209796,63136
209796,61540
209796,36762
209796,54864
209796,55798
209796,62614
209796,62400
209796,53256
209796,44644
209796,55638
209796,59776
209796,52620
209796,50962
209796,62276
209796,62860
209796,58504
238608,1370
238608,61672
238608,35732
238608,39186
238608,62074
238608,50272
238608,1304
238608,49888
238608,53160
238608,50968
238608,51316
238608,53406
238608,53386
238608,63188
238608,63510
238608,32496
238608,63360
238608,62274
238608,44660
238608,62170
238608,62376
238608,36762
238608,55798
238608,62616
238608,62400
238608,44644
238608,57522
238608,55638
238608,59776
238608,62276
238608,62860
238608,58504
208482,34092
208482,50272
208482,49888
208482,53160
208482,50968
208482,46632
208482,51316
208482,53406
208482,63510
208482,32496
208482,63360
208482,44660
208482,62170
208482,48980
208482,55798
208482,62616
208482,44664
208482,62860
208482,1206
208482,58504
189012,61348
189012,36720
189012,34092
189012,57804
189012,52918
189012,1372
189012,59816
189012,37644
189012,49888
189012,50968
189012,50720
189012,55632
189012,57414
189012,62274
189012,61540
225987,11262
225987,36720
225987,62074
225987,11490
225987,59822
225987,50268
225987,61560
225987,59394
225987,63510
225987,63186
225987,63136
225987,54864
225987,48980
225987,55798
225987,62614
225987,53394
225987,62618
225987,62616
225987,62378
225987,63540
225987,53256
225987,45912
225987,44644
225987,57522
225987,44664
225987,53048
225987,50962
225987,62276
225987,44662
225987,1206
225987,48694
225987,58504
140277,61364
140277,30500
140277,56714
140277,61348
140277,11262
140277,61552
140277,50716
140277,36720
140277,34092
140277,57804
140277,61280
140277,60522
140277,62074
140277,11490
140277,52918
140277,50274
140277,60
140277,3382
140277,10808
140277,1372
140277,54290
140277,59816
140277,59822
140277,50272
140277,1304
140277,37644
140277,49888
140277,50968
140277,46632
140277,42132
140277,51316
140277,33534
140277,50268
140277,53406
140277,51974
140277,50724
140277,61560
140277,50970
140277,53386
140277,63188
140277,62944
140277,59394
140277,63510
140277,55632
140277,57414
140277,59396
140277,62274
140277,63186
140277,63418
140277,44660
140277,62170
140277,63136
140277,61540
140277,62376
140277,53046
140277,36762
140277,54864
140277,55798
140277,62616
140277,53256
140277,44644
140277,59776
208821,11262
208821,61552
208821,50716
208821,36720
208821,62074
208821,11490
208821,59822
208821,50272
208821,49888
208821,33534
208821,50268
208821,61560
208821,50970
208821,61028
208821,59394
208821,57414
208821,63218
208821,59396
208821,62274
208821,62170
208821,63136
208821,53046
208821,54864
208821,55798
208821,62618
208821,62616
208821,53256
208821,45912
208821,44644
208821,57522
208821,44664
208821,50962
208821,62276
236775,11262
236775,61552
236775,50716
236775,36720
236775,62074
236775,11490
236775,1372
236775,54290
236775,59816
236775,59822
236775,50272
236775,49888
236775,60978
236775,33534
236775,50268
236775,50720
236775,61560
236775,61028
236775,59394
236775,63510
236775,63360
236775,63218
236775,59396
236775,62274
236775,50718
236775,62170
236775,63136
236775,61540
236775,54864
236775,44644
236775,59776
236775,50962
212571,11262
212571,35732
212571,48574
212571,61552
212571,50716
212571,36720
212571,62074
212571,11490
212571,59822
212571,50272
212571,50268
212571,61560
212571,59394
212571,57414
212571,62274
212571,63136
212571,54864
212571,48980
212571,55798
212571,62614
212571,53394
212571,62618
212571,62616
212571,62400
212571,62378
212571,63540
212571,53256
212571,45912
212571,44644
212571,57522
212571,55638
212571,10790
212571,44664
212571,59776
212571,53048
212571,52620
212571,50962
212571,62276
212571,62860
212571,44662
212571,56484
212571,1206
212571,48694
212571,53258
212571,58504
225654,61364
225654,1370
225654,30500
225654,56714
225654,61672
225654,61348
225654,54096
225654,11262
225654,35732
225654,48574
225654,61552
225654,50716
225654,36720
225654,39186
225654,34092
225654,57804
225654,61280
225654,60522
225654,62074
225654,16358
225654,44302
225654,11490
225654,124
225654,52918
225654,33886
225654,50274
225654,60
225654,3382
225654,10808
225654,1372
225654,54290
225654,48298
225654,59816
225654,59822
225654,50272
225654,1304
225654,37644
225654,49888
225654,53160
225654,50968
225654,60978
225654,35846
225654,46632
225654,10652
225654,42132
225654,51316
225654,33534
225654,50268
225654,53406
225654,51974
225654,50720
225654,50724
225654,44914
225654,61560
225654,50970
225654,36722
225654,61028
225654,53386
225654,63188
225654,62944
225654,59394
225654,63510
225654,32496
225654,55632
225654,57414
225654,63360
225654,63218
225654,59396
225654,62274
225654,63220
225654,63186
225654,50718
225654,56696
225654,63418
225654,44660
225654,62170
225654,63136
225654,61540
225654,62376
225654,53046
225654,63538
225654,36762
225654,54864
225654,55798
225654,62618
225654,62616
225654,53256
225654,45912
225654,44644
225654,57522
225654,44664
225654,50962
225654,62276
153141,11262
153141,61552
153141,50716
153141,36720
153141,62074
153141,11490
153141,1372
153141,54290
153141,59816
153141,59822
153141,50272
153141,49888
153141,60978
153141,33534
153141,50268
153141,50720
153141,61560
153141,61028
153141,59394
153141,63510
153141,63360
153141,63218
153141,59396
153141,62274
153141,50718
153141,62170
153141,63136
153141,61540
153141,54864
153141,45912
153141,44644
153141,44664
153141,50962
153141,62276
183921,11262
183921,61552
183921,50716
183921,36720
183921,62074
183921,11490
183921,59822
183921,49888
183921,60978
183921,33534
183921,50268
183921,50720
183921,61560
183921,61028
183921,59394
183921,63510
183921,63218
183921,62274
183921,62170
183921,63136
183921,54864
183921,55798
183921,62618
183921,62378
183921,45912
183921,44644
183921,57522
183921,44664
183921,52620
183921,50962
183921,1206
183921,48694
183921,53258
212688,1370
212688,30500
212688,56714
212688,61542
212688,11262
212688,48574
212688,61552
212688,50716
212688,36720
212688,57804
212688,61280
212688,60522
212688,62074
212688,11490
212688,52918
212688,60
212688,3382
212688,10808
212688,1372
212688,54290
212688,59822
212688,50272
212688,1304
212688,49888
212688,60978
212688,33534
212688,50268
212688,53406
212688,50720
212688,50724
212688,61560
212688,61028
212688,53386
212688,63188
212688,59394
212688,63510
212688,57414
212688,59396
212688,62274
212688,50718
212688,56696
212688,62170
212688,63136
212688,62376
212688,53046
212688,54864
212688,48980
212688,55798
212688,62614
212688,53394
212688,62618
212688,62616
212688,62378
212688,63540
212688,53256
212688,45912
212688,44644
212688,57522
212688,55638
212688,10790
212688,44664
212688,59776
212688,50962
212688,62276
212688,62860
212688,56484
212688,1206
212688,48694
212688,53258
212688,58504
208485,61364
208485,1370
208485,30500
208485,56714
208485,61672
208485,54096
208485,11262
208485,35732
208485,61552
208485,50716
208485,36720
208485,34092
208485,57804
208485,61280
208485,60522
208485,62074
208485,11490
208485,124
208485,52918
208485,33886
208485,50274
208485,60
208485,3382
208485,10808
208485,61558
208485,1372
208485,54290
208485,59816
208485,59822
208485,1304
208485,37644
208485,49888
208485,53160
208485,50968
208485,60978
208485,35846
208485,46632
208485,10652
208485,42132
208485,51316
208485,33534
208485,50268
208485,53406
208485,51974
208485,50720
208485,50724
208485,44914
208485,61560
208485,50970
208485,36722
208485,53386
208485,63188
208485,62944
208485,59394
208485,63510
208485,55632
208485,57414
208485,63360
208485,63218
208485,59396
208485,62274
208485,63186
208485,50718
208485,56696
208485,63418
208485,44660
208485,62170
208485,63136
208485,61540
208485,62376
208485,53046
208485,63538
208485,36762
208485,54864
208485,55798
208485,62618
208485,62616
208485,53256
208485,45912
208485,44644
208485,57522
208485,44664
208485,50962
208485,62276
225672,11262
225672,61552
225672,50716
225672,36720
225672,62074
225672,11490
225672,1372
225672,54290
225672,59816
225672,59822
225672,50272
225672,49888
225672,60978
225672,33534
225672,50268
225672,50720
225672,61560
225672,61028
225672,59394
225672,63510
225672,63360
225672,63218
225672,59396
225672,62274
225672,50718
225672,62170
225672,63136
225672,61540
225672,54864
225672,50962
203301,11262
203301,62074
203301,11490
203301,50268
203301,59394
203301,63136
203301,48980
203301,55798
203301,62614
203301,53394
203301,62618
203301,62616
203301,62378
203301,63540
203301,53256
203301,45912
203301,44644
203301,57522
203301,44664
203301,59776
203301,50962
203301,62276
203301,62860
203301,44662
203301,1206
203301,48694
203301,53258
203301,58504
208545,61364
208545,1370
208545,30500
208545,56714
208545,61672
208545,54096
208545,11262
208545,35732
208545,61552
208545,50716
208545,36720
208545,34092
208545,57804
208545,60522
208545,62074
208545,11490
208545,124
208545,52918
208545,33886
208545,50274
208545,60
208545,3382
208545,10808
208545,1372
208545,54290
208545,59816
208545,59822
208545,1304
208545,37644
208545,49888
208545,50968
208545,60978
208545,35846
208545,46632
208545,42132
208545,33534
208545,50268
208545,53406
208545,51974
208545,50720
208545,50724
208545,61560
208545,50970
208545,61028
208545,53386
208545,63188
208545,62944
208545,59394
208545,63510
208545,55632
208545,57414
208545,63360
208545,63218
208545,59396
208545,62274
208545,63186
208545,50718
208545,56696
208545,63418
208545,44660
208545,62170
208545,63136
208545,61540
208545,62376
208545,53046
208545,63538
208545,36762
208545,54864
208545,55798
208545,62618
208545,45912
208545,44644
208545,44664
208545,50962
208545,62276
212337,11262
212337,35732
212337,61552
212337,50716
212337,36720
212337,62074
212337,11490
212337,1372
212337,54290
212337,59822
212337,50272
212337,49888
212337,60978
212337,33534
212337,50268
212337,50720
212337,61560
212337,61028
212337,59394
212337,63510
212337,63218
212337,59396
212337,62274
212337,50718
212337,62170
212337,63136
212337,54864
212337,55798
212337,44644
212337,62276
207390,11262
207390,48574
207390,61552
207390,50716
207390,36720
207390,62074
207390,11490
207390,59822
207390,50272
207390,49888
207390,60978
207390,33534
207390,50268
207390,61560
207390,61028
207390,59394
207390,63510
207390,57414
207390,63218
207390,62274
207390,62170
207390,63136
207390,54864
207390,44644
207390,50962
198522,11262
198522,35732
198522,61552
198522,50716
198522,62074
198522,11490
198522,59822
198522,50272
198522,50268
198522,61560
198522,61028
198522,59394
198522,57414
198522,62274
198522,63136
198522,54864
198522,55798
198522,62618
198522,45912
198522,44664
198522,50962
198522,62276
194208,11262
194208,61552
194208,50716
194208,36720
194208,62074
194208,11490
194208,1372
194208,54290
194208,59822
194208,50272
194208,49888
194208,33534
194208,50268
194208,61560
194208,59394
194208,63510
194208,59396
194208,62274
194208,62170
194208,63136
194208,54864
194208,52620
194208,50962
203517,61672
203517,11262
203517,35732
203517,36720
203517,62074
203517,11490
203517,59822
203517,51316
203517,33534
203517,63218
203517,63186
203517,63136
203517,61540
203517,45912
203517,44664
203517,59776
203517,50962
203517,62276
229620,11262
229620,61552
229620,36720
229620,62074
229620,11490
229620,59822
229620,50968
229620,10652
229620,33534
229620,50268
229620,61560
229620,36722
229620,63510
229620,57414
229620,63218
229620,63186
229620,63136
229620,54864
229620,48980
229620,55798
229620,62614
229620,53394
229620,62618
229620,62616
229620,62378
229620,63540
229620,53256
229620,45912
229620,44644
229620,57522
229620,44664
229620,53048
229620,50962
229620,62276
229620,44662
229620,1206
229620,48694
229620,53258
229620,58504
242442,61364
242442,30500
242442,56714
242442,61348
242442,54096
242442,11262
242442,35732
242442,61552
242442,50716
242442,36720
242442,34092
242442,57804
242442,61280
242442,60522
242442,62074
242442,16358
242442,11490
242442,52918
242442,33886
242442,50274
242442,60
242442,3382
242442,10808
242442,1372
242442,54290
242442,59816
242442,59822
242442,50272
242442,1304
242442,37644
242442,49888
242442,50968
242442,60978
242442,46632
242442,42132
242442,51316
242442,33534
242442,50268
242442,53406
242442,51974
242442,50720
242442,50724
242442,61560
242442,50970
242442,61028
242442,53386
242442,63188
242442,62944
242442,59394
242442,63510
242442,55632
242442,57414
242442,63218
242442,59396
242442,62274
242442,63186
242442,50718
242442,56696
242442,63418
242442,44660
242442,62170
242442,63136
242442,61540
242442,62376
242442,53046
242442,36762
242442,54864
242442,48980
242442,55798
242442,62614
242442,53394
242442,62618
242442,62616
242442,62378
242442,63540
242442,53256
242442,45912
242442,44644
242442,57522
242442,55638
242442,10790
242442,44664
242442,59776
242442,53048
242442,50962
242442,62276
242442,62860
242442,44662
242442,1206
242442,48694
242442,53258
242442,58504
246627,61364
246627,1370
246627,30500
246627,56714
246627,54096
246627,11262
246627,35732
246627,61552
246627,50716
246627,36720
246627,34092
246627,57804
246627,61280
246627,60522
246627,62074
246627,11490
246627,124
246627,52918
246627,33886
246627,50274
246627,60
246627,3382
246627,10808
246627,61558
246627,1372
246627,54290
246627,59816
246627,59822
246627,50272
246627,1304
246627,37644
246627,49888
246627,53160
246627,50968
246627,60978
246627,35846
246627,46632
246627,42132
246627,51316
246627,33534
246627,50268
246627,53406
246627,51974
246627,50720
246627,50724
246627,44914
246627,61560
246627,50970
246627,61028
246627,53386
246627,63188
246627,62944
246627,59394
246627,63510
246627,32496
246627,55632
246627,57414
246627,63360
246627,63218
246627,59396
246627,62274
246627,63186
246627,50718
246627,56696
246627,63418
246627,44660
246627,62170
246627,63136
246627,61540
246627,62376
246627,53046
246627,63538
246627,36762
246627,54864
246627,45912
246627,44644
246627,44664
246627,50962
246627,62276
206364,11262
206364,35732
206364,61552
206364,50716
206364,36720
206364,62074
206364,11490
206364,59822
206364,49888
206364,60978
206364,33534
206364,50268
206364,50720
206364,61560
206364,61028
206364,59394
206364,63510
206364,63218
206364,62274
206364,62170
206364,63136
206364,54864
206364,48980
206364,55798
206364,62616
206364,62400
206364,53256
206364,44644
206364,50962
206364,48694
211947,56714
211947,61542
211947,11262
211947,61552
211947,50716
211947,36720
211947,57804
211947,61280
211947,44302
211947,11490
211947,60
211947,59822
211947,50272
211947,49888
211947,50268
211947,61560
211947,50970
211947,61028
211947,59394
211947,63510
211947,62274
211947,50718
211947,62170
211947,63136
211947,53046
211947,54864
211947,48980
211947,55798
211947,62614
211947,53394
211947,62618
211947,62616
211947,62378
211947,63540
211947,53256
211947,45912
211947,44644
211947,57522
211947,44664
211947,53048
211947,50962
211947,62276
211947,44662
211947,1206
211947,48694
211947,53258
211947,58504
242232,61364
242232,1370
242232,30500
242232,56714
242232,61348
242232,54096
242232,11262
242232,35732
242232,61552
242232,50716
242232,36720
242232,34092
242232,57804
242232,61280
242232,60522
242232,62074
242232,11490
242232,52918
242232,50274
242232,60
242232,3382
242232,10808
242232,61558
242232,1372
242232,54290
242232,59816
242232,59822
242232,50272
242232,1304
242232,37644
242232,49888
242232,50968
242232,60978
242232,46632
242232,42132
242232,51316
242232,33534
242232,50268
242232,53406
242232,51974
242232,50720
242232,50724
242232,61560
242232,50970
242232,61028
242232,53386
242232,63188
242232,62944
242232,59394
242232,63510
242232,55632
242232,57414
242232,63360
242232,63218
242232,59396
242232,62274
242232,63186
242232,50718
242232,56696
242232,63418
242232,44660
242232,62170
242232,63136
242232,61540
242232,62376
242232,53046
242232,63538
242232,36762
242232,54864
242232,59776
251253,11262
251253,61552
251253,50716
251253,36720
251253,57804
251253,62074
251253,11490
251253,59822
251253,50272
251253,50268
251253,61560
251253,61028
251253,59394
251253,57414
251253,62274
251253,63186
251253,63136
251253,53046
251253,54864
251253,55798
251253,62616
251253,53256
251253,44644
251253,57522
251253,44664
251253,50962
251253,1206
251253,48694
251643,30500
251643,56714
251643,61542
251643,11262
251643,48574
251643,61552
251643,50716
251643,36720
251643,57804
251643,61280
251643,62074
251643,11490
251643,60
251643,1372
251643,54290
251643,59822
251643,50272
251643,49888
251643,50268
251643,50724
251643,61560
251643,50970
251643,61028
251643,53386
251643,62944
251643,59394
251643,63510
251643,57414
251643,59396
251643,62274
251643,62170
251643,63136
251643,53046
251643,54864
251643,62616
251643,53256
251643,44644
251643,57522
251643,10790
251643,44664
251643,53048
251643,50962
251643,48694
251643,53258
251643,58504
252375,1370
252375,30500
252375,56714
252375,54096
252375,11262
252375,48574
252375,61552
252375,50716
252375,36720
252375,57804
252375,60522
252375,62074
252375,11490
252375,33886
252375,3382
252375,10808
252375,1372
252375,54290
252375,59822
252375,50272
252375,35846
252375,50268
252375,50720
252375,61560
252375,50970
252375,61028
252375,53386
252375,59394
252375,63510
252375,32496
252375,57414
252375,62274
252375,50718
252375,56696
252375,63418
252375,44660
252375,62170
252375,63136
252375,54864
252375,48980
252375,55798
252375,62614
252375,53394
252375,62618
252375,62616
252375,62378
252375,63540
252375,53256
252375,45912
252375,44644
252375,57522
252375,10790
252375,44664
252375,50962
252375,1206
252375,48694
252375,53258
252375,58504
203142,1370
203142,30500
203142,56714
203142,61542
203142,54096
203142,11262
203142,35732
203142,48574
203142,61552
203142,50716
203142,36720
203142,34092
203142,57804
203142,61280
203142,60522
203142,62074
203142,11490
203142,52918
203142,33886
203142,60
203142,3382
203142,10808
203142,1372
203142,54290
203142,48298
203142,59816
203142,59822
203142,50272
203142,1304
203142,37644
203142,49888
203142,53160
203142,60978
203142,42132
203142,51316
203142,33534
203142,50268
203142,53406
203142,51974
203142,50720
203142,50724
203142,61560
203142,50970
203142,61028
203142,53386
203142,63188
203142,62944
203142,59394
203142,63510
203142,55632
203142,57414
203142,59396
203142,62274
203142,50718
203142,56696
203142,63418
203142,44660
203142,62170
203142,63136
203142,61540
203142,62376
203142,53046
203142,36762
203142,54864
203142,55798
203142,45912
203142,44644
203142,44664
203142,59776
203142,50962
203142,62276
211473,11262
211473,61552
211473,50716
211473,36720
211473,62074
211473,11490
211473,59822
211473,49888
211473,50968
211473,60978
211473,33534
211473,50268
211473,50720
211473,61560
211473,36722
211473,61028
211473,59394
211473,63510
211473,63218
211473,63186
211473,63136
211473,54864
211473,55798
211473,62378
211473,45912
211473,44644
211473,44664
211473,53048
211473,50962
211473,62276
213885,61672
213885,11262
213885,35732
213885,48574
213885,61552
213885,36720
213885,62074
213885,16358
213885,11490
213885,60
213885,59822
213885,49888
213885,50968
213885,60978
213885,33534
213885,50720
213885,61560
213885,36722
213885,59394
213885,63510
213885,63218
213885,63220
213885,44660
213885,63136
213885,61540
213885,54864
213885,55798
213885,62616
213885,62378
213885,53256
213885,10790
213885,53048
213885,50962
213885,1206
213885,48694
213885,53258
248013,1370
248013,30500
248013,56714
248013,61542
248013,11262
248013,48574
248013,61552
248013,50716
248013,36720
248013,61280
248013,60522
248013,62074
248013,11490
248013,33886
248013,60
248013,3382
248013,10808
248013,59822
248013,50272
248013,1304
248013,49888
248013,35846
248013,50268
248013,50720
248013,50724
248013,61560
248013,50970
248013,61028
248013,59394
248013,63510
248013,59396
248013,62274
248013,50718
248013,63418
248013,62170
248013,63136
248013,62376
248013,53046
248013,54864
248013,44644
248013,50962
139272,61542
139272,11262
139272,57804
139272,62074
139272,44302
139272,11490
139272,60
139272,59822
139272,50272
139272,50268
139272,61560
139272,61028
139272,57414
139272,62274
139272,63136
139272,53046
139272,55798
139272,62618
139272,62378
139272,45912
139272,44644
139272,57522
139272,44664
139272,50962
139272,48694
139272,53258
162984,1370
162984,30500
162984,56714
162984,11262
162984,48574
162984,61552
162984,50716
162984,36720
162984,57804
162984,61280
162984,60522
162984,62074
162984,11490
162984,60
162984,3382
162984,10808
162984,1372
162984,54290
162984,59822
162984,50272
162984,49888
162984,60978
162984,50268
162984,53406
162984,50720
162984,61560
162984,61028
162984,53386
162984,59394
162984,63510
162984,57414
162984,59396
162984,62274
162984,50718
162984,56696
162984,62170
162984,63136
162984,62376
162984,54864
162984,48980
162984,55798
162984,62614
162984,53394
162984,62618
162984,62616
162984,62400
162984,62378
162984,63540
162984,53256
162984,45912
162984,44644
162984,57522
162984,55638
162984,10790
162984,44664
162984,59776
162984,53048
162984,52620
162984,50962
162984,62276
162984,62860
162984,44662
162984,56484
162984,1206
162984,48694
162984,53258
162984,58504
191556,61364
191556,1370
191556,30500
191556,56714
191556,61672
191556,61348
191556,61542
191556,54096
191556,11262
191556,35732
191556,48574
191556,61552
191556,50716
191556,36720
191556,34092
191556,57804
191556,61280
191556,60522
191556,62074
191556,16358
191556,11490
191556,124
191556,52918
191556,33886
191556,50274
191556,60
191556,3382
191556,10808
191556,61558
191556,1372
191556,54290
191556,48298
191556,59816
191556,59822
191556,50272
191556,1304
191556,37644
191556,49888
191556,53160
191556,50968
191556,60978
191556,35846
191556,46632
191556,10652
191556,42132
191556,51316
191556,33534
191556,50268
191556,53406
191556,51974
191556,50720
191556,50724
191556,44914
191556,61560
191556,50970
191556,36722
191556,61028
191556,53386
191556,63188
191556,62944
191556,59394
191556,63510
191556,32496
191556,55632
191556,57414
191556,63360
191556,63218
191556,59396
191556,62274
191556,63220
191556,63186
191556,50718
191556,56696
191556,63418
191556,44660
191556,62170
191556,63136
191556,61540
191556,62376
191556,53046
191556,63538
191556,36762
191556,54864
191556,48980
191556,55798
191556,62614
191556,53394
191556,62618
191556,62616
191556,62400
191556,62378
191556,63540
191556,53256
191556,45912
191556,44644
191556,57522
191556,55638
191556,10790
191556,44664
191556,59776
191556,53048
191556,52620
191556,50962
191556,62276
191556,62860
191556,44662
191556,56484
191556,1206
191556,48694
191556,53258
191556,58504
203106,61364
203106,1370
203106,30500
203106,56714
203106,61672
203106,61348
203106,54096
203106,11262
203106,35732
203106,48574
203106,61552
203106,50716
203106,36720
203106,39186
203106,34092
203106,57804
203106,61280
203106,60522
203106,62074
203106,16358
203106,44302
203106,11490
203106,124
203106,52918
203106,33886
203106,50274
203106,60
203106,3382
203106,10808
203106,61558
203106,1372
203106,54290
203106,48298
203106,59816
203106,59822
203106,50272
203106,1304
203106,37644
203106,49888
203106,53160
203106,50968
203106,60978
203106,35846
203106,46632
203106,42132
203106,51316
203106,33534
203106,50268
203106,53406
203106,51974
203106,50720
203106,50724
203106,44914
203106,61560
203106,50970
203106,36722
203106,61028
203106,53386
203106,63188
203106,62944
203106,59394
203106,63510
203106,32496
203106,55632
203106,57414
203106,63360
203106,63218
203106,59396
203106,62274
203106,63220
203106,63186
203106,50718
203106,56696
203106,63418
203106,44660
203106,62170
203106,63136
203106,61540
203106,62376
203106,53046
203106,63538
203106,36762
203106,54864
203106,48980
203106,55798
203106,62614
203106,53394
203106,62618
203106,62616
203106,62400
203106,62378
203106,63540
203106,53256
203106,45912
203106,44644
203106,55638
203106,10790
203106,44664
203106,59776
203106,50962
203106,62276
203106,62860
203106,56484
203106,1206
203106,48694
203106,53258
203106,58504
206304,61364
206304,1370
206304,30500
206304,56714
206304,61672
206304,54096
206304,11262
206304,35732
206304,61552
206304,50716
206304,36720
206304,34092
206304,61280
206304,60522
206304,62074
206304,11490
206304,124
206304,52918
206304,33886
206304,50274
206304,60
206304,3382
206304,10808
206304,61558
206304,1372
206304,54290
206304,59816
206304,59822
206304,50272
206304,1304
206304,37644
206304,49888
206304,50968
206304,60978
206304,35846
206304,46632
206304,10652
206304,42132
206304,51316
206304,33534
206304,50268
206304,53406
206304,51974
206304,50720
206304,50724
206304,44914
206304,61560
206304,50970
206304,36722
206304,61028
206304,53386
206304,63188
206304,62944
206304,59394
206304,63510
206304,55632
206304,57414
206304,63360
206304,63218
206304,59396
206304,62274
206304,63220
206304,63186
206304,50718
206304,56696
206304,63418
206304,44660
206304,62170
206304,63136
206304,61540
206304,62376
206304,53046
206304,63538
206304,36762
206304,54864
206304,48980
206304,55798
206304,62614
206304,53394
206304,62618
206304,62616
206304,62400
206304,62378
206304,63540
206304,53256
206304,45912
206304,44644
206304,57522
206304,10790
206304,44664
206304,53048
206304,50962
206304,62276
206304,1206
206304,48694
206304,53258
206304,58504
206952,61364
206952,1370
206952,30500
206952,56714
206952,61542
206952,54096
206952,11262
206952,48574
206952,61552
206952,50716
206952,36720
206952,34092
206952,57804
206952,61280
206952,60522
206952,62074
206952,44302
206952,11490
206952,52918
206952,33886
206952,50274
206952,60
206952,3382
206952,10808
206952,1372
206952,54290
206952,48298
206952,59816
206952,59822
206952,50272
206952,1304
206952,37644
206952,49888
206952,53160
206952,50968
206952,60978
206952,46632
206952,42132
206952,51316
206952,33534
206952,50268
206952,53406
206952,51974
206952,50720
206952,50724
206952,44914
206952,61560
206952,50970
206952,61028
206952,53386
206952,63188
206952,62944
206952,59394
206952,63510
206952,55632
206952,57414
206952,63218
206952,59396
206952,62274
206952,50718
206952,56696
206952,63418
206952,44660
206952,62170
206952,63136
206952,61540
206952,62376
206952,53046
206952,63538
206952,36762
206952,54864
206952,48980
206952,55798
206952,62618
206952,62616
206952,62378
206952,53256
206952,45912
206952,44644
206952,57522
206952,44664
206952,50962
206952,1206
206952,48694
206952,53258
223530,1370
223530,30500
223530,56714
223530,61542
223530,11262
223530,48574
223530,61552
223530,50716
223530,36720
223530,57804
223530,61280
223530,60522
223530,62074
223530,11490
223530,52918
223530,60
223530,3382
223530,10808
223530,1372
223530,54290
223530,48298
223530,59822
223530,50272
223530,1304
223530,49888
223530,60978
223530,33534
223530,50268
223530,53406
223530,50720
223530,50724
223530,61560
223530,50970
223530,61028
223530,53386
223530,63188
223530,59394
223530,63510
223530,57414
223530,59396
223530,62274
223530,50718
223530,56696
223530,44660
223530,62170
223530,63136
223530,62376
223530,53046
223530,54864
223530,55798
223530,62618
223530,62616
223530,53256
223530,45912
223530,44644
223530,57522
223530,44664
223530,50962
223530,62276
241026,11262
241026,61552
241026,50716
241026,36720
241026,62074
241026,11490
241026,1372
241026,54290
241026,59816
241026,59822
241026,50272
241026,49888
241026,60978
241026,33534
241026,50268
241026,50720
241026,61560
241026,61028
241026,59394
241026,63510
241026,63360
241026,63218
241026,59396
241026,62274
241026,50718
241026,62170
241026,63136
241026,61540
241026,54864
241026,55798
241026,62618
241026,62616
241026,53256
241026,45912
241026,44644
241026,57522
241026,44664
241026,50962
241026,62276
242619,11262
242619,61552
242619,50716
242619,36720
242619,62074
242619,11490
242619,1372
242619,54290
242619,59816
242619,59822
242619,49888
242619,60978
242619,33534
242619,50268
242619,50720
242619,61560
242619,61028
242619,59394
242619,63510
242619,63360
242619,63218
242619,59396
242619,62274
242619,50718
242619,62170
242619,63136
242619,61540
242619,54864
242619,55798
242619,53394
242619,62618
242619,62616
242619,62378
242619,63540
242619,53256
242619,45912
242619,44644
242619,57522
242619,44664
242619,53048
242619,50962
242619,62276
242619,1206
242619,48694
242619,53258
242619,58504
246054,61364
246054,1370
246054,30500
246054,56714
246054,61348
246054,54096
246054,11262
246054,35732
246054,61552
246054,50716
246054,36720
246054,57804
246054,61280
246054,60522
246054,62074
246054,11490
246054,33886
246054,50274
246054,60
246054,3382
246054,10808
246054,1372
246054,54290
246054,59816
246054,59822
246054,50272
246054,37644
246054,49888
246054,50968
246054,60978
246054,46632
246054,42132
246054,51316
246054,33534
246054,50268
246054,53406
246054,51974
246054,50720
246054,50724
246054,61560
246054,50970
246054,61028
246054,53386
246054,59394
246054,63510
246054,55632
246054,57414
246054,63218
246054,59396
246054,62274
246054,63186
246054,50718
246054,56696
246054,63418
246054,44660
246054,62170
246054,63136
246054,61540
246054,62376
246054,53046
246054,54864
246054,48980
246054,55798
246054,62614
246054,53394
246054,62618
246054,62616
246054,62378
246054,63540
246054,53256
246054,45912
246054,44644
246054,57522
246054,44664
246054,53048
246054,50962
246054,62276
246054,44662
246054,1206
246054,48694
246054,53258
246054,58504
204276,61364
204276,1370
204276,30500
204276,56714
204276,61348
204276,54096
204276,11262
204276,35732
204276,61552
204276,50716
204276,36720
204276,34092
204276,57804
204276,61280
204276,60522
204276,62074
204276,11490
204276,52918
204276,33886
204276,50274
204276,60
204276,3382
204276,10808
204276,1372
204276,54290
204276,59816
204276,59822
204276,50272
204276,1304
204276,37644
204276,49888
204276,50968
204276,60978
204276,46632
204276,42132
204276,51316
204276,33534
204276,50268
204276,53406
204276,51974
204276,50720
204276,50724
204276,61560
204276,50970
204276,61028
204276,53386
204276,63188
204276,62944
204276,59394
204276,63510
204276,55632
204276,57414
204276,63360
204276,63218
204276,59396
204276,62274
204276,63186
204276,50718
204276,56696
204276,63418
204276,44660
204276,62170
204276,63136
204276,61540
204276,62376
204276,53046
204276,63538
204276,36762
204276,54864
204276,48980
204276,55798
204276,62614
204276,53394
204276,62618
204276,62616
204276,62378
204276,63540
204276,53256
204276,45912
204276,44644
204276,57522
204276,44664
204276,53048
204276,50962
204276,62276
204276,44662
204276,1206
204276,48694
204276,53258
204276,58504
206748,61364
206748,1370
206748,30500
206748,56714
206748,61348
206748,54096
206748,11262
206748,35732
206748,61552
206748,50716
206748,36720
206748,34092
206748,57804
206748,61280
206748,60522
206748,62074
206748,11490
206748,52918
206748,50274
206748,60
206748,3382
206748,10808
206748,61558
206748,1372
206748,54290
206748,59816
206748,59822
206748,50272
206748,1304
206748,37644
206748,49888
206748,50968
206748,60978
206748,46632
206748,42132
206748,51316
206748,33534
206748,50268
206748,53406
206748,51974
206748,50720
206748,50724
206748,61560
206748,50970
206748,61028
206748,53386
206748,63188
206748,62944
206748,59394
206748,63510
206748,55632
206748,57414
206748,63360
206748,63218
206748,59396
206748,62274
206748,63186
206748,50718
206748,56696
206748,63418
206748,44660
206748,62170
206748,63136
206748,61540
206748,62376
206748,53046
206748,63538
206748,36762
206748,54864
206748,55798
206748,44644
206748,59776
206748,50962
229473,11262
229473,48574
229473,61552
229473,50716
229473,36720
229473,62074
229473,11490
229473,59822
229473,50272
229473,49888
229473,33534
229473,50268
229473,61560
229473,36722
229473,61028
229473,59394
229473,57414
229473,63218
229473,62274
229473,63186
229473,63136
229473,54864
229473,45912
229473,44644
229473,44664
229473,50962
229473,62276
233091,11262
233091,61552
233091,50716
233091,36720
233091,62074
233091,11490
233091,59822
233091,49888
233091,60978
233091,33534
233091,50268
233091,50720
233091,61560
233091,61028
233091,59394
233091,63510
233091,63218
233091,62274
233091,62170
233091,63136
233091,54864
233091,50962
244278,11262
244278,62074
244278,16358
244278,11490
244278,50268
244278,63220
244278,63136
244278,54864
244278,55798
244278,62618
244278,62616
244278,62378
244278,63540
244278,53256
244278,45912
244278,44644
244278,57522
244278,44664
244278,50962
244278,62276
244278,1206
244278,48694
244278,53258
197802,1370
197802,30500
197802,56714
197802,54096
197802,11262
197802,61552
197802,50716
197802,36720
197802,57804
197802,61280
197802,60522
197802,62074
197802,11490
197802,60
197802,3382
197802,10808
197802,1372
197802,54290
197802,59816
197802,59822
197802,50272
197802,37644
197802,49888
197802,50968
197802,60978
197802,42132
197802,51316
197802,33534
197802,50268
197802,53406
197802,51974
197802,50720
197802,50724
197802,61560
197802,50970
197802,61028
197802,53386
197802,59394
197802,63510
197802,55632
197802,57414
197802,63218
197802,59396
197802,62274
197802,50718
197802,56696
197802,63418
197802,62170
197802,63136
197802,61540
197802,62376
197802,53046
197802,54864
197802,48980
197802,55798
197802,62614
197802,53394
197802,62618
197802,62616
197802,62378
197802,63540
197802,53256
197802,45912
197802,44644
197802,57522
197802,44664
197802,53048
197802,50962
197802,62276
197802,44662
197802,1206
197802,48694
197802,53258
197802,58504
206412,61364
206412,1370
206412,30500
206412,56714
206412,61348
206412,54096
206412,11262
206412,35732
206412,61552
206412,50716
206412,36720
206412,34092
206412,57804
206412,61280
206412,60522
206412,62074
206412,11490
206412,52918
206412,50274
206412,60
206412,3382
206412,10808
206412,61558
206412,1372
206412,54290
206412,59816
206412,59822
206412,50272
206412,1304
206412,37644
206412,49888
206412,50968
206412,60978
206412,46632
206412,42132
206412,51316
206412,33534
206412,50268
206412,53406
206412,51974
206412,50720
206412,50724
206412,61560
206412,50970
206412,53386
206412,63188
206412,62944
206412,59394
206412,63510
206412,55632
206412,57414
206412,63360
206412,63218
206412,59396
206412,62274
206412,63186
206412,50718
206412,56696
206412,63418
206412,44660
206412,62170
206412,63136
206412,61540
206412,62376
206412,53046
206412,63538
206412,36762
206412,54864
206412,44644
206412,50962
209976,11262
209976,61552
209976,50716
209976,62074
209976,11490
209976,59822
209976,50272
209976,50268
209976,61560
209976,62944
209976,59394
209976,57414
209976,62274
209976,63136
209976,54864
209976,48980
209976,55798
209976,62614
209976,53394
209976,62618
209976,62616
209976,62378
209976,63540
209976,53256
209976,45912
209976,44644
209976,57522
209976,44664
209976,53048
209976,50962
209976,62276
209976,44662
209976,1206
209976,48694
209976,53258
209976,58504
223071,61364
223071,30500
223071,56714
223071,61348
223071,54096
223071,11262
223071,35732
223071,61552
223071,50716
223071,36720
223071,34092
223071,57804
223071,61280
223071,60522
223071,62074
223071,11490
223071,52918
223071,33886
223071,50274
223071,60
223071,3382
223071,10808
223071,1372
223071,54290
223071,59816
223071,59822
223071,50272
223071,1304
223071,37644
223071,49888
223071,50968
223071,60978
223071,46632
223071,42132
223071,51316
223071,33534
223071,50268
223071,53406
223071,51974
223071,50720
223071,50724
223071,61560
223071,50970
223071,61028
223071,53386
223071,63188
223071,62944
223071,59394
223071,63510
223071,55632
223071,57414
223071,63360
223071,63218
223071,59396
223071,62274
223071,63186
223071,50718
223071,56696
223071,63418
223071,44660
223071,62170
223071,63136
223071,61540
223071,62376
223071,53046
223071,36762
223071,54864
223071,55798
223071,62618
223071,63540
223071,44644
223071,57522
223071,44664
223071,50962
223071,48694
237804,1370
237804,30500
237804,56714
237804,11262
237804,61552
237804,50716
237804,36720
237804,57804
237804,61280
237804,60522
237804,62074
237804,11490
237804,3382
237804,10808
237804,1372
237804,54290
237804,59816
237804,59822
237804,50272
237804,37644
237804,49888
237804,60978
237804,42132
237804,51316
237804,50268
237804,53406
237804,51974
237804,50720
237804,61560
237804,61028
237804,53386
237804,59394
237804,63510
237804,55632
237804,57414
237804,63218
237804,62274
237804,50718
237804,62170
237804,63136
237804,61540
237804,54864
237804,48980
237804,55798
237804,62614
237804,53394
237804,62618
237804,62616
237804,62378
237804,63540
237804,53256
237804,45912
237804,44644
237804,57522
237804,10790
237804,44664
237804,53048
237804,50962
237804,62276
237804,44662
237804,1206
237804,48694
237804,53258
237804,58504
247632,61364
247632,1370
247632,30500
247632,56714
247632,61348
247632,54096
247632,11262
247632,35732
247632,61552
247632,50716
247632,36720
247632,34092
247632,57804
247632,61280
247632,60522
247632,62074
247632,11490
247632,52918
247632,50274
247632,60
247632,3382
247632,10808
247632,61558
247632,1372
247632,54290
247632,59816
247632,59822
247632,50272
247632,1304
247632,37644
247632,49888
247632,50968
247632,60978
247632,46632
247632,42132
247632,51316
247632,33534
247632,50268
247632,53406
247632,51974
247632,50720
247632,50724
247632,61560
247632,50970
247632,61028
247632,53386
247632,63188
247632,62944
247632,59394
247632,63510
247632,55632
247632,57414
247632,63360
247632,63218
247632,59396
247632,62274
247632,63186
247632,50718
247632,56696
247632,63418
247632,44660
247632,62170
247632,63136
247632,61540
247632,62376
247632,53046
247632,63538
247632,36762
247632,54864
247632,55798
247632,62616
247632,62378
247632,53256
247632,44644
247632,57522
247632,44664
247632,59776
247632,50962
247632,1206
247632,48694
247989,30500
247989,11262
247989,35732
247989,48574
247989,61552
247989,50716
247989,36720
247989,61280
247989,62074
247989,11490
247989,60
247989,1372
247989,54290
247989,59816
247989,59822
247989,50272
247989,49888
247989,60978
247989,33534
247989,50268
247989,50720
247989,50724
247989,61560
247989,50970
247989,61028
247989,53386
247989,59394
247989,63510
247989,57414
247989,63218
247989,59396
247989,62274
247989,50718
247989,62170
247989,63136
247989,61540
247989,62376
247989,53046
247989,54864
247989,55798
247989,62618
247989,62616
247989,53256
247989,45912
247989,44644
247989,57522
247989,44664
247989,50962
247989,62276
248061,11262
248061,61552
248061,50716
248061,36720
248061,62074
248061,11490
248061,1372
248061,54290
248061,59816
248061,59822
248061,49888
248061,60978
248061,33534
248061,50268
248061,50720
248061,61560
248061,61028
248061,59394
248061,63510
248061,63360
248061,63218
248061,59396
248061,62274
248061,62170
248061,63136
248061,61540
248061,54864
248061,62378
248061,50962
251106,11262
251106,62074
251106,16358
251106,11490
251106,50268
251106,59394
251106,63220
251106,63136
229521,11262
229521,11490
229521,63186
229521,63136
229521,54864
229521,48980
229521,55798
229521,62614
229521,53394
229521,62618
229521,62616
229521,62378
229521,63540
229521,53256
229521,45912
229521,44644
229521,57522
229521,44664
229521,53048
229521,50962
229521,62276
229521,62860
229521,44662
229521,1206
229521,48694
229521,53258
229521,58504
245706,61364
245706,1370
245706,30500
245706,56714
245706,54096
245706,11262
245706,35732
245706,61552
245706,50716
245706,36720
245706,34092
245706,57804
245706,61280
245706,60522
245706,62074
245706,11490
245706,52918
245706,50274
245706,60
245706,3382
245706,10808
245706,61558
245706,1372
245706,54290
245706,59816
245706,59822
245706,50272
245706,1304
245706,37644
245706,49888
245706,50968
245706,60978
245706,35846
245706,46632
245706,10652
245706,42132
245706,51316
245706,33534
245706,50268
245706,53406
245706,51974
245706,50720
245706,50724
245706,61560
245706,50970
245706,61028
245706,53386
245706,63188
245706,62944
245706,59394
245706,63510
245706,55632
245706,57414
245706,63360
245706,63218
245706,59396
245706,62274
245706,63186
245706,50718
245706,56696
245706,63418
245706,44660
245706,62170
245706,63136
245706,61540
245706,62376
245706,53046
245706,63538
245706,36762
245706,54864
245706,55798
245706,62616
245706,53256
245706,45912
245706,44644
245706,57522
245706,44664
245706,50962
245706,62276
245706,44662
245706,1206
245706,48694
250947,30500
250947,11262
250947,61552
250947,50716
250947,36720
250947,61280
250947,62074
250947,11490
250947,60
250947,1372
250947,54290
250947,59816
250947,59822
250947,50272
250947,49888
250947,33534
250947,50268
250947,50724
250947,61560
250947,53386
250947,59394
250947,63510
250947,57414
250947,59396
250947,62274
250947,50718
250947,62170
250947,63136
250947,53046
250947,54864
250947,55798
250947,53394
250947,62618
250947,62616
250947,62378
250947,63540
250947,53256
250947,45912
250947,44644
250947,57522
250947,44664
250947,50962
250947,62276
250947,1206
250947,48694
250947,53258
162957,1370
162957,30500
162957,56714
162957,61348
162957,54096
162957,11262
162957,48574
162957,61552
162957,50716
162957,36720
162957,57804
162957,61280
162957,60522
162957,62074
162957,11490
162957,33886
162957,50274
162957,60
162957,3382
162957,10808
162957,1372
162957,54290
162957,59816
162957,59822
162957,50272
162957,37644
162957,49888
162957,50968
162957,60978
162957,46632
162957,42132
162957,51316
162957,33534
162957,50268
162957,53406
162957,51974
162957,50720
162957,50724
162957,61560
162957,50970
162957,61028
162957,53386
162957,59394
162957,63510
162957,55632
162957,57414
162957,63218
162957,59396
162957,62274
162957,50718
162957,56696
162957,63418
162957,62170
162957,63136
162957,61540
162957,62376
162957,53046
162957,54864
162957,62378
162957,50962
176472,11262
176472,48574
176472,62074
176472,16358
176472,11490
176472,59394
176472,63220
176472,63136
176472,54864
176472,55798
176472,62616
176472,53256
176472,45912
176472,44644
176472,57522
176472,10790
176472,44664
176472,50962
176472,62276
176472,1206
176472,48694
243927,30500
243927,11262
243927,61552
243927,50716
243927,36720
243927,61280
243927,62074
243927,16358
243927,11490
243927,60
243927,1372
243927,54290
243927,59816
243927,59822
243927,50272
243927,49888
243927,60978
243927,33534
243927,50268
243927,50720
243927,50724
243927,61560
243927,61028
243927,53386
243927,59394
243927,63510
243927,57414
243927,63218
243927,59396
243927,62274
243927,50718
243927,62170
243927,63136
243927,53046
243927,63538
243927,54864
243927,55798
243927,62618
243927,45912
243927,44664
243927,50962
243927,62276
187224,11262
187224,61552
187224,50716
187224,36720
187224,62074
187224,11490
187224,1372
187224,54290
187224,59822
187224,49888
187224,60978
187224,33534
187224,50268
187224,50720
187224,61560
187224,61028
187224,59394
187224,63510
187224,63218
187224,59396
187224,62274
187224,50718
187224,62170
187224,63136
187224,54864
187224,50962
210813,11262
210813,16358
210813,11490
210813,63220
210813,63136
210813,54864
210813,45912
210813,44644
210813,44664
210813,50962
210813,62276
233970,11262
233970,61552
233970,50716
233970,62074
233970,11490
233970,59822
233970,60978
233970,50268
233970,61560
233970,59394
233970,63510
233970,63218
233970,62274
233970,63136
233970,54864
233970,48980
233970,55798
233970,62614
233970,53394
233970,62618
233970,62616
233970,62378
233970,63540
233970,53256
233970,45912
233970,57522
233970,44664
233970,53048
233970,50962
233970,62276
233970,44662
233970,1206
233970,48694
233970,53258
233970,58504
248292,61364
248292,30500
248292,56714
248292,61348
248292,54096
248292,11262
248292,35732
248292,61552
248292,50716
248292,36720
248292,34092
248292,57804
248292,61280
248292,60522
248292,62074
248292,11490
248292,52918
248292,33886
248292,50274
248292,60
248292,3382
248292,10808
248292,1372
248292,54290
248292,59816
248292,59822
248292,50272
248292,1304
248292,37644
248292,49888
248292,50968
248292,60978
248292,46632
248292,42132
248292,51316
248292,33534
248292,50268
248292,53406
248292,51974
248292,50720
248292,50724
248292,61560
248292,50970
248292,61028
248292,53386
248292,63188
248292,62944
248292,59394
248292,63510
248292,55632
248292,57414
248292,63218
248292,59396
248292,62274
248292,63186
248292,50718
248292,56696
248292,63418
248292,44660
248292,62170
248292,63136
248292,61540
248292,62376
248292,53046
248292,36762
248292,54864
248292,55798
248292,62618
248292,62616
248292,53256
248292,45912
248292,44644
248292,57522
248292,44664
248292,59776
248292,62276
248373,11262
248373,61552
248373,50716
248373,36720
248373,62074
248373,11490
248373,1372
248373,54290
248373,59816
248373,59822
248373,50272
248373,49888
248373,60978
248373,33534
248373,50268
248373,50720
248373,61560
248373,61028
248373,59394
248373,63510
248373,63360
248373,63218
248373,59396
248373,62274
248373,50718
248373,62170
248373,63136
248373,61540
248373,54864
248373,45912
248373,44644
248373,44664
248373,50962
248373,62276
249567,11262
249567,61552
249567,50716
249567,62074
249567,11490
249567,59822
249567,60978
249567,50268
249567,61560
249567,59394
249567,63510
249567,63218
249567,62274
249567,63136
249567,54864
249567,48980
249567,55798
249567,62614
249567,62618
249567,62616
249567,62378
249567,63540
249567,53256
249567,45912
249567,44644
249567,57522
249567,44664
249567,50962
249567,62276
249567,1206
249567,48694
249567,53258
203058,1370
203058,30500
203058,56714
203058,54096
203058,11262
203058,61552
203058,50716
203058,36720
203058,34092
203058,57804
203058,61280
203058,60522
203058,62074
203058,11490
203058,52918
203058,60
203058,3382
203058,10808
203058,1372
203058,54290
203058,59816
203058,59822
203058,50272
203058,1304
203058,37644
203058,49888
203058,50968
203058,60978
203058,42132
203058,33534
203058,50268
203058,53406
203058,51974
203058,50720
203058,50724
203058,61560
203058,61028
203058,53386
203058,63188
203058,62944
203058,59394
203058,63510
203058,55632
203058,57414
203058,63218
203058,59396
203058,62274
203058,56696
203058,62170
203058,63136
203058,61540
203058,62376
203058,53046
203058,63538
203058,36762
203058,54864
203058,48980
203058,55798
203058,62614
203058,53394
203058,62618
203058,62616
203058,62378
203058,63540
203058,53256
203058,45912
203058,44644
203058,57522
203058,44664
203058,53048
203058,50962
203058,62276
203058,44662
203058,1206
203058,48694
203058,53258
203058,58504
177474,61364
177474,30500
177474,56714
177474,54096
177474,11262
177474,35732
177474,61552
177474,50716
177474,36720
177474,34092
177474,57804
177474,61280
177474,60522
177474,62074
177474,11490
177474,52918
177474,33886
177474,50274
177474,60
177474,3382
177474,10808
177474,1372
177474,54290
177474,59816
177474,59822
177474,50272
177474,1304
177474,37644
177474,49888
177474,50968
177474,60978
177474,46632
177474,42132
177474,51316
177474,33534
177474,50268
177474,53406
177474,51974
177474,50720
177474,50724
177474,61560
177474,61028
177474,53386
177474,63188
177474,62944
177474,59394
177474,63510
177474,55632
177474,57414
177474,63360
177474,63218
177474,59396
177474,62274
177474,63186
177474,50718
177474,56696
177474,63418
177474,44660
177474,62170
177474,63136
177474,61540
177474,62376
177474,53046
177474,36762
177474,54864
177474,55798
177474,62618
177474,63540
177474,44644
177474,57522
177474,44664
177474,59776
177474,50962
177474,48694
184488,1370
184488,30500
184488,56714
184488,11262
184488,61552
184488,50716
184488,36720
184488,57804
184488,61280
184488,60522
184488,62074
184488,11490
184488,3382
184488,10808
184488,1372
184488,54290
184488,59816
184488,59822
184488,50272
184488,37644
184488,49888
184488,60978
184488,42132
184488,51316
184488,50268
184488,53406
184488,51974
184488,50720
184488,61560
184488,61028
184488,53386
184488,59394
184488,63510
184488,55632
184488,57414
184488,63218
184488,62274
184488,50718
184488,62170
184488,63136
184488,61540
184488,54864
184488,55798
184488,44644
184488,57522
184488,44664
184488,50962
184488,48694
207144,30500
207144,11262
207144,48574
207144,61552
207144,50716
207144,36720
207144,61280
207144,62074
207144,11490
207144,60
207144,1372
207144,54290
207144,59816
207144,59822
207144,50272
207144,49888
207144,60978
207144,33534
207144,50268
207144,50720
207144,61560
207144,61028
207144,53386
207144,59394
207144,63510
207144,57414
207144,63218
207144,59396
207144,62274
207144,62170
207144,63136
207144,61540
207144,62376
207144,53046
207144,54864
207144,48980
207144,55798
207144,62614
207144,53394
207144,62618
207144,62616
207144,62378
207144,63540
207144,53256
207144,45912
207144,44644
207144,57522
207144,44664
207144,50962
207144,62276
207144,1206
207144,48694
207144,53258
249216,1370
249216,30500
249216,56714
249216,54096
249216,11262
249216,61552
249216,50716
249216,36720
249216,34092
249216,57804
249216,61280
249216,60522
249216,62074
249216,11490
249216,52918
249216,60
249216,3382
249216,10808
249216,1372
249216,54290
249216,59816
249216,59822
249216,50272
249216,1304
249216,37644
249216,49888
249216,50968
249216,60978
249216,46632
249216,42132
249216,33534
249216,50268
249216,53406
249216,51974
249216,50720
249216,50724
249216,61560
249216,61028
249216,53386
249216,63188
249216,62944
249216,59394
249216,63510
249216,55632
249216,57414
249216,63218
249216,59396
249216,62274
249216,50718
249216,56696
249216,62170
249216,63136
249216,61540
249216,62376
249216,53046
249216,63538
249216,36762
249216,54864
249216,50962
252480,11262
252480,16358
252480,11490
252480,50268
252480,63220
252480,63136
252480,55798
252480,53394
252480,62618
252480,62616
252480,62378
252480,63540
252480,53256
252480,45912
252480,44644
252480,57522
252480,44664
252480,53048
252480,50962
252480,62276
252480,1206
252480,48694
252480,53258
252480,58504
191451,61364
191451,1370
191451,30500
191451,56714
191451,61348
191451,54096
191451,11262
191451,48574
191451,61552
191451,50716
191451,36720
191451,57804
191451,61280
191451,60522
191451,62074
191451,11490
191451,50274
191451,60
191451,3382
191451,10808
191451,1372
191451,54290
191451,59816
191451,59822
191451,50272
191451,37644
191451,49888
191451,50968
191451,60978
191451,46632
191451,42132
191451,51316
191451,33534
191451,50268
191451,53406
191451,51974
191451,50720
191451,50724
191451,61560
191451,50970
191451,61028
191451,53386
191451,59394
191451,63510
191451,55632
191451,57414
191451,63218
191451,59396
191451,62274
191451,63186
191451,50718
191451,56696
191451,63418
191451,44660
191451,62170
191451,63136
191451,61540
191451,62376
191451,53046
191451,54864
191451,52620
191451,50962
206637,11262
206637,39186
206637,11490
206637,59394
206637,63220
206637,63136
206637,54864
206637,55798
206637,62618
206637,62616
206637,53256
206637,45912
206637,44644
206637,57522
206637,44664
206637,50962
206637,62276
222306,11262
222306,61552
222306,50716
222306,36720
222306,62074
222306,11490
222306,61558
222306,1372
222306,54290
222306,59816
222306,59822
222306,50272
222306,49888
222306,60978
222306,33534
222306,50268
222306,50720
222306,61560
222306,61028
222306,59394
222306,63510
222306,63360
222306,63218
222306,59396
222306,62274
222306,50718
222306,62170
222306,63136
222306,61540
222306,54864
222306,55798
222306,62618
222306,62616
222306,53256
222306,45912
222306,44644
222306,57522
222306,44664
222306,50962
222306,62276
231057,11262
231057,61552
231057,50716
231057,36720
231057,62074
231057,11490
231057,61558
231057,1372
231057,54290
231057,59816
231057,59822
231057,50272
231057,49888
231057,60978
231057,33534
231057,50268
231057,50720
231057,61560
231057,61028
231057,59394
231057,63510
231057,63360
231057,63218
231057,59396
231057,62274
231057,50718
231057,62170
231057,63136
231057,61540
231057,54864
231057,45912
231057,44644
231057,44664
231057,50962
231057,62276
244158,11262
244158,61552
244158,50716
244158,36720
244158,62074
244158,11490
244158,59822
244158,49888
244158,60978
244158,33534
244158,50268
244158,50720
244158,61560
244158,61028
244158,59394
244158,63510
244158,63218
244158,62274
244158,62170
244158,63136
244158,54864
244158,48980
244158,55798
244158,62614
244158,53394
244158,62618
244158,62616
244158,62378
244158,63540
244158,53256
244158,45912
244158,44644
244158,57522
244158,44664
244158,53048
244158,50962
244158,62276
244158,44662
244158,1206
244158,48694
244158,53258
244158,58504
207087,61364
207087,1370
207087,30500
207087,56714
207087,54096
207087,11262
207087,35732
207087,61552
207087,50716
207087,36720
207087,34092
207087,57804
207087,61280
207087,60522
207087,62074
207087,11490
207087,52918
207087,50274
207087,60
207087,3382
207087,10808
207087,61558
207087,1372
207087,54290
207087,59816
207087,59822
207087,50272
207087,1304
207087,37644
207087,49888
207087,50968
207087,60978
207087,46632
207087,42132
207087,51316
207087,33534
207087,50268
207087,53406
207087,51974
207087,50720
207087,50724
207087,61560
207087,50970
207087,61028
207087,53386
207087,63188
207087,62944
207087,59394
207087,63510
207087,55632
207087,57414
207087,63360
207087,63218
207087,59396
207087,62274
207087,63186
207087,50718
207087,56696
207087,63418
207087,44660
207087,62170
207087,63136
207087,61540
207087,62376
207087,53046
207087,63538
207087,36762
207087,54864
207087,48980
207087,55798
207087,62614
207087,62618
207087,62616
207087,62378
207087,63540
207087,53256
207087,45912
207087,57522
207087,44664
207087,50962
207087,62276
207087,44662
207087,1206
207087,48694
207240,30500
207240,56714
207240,11262
207240,61552
207240,50716
207240,36720
207240,34092
207240,57804
207240,61280
207240,60522
207240,62074
207240,11490
207240,52918
207240,60
207240,3382
207240,10808
207240,1372
207240,54290
207240,59816
207240,59822
207240,50272
207240,1304
207240,37644
207240,49888
207240,50968
207240,42132
207240,33534
207240,50268
207240,53406
207240,51974
207240,50724
207240,61560
207240,53386
207240,63188
207240,62944
207240,59394
207240,63510
207240,55632
207240,57414
207240,59396
207240,62274
207240,50718
207240,62170
207240,63136
207240,61540
207240,62376
207240,53046
207240,36762
207240,54864
207240,45912
207240,44644
207240,44664
207240,50962
207240,62276
208899,11262
208899,61552
208899,50716
208899,36720
208899,62074
208899,11490
208899,59822
208899,49888
208899,60978
208899,33534
208899,50268
208899,50720
208899,61560
208899,61028
208899,59394
208899,63510
208899,63218
208899,62274
208899,62170
208899,63136
208899,54864
208899,52620
208899,50962
222159,11262
222159,39186
222159,11490
222159,59394
222159,63220
222159,63136
222159,54864
222159,48980
222159,55798
222159,62614
222159,53394
222159,62618
222159,62616
222159,62378
222159,63540
222159,53256
222159,45912
222159,44644
222159,57522
222159,44664
222159,53048
222159,50962
222159,62276
222159,44662
222159,1206
222159,48694
222159,53258
222159,58504
246099,61364
246099,1370
246099,30500
246099,56714
246099,61348
246099,54096
246099,11262
246099,35732
246099,61552
246099,50716
246099,36720
246099,34092
246099,57804
246099,61280
246099,60522
246099,62074
246099,11490
246099,52918
246099,33886
246099,50274
246099,60
246099,3382
246099,10808
246099,1372
246099,54290
246099,59816
246099,59822
246099,50272
246099,1304
246099,37644
246099,49888
246099,50968
246099,60978
246099,46632
246099,42132
246099,51316
246099,33534
246099,50268
246099,53406
246099,51974
246099,50720
246099,50724
246099,61560
246099,50970
246099,61028
246099,53386
246099,63188
246099,62944
246099,59394
246099,63510
246099,55632
246099,57414
246099,63360
246099,63218
246099,59396
246099,62274
246099,63186
246099,50718
246099,56696
246099,63418
246099,44660
246099,62170
246099,63136
246099,61540
246099,62376
246099,53046
246099,63538
246099,36762
246099,54864
246099,44644
246099,50962
249579,61542
249579,11262
249579,50716
249579,57804
249579,62074
249579,44302
249579,11490
249579,60
249579,59822
249579,50272
249579,50268
249579,61560
249579,61028
249579,57414
249579,62274
249579,63136
249579,53046
249579,50962
183387,11262
183387,16358
183387,11490
183387,50268
183387,63220
183387,63136
183387,54864
183387,48980
183387,55798
183387,62614
183387,53394
183387,62618
183387,62616
183387,62378
183387,63540
183387,53256
183387,45912
183387,57522
183387,44664
183387,53048
183387,50962
183387,62276
183387,44662
183387,1206
183387,48694
183387,53258
183387,58504
210954,61364
210954,30500
210954,56714
210954,61348
210954,54096
210954,11262
210954,35732
210954,61552
210954,50716
210954,36720
210954,34092
210954,57804
210954,61280
210954,60522
210954,62074
210954,11490
210954,52918
210954,33886
210954,50274
210954,60
210954,3382
210954,10808
210954,1372
210954,54290
210954,59816
210954,59822
210954,50272
210954,1304
210954,37644
210954,49888
210954,50968
210954,60978
210954,46632
210954,42132
210954,51316
210954,33534
210954,50268
210954,53406
210954,51974
210954,50720
210954,50724
210954,61560
210954,50970
210954,61028
210954,53386
210954,63188
210954,62944
210954,59394
210954,63510
210954,55632
210954,57414
210954,63218
210954,59396
210954,62274
210954,63186
210954,50718
210954,56696
210954,63418
210954,44660
210954,62170
210954,63136
210954,61540
210954,62376
210954,53046
210954,36762
210954,54864
210954,55798
210954,53394
210954,62618
210954,62616
210954,62378
210954,63540
210954,53256
210954,45912
210954,44644
210954,57522
210954,44664
210954,53048
210954,50962
210954,62276
210954,1206
210954,48694
210954,53258
210954,58504
250434,61364
250434,1370
250434,30500
250434,56714
250434,61348
250434,54096
250434,11262
250434,48574
250434,61552
250434,50716
250434,36720
250434,57804
250434,61280
250434,60522
250434,62074
250434,11490
250434,50274
250434,60
250434,3382
250434,10808
250434,1372
250434,54290
250434,59816
250434,59822
250434,50272
250434,37644
250434,49888
250434,50968
250434,60978
250434,46632
250434,42132
250434,51316
250434,33534
250434,50268
250434,53406
250434,51974
250434,50720
250434,50724
250434,61560
250434,50970
250434,61028
250434,53386
250434,59394
250434,63510
250434,55632
250434,57414
250434,63218
250434,59396
250434,62274
250434,63186
250434,50718
250434,56696
250434,63418
250434,44660
250434,62170
250434,63136
250434,61540
250434,62376
250434,53046
250434,54864
250434,55798
250434,44644
250434,44664
250434,50962
250434,62276
252696,11262
252696,50716
252696,36720
252696,62074
252696,11490
252696,59822
252696,60978
252696,50268
252696,61560
252696,50970
252696,61028
252696,63510
252696,63218
252696,62274
252696,62170
252696,63136
252696,54864
252696,48980
252696,55798
252696,62614
252696,53394
252696,62618
252696,62616
252696,62378
252696,63540
252696,53256
252696,45912
252696,44644
252696,57522
252696,44664
252696,53048
252696,50962
252696,62276
252696,44662
252696,1206
252696,48694
252696,53258
252696,58504
241305,61364
241305,30500
241305,56714
241305,61348
241305,54096
241305,11262
241305,35732
241305,61552
241305,50716
241305,36720
241305,34092
241305,57804
241305,61280
241305,60522
241305,62074
241305,16358
241305,11490
241305,52918
241305,33886
241305,50274
241305,60
241305,3382
241305,10808
241305,1372
241305,54290
241305,59816
241305,59822
241305,50272
241305,1304
241305,37644
241305,49888
241305,50968
241305,60978
241305,46632
241305,42132
241305,51316
241305,33534
241305,50268
241305,53406
241305,51974
241305,50720
241305,50724
241305,61560
241305,50970
241305,61028
241305,53386
241305,63188
241305,62944
241305,59394
241305,63510
241305,55632
241305,57414
241305,63218
241305,59396
241305,62274
241305,63186
241305,50718
241305,56696
241305,63418
241305,44660
241305,62170
241305,63136
241305,61540
241305,62376
241305,53046
241305,63538
241305,36762
241305,54864
241305,48980
241305,55798
241305,62614
241305,53394
241305,62618
241305,62616
241305,62378
241305,63540
241305,53256
241305,45912
241305,44644
241305,57522
241305,44664
241305,53048
241305,50962
241305,62276
241305,44662
241305,1206
241305,48694
241305,53258
241305,58504
249633,61364
249633,30500
249633,56714
249633,54096
249633,11262
249633,35732
249633,61552
249633,50716
249633,36720
249633,34092
249633,57804
249633,61280
249633,60522
249633,62074
249633,11490
249633,52918
249633,33886
249633,50274
249633,60
249633,3382
249633,10808
249633,1372
249633,54290
249633,59816
249633,59822
249633,50272
249633,1304
249633,37644
249633,49888
249633,50968
249633,60978
249633,46632
249633,42132
249633,51316
249633,33534
249633,50268
249633,53406
249633,51974
249633,50720
249633,50724
249633,61560
249633,61028
249633,53386
249633,63188
249633,62944
249633,59394
249633,63510
249633,55632
249633,57414
249633,63360
249633,63218
249633,59396
249633,62274
249633,63186
249633,50718
249633,56696
249633,63418
249633,44660
249633,62170
249633,63136
249633,61540
249633,62376
249633,53046
249633,36762
249633,54864
249633,48980
249633,55798
249633,62616
249633,62400
249633,53256
249633,44644
249633,57522
249633,59776
249633,50962
249633,1206
249633,48694
250275,30500
250275,56714
250275,61542
250275,11262
250275,48574
250275,61552
250275,50716
250275,36720
250275,57804
250275,61280
250275,44302
250275,11490
250275,60
250275,1372
250275,54290
250275,59822
250275,50272
250275,49888
250275,60978
250275,50724
250275,61560
250275,50970
250275,61028
250275,59394
250275,63510
250275,59396
250275,62274
250275,50718
250275,62170
250275,63136
250275,53046
250275,54864
250275,59776
66924,61542
66924,11262
66924,61552
66924,50716
66924,36720
66924,57804
66924,62074
66924,11490
66924,60
66924,59822
66924,50272
66924,49888
66924,33534
66924,50268
66924,61560
66924,61028
66924,59394
66924,57414
66924,63186
66924,63136
66924,53046
66924,54864
66924,44644
66924,50962
211386,11262
211386,61552
211386,50716
211386,57804
211386,62074
211386,11490
211386,60
211386,59822
211386,50272
211386,50268
211386,61560
211386,61028
211386,59394
211386,57414
211386,62274
211386,62170
211386,63136
211386,53046
211386,54864
211386,59776
216495,11262
216495,61552
216495,50716
216495,36720
216495,57804
216495,62074
216495,11490
216495,59822
216495,50272
216495,49888
216495,33534
216495,50268
216495,61560
216495,61028
216495,59394
216495,57414
216495,63186
216495,63136
216495,53046
216495,54864
216495,59776
246804,61542
246804,11262
246804,61552
246804,50716
246804,36720
246804,57804
246804,62074
246804,11490
246804,60
246804,59822
246804,50272
246804,49888
246804,33534
246804,50268
246804,61560
246804,61028
246804,59394
246804,57414
246804,63186
246804,62170
246804,63136
246804,53046
246804,54864
246804,59776
191247,61542
191247,11262
191247,61552
191247,50716
191247,36720
191247,57804
191247,62074
191247,11490
191247,60
191247,59822
191247,50272
191247,49888
191247,33534
191247,50268
191247,61560
191247,61028
191247,59394
191247,57414
191247,63186
191247,63136
191247,53046
191247,54864
191247,55798
191247,44644
191247,59776
191247,50962
222516,11262
222516,48574
222516,61552
222516,50716
222516,36720
222516,62074
222516,11490
222516,59822
222516,50272
222516,49888
222516,33534
222516,50268
222516,61560
222516,36722
222516,61028
222516,59394
222516,57414
222516,63218
222516,62274
222516,63186
222516,63136
222516,54864
222516,44644
222516,50962
223782,11262
223782,61552
223782,50716
223782,36720
223782,57804
223782,62074
223782,11490
223782,60
223782,59822
223782,50272
223782,50268
223782,61560
223782,61028
223782,59394
223782,57414
223782,62274
223782,62170
223782,63136
223782,53046
223782,54864
223782,48980
223782,55798
223782,62614
223782,53394
223782,62618
223782,62616
223782,62378
223782,63540
223782,53256
223782,45912
223782,44644
223782,57522
223782,44664
223782,50962
223782,62276
223782,1206
223782,48694
223782,53258
157185,1370
157185,30500
157185,56714
157185,54096
157185,11262
157185,61552
157185,50716
157185,36720
157185,34092
157185,57804
157185,61280
157185,60522
157185,62074
157185,11490
157185,52918
157185,60
157185,3382
157185,10808
157185,61558
157185,1372
157185,54290
157185,59816
157185,59822
157185,50272
157185,1304
157185,37644
157185,49888
157185,50968
157185,60978
157185,46632
157185,42132
157185,33534
157185,50268
157185,53406
157185,51974
157185,50720
157185,50724
157185,61560
157185,61028
157185,53386
157185,63188
157185,62944
157185,59394
157185,63510
157185,55632
157185,57414
157185,63218
157185,59396
157185,62274
157185,50718
157185,56696
157185,62170
157185,63136
157185,61540
157185,62376
157185,53046
157185,63538
157185,36762
157185,54864
157185,55798
157185,44644
163101,11262
163101,61552
163101,50716
163101,36720
163101,62074
163101,11490
163101,59822
163101,50272
163101,49888
163101,60978
163101,33534
163101,50268
163101,61560
163101,61028
163101,59394
163101,63510
163101,57414
163101,63218
163101,62274
163101,62170
163101,63136
163101,54864
163101,48980
163101,55798
163101,62614
163101,53394
163101,62618
163101,62616
163101,62378
163101,63540
163101,53256
163101,45912
163101,44644
163101,57522
163101,44664
163101,53048
163101,50962
163101,62276
163101,44662
163101,1206
163101,48694
163101,53258
163101,58504
248178,61364
248178,30500
248178,56714
248178,61348
248178,54096
248178,11262
248178,35732
248178,61552
248178,50716
248178,36720
248178,34092
248178,57804
248178,61280
248178,60522
248178,62074
248178,11490
248178,52918
248178,50274
248178,60
248178,3382
248178,10808
248178,1372
248178,54290
248178,59816
248178,59822
248178,50272
248178,1304
248178,37644
248178,49888
248178,50968
248178,60978
248178,46632
248178,42132
248178,51316
248178,33534
248178,50268
248178,53406
248178,51974
248178,50720
248178,50724
248178,61560
248178,50970
248178,61028
248178,53386
248178,63188
248178,62944
248178,59394
248178,63510
248178,55632
248178,57414
248178,63360
248178,63218
248178,59396
248178,62274
248178,63186
248178,50718
248178,56696
248178,63418
248178,44660
248178,62170
248178,63136
248178,61540
248178,62376
248178,53046
248178,36762
248178,54864
248178,63540
248178,45912
248178,55638
248178,59776
248178,50962
248178,62276
249930,11262
249930,61552
249930,36720
249930,62074
249930,11490
249930,59822
249930,49888
249930,50968
249930,10652
249930,33534
249930,50268
249930,63510
249930,57414
249930,63218
249930,63186
249930,63136
249930,54864
249930,59776
249930,50962
213102,11262
213102,61552
213102,36720
213102,16358
213102,11490
213102,59822
213102,49888
213102,50968
213102,33534
213102,55632
213102,57414
213102,63218
213102,63220
213102,63136
213102,54864
213102,48980
213102,55798
213102,62614
213102,53394
213102,62618
213102,62616
213102,62378
213102,63540
213102,53256
213102,45912
213102,44644
213102,57522
213102,44664
213102,59776
213102,50962
213102,62276
213102,62860
213102,44662
213102,1206
213102,48694
213102,53258
213102,58504
221331,61364
221331,1370
221331,30500
221331,56714
221331,54096
221331,11262
221331,35732
221331,61552
221331,50716
221331,36720
221331,34092
221331,57804
221331,60522
221331,62074
221331,11490
221331,124
221331,52918
221331,33886
221331,50274
221331,60
221331,3382
221331,10808
221331,61558
221331,1372
221331,54290
221331,59816
221331,59822
221331,1304
221331,37644
221331,49888
221331,50968
221331,60978
221331,35846
221331,46632
221331,42132
221331,33534
221331,50268
221331,53406
221331,51974
221331,50720
221331,50724
221331,61560
221331,50970
221331,36722
221331,61028
221331,53386
221331,63188
221331,62944
221331,59394
221331,63510
221331,55632
221331,57414
221331,63360
221331,63218
221331,59396
221331,62274
221331,63186
221331,50718
221331,56696
221331,63418
221331,44660
221331,62170
221331,63136
221331,61540
221331,62376
221331,53046
221331,63538
221331,36762
221331,54864
221331,48980
221331,55798
221331,62614
221331,53394
221331,62618
221331,62616
221331,62378
221331,63540
221331,53256
221331,45912
221331,44644
221331,57522
221331,44664
221331,59776
221331,50962
221331,62276
221331,62860
221331,44662
221331,1206
221331,48694
221331,53258
221331,58504
173613,61364
173613,1370
173613,30500
173613,56714
173613,54096
173613,11262
173613,35732
173613,61552
173613,50716
173613,36720
173613,34092
173613,57804
173613,60522
173613,62074
173613,11490
173613,124
173613,52918
173613,33886
173613,50274
173613,60
173613,3382
173613,10808
173613,61558
173613,1372
173613,54290
173613,59816
173613,59822
173613,1304
173613,37644
173613,49888
173613,50968
173613,60978
173613,35846
173613,46632
173613,42132
173613,33534
173613,50268
173613,53406
173613,51974
173613,50720
173613,50724
173613,61560
173613,50970
173613,36722
173613,61028
173613,53386
173613,63188
173613,62944
173613,59394
173613,63510
173613,55632
173613,57414
173613,63360
173613,63218
173613,59396
173613,62274
173613,63186
173613,50718
173613,56696
173613,63418
173613,44660
173613,62170
173613,63136
173613,61540
173613,62376
173613,53046
173613,63538
173613,36762
173613,54864
173613,55798
173613,45912
173613,44644
173613,44664
173613,59776
173613,50962
173613,62276
187263,11262
187263,61552
187263,50716
187263,36720
187263,62074
187263,11490
187263,59822
187263,49888
187263,50968
187263,60978
187263,33534
187263,50268
187263,50720
187263,61560
187263,36722
187263,61028
187263,59394
187263,63510
187263,63218
187263,63186
187263,63136
187263,54864
187263,45912
187263,44664
187263,50962
187263,62276
197835,61672
197835,11262
197835,35732
197835,36720
197835,62074
197835,11490
197835,59822
197835,33534
197835,50268
197835,36722
197835,61028
197835,59394
197835,63510
197835,63186
197835,63136
197835,61540
197835,54864
197835,55798
197835,62618
197835,62378
197835,44644
197835,57522
197835,59776
197835,50962
197835,62276
208479,11262
208479,61552
208479,36720
208479,62074
208479,16358
208479,11490
208479,60
208479,1372
208479,54290
208479,59816
208479,59822
208479,49888
208479,50968
208479,60978
208479,33534
208479,50268
208479,50720
208479,61560
208479,36722
208479,59394
208479,63360
208479,63218
208479,63220
208479,50718
208479,44660
208479,62170
208479,63136
208479,62376
208479,54864
208479,55798
208479,45912
208479,44644
208479,44664
208479,59776
208479,50962
208479,62276
96138,11262
96138,61552
96138,50716
96138,36720
96138,62074
96138,11490
96138,59822
96138,49888
96138,50968
96138,60978
96138,33534
96138,50268
96138,50720
96138,61560
96138,36722
96138,59394
96138,63510
96138,63218
96138,63186
96138,63136
96138,54864
96138,50962
206673,61672
206673,11262
206673,62074
206673,11490
206673,59822
206673,50268
206673,59394
206673,63186
206673,63136
206673,54864
206673,48980
206673,55798
206673,62614
206673,53394
206673,62618
206673,62616
206673,62378
206673,63540
206673,53256
206673,45912
206673,44644
206673,57522
206673,44664
206673,59776
206673,50962
206673,62276
206673,62860
206673,44662
206673,1206
206673,48694
206673,53258
206673,58504
227292,61364
227292,1370
227292,30500
227292,56714
227292,54096
227292,11262
227292,35732
227292,61552
227292,50716
227292,36720
227292,34092
227292,57804
227292,60522
227292,62074
227292,11490
227292,124
227292,52918
227292,33886
227292,50274
227292,60
227292,3382
227292,10808
227292,61558
227292,1372
227292,54290
227292,59816
227292,59822
227292,1304
227292,37644
227292,49888
227292,50968
227292,60978
227292,35846
227292,46632
227292,42132
227292,33534
227292,50268
227292,53406
227292,51974
227292,50720
227292,50724
227292,61560
227292,50970
227292,61028
227292,53386
227292,63188
227292,62944
227292,59394
227292,63510
227292,55632
227292,57414
227292,63360
227292,63218
227292,59396
227292,62274
227292,63186
227292,50718
227292,56696
227292,63418
227292,44660
227292,62170
227292,63136
227292,61540
227292,62376
227292,53046
227292,63538
227292,36762
227292,54864
227292,55798
227292,45912
227292,44644
227292,44664
227292,59776
227292,50962
227292,62276
251829,11262
251829,61552
251829,36720
251829,62074
251829,11490
251829,59822
251829,49888
251829,50968
251829,60978
251829,33534
251829,50268
251829,50720
251829,61560
251829,36722
251829,59394
251829,63510
251829,63218
251829,63186
251829,63136
251829,54864
251829,50962
59700,61672
59700,11262
59700,61552
59700,16358
59700,11490
59700,33534
59700,44914
59700,63218
59700,63220
59700,63136
59700,54864
59700,48980
59700,55798
59700,62614
59700,53394
59700,62618
59700,62616
59700,62378
59700,63540
59700,53256
59700,45912
59700,44644
59700,57522
59700,44664
59700,59776
59700,50962
59700,62276
59700,62860
59700,44662
59700,1206
59700,48694
59700,53258
59700,58504
206979,61364
206979,1370
206979,30500
206979,56714
206979,54096
206979,11262
206979,35732
206979,61552
206979,50716
206979,36720
206979,34092
206979,57804
206979,60522
206979,62074
206979,11490
206979,124
206979,52918
206979,33886
206979,50274
206979,60
206979,3382
206979,10808
206979,61558
206979,1372
206979,54290
206979,59816
206979,59822
206979,1304
206979,37644
206979,49888
206979,50968
206979,60978
206979,35846
206979,46632
206979,42132
206979,33534
206979,50268
206979,53406
206979,51974
206979,50720
206979,50724
206979,61560
206979,50970
206979,61028
206979,53386
206979,63188
206979,62944
206979,59394
206979,63510
206979,55632
206979,57414
206979,63360
206979,63218
206979,59396
206979,62274
206979,63186
206979,50718
206979,56696
206979,63418
206979,44660
206979,62170
206979,63136
206979,61540
206979,62376
206979,53046
206979,63538
206979,36762
206979,54864
206979,48980
206979,55798
206979,62614
206979,53394
206979,62618
206979,62616
206979,62378
206979,63540
206979,53256
206979,45912
206979,44644
206979,57522
206979,55638
206979,10790
206979,44664
206979,59776
206979,50962
206979,62276
206979,62860
206979,56484
206979,1206
206979,48694
206979,53258
206979,58504
249207,61364
249207,1370
249207,30500
249207,56714
249207,61672
249207,54096
249207,11262
249207,35732
249207,61552
249207,50716
249207,36720
249207,34092
249207,57804
249207,61280
249207,60522
249207,62074
249207,11490
249207,124
249207,52918
249207,33886
249207,50274
249207,60
249207,3382
249207,10808
249207,61558
249207,1372
249207,54290
249207,59816
249207,59822
249207,1304
249207,37644
249207,49888
249207,53160
249207,50968
249207,60978
249207,35846
249207,46632
249207,10652
249207,42132
249207,51316
249207,33534
249207,50268
249207,53406
249207,51974
249207,50720
249207,50724
249207,44914
249207,61560
249207,50970
249207,36722
249207,53386
249207,63188
249207,62944
249207,59394
249207,63510
249207,55632
249207,57414
249207,63360
249207,63218
249207,59396
249207,62274
249207,63186
249207,50718
249207,56696
249207,63418
249207,44660
249207,62170
249207,63136
249207,61540
249207,62376
249207,53046
249207,63538
249207,36762
249207,54864
249207,55638
249207,59776
249207,50962
204480,11262
204480,61552
204480,36720
204480,62074
204480,16358
204480,11490
204480,59822
204480,49888
204480,50968
204480,33534
204480,50268
204480,55632
204480,57414
204480,63218
204480,63220
204480,63136
204480,54864
204480,50962
206856,11262
206856,62074
206856,11490
206856,50268
206856,59394
206856,63136
206856,44644
206856,50962
247983,61542
247983,11262
247983,50716
247983,57804
247983,62074
247983,11490
247983,60
247983,59822
247983,50272
247983,50268
247983,61560
247983,61028
247983,57414
247983,62274
247983,63136
247983,53046
247983,48980
247983,55798
247983,62614
247983,53394
247983,62618
247983,62616
247983,62378
247983,63540
247983,53256
247983,45912
247983,44644
247983,57522
247983,44664
247983,53048
247983,50962
247983,62276
247983,44662
247983,1206
247983,48694
247983,53258
247983,58504
232029,61364
232029,30500
232029,56714
232029,54096
232029,11262
232029,35732
232029,61552
232029,50716
232029,36720
232029,34092
232029,57804
232029,61280
232029,60522
232029,62074
232029,16358
232029,11490
232029,52918
232029,33886
232029,50274
232029,60
232029,3382
232029,10808
232029,1372
232029,54290
232029,59816
232029,59822
232029,50272
232029,1304
232029,37644
232029,49888
232029,50968
232029,60978
232029,46632
232029,42132
232029,51316
232029,33534
232029,50268
232029,53406
232029,51974
232029,50720
232029,50724
232029,61560
232029,61028
232029,53386
232029,63188
232029,62944
232029,59394
232029,63510
232029,55632
232029,57414
232029,63218
232029,59396
232029,62274
232029,50718
232029,56696
232029,63418
232029,44660
232029,62170
232029,63136
232029,61540
232029,62376
232029,53046
232029,63538
232029,36762
232029,54864
232029,48980
232029,55798
232029,62618
232029,62616
232029,62378
232029,53256
232029,45912
232029,44644
232029,57522
232029,44664
232029,50962
232029,1206
232029,48694
232029,53258
200259,1370
200259,30500
200259,56714
200259,61542
200259,11262
200259,48574
200259,61552
200259,50716
200259,36720
200259,57804
200259,61280
200259,60522
200259,62074
200259,11490
200259,52918
200259,60
200259,3382
200259,10808
200259,1372
200259,54290
200259,48298
200259,59822
200259,50272
200259,1304
200259,49888
200259,60978
200259,33534
200259,50268
200259,53406
200259,50720
200259,50724
200259,61560
200259,50970
200259,61028
200259,53386
200259,63188
200259,59394
200259,63510
200259,57414
200259,59396
200259,62274
200259,50718
200259,56696
200259,44660
200259,62170
200259,63136
200259,62376
200259,53046
200259,54864
200259,48980
200259,55798
200259,62618
200259,62616
200259,62378
200259,53256
200259,45912
200259,44644
200259,57522
200259,10790
200259,44664
200259,50962
200259,1206
200259,48694
200259,53258
167676,1370
167676,30500
167676,56714
167676,61542
167676,11262
167676,48574
167676,61552
167676,50716
167676,36720
167676,57804
167676,61280
167676,60522
167676,62074
167676,16358
167676,11490
167676,52918
167676,60
167676,3382
167676,10808
167676,1372
167676,54290
167676,48298
167676,59822
167676,50272
167676,1304
167676,49888
167676,60978
167676,50268
167676,53406
167676,50720
167676,50724
167676,61560
167676,50970
167676,61028
167676,53386
167676,63188
167676,59394
167676,63510
167676,59396
167676,62274
167676,50718
167676,56696
167676,44660
167676,62170
167676,63136
167676,62376
167676,53046
167676,54864
167676,62616
167676,53256
167676,44644
167676,57522
167676,10790
167676,44664
167676,53048
167676,50962
167676,48694
167676,53258
167676,58504
186327,1370
186327,30500
186327,56714
186327,61542
186327,54096
186327,11262
186327,48574
186327,61552
186327,50716
186327,36720
186327,57804
186327,61280
186327,60522
186327,62074
186327,11490
186327,33886
186327,3382
186327,10808
186327,1372
186327,54290
186327,59822
186327,50272
186327,1304
186327,49888
186327,35846
186327,50268
186327,50720
186327,61560
186327,50970
186327,61028
186327,53386
186327,59394
186327,63510
186327,32496
186327,57414
186327,62274
186327,50718
186327,56696
186327,63418
186327,44660
186327,62170
186327,63136
186327,54864
186327,48980
186327,55798
186327,62614
186327,53394
186327,62618
186327,62616
186327,62378
186327,63540
186327,53256
186327,45912
186327,44644
186327,57522
186327,10790
186327,44664
186327,59776
186327,53048
186327,50962
186327,62276
186327,44662
186327,1206
186327,48694
186327,53258
186327,58504
206958,61364
206958,1370
206958,30500
206958,56714
206958,61672
206958,61542
206958,54096
206958,11262
206958,35732
206958,61552
206958,50716
206958,36720
206958,34092
206958,57804
206958,61280
206958,60522
206958,62074
206958,11490
206958,124
206958,52918
206958,33886
206958,50274
206958,60
206958,3382
206958,10808
206958,61558
206958,1372
206958,54290
206958,59816
206958,59822
206958,50272
206958,1304
206958,37644
206958,49888
206958,53160
206958,50968
206958,60978
206958,35846
206958,46632
206958,42132
206958,51316
206958,33534
206958,50268
206958,53406
206958,51974
206958,50720
206958,50724
206958,61560
206958,50970
206958,61028
206958,53386
206958,63188
206958,62944
206958,59394
206958,63510
206958,32496
206958,55632
206958,57414
206958,63360
206958,63218
206958,59396
206958,62274
206958,50718
206958,56696
206958,63418
206958,44660
206958,62170
206958,63136
206958,61540
206958,62376
206958,53046
206958,63538
206958,36762
206958,54864
206958,55798
206958,62616
206958,62378
206958,53256
206958,10790
206958,53048
206958,52620
206958,50962
206958,1206
206958,48694
206958,53258
247956,1370
247956,30500
247956,56714
247956,61542
247956,11262
247956,48574
247956,61552
247956,50716
247956,36720
247956,61280
247956,60522
247956,62074
247956,11490
247956,33886
247956,60
247956,3382
247956,10808
247956,59822
247956,50272
247956,1304
247956,49888
247956,35846
247956,50268
247956,50720
247956,50724
247956,61560
247956,50970
247956,61028
247956,59394
247956,63510
247956,59396
247956,62274
247956,50718
247956,63418
247956,62170
247956,63136
247956,62376
247956,53046
247956,54864
247956,55798
247956,62618
247956,62378
247956,63540
247956,45912
247956,44644
247956,57522
247956,44664
247956,59776
247956,50962
247956,48694
247956,53258
183666,1370
183666,30500
183666,56714
183666,11262
183666,48574
183666,61552
183666,50716
183666,36720
183666,57804
183666,61280
183666,60522
183666,62074
183666,11490
183666,60
183666,3382
183666,10808
183666,1372
183666,54290
183666,59816
183666,59822
183666,50272
183666,37644
183666,49888
183666,60978
183666,42132
183666,51316
183666,33534
183666,50268
183666,53406
183666,51974
183666,50720
183666,61560
183666,61028
183666,53386
183666,59394
183666,63510
183666,55632
183666,57414
183666,63218
183666,59396
183666,62274
183666,50718
183666,56696
183666,62170
183666,63136
183666,61540
183666,62376
183666,54864
183666,48980
183666,55798
183666,62614
183666,62618
183666,62616
183666,62378
183666,63540
183666,53256
183666,45912
183666,44644
183666,57522
183666,44664
183666,50962
183666,62276
183666,1206
183666,48694
183666,53258
206928,1370
206928,30500
206928,56714
206928,54096
206928,11262
206928,61552
206928,50716
206928,36720
206928,34092
206928,57804
206928,61280
206928,60522
206928,62074
206928,11490
206928,52918
206928,60
206928,3382
206928,10808
206928,1372
206928,54290
206928,59816
206928,59822
206928,50272
206928,1304
206928,37644
206928,49888
206928,60978
206928,42132
206928,33534
206928,50268
206928,53406
206928,51974
206928,50720
206928,50724
206928,61560
206928,61028
206928,53386
206928,63188
206928,62944
206928,59394
206928,63510
206928,55632
206928,57414
206928,63218
206928,59396
206928,62274
206928,56696
206928,62170
206928,63136
206928,61540
206928,62376
206928,53046
206928,36762
206928,54864
206928,44644
206928,50962
165183,11262
165183,48574
165183,61552
165183,50716
165183,62074
165183,11490
165183,59822
165183,50272
165183,50268
165183,61560
165183,59394
165183,57414
165183,62274
165183,63136
165183,54864
165183,55798
165183,62618
165183,63540
165183,44644
165183,57522
165183,44664
165183,50962
165183,48694
206355,1370
206355,30500
206355,56714
206355,11262
206355,61552
206355,50716
206355,36720
206355,57804
206355,61280
206355,60522
206355,62074
206355,11490
206355,3382
206355,10808
206355,1372
206355,54290
206355,59816
206355,59822
206355,50272
206355,37644
206355,49888
206355,60978
206355,42132
206355,51316
206355,50268
206355,53406
206355,51974
206355,50720
206355,61560
206355,61028
206355,53386
206355,59394
206355,63510
206355,55632
206355,57414
206355,63218
206355,62274
206355,50718
206355,62170
206355,63136
206355,61540
206355,54864
206355,48980
206355,55798
206355,62614
206355,53394
206355,62618
206355,62616
206355,62378
206355,63540
206355,53256
206355,45912
206355,44644
206355,57522
206355,44664
206355,53048
206355,50962
206355,62276
206355,44662
206355,1206
206355,48694
206355,53258
206355,58504
173796,61364
173796,30500
173796,56714
173796,54096
173796,11262
173796,35732
173796,61552
173796,50716
173796,36720
173796,34092
173796,57804
173796,61280
173796,60522
173796,62074
173796,11490
173796,52918
173796,33886
173796,50274
173796,60
173796,3382
173796,10808
173796,1372
173796,54290
173796,59816
173796,59822
173796,50272
173796,1304
173796,37644
173796,49888
173796,50968
173796,60978
173796,46632
173796,42132
173796,51316
173796,33534
173796,50268
173796,53406
173796,51974
173796,50720
173796,50724
173796,61560
173796,61028
173796,53386
173796,63188
173796,62944
173796,59394
173796,63510
173796,55632
173796,57414
173796,63360
173796,63218
173796,59396
173796,62274
173796,63186
173796,50718
173796,56696
173796,63418
173796,44660
173796,62170
173796,63136
173796,61540
173796,62376
173796,53046
173796,36762
173796,54864
173796,48980
173796,55798
173796,62614
173796,53394
173796,62618
173796,62616
173796,62378
173796,63540
173796,53256
173796,45912
173796,44644
173796,57522
173796,44664
173796,59776
173796,50962
173796,62276
173796,62860
173796,44662
173796,1206
173796,48694
173796,53258
173796,58504
231876,61364
231876,1370
231876,30500
231876,56714
231876,54096
231876,11262
231876,35732
231876,61552
231876,50716
231876,36720
231876,34092
231876,57804
231876,60522
231876,62074
231876,11490
231876,124
231876,52918
231876,33886
231876,50274
231876,60
231876,3382
231876,10808
231876,61558
231876,1372
231876,54290
231876,59816
231876,59822
231876,1304
231876,37644
231876,49888
231876,50968
231876,60978
231876,35846
231876,46632
231876,42132
231876,33534
231876,50268
231876,53406
231876,51974
231876,50720
231876,50724
231876,61560
231876,50970
231876,61028
231876,53386
231876,63188
231876,62944
231876,59394
231876,63510
231876,55632
231876,57414
231876,63360
231876,63218
231876,59396
231876,62274
231876,63186
231876,50718
231876,56696
231876,63418
231876,44660
231876,62170
231876,63136
231876,61540
231876,62376
231876,53046
231876,63538
231876,36762
231876,54864
231876,48980
231876,55798
231876,62614
231876,53394
231876,62618
231876,62616
231876,62378
231876,63540
231876,53256
231876,45912
231876,44644
231876,57522
231876,44664
231876,53048
231876,50962
231876,62276
231876,44662
231876,1206
231876,48694
231876,53258
231876,58504
72117,61364
72117,30500
72117,56714
72117,61348
72117,54096
72117,11262
72117,35732
72117,61552
72117,50716
72117,36720
72117,34092
72117,57804
72117,61280
72117,60522
72117,62074
72117,16358
72117,11490
72117,52918
72117,33886
72117,50274
72117,60
72117,3382
72117,10808
72117,1372
72117,54290
72117,59816
72117,59822
72117,50272
72117,1304
72117,37644
72117,49888
72117,50968
72117,60978
72117,46632
72117,42132
72117,51316
72117,33534
72117,50268
72117,53406
72117,51974
72117,50720
72117,50724
72117,61560
72117,50970
72117,61028
72117,53386
72117,63188
72117,62944
72117,59394
72117,63510
72117,55632
72117,57414
72117,63218
72117,59396
72117,62274
72117,63186
72117,50718
72117,56696
72117,63418
72117,44660
72117,62170
72117,63136
72117,61540
72117,62376
72117,53046
72117,36762
72117,54864
72117,62400
72117,62378
72117,59776
72117,52620
72117,50962
203145,11262
203145,61552
203145,39186
203145,62074
203145,11490
203145,50968
203145,36722
203145,59394
203145,63136
203145,54864
203145,55798
203145,45912
203145,44644
203145,44664
203145,59776
203145,50962
203145,62276
210843,11262
210843,61552
210843,36720
210843,62074
210843,11490
210843,60
210843,59822
210843,49888
210843,50968
210843,60978
210843,33534
210843,50268
210843,50720
210843,61560
210843,36722
210843,59394
210843,63510
210843,63218
210843,63136
210843,54864
210843,44644
210843,50962
236766,11262
236766,61552
236766,50716
236766,62074
236766,11490
236766,59822
236766,50272
236766,61560
236766,61028
236766,57414
236766,62274
236766,63136
236766,54864
236766,52620
236766,50962
203646,11262
203646,11490
203646,59394
203646,63220
203646,63136
203646,54864
203646,48980
203646,55798
203646,62614
203646,53394
203646,62618
203646,62616
203646,62378
203646,63540
203646,53256
203646,45912
203646,44644
203646,57522
203646,44664
203646,53048
203646,50962
203646,62276
203646,44662
203646,1206
203646,48694
203646,53258
203646,58504
211638,61364
211638,1370
211638,30500
211638,56714
211638,61348
211638,54096
211638,11262
211638,35732
211638,61552
211638,50716
211638,36720
211638,34092
211638,57804
211638,61280
211638,60522
211638,62074
211638,11490
211638,52918
211638,33886
211638,50274
211638,60
211638,3382
211638,10808
211638,1372
211638,54290
211638,59816
211638,59822
211638,50272
211638,1304
211638,37644
211638,49888
211638,50968
211638,60978
211638,46632
211638,42132
211638,51316
211638,33534
211638,50268
211638,53406
211638,51974
211638,50720
211638,50724
211638,61560
211638,50970
211638,61028
211638,53386
211638,63188
211638,62944
211638,59394
211638,63510
211638,55632
211638,57414
211638,63360
211638,63218
211638,59396
211638,62274
211638,63186
211638,50718
211638,56696
211638,63418
211638,44660
211638,62170
211638,63136
211638,61540
211638,62376
211638,53046
211638,63538
211638,36762
211638,54864
211638,48980
211638,55798
211638,62614
211638,53394
211638,62618
211638,62616
211638,62378
211638,63540
211638,53256
211638,45912
211638,57522
211638,44664
211638,53048
211638,50962
211638,62276
211638,44662
211638,1206
211638,48694
211638,53258
211638,58504
161208,61364
161208,30500
161208,56714
161208,54096
161208,11262
161208,35732
161208,61552
161208,50716
161208,36720
161208,34092
161208,57804
161208,61280
161208,60522
161208,62074
161208,11490
161208,52918
161208,33886
161208,50274
161208,60
161208,3382
161208,10808
161208,1372
161208,54290
161208,59816
161208,59822
161208,50272
161208,1304
161208,37644
161208,49888
161208,50968
161208,60978
161208,46632
161208,42132
161208,51316
161208,33534
161208,50268
161208,53406
161208,51974
161208,50720
161208,50724
161208,61560
161208,61028
161208,53386
161208,63188
161208,62944
161208,59394
161208,63510
161208,55632
161208,57414
161208,63218
161208,59396
161208,62274
161208,50718
161208,56696
161208,63418
161208,44660
161208,62170
161208,63136
161208,61540
161208,62376
161208,53046
161208,36762
161208,54864
161208,44644
161208,50962
244041,11262
244041,61552
244041,50716
244041,62074
244041,11490
244041,59822
244041,50272
244041,50268
244041,61560
244041,59394
244041,57414
244041,62274
244041,63136
244041,54864
244041,48980
244041,55798
244041,62614
244041,53256
244041,10790
244041,59776
244041,52620
244041,50962
244041,62276
244041,62860
194409,61348
194409,50716
194409,36720
194409,61558
194409,1372
194409,48298
194409,59816
194409,50968
194409,46632
194409,36722
194409,61028
194409,63220
194409,62170
194409,54864
194409,48980
194409,53394
194409,62616
194409,62378
194409,44664
194409,62860
194409,53258
248301,61672
248301,11262
248301,50716
248301,36720
248301,52918
248301,60
248301,61558
248301,48298
248301,59816
248301,59822
248301,46632
248301,51316
248301,36722
248301,62944
248301,32496
248301,63220
248301,62170
248301,62376
248301,54864
248301,48980
248301,53394
248301,62616
248301,62378
248301,45912
248301,10790
248301,44664
248301,62860
248301,44662
248301,56484
248301,1206
248301,48694
248301,53258
248301,58504
231144,1370
231144,30500
231144,56714
231144,61672
231144,61542
231144,11262
231144,48574
231144,50716
231144,36720
231144,34092
231144,61280
231144,60522
231144,16358
231144,44302
231144,124
231144,52918
231144,61558
231144,48298
231144,59816
231144,59822
231144,1304
231144,37644
231144,49888
231144,53160
231144,50968
231144,46632
231144,42132
231144,51316
231144,33534
231144,50268
231144,53406
231144,51974
231144,50724
231144,44914
231144,50970
231144,36722
231144,61028
231144,53386
231144,63188
231144,62944
231144,63510
231144,57414
231144,63218
231144,59396
231144,62274
231144,63220
231144,63186
231144,50718
231144,63418
231144,62170
231144,53046
231144,63538
231144,36762
231144,54864
231144,48980
231144,62614
231144,53394
231144,62400
231144,62378
231144,57522
231144,55638
231144,10790
231144,44664
231144,59776
231144,53048
231144,52620
231144,62276
231144,62860
231144,44662
231144,56484
231144,48694
231144,53258
231144,58504
67764,1370
67764,30500
67764,56714
67764,61672
67764,61348
67764,61542
67764,11262
67764,48574
67764,50716
67764,36720
67764,61280
67764,60522
67764,62074
67764,16358
67764,44302
67764,11490
67764,124
67764,52918
67764,50274
67764,10808
67764,61558
67764,1372
67764,48298
67764,59816
67764,59822
67764,37644
67764,49888
67764,53160
67764,50968
67764,46632
67764,51316
67764,33534
67764,50268
67764,53406
67764,51974
67764,50724
67764,44914
67764,50970
67764,36722
67764,61028
67764,63188
67764,62944
67764,63510
67764,32496
67764,57414
67764,63218
67764,59396
67764,62274
67764,63220
67764,63186
67764,50718
67764,56696
67764,63418
67764,62170
67764,62376
67764,53046
67764,54864
67764,48980
67764,62614
67764,53394
67764,62618
67764,62616
67764,62400
67764,62378
67764,45912
67764,44644
67764,57522
67764,55638
67764,10790
67764,44664
67764,59776
67764,53048
67764,52620
67764,62860
212745,61348
212745,35732
212745,50716
212745,61558
212745,48298
212745,59816
212745,59822
212745,50968
212745,46632
212745,36722
212745,61028
212745,63220
212745,62170
212745,54864
212745,53394
212745,62378
212745,44664
212745,62860
212745,44662
212745,56484
212745,53258
212745,58504
206868,1370
206868,56714
206868,61672
206868,61348
206868,61542
206868,11262
206868,50716
206868,61280
206868,60522
206868,62074
206868,11490
206868,124
206868,52918
206868,60
206868,61558
206868,54290
206868,48298
206868,59816
206868,59822
206868,37644
206868,49888
206868,53160
206868,50968
206868,46632
206868,42132
206868,50268
206868,53406
206868,51974
206868,50724
206868,44914
206868,61560
206868,36722
206868,61028
206868,53386
206868,62944
206868,32496
206868,62274
206868,63220
206868,63186
206868,56696
206868,63418
206868,62170
206868,63136
206868,62376
206868,53046
206868,63538
206868,54864
206868,48980
206868,53394
206868,62400
206868,62378
206868,45912
206868,44644
206868,55638
206868,10790
206868,44664
206868,53048
206868,52620
206868,62860
206868,53258
67314,50716
67314,52918
67314,61558
67314,48298
67314,59816
67314,59822
67314,49888
67314,46632
67314,36722
67314,61028
67314,62944
67314,63220
67314,62170
67314,62376
67314,54864
67314,53394
67314,62378
67314,44664
67314,62860
67314,56484
67314,53258
67314,58504
155271,56714
155271,61672
155271,61348
155271,61542
155271,11262
155271,50716
155271,36720
155271,61558
155271,48298
155271,59816
155271,59822
155271,50968
155271,46632
155271,50720
155271,50724
155271,44914
155271,50970
155271,36722
155271,61028
155271,62944
155271,32496
155271,62274
155271,63220
155271,56696
155271,62170
155271,62376
155271,54864
155271,48980
155271,62618
155271,62616
155271,62400
155271,62378
155271,45912
155271,10790
155271,44664
155271,59776
155271,62860
155271,1206
155271,53258
206784,1370
206784,61552
206784,16358
206784,1372
206784,54290
206784,50272
206784,53160
206784,50968
206784,61028
206784,62944
206784,59394
206784,59396
206784,63186
206784,48980
206784,10790
206784,62276
208758,61364
208758,61348
208758,50270
208758,39186
208758,16358
208758,11490
208758,54290
208758,53160
208758,50968
208758,61028
208758,63188
208758,62944
208758,59394
208758,63510
208758,59396
208758,63186
208758,48980
208758,62618
208758,55638
208758,10790
208758,62276
208758,53258
208758,58504
209154,61364
209154,56714
209154,50270
209154,36720
209154,39186
209154,16358
209154,11490
209154,33886
209154,1372
209154,54290
209154,50272
209154,50968
209154,61028
209154,62944
209154,59394
209154,63510
209154,59396
209154,63186
209154,53046
209154,63538
209154,48980
209154,55798
209154,62618
209154,62378
209154,55638
209154,10790
209154,53048
209154,62276
209154,44662
209154,56484
209154,58504
208488,61364
208488,61348
208488,61542
208488,50270
208488,11262
208488,35732
208488,36720
208488,39186
208488,16358
208488,61028
208488,63510
208488,59396
208488,63186
208488,48980
208488,10790
208488,62276
208488,58504
72561,61364
72561,11262
72561,39186
72561,16358
72561,1304
72561,61028
72561,62944
72561,59394
72561,63510
72561,57414
72561,59396
72561,63186
72561,62170
72561,48980
72561,55798
72561,10790
72561,62276
72561,56484
72561,58504
187221,56714
187221,50270
187221,11262
187221,39186
187221,61280
187221,16358
187221,44302
187221,11490
187221,124
187221,52918
187221,33886
187221,50274
187221,3382
187221,10808
187221,61558
187221,1372
187221,54290
187221,48298
187221,50272
187221,53160
187221,50968
187221,10652
187221,42132
187221,51316
187221,53406
187221,51974
187221,50720
187221,36722
187221,61028
187221,53386
187221,62944
187221,59394
187221,63510
187221,55632
187221,57414
187221,63360
187221,63218
187221,59396
187221,63186
187221,56696
187221,62170
187221,63136
187221,61540
187221,53046
187221,63538
187221,54864
187221,48980
187221,55798
187221,62614
187221,53394
187221,62618
187221,62400
187221,62378
187221,53256
187221,44644
187221,55638
187221,10790
187221,44664
187221,59776
187221,53048
187221,52620
187221,62276
187221,56484
187221,1206
187221,48694
187221,53258
187221,58504
252066,61364
252066,30500
252066,56714
252066,61348
252066,61542
252066,50270
252066,35732
252066,48574
252066,36720
252066,39186
252066,34092
252066,57804
252066,61280
252066,60522
252066,62074
252066,16358
252066,11490
252066,1372
252066,54290
252066,50272
252066,53160
252066,50968
252066,42132
252066,51974
252066,61028
252066,62944
252066,59394
252066,63510
252066,63360
252066,59396
252066,63186
252066,53046
252066,63538
252066,54864
252066,48980
252066,55798
252066,62618
252066,62378
252066,10790
252066,53048
252066,62276
252066,56484
252066,58504
66918,61364
66918,61348
66918,61542
66918,50270
66918,35732
66918,36720
66918,39186
66918,16358
66918,44302
66918,11490
66918,124
66918,52918
66918,33886
66918,50274
66918,3382
66918,10808
66918,61558
66918,1372
66918,54290
66918,48298
66918,50272
66918,37644
66918,53160
66918,50968
66918,35846
66918,10652
66918,42132
66918,33534
66918,50268
66918,51974
66918,50720
66918,44914
66918,61028
66918,62944
66918,59394
66918,63510
66918,55632
66918,57414
66918,63360
66918,63218
66918,59396
66918,62274
66918,63186
66918,56696
66918,63418
66918,44660
66918,62170
66918,63136
66918,61540
66918,53046
66918,63538
66918,54864
66918,48980
66918,55798
66918,62614
66918,53394
66918,62618
66918,62400
66918,53256
66918,44644
66918,57522
66918,55638
66918,10790
66918,44664
66918,59776
66918,52620
66918,62276
66918,62860
66918,1206
66918,48694
66918,53258
66918,58504
174279,61364
174279,30500
174279,56714
174279,61542
174279,50270
174279,11262
174279,61552
174279,50716
174279,36720
174279,39186
174279,34092
174279,57804
174279,61280
174279,62074
174279,16358
174279,11490
174279,54290
174279,50968
174279,61028
174279,63188
174279,62944
174279,59394
174279,63510
174279,59396
174279,63186
174279,48980
174279,55798
174279,62618
174279,62378
174279,55638
174279,10790
174279,62276
174279,56484
174279,58504
237252,61364
237252,56714
237252,61348
237252,50270
237252,11262
237252,36720
237252,39186
237252,16358
237252,11490
237252,1372
237252,54290
237252,50272
237252,53160
237252,50968
237252,61028
237252,62944
237252,59394
237252,63510
237252,59396
237252,63186
237252,48980
237252,55798
237252,62618
237252,62378
237252,55638
237252,10790
237252,53048
237252,62276
237252,56484
237252,58504
229263,61364
229263,61348
229263,50270
229263,36720
229263,39186
229263,34092
229263,16358
229263,44302
229263,11490
229263,124
229263,52918
229263,33886
229263,50274
229263,60
229263,3382
229263,10808
229263,61558
229263,1372
229263,54290
229263,48298
229263,59816
229263,59822
229263,50272
229263,1304
229263,37644
229263,49888
229263,53160
229263,50968
229263,60978
229263,35846
229263,10652
229263,42132
229263,51316
229263,33534
229263,50268
229263,53406
229263,51974
229263,50720
229263,50724
229263,61560
229263,50970
229263,36722
229263,61028
229263,53386
229263,63188
229263,62944
229263,59394
229263,63510
229263,55632
229263,57414
229263,63360
229263,63218
229263,59396
229263,62274
229263,63220
229263,63186
229263,50718
229263,56696
229263,63418
229263,44660
229263,62170
229263,63136
229263,61540
229263,62376
229263,53046
229263,63538
229263,36762
229263,54864
229263,48980
229263,55798
229263,62614
229263,53394
229263,62618
229263,62616
229263,62400
229263,62378
229263,63540
229263,53256
229263,44644
229263,57522
229263,55638
229263,44664
229263,59776
229263,53048
229263,52620
229263,50962
229263,62276
229263,62860
229263,56484
229263,1206
229263,48694
229263,53258
229263,58504
237057,61364
237057,1370
237057,30500
237057,56714
237057,61672
237057,61348
237057,61542
237057,50270
237057,54096
237057,35732
237057,48574
237057,61552
237057,50716
237057,36720
237057,39186
237057,34092
237057,57804
237057,61280
237057,60522
237057,62074
237057,16358
237057,44302
237057,11490
237057,124
237057,52918
237057,33886
237057,50274
237057,3382
237057,10808
237057,61558
237057,1372
237057,54290
237057,48298
237057,50272
237057,37644
237057,53160
237057,50968
237057,35846
237057,10652
237057,42132
237057,51316
237057,33534
237057,50268
237057,51974
237057,50720
237057,36722
237057,61028
237057,53386
237057,62944
237057,59394
237057,63510
237057,55632
237057,57414
237057,63360
237057,63218
237057,59396
237057,62274
237057,63186
237057,56696
237057,63418
237057,44660
237057,62170
237057,63136
237057,61540
237057,53046
237057,63538
237057,54864
237057,48980
237057,55798
237057,62614
237057,53394
237057,62618
237057,62400
237057,62378
237057,53256
237057,44644
237057,57522
237057,55638
237057,10790
237057,44664
237057,59776
237057,53048
237057,52620
237057,62276
237057,56484
237057,1206
237057,48694
237057,53258
237057,58504
225972,61364
225972,30500
225972,56714
225972,61348
225972,61542
225972,50270
225972,35732
225972,48574
225972,61552
225972,50716
225972,36720
225972,39186
225972,34092
225972,57804
225972,61280
225972,60522
225972,62074
225972,16358
225972,1372
225972,50272
225972,53160
225972,50968
225972,50724
225972,61028
225972,53386
225972,63510
225972,59396
225972,63186
225972,48980
225972,55638
225972,10790
225972,44662
225972,58504
249342,61364
249342,11262
249342,39186
249342,34092
249342,16358
249342,44302
249342,11490
249342,124
249342,52918
249342,33886
249342,50274
249342,3382
249342,10808
249342,61558
249342,1372
249342,54290
249342,48298
249342,50272
249342,37644
249342,53160
249342,50968
249342,35846
249342,10652
249342,42132
249342,51316
249342,33534
249342,50268
249342,53406
249342,51974
249342,50720
249342,36722
249342,61028
249342,53386
249342,62944
249342,59394
249342,63510
249342,55632
249342,57414
249342,63360
249342,63218
249342,59396
249342,63186
249342,56696
249342,63418
249342,44660
249342,62170
249342,63136
249342,61540
249342,62376
249342,53046
249342,63538
249342,54864
249342,48980
249342,55798
249342,62614
249342,53394
249342,62618
249342,62400
249342,62378
249342,53256
249342,44644
249342,57522
249342,55638
249342,10790
249342,44664
249342,59776
249342,53048
249342,52620
249342,62276
249342,56484
249342,1206
249342,48694
249342,53258
249342,58504
227238,61364
227238,30500
227238,56714
227238,61672
227238,61348
227238,61542
227238,50270
227238,11262
227238,35732
227238,48574
227238,61552
227238,50716
227238,36720
227238,39186
227238,34092
227238,57804
227238,61280
227238,60522
227238,62074
227238,16358
227238,44302
227238,11490
227238,124
227238,52918
227238,33886
227238,50274
227238,3382
227238,10808
227238,61558
227238,1372
227238,54290
227238,48298
227238,50272
227238,37644
227238,53160
227238,50968
227238,35846
227238,10652
227238,42132
227238,51316
227238,33534
227238,50268
227238,51974
227238,50720
227238,44914
227238,36722
227238,61028
227238,53386
227238,62944
227238,59394
227238,63510
227238,55632
227238,57414
227238,63360
227238,63218
227238,59396
227238,62274
227238,63186
227238,56696
227238,44660
227238,62170
227238,63136
227238,61540
227238,53046
227238,63538
227238,54864
227238,48980
227238,55798
227238,62614
227238,53394
227238,62618
227238,62400
227238,62378
227238,53256
227238,44644
227238,57522
227238,55638
227238,10790
227238,44664
227238,59776
227238,53048
227238,52620
227238,62276
227238,62860
227238,56484
227238,1206
227238,48694
227238,53258
227238,58504
228438,61364
228438,30500
228438,56714
228438,61348
228438,61542
228438,50270
228438,11262
228438,35732
228438,48574
228438,61552
228438,50716
228438,36720
228438,39186
228438,34092
228438,57804
228438,61280
228438,62074
228438,16358
228438,11490
228438,33886
228438,3382
228438,10808
228438,1372
228438,54290
228438,48298
228438,50272
228438,1304
228438,53160
228438,42132
228438,51316
228438,53406
228438,51974
228438,50720
228438,61028
228438,63188
228438,62944
228438,59394
228438,63510
228438,57414
228438,63360
228438,63218
228438,59396
228438,63186
228438,62170
228438,63136
228438,61540
228438,53046
228438,63538
228438,54864
228438,48980
228438,55798
228438,53394
228438,62618
228438,62378
228438,44644
228438,57522
228438,55638
228438,10790
228438,44664
228438,59776
228438,53048
228438,62276
228438,56484
228438,1206
228438,58504
249486,61364
249486,30500
249486,56714
249486,61348
249486,61542
249486,50270
249486,35732
249486,48574
249486,36720
249486,39186
249486,34092
249486,57804
249486,16358
249486,10808
249486,49888
249486,53160
249486,50724
249486,61560
249486,61028
242415,30500
242415,61348
242415,39186
242415,1372
242415,50272
242415,1304
242415,53160
242415,50968
242415,61028
242415,62944
242415,59394
242415,63510
242415,59396
242415,63186
242415,62170
242415,48980
242415,62400
242415,55638
242415,10790
242415,44662
242415,58504
250668,61364
250668,61348
250668,39186
250668,16358
250668,11490
250668,33886
250668,50274
250668,3382
250668,10808
250668,61558
250668,1372
250668,54290
250668,48298
250668,50272
250668,53160
250668,50968
250668,10652
250668,42132
250668,51316
250668,53406
250668,51974
250668,50720
250668,36722
250668,61028
250668,62944
250668,59394
250668,63510
250668,57414
250668,63360
250668,63218
250668,59396
250668,63186
250668,62170
250668,63136
250668,61540
250668,53046
250668,63538
250668,54864
250668,48980
250668,55798
250668,53394
250668,62618
250668,62400
250668,62378
250668,44644
250668,57522
250668,55638
250668,10790
250668,44664
250668,59776
250668,53048
250668,52620
250668,62276
250668,62860
250668,56484
250668,1206
250668,58504
187386,61364
187386,30500
187386,56714
187386,61348
187386,61542
187386,50270
187386,35732
187386,48574
187386,61552
187386,36720
187386,39186
187386,34092
187386,57804
187386,61280
187386,16358
187386,11490
187386,33886
187386,50274
187386,61558
187386,1372
187386,54290
187386,48298
187386,50272
187386,53160
187386,50968
187386,61028
187386,62944
187386,59394
187386,63510
187386,59396
187386,63186
187386,62376
187386,53046
187386,63538
187386,54864
187386,48980
187386,62618
187386,62378
187386,55638
187386,10790
187386,53048
187386,62276
187386,56484
187386,58504
165045,61364
165045,61672
165045,61348
165045,61542
165045,50270
165045,35732
165045,36720
165045,39186
165045,34092
165045,16358
165045,53160
165045,61028
165045,59394
165045,63510
165045,59396
165045,63186
165045,48980
165045,55798
165045,10790
165045,62276
165045,62860
225390,61364
225390,61348
225390,50270
225390,39186
225390,16358
225390,11490
225390,1372
225390,54290
225390,50272
225390,53160
225390,50968
225390,42132
225390,51974
225390,61028
225390,62944
225390,59394
225390,63510
225390,63360
225390,59396
225390,63186
225390,53046
225390,63538
225390,54864
225390,48980
225390,55798
225390,62618
225390,62378
225390,10790
225390,53048
225390,62276
225390,56484
225390,58504
206988,61364
206988,61348
206988,61542
206988,50270
206988,35732
206988,36720
206988,39186
206988,16358
206988,124
206988,52918
206988,10808
206988,37644
206988,49888
206988,53160
206988,51316
206988,33534
206988,61560
206988,63510
206988,63186
206988,44664
206988,53048
206988,56484
206988,1206
244680,30500
244680,61348
244680,39186
244680,3382
244680,53160
244680,61028
244680,53386
244680,63510
244680,59396
244680,62274
244680,63186
244680,48980
244680,10790
244680,58504
183468,54096
183468,39186
183468,34092
183468,16358
183468,11490
183468,54290
183468,1304
183468,61028
183468,62944
183468,59394
183468,63510
183468,59396
183468,63186
183468,48980
183468,55798
183468,62618
183468,55638
183468,10790
183468,62276
183468,56484
183468,58504
208206,56714
208206,61348
208206,50270
208206,11262
208206,39186
208206,16358
208206,44302
208206,11490
208206,124
208206,52918
208206,33886
208206,50274
208206,3382
208206,10808
208206,61558
208206,1372
208206,54290
208206,48298
208206,50272
208206,37644
208206,53160
208206,50968
208206,35846
208206,10652
208206,42132
208206,51316
208206,33534
208206,50268
208206,51974
208206,50720
208206,44914
208206,36722
208206,61028
208206,53386
208206,62944
208206,59394
208206,63510
208206,55632
208206,57414
208206,63360
208206,63218
208206,59396
208206,62274
208206,63186
208206,56696
208206,63418
208206,44660
208206,62170
208206,63136
208206,61540
208206,53046
208206,63538
208206,54864
208206,48980
208206,55798
208206,62614
208206,53394
208206,62618
208206,62400
208206,62378
208206,53256
208206,44644
208206,57522
208206,55638
208206,10790
208206,44664
208206,59776
208206,53048
208206,52620
208206,62276
208206,62860
208206,56484
208206,1206
208206,48694
208206,53258
208206,58504
222204,61364
222204,30500
222204,56714
222204,61348
222204,61542
222204,50270
222204,11262
222204,35732
222204,48574
222204,61552
222204,50716
222204,36720
222204,39186
222204,34092
222204,57804
222204,61280
222204,60522
222204,62074
222204,16358
222204,11490
222204,1372
222204,54290
222204,50272
222204,1304
222204,53160
222204,50968
222204,61028
222204,62944
222204,59394
222204,63510
222204,59396
222204,63186
222204,48980
222204,62618
222204,62400
222204,62378
222204,55638
222204,10790
222204,53048
222204,62276
222204,44662
222204,56484
222204,58504
179700,61364
179700,61348
179700,11262
179700,39186
179700,16358
179700,44302
179700,11490
179700,124
179700,52918
179700,33886
179700,50274
179700,60
179700,3382
179700,10808
179700,61558
179700,1372
179700,54290
179700,48298
179700,59816
179700,59822
179700,50272
179700,1304
179700,37644
179700,49888
179700,53160
179700,50968
179700,60978
179700,35846
179700,46632
179700,10652
179700,42132
179700,51316
179700,33534
179700,50268
179700,53406
179700,51974
179700,50720
179700,50724
179700,44914
179700,36722
179700,61028
179700,53386
179700,63188
179700,62944
179700,59394
179700,63510
179700,55632
179700,57414
179700,63360
179700,63218
179700,59396
179700,62274
179700,63220
179700,63186
179700,50718
179700,56696
179700,63418
179700,44660
179700,62170
179700,63136
179700,61540
179700,62376
179700,53046
179700,63538
179700,36762
179700,54864
179700,48980
179700,55798
179700,62614
179700,53394
179700,62618
179700,62616
179700,62400
179700,62378
179700,63540
179700,53256
179700,45912
179700,44644
179700,57522
179700,55638
179700,10790
179700,44664
179700,59776
179700,53048
179700,52620
179700,50962
179700,62276
179700,62860
179700,44662
179700,56484
179700,1206
179700,48694
179700,53258
179700,58504
210045,61364
210045,1370
210045,30500
210045,56714
210045,61672
210045,61348
210045,61542
210045,50270
210045,54096
210045,11262
210045,35732
210045,48574
210045,61552
210045,50716
210045,36720
210045,39186
210045,34092
210045,57804
210045,61280
210045,60522
210045,62074
210045,16358
210045,44302
210045,11490
210045,124
210045,52918
210045,33886
210045,50274
210045,3382
210045,10808
210045,61558
210045,1372
210045,54290
210045,48298
210045,50272
210045,37644
210045,53160
210045,50968
210045,35846
210045,10652
210045,42132
210045,51316
210045,33534
210045,50268
210045,51974
210045,50720
210045,36722
210045,61028
210045,53386
210045,62944
210045,59394
210045,63510
210045,55632
210045,57414
210045,63360
210045,63218
210045,59396
210045,63186
210045,56696
210045,63418
210045,44660
210045,62170
210045,63136
210045,61540
210045,53046
210045,63538
210045,54864
210045,48980
210045,55798
210045,62614
210045,53394
210045,62618
210045,62400
210045,62378
210045,53256
210045,44644
210045,57522
210045,55638
210045,10790
210045,44664
210045,59776
210045,53048
210045,52620
210045,62276
210045,56484
210045,1206
210045,48694
210045,53258
210045,58504
157767,61364
157767,30500
157767,56714
157767,61672
157767,61348
157767,61542
157767,50270
157767,11262
157767,35732
157767,48574
157767,61552
157767,50716
157767,36720
157767,39186
157767,34092
157767,57804
157767,61280
157767,62074
157767,16358
157767,1304
157767,61028
157767,53386
157767,62944
157767,63510
157767,57414
157767,59396
157767,63186
157767,48980
157767,55798
157767,62618
157767,55638
157767,10790
157767,62276
157767,56484
157767,58504
171702,56714
171702,11262
171702,39186
171702,61280
171702,16358
171702,11490
171702,54290
171702,50968
171702,61028
171702,62944
171702,59394
171702,63510
171702,59396
171702,63186
171702,48980
171702,55798
171702,62618
171702,62378
171702,55638
171702,10790
171702,62276
171702,56484
171702,58504
181662,61364
181662,56714
181662,61348
181662,50270
181662,36720
181662,39186
181662,16358
181662,1372
181662,50272
181662,50968
181662,61028
181662,62944
181662,59394
181662,63510
181662,59396
181662,63186
181662,48980
181662,10790
181662,62276
181662,58504
203451,61364
203451,61348
203451,11262
203451,39186
203451,16358
203451,44302
203451,11490
203451,124
203451,52918
203451,33886
203451,50274
203451,3382
203451,10808
203451,61558
203451,1372
203451,54290
203451,48298
203451,59816
203451,50272
203451,1304
203451,37644
203451,53160
203451,50968
203451,35846
203451,10652
203451,42132
203451,51316
203451,33534
203451,50268
203451,53406
203451,51974
203451,50720
203451,50724
203451,36722
203451,61028
203451,53386
203451,62944
203451,59394
203451,63510
203451,55632
203451,57414
203451,63360
203451,63218
203451,59396
203451,63186
203451,50718
203451,56696
203451,63418
203451,44660
203451,62170
203451,63136
203451,61540
203451,62376
203451,53046
203451,63538
203451,36762
203451,54864
203451,48980
203451,55798
203451,62614
203451,53394
203451,62618
203451,62400
203451,62378
203451,53256
203451,44644
203451,57522
203451,55638
203451,10790
203451,44664
203451,59776
203451,53048
203451,52620
203451,50962
203451,62276
203451,62860
203451,56484
203451,1206
203451,48694
203451,53258
203451,58504
205191,61364
205191,30500
205191,56714
205191,61672
205191,61348
205191,61542
205191,50270
205191,11262
205191,48574
205191,50716
205191,36720
205191,39186
205191,34092
205191,57804
205191,61280
205191,60522
205191,62074
205191,16358
205191,1372
205191,54290
205191,50272
205191,53160
205191,50968
205191,61028
205191,62944
205191,59394
205191,63360
205191,59396
205191,63186
205191,48980
205191,55798
205191,10790
205191,62276
205191,58504
229737,61364
229737,61348
229737,50270
229737,35732
229737,39186
229737,16358
229737,54290
229737,53160
229737,50968
229737,61028
229737,63188
229737,62944
229737,59394
229737,59396
229737,63186
229737,48980
229737,55798
229737,10790
229737,62276
229737,58504
232656,56714
232656,50270
232656,39186
232656,16358
232656,11490
232656,54290
232656,1304
232656,53160
232656,61028
232656,62944
232656,59394
232656,63510
232656,63360
232656,59396
232656,63186
232656,48980
232656,55798
232656,62618
232656,10790
232656,53048
232656,62276
232656,56484
232656,58504
203184,61364
203184,56714
203184,61348
203184,50270
203184,35732
203184,39186
203184,16358
203184,44302
203184,11490
203184,124
203184,33886
203184,50274
203184,3382
203184,10808
203184,61558
203184,1372
203184,54290
203184,48298
203184,50272
203184,53160
203184,50968
203184,10652
203184,42132
203184,51316
203184,53406
203184,51974
203184,50720
203184,36722
203184,61028
203184,62944
203184,59394
203184,63510
203184,55632
203184,57414
203184,63360
203184,63218
203184,59396
203184,63186
203184,56696
203184,62170
203184,63136
203184,61540
203184,53046
203184,63538
203184,54864
203184,48980
203184,55798
203184,62614
203184,53394
203184,62618
203184,62378
203184,44644
203184,55638
203184,10790
203184,44664
203184,59776
203184,53048
203184,52620
203184,62276
203184,56484
203184,1206
203184,48694
203184,53258
203184,58504
233163,61364
233163,30500
233163,56714
233163,61348
233163,61542
233163,50270
233163,48574
233163,36720
233163,39186
233163,34092
233163,57804
233163,61280
233163,62074
233163,16358
233163,11490
233163,1372
233163,54290
233163,50272
233163,53160
233163,50968
233163,61028
233163,53386
233163,62944
233163,59394
233163,63510
233163,59396
233163,63186
233163,48980
233163,55798
233163,62618
233163,62378
233163,55638
233163,10790
233163,53048
233163,62276
233163,56484
233163,58504
203280,61364
203280,61348
203280,50270
203280,36720
203280,39186
203280,34092
203280,16358
203280,44302
203280,11490
203280,124
203280,52918
203280,33886
203280,50274
203280,3382
203280,10808
203280,61558
203280,1372
203280,54290
203280,48298
203280,50272
203280,37644
203280,53160
203280,50968
203280,60978
203280,35846
203280,10652
203280,42132
203280,51316
203280,33534
203280,50268
203280,53406
203280,51974
203280,50720
203280,36722
203280,61028
203280,53386
203280,62944
203280,59394
203280,63510
203280,55632
203280,57414
203280,63360
203280,63218
203280,59396
203280,63186
203280,56696
203280,44660
203280,62170
203280,63136
203280,61540
203280,62376
203280,53046
203280,63538
203280,54864
203280,48980
203280,55798
203280,62614
203280,53394
203280,62618
203280,62400
203280,62378
203280,63540
203280,53256
203280,45912
203280,44644
203280,57522
203280,55638
203280,10790
203280,44664
203280,59776
203280,53048
203280,52620
203280,62276
203280,62860
203280,56484
203280,1206
203280,48694
203280,53258
203280,58504
156063,61364
156063,30500
156063,56714
156063,61672
156063,61348
156063,61542
156063,50270
156063,11262
156063,35732
156063,48574
156063,61552
156063,50716
156063,36720
156063,39186
156063,34092
156063,57804
156063,61280
156063,60522
156063,62074
156063,16358
156063,11490
156063,54290
156063,53160
156063,42132
156063,61028
156063,53386
156063,62944
156063,59394
156063,63510
156063,63360
156063,59396
156063,63186
156063,48980
156063,55798
156063,62618
156063,10790
156063,53048
156063,62276
156063,56484
156063,58504
165132,61364
165132,56714
165132,61348
165132,61542
165132,50270
165132,35732
165132,36720
165132,39186
165132,16358
165132,44302
165132,11490
165132,124
165132,52918
165132,33886
165132,50274
165132,3382
165132,10808
165132,61558
165132,1372
165132,54290
165132,48298
165132,50272
165132,37644
165132,53160
165132,50968
165132,35846
165132,10652
165132,42132
165132,51316
165132,33534
165132,50268
165132,51974
165132,50720
165132,36722
165132,61028
165132,53386
165132,62944
165132,59394
165132,63510
165132,55632
165132,57414
165132,63360
165132,63218
165132,59396
165132,62274
165132,63186
165132,56696
165132,63418
165132,44660
165132,62170
165132,63136
165132,61540
165132,53046
165132,63538
165132,54864
165132,48980
165132,55798
165132,62614
165132,53394
165132,62618
165132,62400
165132,62378
165132,53256
165132,44644
165132,57522
165132,55638
165132,10790
165132,44664
165132,59776
165132,53048
165132,52620
165132,62276
165132,56484
165132,1206
165132,48694
165132,53258
165132,58504
195771,61364
195771,30500
195771,56714
195771,61348
195771,61542
195771,50270
195771,35732
195771,48574
195771,61552
195771,50716
195771,36720
195771,39186
195771,34092
195771,57804
195771,61280
195771,62074
195771,16358
195771,1372
195771,54290
195771,53160
195771,50968
195771,61028
195771,62944
195771,59394
195771,63510
195771,59396
195771,63186
195771,48980
195771,55798
195771,62618
195771,62378
195771,55638
195771,10790
195771,53048
195771,62276
195771,56484
195771,58504
177672,61364
177672,56714
177672,61348
177672,50270
177672,36720
177672,39186
177672,34092
177672,16358
177672,11490
177672,54290
177672,61028
177672,62944
177672,59394
177672,63510
177672,59396
177672,63186
177672,48980
177672,55798
177672,62618
177672,62378
177672,55638
177672,10790
177672,62276
177672,56484
177672,58504
207588,61364
207588,56714
207588,61348
207588,50270
207588,36720
207588,39186
207588,16358
207588,1372
207588,50272
207588,53160
207588,50968
207588,50724
207588,61028
207588,53386
207588,63510
207588,59396
207588,63186
207588,48980
207588,55638
207588,10790
207588,44662
207588,56484
207588,58504
210000,61364
210000,11262
210000,39186
210000,34092
210000,16358
210000,44302
210000,11490
210000,52918
210000,33886
210000,50274
210000,3382
210000,10808
210000,61558
210000,1372
210000,54290
210000,48298
210000,50272
210000,37644
210000,53160
210000,50968
210000,10652
210000,42132
210000,51316
210000,33534
210000,50268
210000,53406
210000,51974
210000,50720
210000,44914
210000,36722
210000,61028
210000,53386
210000,62944
210000,59394
210000,63510
210000,57414
210000,63360
210000,63218
210000,59396
210000,63186
210000,63418
210000,44660
210000,62170
210000,63136
210000,61540
210000,62376
210000,53046
210000,63538
210000,54864
210000,48980
210000,55798
210000,53394
210000,62618
210000,62400
210000,62378
210000,53256
210000,44644
210000,57522
210000,55638
210000,10790
210000,44664
210000,59776
210000,53048
210000,52620
210000,62276
210000,56484
210000,1206
210000,58504
164631,61364
164631,30500
164631,56714
164631,61672
164631,61348
164631,61542
164631,50270
164631,35732
164631,48574
164631,61552
164631,50716
164631,36720
164631,39186
164631,34092
164631,57804
164631,61280
164631,16358
164631,1372
164631,54290
164631,53160
164631,50968
164631,61028
164631,62944
164631,59394
164631,63510
164631,59396
164631,63186
164631,48980
164631,55798
164631,62618
164631,62378
164631,55638
164631,10790
164631,53048
164631,62276
164631,56484
164631,58504
221610,61364
221610,56714
221610,61348
221610,50270
221610,36720
221610,39186
221610,34092
221610,60522
221610,16358
221610,11490
221610,33886
221610,50274
221610,3382
221610,10808
221610,61558
221610,1372
221610,54290
221610,48298
221610,50272
221610,1304
221610,53160
221610,10652
221610,42132
221610,51316
221610,53406
221610,51974
221610,50720
221610,61028
221610,63188
221610,62944
221610,59394
221610,63510
221610,57414
221610,63360
221610,63218
221610,59396
221610,63186
221610,62170
221610,63136
221610,61540
221610,53046
221610,63538
221610,54864
221610,48980
221610,55798
221610,53394
221610,62618
221610,62378
221610,44644
221610,57522
221610,55638
221610,10790
221610,44664
221610,59776
221610,53048
221610,52620
221610,62276
221610,62860
221610,56484
221610,1206
221610,58504
203811,61364
203811,30500
203811,56714
203811,61348
203811,61542
203811,50270
203811,35732
203811,48574
203811,50716
203811,36720
203811,39186
203811,34092
203811,57804
203811,61280
203811,16358
203811,11490
203811,54290
203811,50968
203811,61028
203811,63188
203811,62944
203811,59394
203811,63510
203811,59396
203811,63186
203811,48980
203811,55798
203811,62618
203811,62378
203811,55638
203811,10790
203811,62276
203811,56484
203811,58504
206634,61364
206634,56714
206634,61348
206634,50270
206634,11262
206634,36720
206634,39186
206634,16358
206634,1372
206634,54290
206634,50272
206634,53160
206634,50968
206634,61028
206634,53386
206634,62944
206634,59394
206634,63510
206634,59396
206634,63186
206634,48980
206634,62618
206634,62378
206634,55638
206634,10790
206634,53048
206634,62276
206634,56484
206634,58504
212592,61364
212592,61348
212592,50270
212592,36720
212592,39186
212592,16358
212592,44302
212592,11490
212592,50274
212592,3382
212592,61558
212592,1372
212592,48298
212592,50272
212592,53160
212592,10652
212592,42132
212592,51316
212592,33534
212592,53406
212592,51974
212592,50720
212592,61560
212592,61028
212592,53386
212592,63188
212592,62944
212592,59394
212592,63510
212592,63360
212592,63218
212592,59396
212592,63186
212592,56696
212592,63418
212592,62170
212592,63136
212592,61540
212592,53046
212592,63538
212592,48980
212592,55798
212592,62614
212592,62618
212592,62378
212592,10790
212592,53048
212592,52620
212592,62276
212592,62860
212592,56484
212592,48694
212592,58504
231225,61364
231225,56714
231225,61542
231225,50270
231225,35732
231225,36720
231225,39186
231225,57804
231225,61280
231225,16358
231225,3382
231225,53160
231225,61028
231225,63510
231225,59396
231225,62274
231225,63186
231225,48980
231225,10790
231225,58504
64365,54096
64365,39186
64365,16358
64365,10808
64365,1372
64365,59816
64365,50272
64365,1304
64365,53160
64365,50968
64365,61028
64365,62944
64365,63510
64365,59396
64365,63186
64365,48980
64365,62618
64365,62400
64365,62378
64365,45912
64365,55638
64365,10790
64365,56484
154998,61364
154998,56714
154998,61348
154998,11262
154998,50716
154998,39186
154998,16358
154998,44302
154998,11490
154998,124
154998,52918
154998,33886
154998,50274
154998,3382
154998,10808
154998,61558
154998,1372
154998,54290
154998,48298
154998,59816
154998,59822
154998,50272
154998,1304
154998,37644
154998,49888
154998,53160
154998,50968
154998,60978
154998,35846
154998,46632
154998,10652
154998,42132
154998,51316
154998,33534
154998,50268
154998,53406
154998,51974
154998,50720
154998,50724
154998,44914
154998,61560
154998,50970
154998,36722
154998,61028
154998,53386
154998,62944
154998,59394
154998,63510
154998,32496
154998,55632
154998,57414
154998,63360
154998,63218
154998,59396
154998,62274
154998,63220
154998,63186
154998,50718
154998,56696
154998,63418
154998,44660
154998,62170
154998,63136
154998,61540
154998,62376
154998,53046
154998,63538
154998,36762
154998,54864
154998,48980
154998,55798
154998,62614
154998,53394
154998,62618
154998,62616
154998,62400
154998,62378
154998,63540
154998,53256
154998,45912
154998,44644
154998,57522
154998,55638
154998,10790
154998,44664
154998,59776
154998,53048
154998,52620
154998,50962
154998,62276
154998,62860
154998,44662
154998,56484
154998,1206
154998,48694
154998,53258
154998,58504
231708,61364
231708,1370
231708,30500
231708,56714
231708,61672
231708,61348
231708,61542
231708,50270
231708,54096
231708,11262
231708,35732
231708,48574
231708,61552
231708,50716
231708,36720
231708,39186
231708,34092
231708,57804
231708,61280
231708,60522
231708,62074
231708,16358
231708,3382
231708,1372
231708,50272
231708,49888
231708,53160
231708,50968
231708,50724
231708,61028
231708,63188
231708,63510
231708,63360
231708,59396
231708,62274
231708,63186
231708,62170
231708,48980
231708,55638
231708,44662
231708,58504
193911,61364
193911,54096
193911,39186
193911,16358
193911,11490
193911,33886
193911,50274
193911,61558
193911,1372
193911,54290
193911,48298
193911,50272
193911,53160
193911,50968
193911,61028
193911,62944
193911,59394
193911,63510
193911,59396
193911,63186
193911,53046
193911,63538
193911,54864
193911,48980
193911,62618
193911,62378
193911,55638
193911,10790
193911,53048
193911,62276
193911,56484
193911,58504
166356,61364
166356,61672
166356,61348
166356,61542
166356,50270
166356,36720
166356,39186
166356,34092
166356,16358
166356,44302
166356,11490
166356,124
166356,52918
166356,33886
166356,50274
166356,60
166356,3382
166356,10808
166356,61558
166356,1372
166356,54290
166356,48298
166356,59816
166356,59822
166356,50272
166356,1304
166356,37644
166356,49888
166356,53160
166356,50968
166356,60978
166356,35846
166356,46632
166356,10652
166356,42132
166356,51316
166356,33534
166356,50268
166356,53406
166356,51974
166356,50720
166356,50724
166356,44914
166356,61560
166356,36722
166356,61028
166356,53386
166356,63188
166356,62944
166356,59394
166356,63510
166356,55632
166356,57414
166356,63360
166356,63218
166356,59396
166356,62274
166356,63186
166356,50718
166356,56696
166356,63418
166356,44660
166356,62170
166356,63136
166356,61540
166356,62376
166356,53046
166356,63538
166356,36762
166356,54864
166356,48980
166356,55798
166356,62614
166356,53394
166356,62618
166356,62616
166356,62400
166356,62378
166356,63540
166356,53256
166356,45912
166356,44644
166356,57522
166356,55638
166356,10790
166356,44664
166356,59776
166356,53048
166356,52620
166356,50962
166356,62276
166356,62860
166356,44662
166356,56484
166356,1206
166356,48694
166356,53258
166356,58504
217620,61364
217620,1370
217620,30500
217620,56714
217620,61672
217620,61348
217620,61542
217620,50270
217620,54096
217620,11262
217620,35732
217620,48574
217620,61552
217620,50716
217620,36720
217620,39186
217620,34092
217620,57804
217620,61280
217620,60522
217620,62074
217620,16358
217620,3382
217620,1304
217620,49888
217620,53160
217620,61028
217620,62944
217620,32496
217620,59396
217620,63186
217620,48980
217620,62400
217620,44662
217620,58504
225396,39186
225396,16358
225396,44302
225396,11490
225396,52918
225396,33886
225396,50274
225396,3382
225396,10808
225396,61558
225396,1372
225396,54290
225396,48298
225396,50272
225396,37644
225396,53160
225396,50968
225396,42132
225396,51316
225396,33534
225396,50268
225396,53406
225396,51974
225396,50720
225396,44914
225396,36722
225396,61028
225396,53386
225396,62944
225396,59394
225396,63510
225396,57414
225396,63360
225396,63218
225396,59396
225396,63186
225396,63418
225396,44660
225396,62170
225396,63136
225396,61540
225396,53046
225396,63538
225396,54864
225396,48980
225396,55798
225396,53394
225396,62618
225396,62400
225396,62378
225396,53256
225396,44644
225396,57522
225396,55638
225396,10790
225396,44664
225396,59776
225396,53048
225396,62276
225396,56484
225396,1206
225396,58504
245154,61364
245154,30500
245154,56714
245154,61348
245154,61542
245154,50270
245154,35732
245154,48574
245154,61552
245154,36720
245154,39186
245154,34092
245154,57804
245154,61280
245154,16358
245154,44302
245154,11490
245154,124
245154,52918
245154,33886
245154,50274
245154,3382
245154,10808
245154,61558
245154,1372
245154,54290
245154,48298
245154,50272
245154,1304
245154,53160
245154,50968
245154,60978
245154,35846
245154,10652
245154,42132
245154,51316
245154,33534
245154,50268
245154,53406
245154,51974
245154,50720
245154,36722
245154,61028
245154,53386
245154,62944
245154,59394
245154,63510
245154,55632
245154,57414
245154,63218
245154,59396
245154,63186
245154,50718
245154,56696
245154,63418
245154,44660
245154,62170
245154,63136
245154,61540
245154,62376
245154,53046
245154,63538
245154,54864
245154,48980
245154,62614
245154,53394
245154,62618
245154,62400
245154,62378
245154,63540
245154,53256
245154,44644
245154,55638
245154,10790
245154,44664
245154,59776
245154,53048
245154,52620
245154,62276
245154,62860
245154,56484
245154,1206
245154,48694
245154,53258
245154,58504
188853,61364
188853,30500
188853,56714
188853,61672
188853,61348
188853,61542
188853,50270
188853,11262
188853,35732
188853,48574
188853,61552
188853,50716
188853,36720
188853,39186
188853,34092
188853,57804
188853,61280
188853,60522
188853,62074
188853,16358
188853,11490
188853,33886
188853,50274
188853,61558
188853,1372
188853,54290
188853,48298
188853,50272
188853,53160
188853,50968
188853,61028
188853,62944
188853,59394
188853,63510
188853,59396
188853,63186
188853,53046
188853,63538
188853,54864
188853,48980
188853,62618
188853,62378
188853,55638
188853,10790
188853,53048
188853,62276
188853,56484
188853,58504
208554,61364
208554,61672
208554,61348
208554,61542
208554,50270
208554,36720
208554,39186
208554,34092
208554,16358
208554,1304
208554,61560
208554,61028
208554,62944
208554,59394
208554,63510
208554,57414
208554,59396
208554,63186
208554,62170
208554,48980
208554,55798
208554,62618
208554,55638
208554,10790
208554,62276
208554,56484
208554,58504
221409,56714
221409,11262
221409,39186
221409,61280
221409,16358
221409,44302
221409,11490
221409,33886
221409,50274
221409,3382
221409,61558
221409,1372
221409,54290
221409,48298
221409,50272
221409,53160
221409,10652
221409,42132
221409,51316
221409,53406
221409,51974
221409,50720
221409,61560
221409,61028
221409,53386
221409,63188
221409,62944
221409,59394
221409,63510
221409,57414
221409,63360
221409,63218
221409,59396
221409,63186
221409,56696
221409,62170
221409,63136
221409,61540
221409,53046
221409,63538
221409,36762
221409,48980
221409,55798
221409,62614
221409,62618
221409,62378
221409,55638
221409,10790
221409,44664
221409,53048
221409,52620
221409,62276
221409,62860
221409,56484
221409,1206
221409,48694
221409,58504
228687,61364
228687,56714
228687,61542
228687,50270
228687,35732
228687,48574
228687,50716
228687,36720
228687,39186
228687,57804
228687,61280
228687,16358
228687,44302
228687,11490
228687,124
228687,52918
228687,33886
228687,50274
228687,60
228687,3382
228687,10808
228687,61558
228687,1372
228687,54290
228687,48298
228687,59816
228687,59822
228687,50272
228687,1304
228687,37644
228687,49888
228687,53160
228687,50968
228687,60978
228687,35846
228687,46632
228687,10652
228687,42132
228687,51316
228687,33534
228687,50268
228687,53406
228687,51974
228687,50720
228687,50724
228687,44914
228687,61560
228687,50970
228687,36722
228687,61028
228687,53386
228687,62944
228687,59394
228687,63510
228687,32496
228687,55632
228687,57414
228687,63360
228687,63218
228687,59396
228687,62274
228687,63220
228687,63186
228687,50718
228687,56696
228687,63418
228687,44660
228687,62170
228687,63136
228687,61540
228687,62376
228687,53046
228687,63538
228687,36762
228687,54864
228687,48980
228687,55798
228687,62614
228687,53394
228687,62618
228687,62616
228687,62400
228687,62378
228687,63540
228687,53256
228687,45912
228687,44644
228687,57522
228687,55638
228687,10790
228687,44664
228687,59776
228687,53048
228687,52620
228687,50962
228687,62276
228687,62860
228687,44662
228687,56484
228687,1206
228687,48694
228687,53258
228687,58504
244644,61364
244644,1370
244644,30500
244644,56714
244644,61672
244644,61348
244644,61542
244644,50270
244644,54096
244644,11262
244644,35732
244644,48574
244644,61552
244644,50716
244644,36720
244644,39186
244644,34092
244644,57804
244644,61280
244644,60522
244644,62074
244644,16358
244644,60
244644,3382
244644,1304
244644,49888
244644,53160
244644,61028
244644,62944
244644,32496
244644,59396
244644,63186
244644,48980
244644,62400
244644,44662
244644,58504
64959,39186
64959,16358
64959,44302
64959,11490
64959,124
64959,52918
64959,33886
64959,50274
64959,60
64959,3382
64959,10808
64959,61558
64959,1372
64959,54290
64959,48298
64959,59816
64959,59822
64959,50272
64959,1304
64959,37644
64959,49888
64959,53160
64959,50968
64959,60978
64959,35846
64959,46632
64959,10652
64959,42132
64959,51316
64959,33534
64959,50268
64959,53406
64959,51974
64959,50720
64959,50724
64959,44914
64959,36722
64959,61028
64959,53386
64959,63188
64959,62944
64959,59394
64959,63510
64959,55632
64959,57414
64959,63360
64959,63218
64959,59396
64959,62274
64959,63220
64959,63186
64959,50718
64959,56696
64959,63418
64959,44660
64959,62170
64959,63136
64959,61540
64959,62376
64959,53046
64959,63538
64959,36762
64959,54864
64959,48980
64959,55798
64959,62614
64959,53394
64959,62618
64959,62616
64959,62400
64959,62378
64959,63540
64959,53256
64959,45912
64959,44644
64959,57522
64959,55638
64959,10790
64959,44664
64959,59776
64959,53048
64959,52620
64959,50962
64959,62276
64959,62860
64959,44662
64959,56484
64959,1206
64959,48694
64959,53258
64959,58504
195249,61364
195249,30500
195249,56714
195249,61672
195249,61348
195249,61542
195249,50270
195249,54096
195249,11262
195249,35732
195249,48574
195249,61552
195249,50716
195249,36720
195249,39186
195249,34092
195249,57804
195249,61280
195249,60522
195249,62074
195249,16358
195249,44302
195249,11490
195249,124
195249,52918
195249,33886
195249,50274
195249,60
195249,3382
195249,10808
195249,61558
195249,1372
195249,54290
195249,48298
195249,59816
195249,59822
195249,50272
195249,1304
195249,37644
195249,49888
195249,53160
195249,50968
195249,60978
195249,35846
195249,46632
195249,10652
195249,42132
195249,51316
195249,33534
195249,50268
195249,53406
195249,51974
195249,50720
195249,50724
195249,44914
195249,36722
195249,61028
195249,53386
195249,62944
195249,59394
195249,63510
195249,32496
195249,55632
195249,57414
195249,63360
195249,63218
195249,59396
195249,62274
195249,63220
195249,63186
195249,50718
195249,56696
195249,63418
195249,44660
195249,62170
195249,63136
195249,61540
195249,62376
195249,53046
195249,63538
195249,36762
195249,54864
195249,48980
195249,62614
195249,53394
195249,62618
195249,62616
195249,62400
195249,62378
195249,63540
195249,53256
195249,45912
195249,44644
195249,57522
195249,55638
195249,10790
195249,44664
195249,59776
195249,53048
195249,52620
195249,50962
195249,62276
195249,62860
195249,44662
195249,56484
195249,1206
195249,48694
195249,53258
195249,58504
203271,61364
203271,1370
203271,30500
203271,56714
203271,61672
203271,61348
203271,61542
203271,50270
203271,54096
203271,11262
203271,35732
203271,48574
203271,61552
203271,50716
203271,36720
203271,39186
203271,34092
203271,57804
203271,61280
203271,60522
203271,62074
203271,16358
203271,44302
203271,11490
203271,124
203271,52918
203271,33886
203271,50274
203271,60
203271,3382
203271,10808
203271,61558
203271,1372
203271,54290
203271,48298
203271,59816
203271,59822
203271,50272
203271,1304
203271,37644
203271,49888
203271,53160
203271,50968
203271,60978
203271,35846
203271,46632
203271,10652
203271,42132
203271,51316
203271,33534
203271,50268
203271,53406
203271,51974
203271,50720
203271,50724
203271,44914
203271,50970
203271,36722
203271,61028
203271,53386
203271,62944
203271,59394
203271,63510
203271,32496
203271,55632
203271,57414
203271,63360
203271,63218
203271,59396
203271,62274
203271,63220
203271,63186
203271,50718
203271,56696
203271,63418
203271,44660
203271,62170
203271,63136
203271,61540
203271,62376
203271,53046
203271,63538
203271,36762
203271,54864
203271,48980
203271,55798
203271,62614
203271,53394
203271,62618
203271,62616
203271,62400
203271,62378
203271,63540
203271,53256
203271,45912
203271,44644
203271,57522
203271,55638
203271,10790
203271,44664
203271,59776
203271,53048
203271,52620
203271,50962
203271,62276
203271,62860
203271,44662
203271,56484
203271,1206
203271,48694
203271,53258
203271,58504
218673,61364
218673,1370
218673,30500
218673,56714
218673,61672
218673,61348
218673,61542
218673,50270
218673,54096
218673,11262
218673,35732
218673,48574
218673,61552
218673,50716
218673,36720
218673,39186
218673,34092
218673,57804
218673,61280
218673,60522
218673,62074
218673,16358
218673,1372
218673,59816
218673,1304
218673,53160
218673,50968
218673,61028
218673,63510
218673,59396
218673,63186
218673,48980
218673,62618
218673,62400
218673,45912
218673,55638
218673,10790
218673,62276
238032,61364
238032,56714
238032,61348
238032,11262
238032,39186
238032,16358
238032,54290
238032,53160
238032,61028
238032,62944
238032,59394
238032,59396
238032,63186
238032,48980
238032,62276
238032,56484
60870,56714
60870,50270
60870,39186
60870,16358
60870,60
60870,3382
60870,1304
60870,49888
60870,53160
60870,61028
60870,62944
60870,32496
60870,59396
60870,63186
60870,62400
60870,44662
60870,58504
163044,39186
163044,16358
163044,54290
163044,53160
163044,61560
163044,61028
163044,59394
163044,59396
163044,63220
163044,63186
163044,62170
163044,48980
163044,55798
163044,10790
163044,62276
163044,56484
203277,56714
203277,50270
203277,39186
203277,61280
203277,44302
203277,11490
203277,124
203277,52918
203277,33886
203277,50274
203277,3382
203277,10808
203277,61558
203277,1372
203277,54290
203277,48298
203277,50272
203277,37644
203277,53160
203277,50968
203277,35846
203277,10652
203277,42132
203277,51316
203277,33534
203277,50268
203277,51974
203277,50720
203277,44914
203277,36722
203277,61028
203277,53386
203277,62944
203277,59394
203277,63510
203277,55632
203277,57414
203277,63360
203277,63218
203277,59396
203277,62274
203277,63186
203277,56696
203277,63418
203277,44660
203277,62170
203277,63136
203277,61540
203277,53046
203277,63538
203277,54864
203277,48980
203277,55798
203277,62614
203277,53394
203277,62618
203277,62400
203277,62378
203277,53256
203277,44644
203277,57522
203277,55638
203277,10790
203277,44664
203277,59776
203277,53048
203277,52620
203277,62276
203277,62860
203277,56484
203277,1206
203277,48694
203277,53258
203277,58504
209073,61364
209073,30500
209073,56714
209073,61348
209073,61542
209073,50270
209073,11262
209073,35732
209073,48574
209073,61552
209073,50716
209073,36720
209073,39186
209073,34092
209073,57804
209073,61280
209073,60522
209073,62074
209073,16358
209073,1304
209073,61028
209073,62944
209073,59394
209073,63510
209073,57414
209073,59396
209073,63186
209073,48980
209073,55798
209073,62618
209073,55638
209073,10790
209073,62276
209073,56484
209073,58504
184710,56714
184710,11262
184710,39186
184710,16358
184710,1304
184710,53160
184710,61028
184710,62944
184710,63510
184710,59396
184710,62274
184710,63186
184710,48980
184710,62618
184710,62400
184710,55638
184710,50962
203733,30500
203733,56714
203733,61348
203733,54096
203733,39186
203733,16358
203733,11490
203733,52918
203733,33886
203733,50274
203733,3382
203733,10808
203733,61558
203733,1372
203733,54290
203733,48298
203733,50272
203733,53160
203733,50968
203733,10652
203733,42132
203733,51316
203733,53406
203733,51974
203733,50720
203733,44914
203733,36722
203733,61028
203733,63188
203733,62944
203733,59394
203733,63510
203733,57414
203733,63360
203733,63218
203733,59396
203733,63186
203733,63418
203733,44660
203733,62170
203733,63136
203733,61540
203733,53046
203733,63538
203733,54864
203733,48980
203733,55798
203733,53394
203733,62618
203733,62400
203733,62378
203733,53256
203733,44644
203733,57522
203733,55638
203733,10790
203733,44664
203733,59776
203733,53048
203733,52620
203733,62276
203733,62860
203733,56484
203733,1206
203733,58504
205665,61364
205665,30500
205665,56714
205665,61348
205665,61542
205665,50270
205665,35732
205665,48574
205665,61552
205665,36720
205665,39186
205665,34092
205665,57804
205665,61280
205665,16358
205665,11490
205665,33886
205665,50274
205665,10808
205665,61558
205665,54290
205665,48298
205665,50272
205665,53160
205665,10652
205665,42132
205665,53406
205665,51974
205665,50720
205665,61028
205665,62944
205665,59394
205665,63510
205665,57414
205665,63360
205665,63218
205665,59396
205665,62274
205665,63186
205665,62170
205665,63136
205665,61540
205665,53046
205665,63538
205665,54864
205665,48980
205665,55798
205665,53394
205665,62618
205665,62378
205665,44644
205665,57522
205665,55638
205665,10790
205665,44664
205665,59776
205665,53048
205665,52620
205665,62276
205665,62860
205665,56484
205665,1206
205665,58504
230073,61364
230073,30500
230073,56714
230073,61348
230073,61542
230073,50270
230073,35732
230073,36720
230073,39186
230073,34092
230073,61280
230073,16358
230073,11490
230073,33886
230073,1372
230073,54290
230073,50272
230073,50968
230073,61028
230073,62944
230073,59394
230073,63510
230073,59396
230073,63186
230073,53046
230073,63538
230073,48980
230073,55798
230073,62618
230073,62378
230073,55638
230073,10790
230073,53048
230073,62276
230073,56484
230073,58504
77484,61364
77484,61348
77484,61542
77484,50270
77484,35732
77484,36720
77484,39186
77484,16358
77484,44302
77484,11490
77484,124
77484,52918
77484,33886
77484,50274
77484,3382
77484,10808
77484,61558
77484,1372
77484,54290
77484,48298
77484,50272
77484,37644
77484,53160
77484,50968
77484,35846
77484,10652
77484,42132
77484,51316
77484,33534
77484,50268
77484,53406
77484,51974
77484,50720
77484,44914
77484,36722
77484,61028
77484,53386
77484,62944
77484,59394
77484,63510
77484,55632
77484,57414
77484,63360
77484,63218
77484,59396
77484,63186
77484,56696
77484,44660
77484,62170
77484,63136
77484,61540
77484,62376
77484,53046
77484,63538
77484,54864
77484,48980
77484,55798
77484,62614
77484,53394
77484,62618
77484,62400
77484,62378
77484,53256
77484,44644
77484,57522
77484,55638
77484,10790
77484,44664
77484,59776
77484,53048
77484,52620
77484,62276
77484,62860
77484,56484
77484,1206
77484,48694
77484,53258
77484,58504
154803,61364
154803,30500
154803,56714
154803,61672
154803,61348
154803,61542
154803,50270
154803,11262
154803,35732
154803,48574
154803,61552
154803,50716
154803,36720
154803,39186
154803,34092
154803,57804
154803,61280
154803,60522
154803,62074
154803,16358
154803,44302
154803,11490
154803,124
154803,52918
154803,33886
154803,50274
154803,3382
154803,10808
154803,61558
154803,1372
154803,54290
154803,48298
154803,50272
154803,37644
154803,53160
154803,50968
154803,35846
154803,10652
154803,42132
154803,51316
154803,33534
154803,50268
154803,53406
154803,51974
154803,50720
154803,44914
154803,36722
154803,61028
154803,53386
154803,62944
154803,59394
154803,63510
154803,55632
154803,57414
154803,63360
154803,63218
154803,59396
154803,63186
154803,56696
154803,63418
154803,44660
154803,62170
154803,63136
154803,61540
154803,53046
154803,63538
154803,54864
154803,48980
154803,55798
154803,62614
154803,53394
154803,62618
154803,62400
154803,62378
154803,53256
154803,44644
154803,57522
154803,55638
154803,10790
154803,44664
154803,59776
154803,53048
154803,52620
154803,62276
154803,62860
154803,56484
154803,1206
154803,48694
154803,53258
154803,58504
234555,61364
234555,30500
234555,56714
234555,61672
234555,61348
234555,61542
234555,50270
234555,11262
234555,35732
234555,48574
234555,61552
234555,50716
234555,36720
234555,39186
234555,34092
234555,57804
234555,61280
234555,60522
234555,62074
234555,16358
234555,1372
234555,54290
234555,50272
234555,53160
234555,50968
234555,61028
234555,62944
234555,59394
234555,63510
234555,59396
234555,63186
234555,48980
234555,62618
234555,62378
234555,55638
234555,10790
234555,53048
234555,62276
234555,56484
234555,58504
244287,61364
244287,61348
244287,50270
244287,36720
244287,39186
244287,16358
244287,11490
244287,33886
244287,50274
244287,61558
244287,1372
244287,54290
244287,48298
244287,50272
244287,53160
244287,50968
244287,61028
244287,62944
244287,59394
244287,63510
244287,59396
244287,63186
244287,62376
244287,53046
244287,63538
244287,54864
244287,48980
244287,55798
244287,62618
244287,62378
244287,55638
244287,10790
244287,53048
244287,62276
244287,56484
244287,58504
246870,61364
246870,61672
246870,61348
246870,61542
246870,50270
246870,35732
246870,36720
246870,39186
246870,34092
246870,16358
246870,11490
246870,33886
246870,3382
246870,10808
246870,1372
246870,54290
246870,48298
246870,50272
246870,1304
246870,53160
246870,42132
246870,51316
246870,53406
246870,51974
246870,50720
246870,61028
246870,63188
246870,62944
246870,59394
246870,63510
246870,57414
246870,63360
246870,63218
246870,59396
246870,63186
246870,62170
246870,63136
246870,61540
246870,53046
246870,63538
246870,54864
246870,48980
246870,55798
246870,53394
246870,62618
246870,62378
246870,44644
246870,57522
246870,55638
246870,10790
246870,44664
246870,59776
246870,53048
246870,62276
246870,56484
246870,1206
246870,58504
162603,61364
162603,30500
162603,56714
162603,61348
162603,61542
162603,50270
162603,35732
162603,48574
162603,36720
162603,39186
162603,34092
162603,57804
162603,16358
162603,54290
162603,53160
162603,61028
162603,59394
162603,63510
162603,59396
162603,63186
162603,48980
162603,10790
162603,62276
162603,56484
206421,50270
206421,39186
206421,16358
206421,11490
206421,33886
206421,50274
206421,61558
206421,1372
206421,54290
206421,48298
206421,50272
206421,53160
206421,50968
206421,61028
206421,62944
206421,59394
206421,63510
206421,59396
206421,63186
206421,53046
206421,63538
206421,54864
206421,48980
206421,62618
206421,62378
206421,55638
206421,10790
206421,53048
206421,62276
206421,56484
206421,58504
207330,61364
207330,61672
207330,61348
207330,61542
207330,50270
207330,35732
207330,36720
207330,39186
207330,34092
207330,16358
207330,44302
207330,11490
207330,124
207330,52918
207330,33886
207330,50274
207330,3382
207330,10808
207330,61558
207330,1372
207330,54290
207330,48298
207330,50272
207330,37644
207330,53160
207330,50968
207330,60978
207330,35846
207330,10652
207330,42132
207330,51316
207330,33534
207330,50268
207330,51974
207330,50720
207330,36722
207330,61028
207330,53386
207330,62944
207330,59394
207330,63510
207330,55632
207330,57414
207330,63360
207330,63218
207330,59396
207330,63186
207330,56696
207330,44660
207330,62170
207330,63136
207330,61540
207330,53046
207330,63538
207330,54864
207330,48980
207330,55798
207330,62614
207330,53394
207330,62618
207330,62400
207330,62378
207330,63540
207330,53256
207330,45912
207330,44644
207330,57522
207330,55638
207330,10790
207330,44664
207330,59776
207330,53048
207330,52620
207330,62276
207330,62860
207330,56484
207330,1206
207330,48694
207330,53258
207330,58504
247974,61364
247974,30500
247974,56714
247974,61672
247974,61348
247974,61542
247974,50270
247974,11262
247974,35732
247974,48574
247974,61552
247974,50716
247974,36720
247974,39186
247974,34092
247974,57804
247974,61280
247974,62074
247974,16358
247974,44302
247974,11490
247974,124
247974,52918
247974,33886
247974,50274
247974,3382
247974,10808
247974,61558
247974,1372
247974,54290
247974,48298
247974,50272
247974,37644
247974,53160
247974,50968
247974,35846
247974,10652
247974,42132
247974,51316
247974,33534
247974,50268
247974,51974
247974,50720
247974,44914
247974,36722
247974,61028
247974,53386
247974,62944
247974,59394
247974,63510
247974,55632
247974,57414
247974,63360
247974,63218
247974,59396
247974,63186
247974,56696
247974,63418
247974,44660
247974,62170
247974,63136
247974,61540
247974,53046
247974,63538
247974,54864
247974,48980
247974,55798
247974,62614
247974,53394
247974,62618
247974,62400
247974,62378
247974,53256
247974,44644
247974,57522
247974,55638
247974,10790
247974,44664
247974,59776
247974,53048
247974,52620
247974,62276
247974,62860
247974,56484
247974,1206
247974,48694
247974,53258
247974,58504
154956,61364
154956,30500
154956,56714
154956,61672
154956,61348
154956,61542
154956,50270
154956,11262
154956,35732
154956,48574
154956,61552
154956,50716
154956,36720
154956,39186
154956,34092
154956,57804
154956,61280
154956,62074
154956,16358
154956,44302
154956,11490
154956,124
154956,52918
154956,33886
154956,50274
154956,3382
154956,10808
154956,61558
154956,1372
154956,48298
154956,50272
154956,37644
154956,53160
154956,50968
154956,35846
154956,10652
154956,42132
154956,51316
154956,33534
154956,50268
154956,51974
154956,50720
154956,36722
154956,61028
154956,53386
154956,62944
154956,59394
154956,63510
154956,55632
154956,57414
154956,63360
154956,63218
154956,59396
154956,63186
154956,56696
154956,44660
154956,62170
154956,63136
154956,61540
154956,53046
154956,63538
154956,54864
154956,48980
154956,55798
154956,62614
154956,53394
154956,62618
154956,62400
154956,62378
154956,53256
154956,44644
154956,57522
154956,55638
154956,10790
154956,44664
154956,59776
154956,53048
154956,52620
154956,62276
154956,62860
154956,56484
154956,1206
154956,48694
154956,53258
154956,58504
172719,61364
172719,30500
172719,56714
172719,61348
172719,61542
172719,50270
172719,11262
172719,35732
172719,48574
172719,61552
172719,50716
172719,36720
172719,39186
172719,34092
172719,57804
172719,61280
172719,62074
172719,16358
172719,44302
172719,11490
172719,124
172719,52918
172719,33886
172719,50274
172719,3382
172719,10808
172719,61558
172719,1372
172719,54290
172719,48298
172719,50272
172719,37644
172719,53160
172719,50968
172719,35846
172719,10652
172719,42132
172719,51316
172719,33534
172719,50268
172719,53406
172719,51974
172719,50720
172719,44914
172719,36722
172719,61028
172719,53386
172719,62944
172719,59394
172719,63510
172719,55632
172719,57414
172719,63360
172719,63218
172719,59396
172719,63186
172719,56696
172719,63418
172719,44660
172719,62170
172719,63136
172719,61540
172719,53046
172719,63538
172719,54864
172719,48980
172719,55798
172719,62614
172719,53394
172719,62618
172719,62400
172719,62378
172719,53256
172719,44644
172719,57522
172719,55638
172719,10790
172719,44664
172719,59776
172719,53048
172719,52620
172719,62276
172719,62860
172719,56484
172719,1206
172719,48694
172719,53258
172719,58504
219456,61364
219456,30500
219456,56714
219456,61672
219456,61348
219456,61542
219456,50270
219456,11262
219456,35732
219456,48574
219456,61552
219456,50716
219456,36720
219456,39186
219456,34092
219456,57804
219456,61280
219456,60522
219456,62074
219456,16358
219456,44302
219456,11490
219456,124
219456,52918
219456,33886
219456,50274
219456,3382
219456,10808
219456,61558
219456,1372
219456,54290
219456,48298
219456,50272
219456,37644
219456,53160
219456,50968
219456,35846
219456,10652
219456,42132
219456,51316
219456,33534
219456,50268
219456,53406
219456,51974
219456,50720
219456,36722
219456,61028
219456,53386
219456,62944
219456,59394
219456,63510
219456,55632
219456,57414
219456,63360
219456,63218
219456,59396
219456,63186
219456,56696
219456,63418
219456,44660
219456,62170
219456,63136
219456,61540
219456,62376
219456,53046
219456,63538
219456,54864
219456,48980
219456,55798
219456,62614
219456,53394
219456,62618
219456,62400
219456,62378
219456,53256
219456,44644
219456,57522
219456,55638
219456,10790
219456,44664
219456,59776
219456,53048
219456,52620
219456,62276
219456,56484
219456,1206
219456,48694
219456,53258
219456,58504
233040,61364
233040,30500
233040,56714
233040,61672
233040,61348
233040,61542
233040,50270
233040,11262
233040,35732
233040,48574
233040,61552
233040,50716
233040,36720
233040,39186
233040,34092
233040,57804
233040,61280
233040,60522
233040,62074
233040,16358
233040,44302
233040,11490
233040,124
233040,52918
233040,33886
233040,50274
233040,3382
233040,10808
233040,61558
233040,1372
233040,54290
233040,48298
233040,50272
233040,37644
233040,53160
233040,50968
233040,35846
233040,10652
233040,42132
233040,51316
233040,33534
233040,50268
233040,51974
233040,50720
233040,44914
233040,36722
233040,61028
233040,53386
233040,62944
233040,59394
233040,63510
233040,55632
233040,57414
233040,63360
233040,63218
233040,59396
233040,63186
233040,56696
233040,63418
233040,44660
233040,62170
233040,63136
233040,61540
233040,53046
233040,63538
233040,54864
233040,48980
233040,55798
233040,62614
233040,53394
233040,62618
233040,62400
233040,62378
233040,53256
233040,44644
233040,57522
233040,55638
233040,10790
233040,44664
233040,59776
233040,53048
233040,52620
233040,62276
233040,62860
233040,56484
233040,1206
233040,48694
233040,53258
233040,58504
176319,61364
176319,30500
176319,56714
176319,61672
176319,61348
176319,61542
176319,50270
176319,11262
176319,35732
176319,48574
176319,61552
176319,50716
176319,36720
176319,39186
176319,34092
176319,57804
176319,61280
176319,62074
176319,16358
176319,11490
176319,33886
176319,50274
176319,61558
176319,1372
176319,54290
176319,48298
176319,50272
176319,1304
176319,53160
176319,50968
176319,61028
176319,62944
176319,59394
176319,63510
176319,59396
176319,63186
176319,53046
176319,63538
176319,54864
176319,48980
176319,55798
176319,62618
176319,62378
176319,55638
176319,10790
176319,53048
176319,62276
176319,56484
176319,58504
234864,61364
234864,61672
234864,61348
234864,61542
234864,50270
234864,35732
234864,36720
234864,39186
234864,34092
234864,16358
234864,11490
234864,33886
234864,50274
234864,61558
234864,1372
234864,54290
234864,48298
234864,50272
234864,1304
234864,50968
234864,61028
234864,62944
234864,59394
234864,63510
234864,59396
234864,63186
234864,53046
234864,63538
234864,54864
234864,48980
234864,55798
234864,62618
234864,62378
234864,55638
234864,10790
234864,53048
234864,62276
234864,56484
234864,58504
245631,61364
245631,61672
245631,61348
245631,61542
245631,50270
245631,35732
245631,36720
245631,39186
245631,34092
245631,16358
245631,11490
245631,33886
245631,50274
245631,61558
245631,1372
245631,54290
245631,48298
245631,50272
245631,1304
245631,50968
245631,61028
245631,62944
245631,59394
245631,63510
245631,59396
245631,63186
245631,53046
245631,63538
245631,54864
245631,48980
245631,55798
245631,62618
245631,62378
245631,55638
245631,10790
245631,53048
245631,62276
245631,58504
163482,61364
163482,61672
163482,61348
163482,61542
163482,50270
163482,35732
163482,36720
163482,39186
163482,34092
163482,16358
163482,11490
163482,33886
163482,1372
163482,54290
163482,50272
163482,53160
163482,50968
163482,61028
163482,62944
163482,59394
163482,63510
163482,59396
163482,63186
163482,53046
163482,63538
163482,48980
163482,55798
163482,62618
163482,55638
163482,10790
163482,62276
163482,58504
178938,61364
178938,61542
178938,50270
178938,36720
178938,39186
178938,16358
178938,11490
178938,33886
178938,50274
178938,61558
178938,1372
178938,54290
178938,48298
178938,50272
178938,53160
178938,50968
178938,61028
178938,62944
178938,59394
178938,63510
178938,59396
178938,63186
178938,62376
178938,53046
178938,63538
178938,54864
178938,48980
178938,55798
178938,62618
178938,62378
178938,55638
178938,10790
178938,53048
178938,62276
178938,56484
178938,58504
210933,61364
210933,61672
210933,61348
210933,61542
210933,50270
210933,35732
210933,36720
210933,39186
210933,34092
210933,16358
210933,54290
210933,48298
210933,50272
210933,53160
210933,50968
210933,42132
210933,51974
210933,50720
210933,61028
210933,62944
210933,59394
210933,63510
210933,63360
210933,63186
210933,53046
210933,63538
210933,54864
210933,48980
210933,55798
210933,62618
210933,62378
210933,10790
210933,62276
210933,56484
210933,1206
210933,58504
226623,61364
226623,56714
226623,61348
226623,50270
226623,35732
226623,36720
226623,39186
226623,16358
226623,44302
226623,11490
226623,124
226623,52918
226623,33886
226623,50274
226623,3382
226623,10808
226623,61558
226623,1372
226623,54290
226623,48298
226623,50272
226623,37644
226623,53160
226623,50968
226623,35846
226623,10652
226623,42132
226623,51316
226623,33534
226623,50268
226623,51974
226623,50720
226623,44914
226623,36722
226623,61028
226623,53386
226623,62944
226623,59394
226623,63510
226623,55632
226623,57414
226623,63360
226623,63218
226623,59396
226623,62274
226623,63186
226623,56696
226623,63418
226623,44660
226623,62170
226623,63136
226623,61540
226623,53046
226623,63538
226623,54864
226623,48980
226623,55798
226623,62614
226623,53394
226623,62618
226623,62400
226623,62378
226623,53256
226623,44644
226623,57522
226623,55638
226623,10790
226623,44664
226623,59776
226623,53048
226623,52620
226623,62276
226623,62860
226623,56484
226623,1206
226623,48694
226623,53258
226623,58504
72918,61364
72918,30500
72918,56714
72918,61348
72918,61542
72918,50270
72918,11262
72918,35732
72918,48574
72918,61552
72918,50716
72918,36720
72918,39186
72918,34092
72918,57804
72918,61280
72918,60522
72918,62074
72918,16358
72918,44302
72918,11490
72918,124
72918,52918
72918,33886
72918,50274
72918,3382
72918,10808
72918,61558
72918,1372
72918,54290
72918,48298
72918,50272
72918,37644
72918,53160
72918,50968
72918,35846
72918,10652
72918,42132
72918,51316
72918,33534
72918,50268
72918,51974
72918,50720
72918,44914
72918,36722
72918,61028
72918,53386
72918,62944
72918,59394
72918,63510
72918,55632
72918,57414
72918,63360
72918,63218
72918,59396
72918,63186
72918,56696
72918,44660
72918,62170
72918,63136
72918,61540
72918,53046
72918,63538
72918,54864
72918,48980
72918,55798
72918,62614
72918,53394
72918,62618
72918,62400
72918,62378
72918,53256
72918,44644
72918,57522
72918,55638
72918,10790
72918,44664
72918,59776
72918,53048
72918,52620
72918,62276
72918,62860
72918,56484
72918,1206
72918,48694
72918,53258
72918,58504
203256,61364
203256,30500
203256,56714
203256,61672
203256,61348
203256,61542
203256,50270
203256,11262
203256,35732
203256,48574
203256,61552
203256,50716
203256,36720
203256,39186
203256,34092
203256,57804
203256,61280
203256,62074
203256,16358
203256,11490
203256,1372
203256,54290
203256,50272
203256,53160
203256,50968
203256,61028
203256,62944
203256,59394
203256,63510
203256,59396
203256,63186
203256,53046
203256,63538
203256,48980
203256,55798
203256,62618
203256,62378
203256,55638
203256,10790
203256,53048
203256,62276
203256,56484
203256,58504
248202,61364
248202,61348
248202,61542
248202,50270
248202,35732
248202,36720
248202,39186
248202,16358
248202,54290
248202,53160
248202,61028
248202,62944
248202,59394
248202,59396
248202,63186
248202,48980
248202,55798
248202,62276
248202,56484
200508,56714
200508,50270
200508,39186
200508,16358
200508,54290
200508,53160
200508,61028
200508,62944
200508,59394
200508,59396
200508,63186
200508,48980
200508,55798
200508,10790
200508,62276
200508,58504
207114,56714
207114,50270
207114,39186
207114,16358
207114,11490
207114,33886
207114,1372
207114,54290
207114,50272
207114,50968
207114,61028
207114,62944
207114,59394
207114,63510
207114,59396
207114,63186
207114,53046
207114,63538
207114,48980
207114,55798
207114,62618
207114,62378
207114,55638
207114,10790
207114,53048
207114,62276
207114,56484
207114,58504
162795,61364
162795,61348
162795,61542
162795,50270
162795,35732
162795,36720
162795,39186
162795,16358
162795,11490
162795,33886
162795,50274
162795,61558
162795,1372
162795,54290
162795,48298
162795,50272
162795,53160
162795,50968
162795,61028
162795,53386
162795,62944
162795,59394
162795,63510
162795,59396
162795,63186
162795,53046
162795,63538
162795,54864
162795,48980
162795,55798
162795,62618
162795,62378
162795,55638
162795,10790
162795,53048
162795,62276
162795,56484
162795,58504
165312,61364
165312,61672
165312,61348
165312,61542
165312,50270
165312,35732
165312,36720
165312,39186
165312,34092
165312,16358
165312,11490
165312,33886
165312,50274
165312,61558
165312,1372
165312,54290
165312,48298
165312,50272
165312,53160
165312,50968
165312,61028
165312,62944
165312,59394
165312,63510
165312,59396
165312,63186
165312,53046
165312,63538
165312,54864
165312,48980
165312,55798
165312,62618
165312,62378
165312,55638
165312,10790
165312,53048
165312,62276
165312,56484
165312,58504
186987,61364
186987,61672
186987,61348
186987,61542
186987,50270
186987,35732
186987,36720
186987,39186
186987,34092
186987,16358
186987,61028
186987,59394
186987,59396
186987,63186
186987,10790
177951,54096
177951,39186
177951,1304
177951,61028
177951,62944
177951,59394
177951,63510
177951,57414
177951,59396
177951,63186
177951,48980
177951,55798
177951,62618
177951,55638
177951,10790
177951,62276
177951,44662
177951,56484
177951,58504
248250,56714
248250,11262
248250,39186
248250,61280
248250,16358
248250,10808
248250,1372
248250,59816
248250,1304
248250,53160
248250,50968
248250,61028
248250,62944
248250,63510
248250,59396
248250,63186
248250,48980
248250,62618
248250,62400
248250,45912
248250,55638
248250,10790
66915,61364
66915,56714
66915,61348
66915,11262
66915,39186
66915,16358
66915,1372
66915,54290
66915,50272
66915,53160
66915,50968
66915,61028
66915,62944
66915,59394
66915,59396
66915,63186
66915,48980
66915,55798
66915,10790
66915,62276
230178,61364
230178,61348
230178,50270
230178,39186
230178,16358
230178,11490
230178,124
230178,33886
230178,3382
230178,54290
230178,48298
230178,1304
230178,37644
230178,49888
230178,53160
230178,50968
230178,50720
230178,50970
230178,36722
230178,61028
230178,62944
230178,63510
230178,57414
230178,63360
230178,63218
230178,59396
230178,62274
230178,63186
230178,50718
230178,62170
230178,63136
230178,61540
230178,53046
230178,63538
230178,54864
230178,48980
230178,62618
230178,62400
230178,62378
230178,55638
230178,44664
230178,53048
230178,62276
230178,44662
230178,58504
237765,61672
237765,61348
237765,61542
237765,54096
237765,35732
237765,50716
237765,36720
237765,39186
237765,57804
237765,60522
237765,16358
237765,44302
237765,11490
237765,124
237765,52918
237765,33886
237765,50274
237765,3382
237765,10808
237765,61558
237765,1372
237765,54290
237765,48298
237765,50272
237765,37644
237765,53160
237765,50968
237765,35846
237765,10652
237765,42132
237765,51316
237765,33534
237765,50268
237765,53406
237765,51974
237765,50720
237765,36722
237765,61028
237765,53386
237765,62944
237765,59394
237765,63510
237765,55632
237765,57414
237765,63360
237765,63218
237765,59396
237765,63186
237765,56696
237765,44660
237765,62170
237765,63136
237765,61540
237765,62376
237765,53046
237765,63538
237765,54864
237765,48980
237765,55798
237765,62614
237765,53394
237765,62618
237765,62400
237765,62378
237765,53256
237765,44644
237765,57522
237765,55638
237765,10790
237765,44664
237765,59776
237765,53048
237765,52620
237765,62276
237765,62860
237765,56484
237765,1206
237765,48694
237765,53258
237765,58504
242610,61364
242610,30500
242610,56714
242610,61672
242610,61348
242610,61542
242610,50270
242610,11262
242610,35732
242610,48574
242610,61552
242610,50716
242610,36720
242610,39186
242610,34092
242610,57804
242610,61280
242610,60522
242610,62074
242610,16358
242610,11490
242610,33886
242610,50274
242610,61558
242610,1372
242610,54290
242610,48298
242610,50272
242610,53160
242610,50968
242610,61028
242610,62944
242610,59394
242610,63510
242610,59396
242610,63186
242610,53046
242610,63538
242610,54864
242610,48980
242610,55798
242610,62618
242610,62378
242610,55638
242610,10790
242610,53048
242610,62276
242610,56484
242610,58504
210825,61364
210825,61672
210825,61348
210825,61542
210825,50270
210825,35732
210825,36720
210825,39186
210825,34092
210825,16358
210825,3382
210825,53160
210825,61028
210825,63188
210825,59396
210825,62274
210825,63186
210825,58504
228315,54096
228315,39186
228315,16358
228315,61028
228315,59396
228315,63186
228315,10790
224931,54096
224931,39186
224931,11490
224931,33886
224931,50274
224931,61558
224931,1372
224931,54290
224931,48298
224931,50272
224931,53160
224931,50968
224931,61028
224931,62944
224931,59394
224931,63510
224931,59396
224931,63186
224931,62376
224931,53046
224931,63538
224931,54864
224931,48980
224931,55798
224931,62618
224931,62378
224931,55638
224931,10790
224931,53048
224931,62276
224931,56484
224931,58504
195723,61364
195723,61672
195723,61348
195723,61542
195723,50270
195723,35732
195723,36720
195723,39186
195723,34092
195723,16358
195723,44302
195723,11490
195723,124
195723,52918
195723,33886
195723,50274
195723,3382
195723,10808
195723,61558
195723,1372
195723,54290
195723,48298
195723,50272
195723,37644
195723,53160
195723,50968
195723,60978
195723,35846
195723,10652
195723,42132
195723,51316
195723,33534
195723,50268
195723,51974
195723,50720
195723,36722
195723,61028
195723,53386
195723,62944
195723,59394
195723,63510
195723,55632
195723,57414
195723,63360
195723,63218
195723,59396
195723,63186
195723,56696
195723,44660
195723,62170
195723,63136
195723,61540
195723,53046
195723,63538
195723,54864
195723,48980
195723,55798
195723,62614
195723,53394
195723,62618
195723,62400
195723,62378
195723,63540
195723,53256
195723,45912
195723,44644
195723,57522
195723,55638
195723,10790
195723,44664
195723,59776
195723,53048
195723,52620
195723,62276
195723,62860
195723,56484
195723,1206
195723,48694
195723,53258
195723,58504
244878,61364
244878,30500
244878,56714
244878,61672
244878,61348
244878,61542
244878,50270
244878,11262
244878,35732
244878,48574
244878,61552
244878,50716
244878,36720
244878,39186
244878,34092
244878,57804
244878,61280
244878,62074
244878,16358
244878,44302
244878,11490
244878,124
244878,52918
244878,33886
244878,50274
244878,3382
244878,10808
244878,61558
244878,1372
244878,54290
244878,48298
244878,50272
244878,37644
244878,53160
244878,50968
244878,35846
244878,10652
244878,42132
244878,51316
244878,33534
244878,50268
244878,53406
244878,51974
244878,50720
244878,44914
244878,36722
244878,61028
244878,53386
244878,62944
244878,59394
244878,63510
244878,55632
244878,57414
244878,63360
244878,63218
244878,59396
244878,63186
244878,56696
244878,63418
244878,44660
244878,62170
244878,63136
244878,61540
244878,62376
244878,53046
244878,63538
244878,54864
244878,48980
244878,55798
244878,62614
244878,53394
244878,62618
244878,62400
244878,62378
244878,53256
244878,44644
244878,57522
244878,55638
244878,10790
244878,44664
244878,59776
244878,53048
244878,52620
244878,62276
244878,62860
244878,56484
244878,1206
244878,48694
244878,53258
244878,58504
225480,61364
225480,30500
225480,56714
225480,61672
225480,61348
225480,61542
225480,50270
225480,11262
225480,35732
225480,48574
225480,61552
225480,50716
225480,36720
225480,39186
225480,34092
225480,57804
225480,61280
225480,60522
225480,62074
225480,16358
225480,11490
225480,33886
225480,1372
225480,54290
225480,50272
225480,53160
225480,50968
225480,61028
225480,62944
225480,59394
225480,63510
225480,59396
225480,63186
225480,53046
225480,63538
225480,48980
225480,55798
225480,62618
225480,62378
225480,55638
225480,10790
225480,53048
225480,62276
225480,56484
225480,58504
153072,61364
153072,61348
153072,61542
153072,50270
153072,35732
153072,36720
153072,39186
153072,16358
153072,54290
153072,53160
153072,61028
153072,62944
153072,59394
153072,59396
153072,63186
153072,48980
153072,10790
153072,62276
208515,56714
208515,50270
208515,39186
208515,16358
208515,44302
208515,11490
208515,124
208515,52918
208515,33886
208515,50274
208515,3382
208515,10808
208515,61558
208515,1372
208515,54290
208515,48298
208515,50272
208515,37644
208515,53160
208515,50968
208515,35846
208515,10652
208515,42132
208515,51316
208515,33534
208515,50268
208515,53406
208515,51974
208515,50720
208515,44914
208515,36722
208515,61028
208515,53386
208515,62944
208515,59394
208515,63510
208515,55632
208515,57414
208515,63360
208515,63218
208515,59396
208515,63186
208515,56696
208515,63418
208515,44660
208515,62170
208515,63136
208515,61540
208515,62376
208515,53046
208515,63538
208515,54864
208515,48980
208515,55798
208515,62614
208515,53394
208515,62618
208515,62400
208515,62378
208515,53256
208515,44644
208515,57522
208515,55638
208515,10790
208515,44664
208515,59776
208515,53048
208515,52620
208515,62276
208515,62860
208515,56484
208515,1206
208515,48694
208515,53258
208515,58504
203241,61364
203241,30500
203241,56714
203241,61672
203241,61348
203241,61542
203241,50270
203241,11262
203241,35732
203241,48574
203241,61552
203241,50716
203241,36720
203241,39186
203241,34092
203241,57804
203241,61280
203241,60522
203241,62074
203241,16358
203241,54290
203241,53160
203241,61028
203241,62944
203241,59394
203241,63510
203241,59396
203241,63186
203241,48980
203241,55798
203241,10790
203241,62276
203241,56484
203241,58504
203736,56714
203736,50270
203736,39186
203736,16358
203736,11490
203736,33886
203736,50274
203736,61558
203736,1372
203736,54290
203736,48298
203736,50272
203736,53160
203736,50968
203736,61028
203736,62944
203736,59394
203736,63510
203736,59396
203736,63186
203736,53046
203736,63538
203736,54864
203736,48980
203736,62618
203736,62378
203736,55638
203736,10790
203736,53048
203736,62276
203736,56484
203736,58504
232614,61364
232614,61672
232614,61348
232614,61542
232614,50270
232614,35732
232614,36720
232614,39186
232614,34092
232614,16358
232614,44302
232614,11490
232614,124
232614,52918
232614,33886
232614,50274
232614,3382
232614,10808
232614,61558
232614,1372
232614,48298
232614,50272
232614,37644
232614,53160
232614,50968
232614,35846
232614,10652
232614,42132
232614,51316
232614,33534
232614,50268
232614,51974
232614,50720
232614,44914
232614,36722
232614,61028
232614,53386
232614,62944
232614,59394
232614,63510
232614,55632
232614,57414
232614,63360
232614,63218
232614,59396
232614,63186
232614,56696
232614,63418
232614,44660
232614,62170
232614,63136
232614,61540
232614,53046
232614,63538
232614,54864
232614,48980
232614,55798
232614,62614
232614,53394
232614,62618
232614,62400
232614,62378
232614,53256
232614,44644
232614,57522
232614,55638
232614,10790
232614,44664
232614,59776
232614,53048
232614,52620
232614,62276
232614,62860
232614,56484
232614,1206
232614,48694
232614,53258
232614,58504
158274,61364
158274,30500
158274,56714
158274,61348
158274,61542
158274,50270
158274,11262
158274,35732
158274,48574
158274,61552
158274,50716
158274,36720
158274,39186
158274,34092
158274,57804
158274,61280
158274,62074
158274,16358
158274,11490
158274,1372
158274,54290
158274,50272
158274,53160
158274,50968
158274,61028
158274,62944
158274,59394
158274,63510
158274,59396
158274,63186
158274,62376
158274,48980
158274,55798
158274,62618
158274,62378
158274,55638
158274,10790
158274,53048
158274,62276
158274,56484
158274,58504
155388,61364
155388,61348
155388,50270
155388,36720
155388,39186
155388,34092
155388,16358
155388,54290
155388,53160
155388,61028
155388,62944
155388,59394
155388,59396
155388,63186
155388,48980
155388,55798
155388,10790
155388,62276
155388,58504
203247,56714
203247,50270
203247,39186
203247,16358
203247,11490
203247,52918
203247,33886
203247,50274
203247,3382
203247,10808
203247,61558
203247,1372
203247,54290
203247,48298
203247,50272
203247,37644
203247,53160
203247,50968
203247,10652
203247,42132
203247,51316
203247,33534
203247,50268
203247,53406
203247,51974
203247,50720
203247,44914
203247,36722
203247,61028
203247,63188
203247,62944
203247,59394
203247,63510
203247,57414
203247,63360
203247,63218
203247,59396
203247,63186
203247,63418
203247,44660
203247,62170
203247,63136
203247,61540
203247,53046
203247,63538
203247,54864
203247,48980
203247,55798
203247,53394
203247,62618
203247,62400
203247,62378
203247,53256
203247,44644
203247,57522
203247,55638
203247,10790
203247,44664
203247,59776
203247,53048
203247,52620
203247,62276
203247,62860
203247,56484
203247,1206
203247,58504
246339,61364
246339,30500
246339,56714
246339,61348
246339,61542
246339,50270
246339,11262
246339,35732
246339,48574
246339,61552
246339,50716
246339,36720
246339,39186
246339,34092
246339,57804
246339,61280
246339,16358
246339,1372
246339,54290
246339,50272
246339,53160
246339,50968
246339,61028
246339,62944
246339,59394
246339,59396
246339,63186
246339,48980
246339,62378
246339,10790
246339,62276
246339,56484
246339,58504
186078,61364
186078,61348
186078,50270
186078,39186
186078,16358
186078,54290
186078,53160
186078,61028
186078,62944
186078,59394
186078,63510
186078,59396
186078,63186
186078,48980
186078,55798
186078,10790
186078,62276
186078,58504
208584,56714
208584,50270
208584,39186
208584,16358
208584,54290
208584,53160
208584,61028
208584,62944
208584,59394
208584,59396
208584,63186
208584,48980
208584,55798
208584,10790
208584,62276
208584,58504
61305,56714
61305,50270
61305,39186
61305,16358
61305,44302
61305,11490
61305,124
61305,52918
61305,33886
61305,50274
61305,3382
61305,10808
61305,61558
61305,1372
61305,48298
61305,50272
61305,37644
61305,53160
61305,50968
61305,35846
61305,10652
61305,42132
61305,51316
61305,33534
61305,50268
61305,51974
61305,50720
61305,36722
61305,61028
61305,53386
61305,62944
61305,59394
61305,63510
61305,55632
61305,57414
61305,63360
61305,63218
61305,59396
61305,63186
61305,56696
61305,63418
61305,44660
61305,62170
61305,63136
61305,61540
61305,53046
61305,63538
61305,54864
61305,48980
61305,55798
61305,62614
61305,53394
61305,62618
61305,62400
61305,62378
61305,53256
61305,44644
61305,57522
61305,55638
61305,10790
61305,44664
61305,59776
61305,53048
61305,52620
61305,62276
61305,56484
61305,1206
61305,48694
61305,53258
61305,58504
171372,61364
171372,30500
171372,56714
171372,61348
171372,61542
171372,50270
171372,35732
171372,48574
171372,61552
171372,50716
171372,36720
171372,39186
171372,34092
171372,57804
171372,61280
171372,62074
171372,16358
171372,44302
171372,11490
171372,124
171372,52918
171372,33886
171372,50274
171372,3382
171372,10808
171372,61558
171372,1372
171372,48298
171372,50272
171372,37644
171372,53160
171372,50968
171372,35846
171372,10652
171372,42132
171372,51316
171372,33534
171372,50268
171372,51974
171372,50720
171372,44914
171372,36722
171372,61028
171372,53386
171372,62944
171372,59394
171372,63510
171372,55632
171372,57414
171372,63360
171372,63218
171372,59396
171372,63186
171372,56696
171372,63418
171372,44660
171372,62170
171372,63136
171372,61540
171372,53046
171372,63538
171372,54864
171372,48980
171372,55798
171372,62614
171372,53394
171372,62618
171372,62400
171372,62378
171372,53256
171372,44644
171372,57522
171372,55638
171372,10790
171372,44664
171372,59776
171372,53048
171372,52620
171372,62276
171372,62860
171372,56484
171372,1206
171372,48694
171372,53258
171372,58504
218061,61364
218061,30500
218061,56714
218061,61348
218061,61542
218061,50270
218061,11262
218061,35732
218061,48574
218061,61552
218061,50716
218061,36720
218061,39186
218061,34092
218061,57804
218061,61280
218061,62074
218061,16358
218061,11490
218061,33886
218061,10808
218061,54290
218061,48298
218061,50272
218061,53160
218061,42132
218061,53406
218061,51974
218061,50720
218061,61028
218061,62944
218061,59394
218061,63510
218061,57414
218061,63360
218061,63218
218061,59396
218061,63186
218061,63136
218061,61540
218061,53046
218061,63538
218061,54864
218061,48980
218061,55798
218061,53394
218061,62618
218061,62378
218061,44644
218061,57522
218061,10790
218061,44664
218061,59776
218061,53048
218061,62276
218061,56484
218061,1206
218061,58504
203274,61364
203274,30500
203274,56714
203274,61348
203274,50270
203274,35732
203274,36720
203274,39186
203274,34092
203274,16358
203274,3382
203274,37644
203274,53160
203274,61028
203274,63188
203274,59396
203274,62274
203274,63186
203274,58504
210795,54096
210795,39186
210795,16358
210795,61028
210795,63186
203532,11262
203532,39186
203532,16358
203532,54290
203532,53160
203532,61028
203532,62944
203532,59394
203532,59396
203532,63186
203532,48980
203532,55798
203532,10790
203532,62276
203532,58504
65577,50270
65577,39186
65577,16358
65577,11490
65577,52918
65577,33886
65577,50274
65577,10808
65577,61558
65577,1372
65577,54290
65577,50272
65577,53160
65577,50968
65577,42132
65577,51316
65577,53406
65577,51974
65577,50720
65577,44914
65577,36722
65577,61028
65577,62944
65577,59394
65577,63510
65577,63360
65577,63218
65577,59396
65577,63186
65577,44660
65577,62170
65577,63136
65577,61540
65577,53046
65577,63538
65577,54864
65577,48980
65577,55798
65577,53394
65577,62618
65577,62400
65577,62378
65577,53256
65577,44644
65577,57522
65577,55638
65577,10790
65577,44664
65577,59776
65577,53048
65577,62276
65577,56484
65577,1206
65577,58504
203574,61364
203574,30500
203574,56714
203574,61348
203574,61542
203574,50270
203574,35732
203574,48574
203574,61552
203574,50716
203574,36720
203574,39186
203574,34092
203574,16358
203574,11490
203574,33886
203574,1372
203574,54290
203574,50272
203574,53160
203574,50968
203574,61028
203574,62944
203574,59394
203574,63510
203574,59396
203574,62274
203574,63186
203574,53046
203574,63538
203574,48980
203574,55798
203574,62618
203574,62378
203574,55638
203574,10790
203574,53048
203574,62276
203574,56484
203574,58504
176577,61364
176577,61348
176577,61542
176577,50270
176577,35732
176577,36720
176577,39186
176577,16358
176577,44302
176577,11490
176577,124
176577,52918
176577,33886
176577,50274
176577,3382
176577,10808
176577,61558
176577,1372
176577,54290
176577,48298
176577,50272
176577,37644
176577,53160
176577,50968
176577,35846
176577,10652
176577,42132
176577,51316
176577,33534
176577,50268
176577,51974
176577,50720
176577,36722
176577,61028
176577,53386
176577,62944
176577,59394
176577,63510
176577,55632
176577,57414
176577,63360
176577,63218
176577,59396
176577,62274
176577,63186
176577,56696
176577,63418
176577,44660
176577,62170
176577,63136
176577,61540
176577,53046
176577,63538
176577,54864
176577,48980
176577,55798
176577,62614
176577,53394
176577,62618
176577,62400
176577,62378
176577,53256
176577,44644
176577,57522
176577,55638
176577,10790
176577,44664
176577,59776
176577,53048
176577,52620
176577,62276
176577,56484
176577,1206
176577,48694
176577,53258
176577,58504
191238,61364
191238,30500
191238,56714
191238,61348
191238,61542
191238,50270
191238,35732
191238,48574
191238,61552
191238,50716
191238,36720
191238,39186
191238,34092
191238,57804
191238,61280
191238,62074
191238,16358
191238,11490
191238,33886
191238,50274
191238,61558
191238,1372
191238,54290
191238,48298
191238,50272
191238,1304
191238,53160
191238,50968
191238,61028
191238,62944
191238,59394
191238,63510
191238,59396
191238,63186
191238,53046
191238,63538
191238,54864
191238,48980
191238,55798
191238,62618
191238,62378
191238,55638
191238,10790
191238,53048
191238,62276
191238,56484
191238,58504
207597,61364
207597,61672
207597,61348
207597,61542
207597,50270
207597,35732
207597,36720
207597,39186
207597,34092
207597,16358
207597,11490
207597,1372
207597,54290
207597,50272
207597,53160
207597,50968
207597,42132
207597,51974
207597,61028
207597,62944
207597,59394
207597,63510
207597,59396
207597,63186
207597,53046
207597,63538
207597,48980
207597,55798
207597,62618
207597,62378
207597,55638
207597,10790
207597,53048
207597,62276
207597,56484
207597,58504
206448,61364
206448,61348
206448,61542
206448,50270
206448,36720
206448,39186
206448,16358
206448,54290
206448,53160
206448,61028
206448,62944
206448,59394
206448,59396
206448,63186
206448,48980
206448,55798
206448,62276
206448,56484
128763,56714
128763,50270
128763,39186
128763,16358
128763,11490
128763,33886
128763,50274
128763,61558
128763,1372
128763,54290
128763,48298
128763,50272
128763,50968
128763,61028
128763,62944
128763,59394
128763,63510
128763,59396
128763,63186
128763,62376
128763,53046
128763,63538
128763,54864
128763,48980
128763,55798
128763,62618
128763,62378
128763,55638
128763,10790
128763,53048
128763,62276
128763,56484
128763,58504
223089,61364
223089,61672
223089,61348
223089,61542
223089,50270
223089,11262
223089,35732
223089,36720
223089,39186
223089,34092
223089,60522
223089,16358
223089,61028
223089,63186
187875,11262
187875,39186
187875,11490
187875,54290
187875,61028
187875,62944
187875,59394
187875,63510
187875,59396
187875,63186
187875,48980
187875,55798
187875,62618
187875,55638
187875,10790
187875,62276
187875,56484
187875,58504
183672,56714
183672,61348
183672,50270
183672,39186
183672,16358
183672,11490
183672,33886
183672,1372
183672,50272
183672,50968
183672,61028
183672,62944
183672,59394
183672,63510
183672,59396
183672,63186
183672,53046
183672,63538
183672,48980
183672,55798
183672,62618
183672,55638
183672,10790
183672,62276
183672,58504
157854,61364
157854,61542
157854,50270
157854,11262
157854,36720
157854,39186
157854,16358
157854,11490
157854,33886
157854,50274
157854,61558
157854,1372
157854,54290
157854,48298
157854,50272
157854,50968
157854,61028
157854,62944
157854,59394
157854,63510
157854,59396
157854,63186
157854,54864
157854,48980
157854,55798
157854,62618
157854,62616
157854,62378
157854,55638
157854,10790
157854,53048
157854,62276
157854,56484
157854,58504
217752,61364
217752,61672
217752,61348
217752,61542
217752,50270
217752,11262
217752,35732
217752,36720
217752,39186
217752,34092
217752,53160
217752,61560
217752,61028
217752,53386
217752,63510
217752,63186
217752,48980
217752,55798
217752,62618
217752,10790
217752,62276
217752,58504
215457,61364
215457,50270
215457,39186
215457,16358
215457,124
215457,10808
215457,1304
215457,49888
215457,53160
215457,61560
215457,61028
215457,62944
215457,62274
215457,48694
215457,53258
233814,30500
233814,61348
233814,54096
233814,39186
233814,44302
233814,11490
233814,50274
233814,60
233814,61558
233814,54290
233814,1304
233814,53160
233814,42132
233814,50720
233814,61560
233814,61028
233814,62944
233814,59394
233814,63510
233814,57414
233814,63360
233814,63220
233814,63186
233814,62170
233814,53046
233814,63538
233814,48980
233814,55798
233814,62618
233814,62378
233814,10790
233814,62276
233814,62860
233814,56484
233814,58504
199860,61364
199860,56714
199860,61348
199860,50270
199860,35732
199860,36720
199860,39186
199860,61280
199860,16358
199860,54290
199860,53160
199860,61028
199860,59394
199860,63510
199860,59396
199860,63186
199860,48980
199860,62276
199860,56484
193965,56714
193965,50270
193965,39186
193965,16358
193965,44302
193965,11490
193965,50274
193965,60
193965,61558
193965,54290
193965,53160
193965,42132
193965,50720
193965,61560
193965,61028
193965,62944
193965,59394
193965,63510
193965,57414
193965,63360
193965,63220
193965,63186
193965,62170
193965,48980
193965,55798
193965,62618
193965,10790
193965,62276
193965,62860
193965,56484
193965,58504
154506,61364
154506,50270
154506,35732
154506,36720
154506,39186
154506,61280
154506,16358
154506,11490
154506,33886
154506,3382
154506,1372
154506,54290
154506,48298
154506,50272
154506,49888
154506,53160
154506,42132
154506,51316
154506,53406
154506,51974
154506,50720
154506,61028
154506,63188
154506,62944
154506,59394
154506,63510
154506,57414
154506,63360
154506,63218
154506,59396
154506,63186
154506,62170
154506,63136
154506,61540
154506,53046
154506,63538
154506,48980
154506,55798
154506,62618
154506,62378
154506,10790
154506,44664
154506,53048
154506,62276
154506,56484
154506,1206
154506,58504
172035,61364
172035,56714
172035,61542
172035,50270
172035,35732
172035,48574
172035,36720
172035,39186
172035,57804
172035,16358
172035,1304
172035,61560
172035,61028
172035,62944
172035,59394
172035,63510
172035,57414
172035,59396
172035,63186
172035,62170
172035,48980
172035,55798
172035,62618
172035,55638
172035,10790
172035,62276
172035,56484
172035,58504
199854,56714
199854,11262
199854,39186
199854,61280
199854,16358
199854,1304
199854,61560
199854,61028
199854,62944
199854,59394
199854,63510
199854,57414
199854,59396
199854,63186
199854,62170
199854,48980
199854,55798
199854,62618
199854,55638
199854,10790
199854,62276
199854,56484
199854,58504
238827,56714
238827,11262
238827,39186
238827,61280
238827,16358
238827,1304
238827,61028
238827,62944
238827,59394
238827,63510
238827,57414
238827,59396
238827,63186
238827,48980
238827,55798
238827,62618
238827,55638
238827,10790
238827,62276
238827,44662
238827,56484
238827,58504
206415,56714
206415,11262
206415,39186
206415,61280
206415,16358
206415,1304
206415,61028
206415,62944
206415,59394
206415,63510
206415,57414
206415,59396
206415,63186
206415,48980
206415,55798
206415,62618
206415,55638
206415,10790
206415,62276
206415,56484
206415,58504
207105,56714
207105,11262
207105,39186
207105,61280
207105,16358
207105,1304
207105,61560
207105,61028
207105,62944
207105,59394
207105,63510
207105,57414
207105,59396
207105,63186
207105,62170
207105,48980
207105,55798
207105,62618
207105,55638
207105,10790
207105,62276
207105,56484
207105,58504
153813,56714
153813,11262
153813,39186
153813,61280
153813,16358
153813,1304
153813,61560
153813,61028
153813,62944
153813,59394
153813,63510
153813,57414
153813,59396
153813,63186
153813,62170
153813,48980
153813,55798
153813,62618
153813,55638
153813,10790
153813,62276
153813,56484
153813,58504
158610,56714
158610,11262
158610,39186
158610,61280
158610,16358
158610,11490
158610,33886
158610,3382
158610,1372
158610,54290
158610,48298
158610,50272
158610,49888
158610,53160
158610,10652
158610,42132
158610,51316
158610,53406
158610,51974
158610,50720
158610,61560
158610,61028
158610,63188
158610,62944
158610,59394
158610,63510
158610,57414
158610,63360
158610,63218
158610,59396
158610,63186
158610,56696
158610,62170
158610,63136
158610,61540
158610,53046
158610,63538
158610,48980
158610,55798
158610,62614
158610,62618
158610,62378
158610,55638
158610,10790
158610,44664
158610,53048
158610,52620
158610,62276
158610,56484
158610,1206
158610,48694
158610,58504
209094,61364
209094,56714
209094,61542
209094,50270
209094,35732
209094,48574
209094,36720
209094,39186
209094,57804
209094,61280
209094,16358
209094,44302
209094,11490
209094,124
209094,52918
209094,33886
209094,50274
209094,60
209094,3382
209094,10808
209094,61558
209094,1372
209094,54290
209094,48298
209094,59822
209094,50272
209094,1304
209094,37644
209094,53160
209094,50968
209094,10652
209094,42132
209094,51316
209094,33534
209094,50268
209094,53406
209094,51974
209094,50720
209094,61560
209094,36722
209094,61028
209094,63188
209094,62944
209094,59394
209094,63510
209094,55632
209094,57414
209094,63360
209094,63218
209094,59396
209094,63220
209094,63186
209094,56696
209094,63418
209094,44660
209094,62170
209094,63136
209094,61540
209094,53046
209094,63538
209094,36762
209094,54864
209094,48980
209094,55798
209094,62614
209094,53394
209094,62618
209094,62616
209094,62400
209094,62378
209094,53256
209094,44644
209094,57522
209094,55638
209094,10790
209094,44664
209094,59776
209094,53048
209094,52620
209094,50962
209094,62276
209094,62860
209094,56484
209094,1206
209094,48694
209094,53258
209094,58504
61935,61364
61935,30500
61935,56714
61935,61348
61935,61542
61935,50270
61935,35732
61935,48574
61935,61552
61935,50716
61935,36720
61935,39186
61935,34092
61935,57804
61935,61280
61935,60522
61935,62074
61935,16358
61935,1304
61935,61560
61935,61028
61935,62944
61935,59394
61935,63510
61935,57414
61935,59396
61935,63186
61935,62170
61935,48980
61935,55798
61935,62618
61935,55638
61935,10790
61935,62276
61935,56484
61935,58504
196311,56714
196311,11262
196311,36720
196311,39186
196311,61280
196311,16358
196311,1304
196311,61028
196311,62944
196311,59394
196311,63510
196311,57414
196311,59396
196311,63186
196311,62170
196311,48980
196311,55798
196311,10790
196311,62276
196311,56484
196311,58504
154476,56714
154476,50270
154476,36720
154476,39186
154476,61280
154476,16358
154476,1304
154476,61560
154476,61028
154476,62944
154476,59394
154476,63510
154476,57414
154476,59396
154476,63186
154476,62170
154476,48980
154476,55798
154476,62618
154476,55638
154476,10790
154476,62276
154476,56484
154476,58504
204654,56714
204654,36720
204654,39186
204654,61280
204654,16358
204654,11490
204654,52918
204654,33886
204654,50274
204654,3382
204654,10808
204654,61558
204654,1372
204654,54290
204654,48298
204654,50272
204654,37644
204654,53160
204654,50968
204654,10652
204654,42132
204654,51316
204654,33534
204654,50268
204654,53406
204654,51974
204654,50720
204654,44914
204654,36722
204654,61028
204654,63188
204654,62944
204654,59394
204654,63510
204654,57414
204654,63360
204654,63218
204654,59396
204654,63186
204654,63418
204654,44660
204654,62170
204654,63136
204654,61540
204654,53046
204654,63538
204654,54864
204654,48980
204654,55798
204654,53394
204654,62618
204654,62400
204654,62378
204654,53256
204654,44644
204654,57522
204654,55638
204654,10790
204654,44664
204654,59776
204654,53048
204654,52620
204654,62276
204654,62860
204654,56484
204654,1206
204654,58504
206937,61364
206937,30500
206937,56714
206937,61348
206937,61542
206937,50270
206937,11262
206937,35732
206937,48574
206937,61552
206937,50716
206937,36720
206937,39186
206937,34092
206937,57804
206937,61280
206937,16358
206937,11490
206937,54290
206937,1304
206937,53160
206937,61028
206937,62944
206937,59394
206937,63510
206937,63360
206937,59396
206937,63186
206937,48980
206937,55798
206937,62618
206937,10790
206937,53048
206937,62276
206937,56484
206937,58504
187743,61364
187743,56714
187743,61348
187743,50270
187743,35732
187743,39186
187743,16358
187743,44302
187743,11490
187743,33886
187743,50274
187743,3382
187743,61558
187743,1372
187743,54290
187743,48298
187743,50272
187743,53160
187743,10652
187743,42132
187743,51316
187743,53406
187743,51974
187743,50720
187743,61560
187743,61028
187743,63188
187743,62944
187743,59394
187743,63510
187743,57414
187743,63360
187743,63218
187743,59396
187743,63186
187743,56696
187743,62170
187743,63136
187743,61540
187743,53046
187743,63538
187743,36762
187743,48980
187743,55798
187743,62614
187743,62618
187743,62378
187743,55638
187743,10790
187743,44664
187743,53048
187743,52620
187743,62276
187743,62860
187743,56484
187743,1206
187743,48694
187743,58504
207096,61364
207096,56714
207096,61542
207096,50270
207096,35732
207096,48574
207096,50716
207096,36720
207096,39186
207096,57804
207096,61280
207096,16358
207096,1304
207096,61028
207096,62944
207096,59394
207096,63510
207096,57414
207096,59396
207096,63186
207096,62170
207096,48980
207096,55798
207096,10790
207096,62276
207096,56484
207096,58504
206823,56714
206823,50270
206823,36720
206823,39186
206823,61280
206823,16358
206823,1304
206823,61028
206823,62944
206823,59394
206823,63510
206823,57414
206823,59396
206823,63186
206823,48980
206823,55798
206823,62618
206823,55638
206823,10790
206823,62276
206823,56484
206823,58504
238572,56714
238572,11262
238572,39186
238572,61280
238572,16358
238572,124
238572,1304
238572,49888
238572,53160
238572,61028
238572,62944
238572,62274
238572,48694
238572,53258
206478,30500
206478,61348
206478,54096
206478,39186
206478,16358
206478,10808
206478,1372
206478,59816
206478,50272
206478,1304
206478,53160
206478,50968
206478,61028
206478,62944
206478,63510
206478,59396
206478,63186
206478,48980
206478,62618
206478,62400
206478,62378
206478,45912
206478,55638
206478,10790
206478,56484
227616,61364
227616,56714
227616,61348
227616,11262
227616,50716
227616,39186
227616,16358
227616,44302
227616,11490
227616,124
227616,52918
227616,50274
227616,3382
227616,10808
227616,61558
227616,1372
227616,54290
227616,48298
227616,50272
227616,1304
227616,53160
227616,50968
227616,10652
227616,51316
227616,53406
227616,50720
227616,36722
227616,61028
227616,62944
227616,63510
227616,55632
227616,57414
227616,63218
227616,59396
227616,63186
227616,56696
227616,62170
227616,63136
227616,61540
227616,53046
227616,63538
227616,54864
227616,48980
227616,55798
227616,62614
227616,62618
227616,62400
227616,62378
227616,63540
227616,53256
227616,45912
227616,44644
227616,55638
227616,10790
227616,44664
227616,59776
227616,53048
227616,52620
227616,62276
227616,44662
227616,56484
227616,1206
227616,48694
227616,53258
227616,58504
68568,61364
68568,56714
68568,61672
68568,61348
68568,61542
68568,50270
68568,11262
68568,35732
68568,48574
68568,50716
68568,36720
68568,39186
68568,57804
68568,61280
68568,60522
68568,62074
68568,16358
68568,11490
68568,60
68568,3382
68568,1372
68568,54290
68568,50272
68568,37644
68568,49888
68568,53160
68568,50968
68568,50724
68568,61028
68568,62944
68568,63510
68568,59396
68568,62274
68568,63186
68568,62170
68568,48980
68568,62618
68568,62400
68568,62378
68568,55638
68568,53048
68568,62276
68568,44662
68568,58504
156486,61364
156486,61348
156486,54096
156486,39186
156486,16358
156486,11490
156486,33886
156486,3382
156486,54290
156486,48298
156486,1304
156486,53160
156486,50968
156486,61028
156486,62944
156486,63510
156486,59396
156486,62274
156486,63186
156486,62170
156486,53046
156486,63538
156486,54864
156486,48980
156486,62618
156486,62400
156486,62378
156486,55638
156486,53048
156486,62276
156486,44662
156486,58504
164970,61672
164970,61348
164970,54096
164970,35732
164970,50716
164970,36720
164970,39186
164970,57804
164970,16358
164970,44302
164970,11490
164970,124
164970,52918
164970,33886
164970,50274
164970,3382
164970,10808
164970,61558
164970,1372
164970,54290
164970,48298
164970,50272
164970,1304
164970,53160
164970,50968
164970,60978
164970,35846
164970,10652
164970,42132
164970,51316
164970,33534
164970,50268
164970,53406
164970,51974
164970,50720
164970,36722
164970,61028
164970,53386
164970,62944
164970,59394
164970,63510
164970,55632
164970,57414
164970,63218
164970,59396
164970,63186
164970,50718
164970,56696
164970,63418
164970,44660
164970,62170
164970,63136
164970,61540
164970,62376
164970,53046
164970,63538
164970,54864
164970,48980
164970,62614
164970,53394
164970,62618
164970,62400
164970,62378
164970,63540
164970,53256
164970,44644
164970,55638
164970,10790
164970,44664
164970,59776
164970,53048
164970,52620
164970,62276
164970,62860
164970,44662
164970,56484
164970,1206
164970,48694
164970,53258
164970,58504
197799,61364
197799,30500
197799,56714
197799,61672
197799,61348
197799,61542
197799,50270
197799,11262
197799,35732
197799,48574
197799,61552
197799,50716
197799,36720
197799,39186
197799,34092
197799,57804
197799,61280
197799,60522
197799,62074
197799,16358
197799,44302
197799,11490
197799,124
197799,52918
197799,33886
197799,50274
197799,3382
197799,10808
197799,61558
197799,1372
197799,54290
197799,48298
197799,50272
197799,1304
197799,53160
197799,50968
197799,60978
197799,35846
197799,10652
197799,42132
197799,51316
197799,33534
197799,50268
197799,53406
197799,51974
197799,50720
197799,36722
197799,61028
197799,53386
197799,62944
197799,59394
197799,63510
197799,55632
197799,57414
197799,63218
197799,59396
197799,63186
197799,50718
197799,56696
197799,63418
197799,44660
197799,62170
197799,63136
197799,61540
197799,62376
197799,53046
197799,63538
197799,54864
197799,48980
197799,62614
197799,53394
197799,62618
197799,62400
197799,62378
197799,63540
197799,53256
197799,44644
197799,55638
197799,10790
197799,44664
197799,59776
197799,53048
197799,52620
197799,62276
197799,62860
197799,56484
197799,1206
197799,48694
197799,53258
197799,58504
206625,61364
206625,30500
206625,56714
206625,61672
206625,61348
206625,61542
206625,50270
206625,11262
206625,35732
206625,48574
206625,61552
206625,50716
206625,36720
206625,39186
206625,34092
206625,57804
206625,61280
206625,60522
206625,62074
206625,16358
206625,11490
206625,1372
206625,54290
206625,50272
206625,53160
206625,50968
206625,50724
206625,61028
206625,62944
206625,59394
206625,63510
206625,59396
206625,63186
206625,48980
206625,62618
206625,62400
206625,62378
206625,55638
206625,10790
206625,53048
206625,62276
206625,44662
206625,58504
239508,61364
239508,61348
239508,11262
239508,39186
239508,16358
239508,124
239508,1304
239508,49888
239508,53160
239508,61028
239508,62274
239508,48694
239508,53258
154770,30500
154770,61348
154770,39186
154770,49888
154770,53160
154770,50724
154770,61028
184713,30500
184713,61348
184713,11262
184713,1304
184713,53160
184713,50968
184713,61028
184713,63510
184713,59396
184713,62274
184713,63186
184713,48980
184713,55638
153150,30500
153150,56714
153150,61348
153150,54096
153150,39186
153150,16358
153150,59816
153150,1304
153150,53160
153150,61028
153150,63510
153150,59396
153150,62274
153150,63186
153150,48980
153150,62618
153150,62400
153150,55638
153150,10790
167451,56714
167451,61348
167451,54096
167451,39186
167451,3382
167451,1304
167451,49888
167451,53160
167451,61028
167451,62944
167451,32496
167451,59396
167451,63186
167451,48980
167451,62400
167451,44662
167451,58504
153402,39186
153402,16358
153402,44302
153402,11490
153402,124
153402,52918
153402,33886
153402,50274
153402,3382
153402,10808
153402,61558
153402,1372
153402,54290
153402,48298
153402,50272
153402,37644
153402,53160
153402,50968
153402,35846
153402,10652
153402,42132
153402,51316
153402,33534
153402,50268
153402,51974
153402,50720
153402,44914
153402,36722
153402,61028
153402,53386
153402,62944
153402,59394
153402,63510
153402,55632
153402,57414
153402,63360
153402,63218
153402,59396
153402,63186
153402,56696
153402,63418
153402,44660
153402,62170
153402,63136
153402,61540
153402,53046
153402,63538
153402,54864
153402,48980
153402,55798
153402,62614
153402,53394
153402,62618
153402,62400
153402,62378
153402,53256
153402,44644
153402,57522
153402,55638
153402,10790
153402,44664
153402,59776
153402,53048
153402,52620
153402,62276
153402,62860
153402,56484
153402,1206
153402,48694
153402,53258
153402,58504
155031,61364
155031,30500
155031,56714
155031,61672
155031,61348
155031,61542
155031,50270
155031,11262
155031,35732
155031,48574
155031,61552
155031,50716
155031,36720
155031,39186
155031,34092
155031,57804
155031,61280
155031,62074
155031,16358
155031,1304
155031,61560
155031,61028
155031,62944
155031,59394
155031,63510
155031,57414
155031,59396
155031,63186
155031,62170
155031,48980
155031,55798
155031,62618
155031,55638
155031,10790
155031,62276
155031,56484
155031,58504
158766,56714
158766,11262
158766,36720
158766,39186
158766,61280
158766,16358
158766,54290
158766,53160
158766,61028
158766,62944
158766,59394
158766,59396
158766,63186
158766,48980
158766,55798
158766,62276
158766,56484
211413,56714
211413,50270
211413,39186
211413,16358
211413,54290
211413,59822
211413,37644
211413,53160
211413,42132
211413,51316
211413,53406
211413,51974
211413,50720
211413,61028
211413,53386
211413,63510
211413,63218
211413,59396
211413,63186
211413,63418
211413,53046
211413,63538
211413,48980
211413,55798
211413,62378
211413,63540
211413,10790
211413,62276
211413,56484
211413,58504
212640,50270
212640,35732
212640,61552
212640,36720
212640,39186
212640,16358
212640,50274
212640,61558
212640,54290
212640,48298
212640,59822
212640,50272
212640,37644
212640,53160
212640,42132
212640,51316
212640,33534
212640,53406
212640,51974
212640,50720
212640,61560
212640,36722
212640,61028
212640,62944
212640,59394
212640,63510
212640,57414
212640,63360
212640,63218
212640,59396
212640,63186
212640,63418
212640,63136
212640,61540
212640,53046
212640,63538
212640,48980
212640,55798
212640,62614
212640,62618
212640,63540
212640,10790
212640,53048
212640,62276
212640,62860
212640,56484
212640,1206
212640,58504
25734,61364
25734,56714
25734,50270
25734,35732
25734,48574
25734,61552
25734,36720
25734,39186
25734,16358
25734,61028
25734,59396
25734,63186
25734,62276
25734,58504
67371,11262
67371,39186
67371,44302
67371,11490
67371,124
67371,33886
67371,50274
67371,3382
67371,10808
67371,61558
67371,1372
67371,54290
67371,48298
67371,50272
67371,53160
67371,50968
67371,10652
67371,42132
67371,51316
67371,51974
67371,50720
67371,36722
67371,61028
67371,62944
67371,59394
67371,63510
67371,55632
67371,57414
67371,63360
67371,63218
67371,59396
67371,63186
67371,56696
67371,62170
67371,63136
67371,61540
67371,53046
67371,63538
67371,54864
67371,48980
67371,55798
67371,62614
67371,53394
67371,62618
67371,62378
67371,44644
67371,55638
67371,10790
67371,44664
67371,59776
67371,53048
67371,52620
67371,62276
67371,56484
67371,1206
67371,48694
67371,53258
67371,58504
228024,61364
228024,30500
228024,56714
228024,61348
228024,61542
228024,50270
228024,48574
228024,36720
228024,39186
228024,34092
228024,57804
228024,61280
228024,62074
228024,16358
228024,54290
228024,1304
228024,53160
228024,61028
228024,62944
228024,59394
228024,63510
228024,59396
228024,63186
228024,48980
228024,55798
228024,10790
228024,62276
228024,58504
153642,56714
153642,50270
153642,39186
153642,16358
153642,3382
153642,53160
153642,61028
153642,53386
153642,59396
153642,62274
153642,63186
153642,10790
153642,58504
158658,54096
158658,39186
158658,16358
158658,44302
158658,11490
158658,124
158658,33886
158658,50274
158658,3382
158658,10808
158658,61558
158658,1372
158658,54290
158658,48298
158658,50272
158658,53160
158658,50968
158658,10652
158658,42132
158658,51316
158658,53406
158658,51974
158658,50720
158658,36722
158658,61028
158658,62944
158658,59394
158658,63510
158658,55632
158658,57414
158658,63360
158658,63218
158658,59396
158658,63186
158658,56696
158658,62170
158658,63136
158658,61540
158658,62376
158658,53046
158658,63538
158658,54864
158658,48980
158658,55798
158658,62614
158658,53394
158658,62618
158658,62378
158658,44644
158658,55638
158658,10790
158658,44664
158658,59776
158658,53048
158658,52620
158658,62276
158658,56484
158658,1206
158658,48694
158658,53258
158658,58504
153645,61364
153645,30500
153645,56714
153645,61348
153645,61542
153645,50270
153645,48574
153645,36720
153645,39186
153645,34092
153645,57804
153645,61280
153645,62074
153645,16358
153645,1304
153645,61028
153645,62944
153645,59394
153645,63510
153645,57414
153645,59396
153645,63186
153645,62170
153645,48980
153645,55798
153645,10790
153645,62276
153645,56484
153645,58504
203670,56714
203670,50270
203670,11262
203670,39186
203670,61280
203670,16358
203670,1304
203670,61560
203670,61028
203670,62944
203670,59394
203670,63510
203670,57414
203670,59396
203670,63186
203670,62170
203670,48980
203670,55798
203670,62618
203670,55638
203670,10790
203670,62276
203670,56484
203670,58504
206475,56714
206475,11262
206475,39186
206475,61280
206475,16358
206475,1372
206475,59816
206475,1304
206475,53160
206475,50968
206475,61028
206475,63510
206475,59396
206475,63186
206475,48980
206475,62618
206475,62400
206475,45912
206475,55638
206475,10790
222750,61364
222750,56714
222750,61348
222750,11262
222750,39186
222750,16358
222750,44302
222750,11490
222750,124
222750,52918
222750,33886
222750,50274
222750,3382
222750,10808
222750,61558
222750,1372
222750,54290
222750,48298
222750,50272
222750,37644
222750,53160
222750,50968
222750,35846
222750,10652
222750,42132
222750,33534
222750,50268
222750,51974
222750,50720
222750,61028
222750,62944
222750,59394
222750,63510
222750,55632
222750,57414
222750,63360
222750,63218
222750,59396
222750,62274
222750,63186
222750,56696
222750,44660
222750,62170
222750,63136
222750,61540
222750,53046
222750,63538
222750,54864
222750,48980
222750,55798
222750,62614
222750,53394
222750,62618
222750,62400
222750,62378
222750,53256
222750,45912
222750,44644
222750,57522
222750,55638
222750,10790
222750,44664
222750,59776
222750,52620
222750,62276
222750,62860
222750,1206
222750,48694
222750,53258
222750,58504
191229,61364
191229,30500
191229,56714
191229,61348
191229,61542
191229,50270
191229,11262
191229,35732
191229,61552
191229,50716
191229,36720
191229,39186
191229,34092
191229,57804
191229,61280
191229,62074
191229,16358
191229,54290
191229,53160
191229,61028
191229,62944
191229,59394
191229,59396
191229,63186
191229,48980
191229,55798
191229,10790
191229,62276
191229,56484
191229,58504
240912,56714
240912,50270
240912,39186
240912,16358
240912,11490
240912,33886
240912,3382
240912,10808
240912,1372
240912,54290
240912,48298
240912,50272
240912,1304
240912,53160
240912,42132
240912,51316
240912,53406
240912,51974
240912,50720
240912,61028
240912,63188
240912,62944
240912,59394
240912,63510
240912,57414
240912,63360
240912,63218
240912,59396
240912,63186
240912,62170
240912,63136
240912,61540
240912,53046
240912,63538
240912,54864
240912,48980
240912,55798
240912,53394
240912,62618
240912,62378
240912,44644
240912,57522
240912,55638
240912,10790
240912,44664
240912,59776
240912,53048
240912,62276
240912,56484
240912,1206
240912,58504
207156,61364
207156,30500
207156,56714
207156,61348
207156,61542
207156,50270
207156,35732
207156,48574
207156,36720
207156,39186
207156,34092
207156,57804
207156,16358
207156,10808
207156,1372
207156,59816
207156,1304
207156,53160
207156,50968
207156,61028
207156,62944
207156,63510
207156,59396
207156,63186
207156,48980
207156,62618
207156,62400
207156,45912
207156,55638
207156,10790
187395,61364
187395,56714
187395,61348
187395,11262
187395,39186
187395,16358
187395,11490
187395,33886
187395,50274
187395,61558
187395,1372
187395,54290
187395,48298
187395,50272
187395,50968
187395,61028
187395,62944
187395,59394
187395,63510
187395,59396
187395,63186
187395,53046
187395,63538
187395,54864
187395,48980
187395,55798
187395,62618
187395,62378
187395,55638
187395,10790
187395,53048
187395,62276
187395,58504
153348,61364
153348,61672
153348,61348
153348,61542
153348,50270
153348,11262
153348,35732
153348,36720
153348,39186
153348,34092
153348,16358
153348,11490
153348,1372
153348,54290
153348,50272
153348,53160
153348,50968
153348,50724
153348,61028
153348,62944
153348,59394
153348,63510
153348,59396
153348,63186
153348,48980
153348,62618
153348,62400
153348,62378
153348,55638
153348,10790
153348,53048
153348,62276
153348,44662
153348,56484
153348,58504
186882,61364
186882,61348
186882,11262
186882,39186
186882,16358
186882,11490
186882,33886
186882,1372
186882,54290
186882,50272
186882,53160
186882,50968
186882,61028
186882,62944
186882,59394
186882,63510
186882,59396
186882,63186
186882,53046
186882,63538
186882,48980
186882,55798
186882,62618
186882,55638
186882,10790
186882,62276
186882,58504
178068,61364
178068,61542
178068,50270
178068,36720
178068,39186
178068,16358
178068,11490
178068,1372
178068,54290
178068,50272
178068,53160
178068,50968
178068,61028
178068,53386
178068,62944
178068,59394
178068,63510
178068,59396
178068,63186
178068,53046
178068,63538
178068,48980
178068,62618
178068,62378
178068,55638
178068,10790
178068,53048
178068,62276
178068,56484
178068,58504
210897,61364
210897,61348
210897,61542
210897,50270
210897,35732
210897,36720
210897,39186
210897,16358
210897,1304
210897,61028
210897,62944
210897,59394
210897,63510
210897,57414
210897,59396
210897,63186
210897,62170
210897,48980
210897,55798
210897,10790
210897,62276
210897,56484
210897,58504
228753,56714
228753,50270
228753,36720
228753,39186
228753,61280
228753,16358
228753,11490
228753,60
228753,3382
228753,61558
228753,54290
228753,48298
228753,59816
228753,37644
228753,49888
228753,60978
228753,35846
228753,46632
228753,50268
228753,51974
228753,50720
228753,50724
228753,61560
228753,50970
228753,36722
228753,61028
228753,62944
228753,57414
228753,63360
228753,63218
228753,62274
228753,63220
228753,63186
228753,50718
228753,56696
228753,44660
228753,62170
228753,61540
228753,63538
228753,36762
228753,54864
228753,48980
228753,55798
228753,62614
228753,63540
228753,53256
228753,44644
228753,57522
228753,55638
228753,59776
228753,53048
228753,62276
228753,62860
228753,44662
228753,56484
228753,58504
65313,1370
65313,61672
65313,50270
65313,35732
65313,48574
65313,61552
65313,39186
65313,61280
65313,60522
65313,124
65313,52918
65313,33886
65313,3382
65313,10808
65313,61558
65313,48298
65313,50272
65313,37644
65313,49888
65313,53160
65313,50968
65313,46632
65313,10652
65313,42132
65313,51316
65313,53406
65313,50720
65313,61560
65313,50970
65313,36722
65313,53386
65313,63188
65313,63510
65313,32496
65313,55632
65313,63360
65313,62274
65313,44660
65313,62170
65313,63136
65313,62376
65313,53046
65313,36762
65313,55798
65313,62614
65313,53394
65313,62616
65313,62400
65313,53256
65313,57522
65313,55638
65313,59776
65313,53048
65313,62276
65313,62860
65313,56484
65313,1206
65313,58504
188100,61552
188100,39186
188100,60522
188100,62074
188100,52918
188100,10808
188100,61558
188100,50272
188100,49888
188100,53160
188100,50968
188100,10652
188100,53406
188100,53386
188100,63188
188100,59394
188100,63510
188100,32496
188100,63360
188100,62274
188100,62170
188100,36762
188100,55798
188100,62614
188100,62616
188100,62400
188100,53256
188100,44644
188100,55638
188100,59776
188100,62276
188100,62860
188100,58504
202638,61364
202638,1370
202638,30500
202638,56714
202638,61672
202638,61348
202638,61542
202638,50270
202638,54096
202638,11262
202638,35732
202638,48574
202638,61552
202638,36720
202638,39186
202638,34092
202638,57804
202638,60522
202638,62074
202638,124
202638,52918
202638,33886
202638,50274
202638,60
202638,3382
202638,10808
202638,61558
202638,48298
202638,59822
202638,50272
202638,37644
202638,49888
202638,53160
202638,50968
202638,35846
202638,46632
202638,10652
202638,42132
202638,51316
202638,50268
202638,53406
202638,50720
202638,50724
202638,44914
202638,61560
202638,50970
202638,36722
202638,53386
202638,63188
202638,62944
202638,59394
202638,63510
202638,32496
202638,55632
202638,57414
202638,63360
202638,63218
202638,59396
202638,62274
202638,63186
202638,56696
202638,63418
202638,44660
202638,62170
202638,63136
202638,61540
202638,62376
202638,53046
202638,63538
202638,36762
202638,54864
202638,55798
202638,62614
202638,53394
202638,62618
202638,62616
202638,62400
202638,63540
202638,53256
202638,44644
202638,57522
202638,55638
202638,59776
202638,53048
202638,52620
202638,50962
202638,62276
202638,62860
202638,44662
202638,56484
202638,1206
202638,48694
202638,53258
202638,58504
222225,34092
222225,60522
222225,50272
222225,53406
222225,59396
222225,44660
222225,62170
222225,53256
222225,44644
222225,44664
222225,62860
153315,1370
153315,61672
153315,61348
153315,50270
153315,54096
153315,11262
153315,35732
153315,48574
153315,61552
153315,39186
153315,60522
153315,124
153315,52918
153315,33886
153315,3382
153315,10808
153315,61558
153315,50272
153315,37644
153315,49888
153315,53160
153315,50968
153315,46632
153315,10652
153315,42132
153315,51316
153315,53406
153315,61560
153315,50970
153315,36722
153315,53386
153315,63188
153315,59394
153315,63510
153315,32496
153315,57414
153315,63360
153315,62274
153315,56696
153315,63418
153315,44660
153315,62170
153315,63136
153315,61540
153315,62376
153315,53046
153315,36762
153315,54864
153315,55798
153315,62614
153315,62616
153315,62400
153315,63540
153315,53256
153315,44644
153315,57522
153315,55638
153315,59776
153315,53048
153315,62276
153315,62860
153315,44662
153315,56484
153315,1206
153315,58504
179088,1370
179088,35732
179088,48574
179088,39186
179088,60522
179088,62074
179088,50272
179088,49888
179088,53160
179088,50968
179088,51316
179088,53406
179088,53386
179088,63188
179088,63510
179088,32496
179088,63360
179088,44660
179088,62170
179088,36762
179088,62616
179088,62400
179088,57522
179088,55638
179088,62276
179088,62860
179088,58504
210882,1370
210882,61672
210882,61348
210882,11262
210882,35732
210882,48574
210882,61552
210882,39186
210882,60522
210882,62074
210882,50272
210882,49888
210882,53160
210882,50968
210882,51316
210882,53406
210882,53386
210882,63188
210882,59394
210882,63510
210882,32496
210882,63360
210882,62274
210882,44660
210882,62170
210882,62376
210882,36762
210882,55798
210882,62616
210882,62400
210882,45912
210882,44644
210882,57522
210882,55638
210882,59776
210882,62276
210882,62860
210882,44662
210882,58504
153204,1370
153204,56714
153204,61672
153204,61348
153204,50270
153204,54096
153204,11262
153204,35732
153204,48574
153204,61552
153204,39186
153204,57804
153204,60522
153204,62074
153204,124
153204,52918
153204,33886
153204,50274
153204,60
153204,3382
153204,10808
153204,61558
153204,54290
153204,59822
153204,50272
153204,49888
153204,53160
153204,50968
153204,46632
153204,10652
153204,42132
153204,51316
153204,53406
153204,50724
153204,44914
153204,61560
153204,50970
153204,36722
153204,53386
153204,63188
153204,59394
153204,63510
153204,32496
153204,57414
153204,63360
153204,59396
153204,62274
153204,63186
153204,56696
153204,63418
153204,44660
153204,62170
153204,63136
153204,61540
153204,62376
153204,53046
153204,36762
153204,54864
153204,55798
153204,62614
153204,62616
153204,62400
153204,63540
153204,53256
153204,44644
153204,57522
153204,55638
153204,44664
153204,59776
153204,53048
153204,52620
153204,50962
153204,62276
153204,62860
153204,44662
153204,56484
153204,1206
153204,58504
174087,1370
174087,61348
174087,11262
174087,48574
174087,34092
174087,60522
174087,124
174087,52918
174087,48298
174087,50272
174087,37644
174087,49888
174087,53160
174087,46632
174087,10652
174087,51316
174087,53406
174087,61560
174087,63510
174087,32496
174087,63360
174087,62170
174087,53046
174087,36762
174087,54864
174087,55798
174087,62616
174087,53256
174087,57522
174087,55638
174087,59776
174087,62276
174087,62860
174087,1206
174087,58504
211236,1370
211236,61672
211236,50270
211236,54096
211236,35732
211236,48574
211236,61552
211236,39186
211236,34092
211236,60522
211236,52918
211236,33886
211236,3382
211236,10808
211236,61558
211236,50272
211236,37644
211236,49888
211236,53160
211236,50968
211236,46632
211236,10652
211236,42132
211236,51316
211236,53406
211236,61560
211236,50970
211236,36722
211236,53386
211236,63188
211236,59394
211236,63510
211236,32496
211236,57414
211236,63360
211236,62274
211236,56696
211236,63418
211236,44660
211236,62170
211236,63136
211236,61540
211236,62376
211236,36762
211236,55798
211236,62614
211236,62616
211236,62400
211236,63540
211236,53256
211236,44644
211236,57522
211236,55638
211236,59776
211236,53048
211236,62276
211236,62860
211236,44662
211236,56484
211236,58504
221151,1370
221151,35732
221151,48574
221151,39186
221151,34092
221151,60522
221151,62074
221151,50272
221151,49888
221151,53160
221151,50968
221151,51316
221151,53406
221151,63510
221151,63360
221151,59396
221151,62274
221151,44660
221151,62170
221151,62376
221151,36762
221151,48980
221151,55798
221151,62616
221151,62400
221151,44644
221151,44664
221151,62860
221151,58504
63690,1370
63690,61672
63690,61348
63690,54096
63690,11262
63690,48574
63690,61552
63690,39186
63690,60522
63690,62074
63690,52918
63690,10808
63690,61558
63690,59822
63690,50272
63690,49888
63690,53160
63690,50968
63690,46632
63690,42132
63690,51316
63690,53406
63690,50724
63690,50970
63690,36722
63690,53386
63690,63188
63690,59394
63690,63510
63690,63360
63690,62274
63690,56696
63690,62170
63690,63136
63690,61540
63690,36762
63690,54864
63690,55798
63690,62614
63690,62616
63690,62400
63690,53256
63690,44644
63690,55638
63690,62276
63690,62860
63690,44662
63690,58504
157311,1370
157311,48574
157311,34092
157311,50272
157311,37644
157311,49888
157311,53160
157311,50968
157311,51316
157311,53406
157311,63510
157311,32496
157311,63360
157311,62274
157311,44660
157311,62170
157311,36762
157311,55798
157311,62616
157311,62400
157311,53256
157311,44644
157311,55638
157311,62276
157311,62860
157311,58504
153600,1370
153600,61672
153600,61348
153600,11262
153600,35732
153600,48574
153600,61552
153600,39186
153600,60522
153600,62074
153600,50272
153600,49888
153600,53160
153600,50968
153600,51316
153600,53406
153600,61028
153600,53386
153600,63188
153600,59394
153600,63510
153600,32496
153600,63360
153600,62274
153600,44660
153600,62170
153600,62376
153600,36762
153600,55798
153600,62616
153600,62400
153600,45912
153600,44644
153600,57522
153600,55638
153600,59776
153600,62276
153600,62860
153600,44662
153600,58504
215517,1370
215517,48574
215517,50272
215517,1304
215517,49888
215517,53160
215517,50968
215517,51316
215517,53406
215517,63510
215517,32496
215517,63360
215517,44660
215517,62170
215517,36762
215517,55798
215517,62616
215517,53256
215517,44644
215517,55638
215517,44664
215517,62860
215517,58504
204243,48574
204243,60522
204243,50272
204243,49888
204243,53160
204243,50968
204243,51316
204243,53406
204243,63510
204243,32496
204243,62170
204243,36762
204243,62616
204243,53256
204243,55638
204243,62860
204243,58504
165915,1370
165915,35732
165915,48574
165915,39186
165915,60522
165915,62074
165915,50272
165915,49888
165915,53160
165915,50968
165915,51316
165915,53406
165915,63510
165915,32496
165915,63360
165915,62274
165915,44660
165915,62170
165915,62376
165915,36762
165915,55798
165915,62616
165915,62400
165915,44644
165915,55638
165915,62276
165915,62860
165915,44662
165915,58504
205905,1370
205905,48574
205905,62074
205905,50272
205905,49888
205905,53160
205905,50968
205905,51316
205905,53406
205905,63510
205905,32496
205905,63360
205905,62274
205905,44660
205905,62170
205905,36762
205905,55798
205905,62616
205905,62400
205905,53256
205905,44644
205905,55638
205905,62276
205905,62860
205905,58504
153885,1370
153885,61542
153885,50270
153885,35732
153885,48574
153885,39186
153885,57804
153885,61280
153885,60522
153885,62074
153885,1372
153885,50272
153885,49888
153885,50968
153885,51316
153885,33534
153885,53406
153885,61560
153885,63510
153885,63360
153885,59396
153885,62274
153885,44660
153885,62376
153885,36762
153885,48980
153885,62616
153885,62400
153885,44644
153885,10790
153885,62860
153885,58504
62811,61364
62811,1370
62811,30500
62811,56714
62811,61672
62811,61348
62811,61542
62811,50270
62811,54096
62811,11262
62811,35732
62811,48574
62811,61552
62811,50716
62811,36720
62811,39186
62811,34092
62811,57804
62811,61280
62811,60522
62811,62074
62811,16358
62811,44302
62811,11490
62811,124
62811,52918
62811,33886
62811,50274
62811,60
62811,3382
62811,10808
62811,61558
62811,1372
62811,54290
62811,59822
62811,50272
62811,1304
62811,37644
62811,49888
62811,53160
62811,50968
62811,35846
62811,46632
62811,10652
62811,42132
62811,51316
62811,33534
62811,50268
62811,53406
62811,51974
62811,50720
62811,50724
62811,44914
62811,61560
62811,50970
62811,36722
62811,61028
62811,53386
62811,63188
62811,62944
62811,59394
62811,63510
62811,32496
62811,55632
62811,57414
62811,63360
62811,63218
62811,59396
62811,62274
62811,63220
62811,63186
62811,50718
62811,56696
62811,63418
62811,44660
62811,62170
62811,63136
62811,61540
62811,62376
62811,53046
62811,63538
62811,36762
62811,54864
62811,48980
62811,55798
62811,62614
62811,53394
62811,62618
62811,62616
62811,62400
62811,62378
62811,63540
62811,53256
62811,45912
62811,44644
62811,57522
62811,55638
62811,10790
62811,44664
62811,59776
62811,53048
62811,52620
62811,50962
62811,62276
62811,62860
62811,44662
62811,56484
62811,1206
62811,48694
62811,53258
62811,58504
181203,61364
181203,1370
181203,30500
181203,56714
181203,61672
181203,61348
181203,50270
181203,54096
181203,11262
181203,35732
181203,48574
181203,61552
181203,39186
181203,57804
181203,60522
181203,62074
181203,44302
181203,124
181203,52918
181203,33886
181203,50274
181203,60
181203,10808
181203,61558
181203,54290
181203,59822
181203,50272
181203,1304
181203,49888
181203,53160
181203,50968
181203,35846
181203,46632
181203,10652
181203,42132
181203,51316
181203,53406
181203,50720
181203,50724
181203,44914
181203,61560
181203,50970
181203,36722
181203,53386
181203,63188
181203,59394
181203,63510
181203,32496
181203,55632
181203,57414
181203,63360
181203,59396
181203,62274
181203,63186
181203,56696
181203,63418
181203,44660
181203,62170
181203,63136
181203,61540
181203,62376
181203,53046
181203,36762
181203,54864
181203,55798
181203,62614
181203,53394
181203,62618
181203,62616
181203,62400
181203,63540
181203,53256
181203,45912
181203,44644
181203,57522
181203,55638
181203,44664
181203,59776
181203,53048
181203,52620
181203,50962
181203,62276
181203,62860
181203,44662
181203,56484
181203,1206
181203,53258
181203,58504
191316,48574
191316,61552
191316,36720
191316,39186
191316,57804
191316,60522
191316,33886
191316,50274
191316,3382
191316,10808
191316,61558
191316,48298
191316,59822
191316,50272
191316,37644
191316,49888
191316,53160
191316,50968
191316,46632
191316,10652
191316,42132
191316,51316
191316,53406
191316,50724
191316,50970
191316,36722
191316,53386
191316,63188
191316,63510
191316,32496
191316,55632
191316,63360
191316,63220
191316,62170
191316,62376
191316,36762
191316,55798
191316,62614
191316,62616
191316,62400
191316,53256
191316,55638
191316,59776
191316,53048
191316,52620
191316,62860
191316,58504
223389,61280
223389,60522
223389,1372
223389,50272
223389,1304
223389,51316
223389,53406
223389,63418
223389,44644
223389,44664
223389,62860
223389,44662
178257,54096
178257,35732
178257,50716
178257,34092
178257,60522
178257,62074
178257,50272
178257,49888
178257,50968
178257,51316
178257,53406
178257,63510
178257,63360
178257,59396
178257,50718
178257,44660
178257,62170
178257,48980
178257,62400
178257,53256
178257,44644
178257,44664
178257,62860
178257,58504
216564,34092
216564,60522
216564,50272
216564,53406
216564,44660
216564,62170
216564,55798
216564,44644
216564,44664
216564,62860
216564,58504
56871,61364
56871,1370
56871,30500
56871,56714
56871,61672
56871,61542
56871,50270
56871,54096
56871,11262
56871,35732
56871,50716
56871,39186
56871,57804
56871,61280
56871,16358
56871,44302
56871,11490
56871,124
56871,52918
56871,60
56871,10808
56871,61558
56871,1372
56871,48298
56871,59816
56871,59822
56871,50272
56871,37644
56871,49888
56871,53160
56871,60978
56871,46632
56871,10652
56871,42132
56871,51316
56871,33534
56871,50268
56871,53406
56871,51974
56871,50720
56871,50724
56871,44914
56871,61560
56871,36722
56871,61028
56871,53386
56871,63188
56871,62944
56871,59394
56871,63510
56871,32496
56871,55632
56871,57414
56871,63360
56871,63218
56871,59396
56871,63220
56871,63186
56871,50718
56871,56696
56871,63418
56871,44660
56871,63136
56871,61540
56871,62376
56871,53046
56871,36762
56871,55798
56871,53394
56871,62616
56871,62400
56871,63540
56871,45912
56871,44644
56871,57522
56871,55638
56871,10790
56871,59776
56871,53048
56871,50962
56871,44662
56871,56484
56871,1206
56871,53258
56871,58504
206076,61364
206076,30500
206076,56714
206076,61672
206076,61348
206076,61542
206076,11262
206076,48574
206076,50716
206076,36720
206076,39186
206076,34092
206076,61280
206076,60522
206076,16358
206076,44302
206076,11490
206076,124
206076,52918
206076,33886
206076,60
206076,3382
206076,61558
206076,54290
206076,48298
206076,59816
206076,59822
206076,50272
206076,1304
206076,37644
206076,49888
206076,50968
206076,60978
206076,46632
206076,10652
206076,42132
206076,51316
206076,33534
206076,50268
206076,51974
206076,50720
206076,44914
206076,61560
206076,50970
206076,61028
206076,53386
206076,63188
206076,62944
206076,59394
206076,63510
206076,32496
206076,55632
206076,57414
206076,63360
206076,59396
206076,62274
206076,63186
206076,63538
206076,62614
206076,56484
206076,53258
206076,58504
207465,61364
207465,61542
207465,11262
207465,44302
207465,11490
207465,33886
207465,59816
207465,59822
207465,50968
207465,46632
207465,33534
207465,50720
207465,44914
207465,50970
207465,61028
207465,32496
207465,62274
207465,63186
207465,63418
207465,44660
207465,62376
207465,53046
207465,63538
207465,36762
207465,55798
207465,62616
207465,62400
207465,56484
207465,53258
207465,58504
246720,61364
246720,61542
246720,11262
246720,61280
246720,60522
246720,16358
246720,44302
246720,11490
246720,33886
246720,3382
246720,59816
246720,59822
246720,37644
246720,50968
246720,33534
246720,50268
246720,50724
246720,44914
246720,61560
246720,50970
246720,53386
246720,63510
246720,32496
246720,55632
246720,62274
246720,63186
246720,63418
246720,44660
246720,62376
246720,53046
246720,63538
246720,36762
246720,55798
246720,62614
246720,62616
246720,62400
246720,56484
246720,53258
246720,58504
187839,61364
187839,61542
187839,11262
187839,61280
187839,60522
187839,16358
187839,44302
187839,11490
187839,33886
187839,3382
187839,59816
187839,59822
187839,37644
187839,50968
187839,33534
187839,50268
187839,50724
187839,44914
187839,61560
187839,50970
187839,53386
187839,63510
187839,32496
187839,55632
187839,62274
187839,63186
187839,63418
187839,44660
187839,62376
187839,53046
187839,63538
187839,36762
187839,55798
187839,62616
187839,62400
187839,56484
187839,53258
187839,58504
183645,61364
183645,61542
183645,11262
183645,61280
183645,60522
183645,16358
183645,44302
183645,11490
183645,33886
183645,3382
183645,59816
183645,59822
183645,37644
183645,50968
183645,46632
183645,33534
183645,50268
183645,50724
183645,44914
183645,61560
183645,50970
183645,53386
183645,63510
183645,32496
183645,55632
183645,62274
183645,63186
183645,63418
183645,53046
183645,55798
183645,62400
183645,56484
183645,1206
183645,53258
183645,58504
210051,61364
210051,61542
210051,11262
210051,61280
210051,60522
210051,44302
210051,11490
210051,33886
210051,3382
210051,59816
210051,59822
210051,37644
210051,50968
210051,46632
210051,33534
210051,50268
210051,44914
210051,61560
210051,50970
210051,61028
210051,53386
210051,63510
210051,32496
210051,62274
210051,63538
210051,48980
210051,53394
210051,62616
210051,57522
210051,44664
210051,59776
210051,53048
210051,62276
210051,56484
241350,61364
241350,61348
241350,61542
241350,11262
241350,61552
241350,61280
241350,60522
241350,44302
241350,11490
241350,124
241350,3382
241350,10808
241350,59822
241350,50968
241350,46632
241350,33534
241350,50970
241350,53386
241350,62944
241350,32496
241350,62274
241350,63186
241350,63418
241350,53046
241350,63538
241350,55798
241350,62616
241350,62400
241350,56484
241350,53258
241350,58504
220218,61364
220218,61542
220218,11262
220218,61280
220218,60522
220218,44302
220218,11490
220218,33886
220218,3382
220218,59816
220218,59822
220218,37644
220218,50968
220218,46632
220218,33534
220218,50268
220218,44914
220218,61560
220218,50970
220218,53386
220218,63510
220218,32496
220218,62274
220218,63220
220218,63186
220218,63418
220218,44660
220218,63136
220218,62376
220218,53046
220218,63538
220218,36762
220218,55798
220218,62616
220218,45912
220218,44644
220218,57522
220218,44664
220218,59776
220218,53048
220218,62276
220218,56484
220218,48694
220218,53258
220218,58504
210633,61364
210633,56714
210633,61672
210633,61348
210633,61542
210633,11262
210633,48574
210633,36720
210633,39186
210633,34092
210633,61280
210633,60522
210633,62074
210633,44302
210633,11490
210633,124
210633,33886
210633,3382
210633,59816
210633,59822
210633,50272
210633,37644
210633,49888
210633,50968
210633,60978
210633,46632
210633,10652
210633,42132
210633,33534
210633,50268
210633,50720
210633,61560
210633,50970
210633,53386
210633,63188
210633,59394
210633,63510
210633,32496
210633,57414
210633,63360
210633,62274
210633,53046
210633,63538
210633,55798
210633,62616
210633,62400
210633,56484
210633,53258
210633,58504
67740,61542
67740,11262
67740,44302
67740,11490
67740,3382
67740,59822
67740,50968
67740,33534
67740,50268
67740,44914
67740,50970
67740,32496
67740,62274
67740,63220
67740,63186
67740,50718
67740,56696
67740,63418
67740,44660
67740,62170
67740,63136
67740,61540
67740,62376
67740,53046
67740,63538
67740,36762
67740,54864
67740,48980
67740,55798
67740,62614
67740,53394
67740,62616
67740,62400
67740,62378
67740,63540
67740,53256
67740,45912
67740,44644
67740,57522
67740,55638
67740,10790
67740,44664
67740,59776
67740,53048
67740,52620
67740,50962
67740,62276
67740,44662
67740,56484
67740,1206
67740,48694
67740,53258
67740,58504
207582,61364
207582,30500
207582,56714
207582,61672
207582,61348
207582,61542
207582,54096
207582,11262
207582,35732
207582,48574
207582,61552
207582,50716
207582,36720
207582,39186
207582,34092
207582,57804
207582,61280
207582,60522
207582,16358
207582,44302
207582,11490
207582,124
207582,52918
207582,33886
207582,50274
207582,60
207582,3382
207582,10808
207582,61558
207582,1372
207582,54290
207582,48298
207582,59816
207582,50272
207582,1304
207582,37644
207582,49888
207582,53160
207582,50968
207582,60978
207582,35846
207582,46632
207582,10652
207582,42132
207582,51316
207582,33534
207582,50268
207582,51974
207582,50720
207582,50724
207582,44914
207582,61560
207582,50970
207582,36722
207582,61028
207582,53386
207582,63188
207582,62944
207582,59394
207582,63510
207582,32496
207582,55632
207582,57414
207582,63360
207582,63218
207582,59396
207582,62274
207582,63186
207582,63418
207582,44660
207582,63136
207582,61540
207582,62376
207582,53046
207582,63538
207582,36762
207582,55798
207582,62616
207582,62400
207582,45912
207582,44644
207582,57522
207582,44664
207582,59776
207582,53048
207582,44662
207582,56484
207582,48694
207582,53258
207582,58504
244173,61364
244173,56714
244173,61672
244173,61348
244173,61542
244173,11262
244173,36720
244173,39186
244173,34092
244173,61280
244173,60522
244173,16358
244173,44302
244173,11490
244173,52918
244173,33886
244173,60
244173,3382
244173,54290
244173,48298
244173,59816
244173,59822
244173,50272
244173,1304
244173,37644
244173,49888
244173,50968
244173,60978
244173,46632
244173,10652
244173,33534
244173,50268
244173,51974
244173,50720
244173,44914
244173,61560
244173,50970
244173,53386
244173,63188
244173,62944
244173,63510
244173,32496
244173,55632
244173,57414
244173,63360
244173,62274
244173,53046
244173,63538
244173,62400
244173,56484
244173,1206
244173,53258
244173,58504
64893,61364
64893,61542
64893,11262
64893,44302
64893,11490
64893,33886
64893,3382
64893,59816
64893,59822
64893,37644
64893,50968
64893,46632
64893,33534
64893,50268
64893,50720
64893,44914
64893,50970
64893,63510
64893,32496
64893,55632
64893,62274
64893,62614
64893,62276
64893,56484
64893,53258
64893,58504
238878,61364
238878,56714
238878,61542
238878,11262
238878,36720
238878,44302
238878,11490
238878,33886
238878,59816
238878,59822
238878,50968
238878,46632
238878,33534
238878,50720
238878,61028
238878,32496
238878,63360
238878,62274
238878,63538
238878,62616
238878,56484
238878,53258
238878,58504
155043,61364
155043,61542
155043,11262
155043,44302
155043,11490
155043,59822
155043,50968
155043,46632
155043,33534
155043,50720
155043,50970
155043,32496
155043,62274
155043,63186
155043,63418
155043,61540
155043,63538
155043,36762
155043,55798
155043,62616
155043,44644
155043,44664
155043,59776
155043,53048
155043,56484
155043,53258
155043,58504
161058,61364
161058,56714
161058,61672
161058,61348
161058,61542
161058,11262
161058,39186
161058,34092
161058,61280
161058,60522
161058,16358
161058,44302
161058,11490
161058,52918
161058,33886
161058,3382
161058,54290
161058,48298
161058,59822
161058,50272
161058,1304
161058,37644
161058,50968
161058,46632
161058,10652
161058,33534
161058,50268
161058,51974
161058,50720
161058,44914
161058,50970
161058,53386
161058,63510
161058,32496
161058,55632
161058,62274
161058,63220
161058,63186
161058,50718
161058,56696
161058,63418
161058,44660
161058,63136
161058,61540
161058,62376
161058,53046
161058,63538
161058,36762
161058,55798
161058,53394
161058,62616
161058,62400
161058,63540
161058,45912
161058,44644
161058,57522
161058,55638
161058,10790
161058,59776
161058,53048
161058,50962
161058,44662
161058,56484
161058,1206
161058,53258
161058,58504
235335,61364
235335,30500
235335,56714
235335,61672
235335,61348
235335,61542
235335,11262
235335,48574
235335,61552
235335,50716
235335,36720
235335,39186
235335,34092
235335,61280
235335,60522
235335,16358
235335,44302
235335,11490
235335,124
235335,52918
235335,33886
235335,60
235335,3382
235335,61558
235335,54290
235335,48298
235335,59816
235335,59822
235335,50272
235335,1304
235335,37644
235335,49888
235335,50968
235335,60978
235335,46632
235335,10652
235335,42132
235335,51316
235335,33534
235335,50268
235335,51974
235335,50720
235335,44914
235335,61560
235335,50970
235335,61028
235335,53386
235335,63188
235335,62944
235335,59394
235335,63510
235335,32496
235335,55632
235335,57414
235335,63360
235335,59396
235335,62274
235335,63220
235335,63186
235335,50718
235335,56696
235335,63418
235335,44660
235335,63136
235335,61540
235335,62376
235335,53046
235335,36762
235335,55798
235335,53394
235335,62616
235335,62400
235335,63540
235335,45912
235335,44644
235335,57522
235335,55638
235335,10790
235335,59776
235335,53048
235335,44662
235335,56484
235335,1206
235335,53258
235335,58504
209880,61364
209880,30500
209880,56714
209880,61672
209880,61348
209880,61542
209880,11262
209880,48574
209880,61552
209880,50716
209880,36720
209880,39186
209880,34092
209880,61280
209880,60522
209880,16358
209880,44302
209880,11490
209880,124
209880,52918
209880,33886
209880,60
209880,3382
209880,61558
209880,54290
209880,48298
209880,59816
209880,59822
209880,50272
209880,1304
209880,37644
209880,49888
209880,50968
209880,46632
209880,10652
209880,42132
209880,51316
209880,33534
209880,50268
209880,51974
209880,50720
209880,44914
209880,61560
209880,50970
209880,53386
209880,63188
209880,62944
209880,59394
209880,63510
209880,32496
209880,55632
209880,57414
209880,63360
209880,59396
209880,62274
209880,63220
209880,63186
209880,50718
209880,56696
209880,63418
209880,44660
209880,63136
209880,61540
209880,62376
209880,53046
209880,63538
209880,36762
209880,55798
209880,53394
209880,62616
209880,62400
209880,63540
209880,45912
209880,44644
209880,57522
209880,55638
209880,10790
209880,44664
209880,59776
209880,53048
209880,50962
209880,44662
209880,56484
209880,1206
209880,53258
209880,58504
205812,61364
205812,30500
205812,56714
205812,61672
205812,61348
205812,61542
205812,11262
205812,48574
205812,61552
205812,50716
205812,36720
205812,39186
205812,34092
205812,61280
205812,60522
205812,16358
205812,44302
205812,11490
205812,124
205812,52918
205812,33886
205812,60
205812,3382
205812,61558
205812,54290
205812,48298
205812,59816
205812,59822
205812,50272
205812,1304
205812,37644
205812,49888
205812,50968
205812,60978
205812,46632
205812,10652
205812,42132
205812,51316
205812,33534
205812,50268
205812,51974
205812,50720
205812,50724
205812,44914
205812,61560
205812,50970
205812,61028
205812,53386
205812,63188
205812,62944
205812,59394
205812,63510
205812,32496
205812,55632
205812,57414
205812,63360
205812,63218
205812,59396
205812,62274
205812,63220
205812,63186
205812,50718
205812,56696
205812,63418
205812,44660
205812,63136
205812,61540
205812,62376
205812,53046
205812,63538
205812,36762
205812,55798
205812,53394
205812,62616
205812,62400
205812,63540
205812,45912
205812,44644
205812,57522
205812,55638
205812,10790
205812,44664
205812,59776
205812,53048
205812,50962
205812,44662
205812,56484
205812,1206
205812,53258
205812,58504
65637,61364
65637,30500
65637,56714
65637,61672
65637,61348
65637,61542
65637,11262
65637,48574
65637,50716
65637,36720
65637,39186
65637,34092
65637,57804
65637,61280
65637,60522
65637,16358
65637,44302
65637,11490
65637,124
65637,52918
65637,33886
65637,60
65637,3382
65637,61558
65637,54290
65637,48298
65637,59816
65637,59822
65637,50272
65637,1304
65637,37644
65637,49888
65637,50968
65637,60978
65637,46632
65637,10652
65637,42132
65637,51316
65637,33534
65637,50268
65637,51974
65637,50720
65637,50724
65637,44914
65637,61560
65637,50970
65637,61028
65637,53386
65637,63188
65637,62944
65637,59394
65637,63510
65637,32496
65637,55632
65637,57414
65637,63360
65637,63218
65637,59396
65637,62274
65637,53046
65637,63538
65637,55798
65637,62616
65637,62400
65637,56484
65637,53258
65637,58504
186951,61364
186951,61542
186951,11262
186951,44302
186951,33886
186951,3382
186951,59816
186951,59822
186951,37644
186951,50968
186951,46632
186951,33534
186951,50268
186951,44914
186951,50970
186951,63510
186951,32496
186951,62274
186951,53046
186951,63538
186951,62616
186951,62400
186951,56484
186951,53258
186951,58504
172590,61364
172590,61542
172590,11262
172590,44302
172590,33886
172590,3382
172590,59816
172590,59822
172590,50968
172590,46632
172590,33534
172590,50268
172590,44914
172590,50970
172590,63510
172590,32496
172590,62274
172590,62614
172590,56484
172590,53258
172590,58504
65049,61364
65049,56714
65049,61542
65049,11262
65049,44302
65049,11490
65049,33886
65049,59816
65049,59822
65049,50968
65049,46632
65049,33534
65049,50720
65049,61028
65049,32496
65049,62274
65049,63186
65049,63418
65049,53046
65049,63538
65049,55798
65049,62614
65049,62616
65049,62400
65049,56484
65049,53258
65049,58504
156339,61364
156339,61542
156339,11262
156339,61280
156339,60522
156339,44302
156339,11490
156339,33886
156339,3382
156339,59816
156339,59822
156339,37644
156339,50968
156339,46632
156339,33534
156339,50268
156339,44914
156339,61560
156339,50970
156339,53386
156339,63510
156339,32496
156339,62274
156339,63220
156339,63186
156339,50718
156339,56696
156339,63418
156339,44660
156339,63136
156339,61540
156339,62376
156339,53046
156339,63538
156339,36762
156339,48980
156339,55798
156339,62614
156339,53394
156339,62616
156339,62400
156339,63540
156339,45912
156339,44644
156339,57522
156339,55638
156339,10790
156339,44664
156339,59776
156339,53048
156339,62276
156339,44662
156339,56484
156339,1206
156339,53258
156339,58504
153999,61364
153999,30500
153999,56714
153999,61672
153999,61348
153999,61542
153999,11262
153999,35732
153999,48574
153999,61552
153999,50716
153999,36720
153999,39186
153999,34092
153999,61280
153999,60522
153999,16358
153999,44302
153999,11490
153999,124
153999,52918
153999,33886
153999,50274
153999,60
153999,3382
153999,10808
153999,61558
153999,54290
153999,48298
153999,59816
153999,59822
153999,50272
153999,1304
153999,37644
153999,49888
153999,50968
153999,60978
153999,46632
153999,10652
153999,42132
153999,51316
153999,33534
153999,50268
153999,53406
153999,51974
153999,50720
153999,50724
153999,44914
153999,61560
153999,50970
153999,53386
153999,63188
153999,62944
153999,59394
153999,63510
153999,32496
153999,55632
153999,57414
153999,63360
153999,63218
153999,59396
153999,62274
153999,63186
153999,63418
153999,44660
153999,62376
153999,53046
153999,63538
153999,36762
153999,55798
153999,62616
153999,62400
153999,56484
153999,1206
153999,53258
153999,58504
237840,61364
237840,61542
237840,11262
237840,61280
237840,60522
237840,16358
237840,44302
237840,11490
237840,33886
237840,3382
237840,59816
237840,59822
237840,37644
237840,50968
237840,46632
237840,33534
237840,50268
237840,50724
237840,44914
237840,61560
237840,50970
237840,53386
237840,63510
237840,32496
237840,55632
237840,62274
237840,62616
237840,62276
237840,56484
183366,61364
183366,11262
183366,44302
183366,33886
183366,59822
183366,50968
183366,33534
183366,50268
183366,50970
183366,32496
183366,62274
183366,63220
183366,63186
183366,50718
183366,56696
183366,63418
183366,44660
183366,63136
183366,61540
183366,62376
183366,53046
183366,63538
183366,36762
183366,55798
183366,53394
183366,62616
183366,62400
183366,63540
183366,45912
183366,44644
183366,57522
183366,55638
183366,10790
183366,59776
183366,53048
183366,50962
183366,44662
183366,56484
183366,1206
183366,53258
183366,58504
65058,61364
65058,30500
65058,56714
65058,61672
65058,61348
65058,61542
65058,11262
65058,48574
65058,50716
65058,36720
65058,39186
65058,34092
65058,61280
65058,60522
65058,16358
65058,44302
65058,11490
65058,124
65058,52918
65058,33886
65058,60
65058,3382
65058,61558
65058,54290
65058,48298
65058,59816
65058,59822
65058,50272
65058,1304
65058,37644
65058,49888
65058,50968
65058,60978
65058,46632
65058,10652
65058,42132
65058,51316
65058,33534
65058,50268
65058,51974
65058,50720
65058,44914
65058,61560
65058,50970
65058,61028
65058,53386
65058,63188
65058,62944
65058,59394
65058,63510
65058,32496
65058,55632
65058,57414
65058,63360
65058,59396
65058,62274
65058,63220
65058,63186
65058,50718
65058,56696
65058,63418
65058,44660
65058,63136
65058,61540
65058,62376
65058,53046
65058,63538
65058,36762
65058,55798
65058,53394
65058,62616
65058,62400
65058,63540
65058,45912
65058,44644
65058,57522
65058,55638
65058,10790
65058,59776
65058,53048
65058,44662
65058,56484
65058,1206
65058,53258
65058,58504
240918,61364
240918,30500
240918,56714
240918,61672
240918,61348
240918,61542
240918,11262
240918,48574
240918,50716
240918,36720
240918,39186
240918,34092
240918,61280
240918,60522
240918,16358
240918,44302
240918,11490
240918,124
240918,52918
240918,33886
240918,60
240918,3382
240918,61558
240918,54290
240918,48298
240918,59816
240918,59822
240918,50272
240918,1304
240918,37644
240918,49888
240918,50968
240918,60978
240918,46632
240918,10652
240918,42132
240918,51316
240918,33534
240918,50268
240918,51974
240918,50720
240918,50724
240918,44914
240918,61560
240918,50970
240918,61028
240918,53386
240918,63188
240918,62944
240918,59394
240918,63510
240918,32496
240918,55632
240918,57414
240918,63360
240918,59396
240918,62274
240918,63220
240918,63186
240918,50718
240918,56696
240918,63418
240918,44660
240918,63136
240918,61540
240918,62376
240918,53046
240918,63538
240918,36762
240918,55798
240918,53394
240918,62616
240918,62400
240918,63540
240918,45912
240918,44644
240918,57522
240918,55638
240918,10790
240918,59776
240918,53048
240918,50962
240918,44662
240918,56484
240918,1206
240918,53258
240918,58504
179436,61364
179436,30500
179436,56714
179436,61672
179436,61348
179436,61542
179436,11262
179436,48574
179436,61552
179436,50716
179436,36720
179436,39186
179436,34092
179436,61280
179436,60522
179436,16358
179436,44302
179436,11490
179436,124
179436,52918
179436,33886
179436,60
179436,3382
179436,61558
179436,54290
179436,48298
179436,59816
179436,59822
179436,50272
179436,1304
179436,37644
179436,49888
179436,50968
179436,60978
179436,46632
179436,10652
179436,42132
179436,51316
179436,33534
179436,50268
179436,51974
179436,50720
179436,50724
179436,44914
179436,61560
179436,50970
179436,61028
179436,53386
179436,63188
179436,62944
179436,59394
179436,63510
179436,32496
179436,55632
179436,57414
179436,63360
179436,59396
179436,62274
179436,63220
179436,63186
179436,50718
179436,56696
179436,63418
179436,44660
179436,63136
179436,61540
179436,62376
179436,53046
179436,36762
179436,55798
179436,53394
179436,62616
179436,62400
179436,63540
179436,45912
179436,44644
179436,57522
179436,55638
179436,10790
179436,59776
179436,53048
179436,50962
179436,44662
179436,56484
179436,1206
179436,53258
179436,58504
196302,61364
196302,30500
196302,56714
196302,61672
196302,61348
196302,61542
196302,11262
196302,48574
196302,61552
196302,50716
196302,36720
196302,39186
196302,34092
196302,61280
196302,60522
196302,16358
196302,44302
196302,11490
196302,124
196302,52918
196302,33886
196302,60
196302,3382
196302,61558
196302,54290
196302,48298
196302,59816
196302,59822
196302,50272
196302,1304
196302,37644
196302,49888
196302,50968
196302,60978
196302,46632
196302,10652
196302,42132
196302,51316
196302,33534
196302,50268
196302,51974
196302,50720
196302,44914
196302,61560
196302,50970
196302,61028
196302,53386
196302,63188
196302,62944
196302,59394
196302,63510
196302,32496
196302,55632
196302,57414
196302,63360
196302,59396
196302,62274
196302,53046
196302,63538
196302,62616
196302,62400
196302,56484
196302,53258
196302,58504
200964,61364
200964,61542
200964,11262
200964,44302
200964,11490
200964,33886
200964,3382
200964,59816
200964,59822
200964,37644
200964,50968
200964,46632
200964,33534
200964,50268
200964,50720
200964,44914
200964,50970
200964,63510
200964,32496
200964,55632
200964,62274
200964,63220
200964,63186
200964,50718
200964,56696
200964,63418
200964,44660
200964,63136
200964,61540
200964,62376
200964,53046
200964,63538
200964,36762
200964,55798
200964,53394
200964,62616
200964,62400
200964,63540
200964,45912
200964,44644
200964,57522
200964,55638
200964,10790
200964,44664
200964,59776
200964,53048
200964,44662
200964,56484
200964,1206
200964,53258
200964,58504
210615,61364
210615,30500
210615,56714
210615,61672
210615,61348
210615,61542
210615,11262
210615,48574
210615,50716
210615,36720
210615,39186
210615,34092
210615,57804
210615,61280
210615,60522
210615,16358
210615,44302
210615,11490
210615,124
210615,52918
210615,33886
210615,60
210615,3382
210615,61558
210615,54290
210615,48298
210615,59816
210615,59822
210615,50272
210615,1304
210615,37644
210615,49888
210615,50968
210615,60978
210615,46632
210615,10652
210615,42132
210615,51316
210615,33534
210615,50268
210615,51974
210615,50720
210615,50724
210615,44914
210615,61560
210615,50970
210615,61028
210615,53386
210615,63188
210615,62944
210615,59394
210615,63510
210615,32496
210615,55632
210615,57414
210615,63360
210615,63218
210615,59396
210615,62274
210615,63186
210615,56696
210615,63418
210615,44660
210615,63136
210615,61540
210615,62376
210615,53046
210615,63538
210615,36762
210615,55798
210615,62616
210615,62400
210615,44644
210615,57522
210615,44664
210615,59776
210615,53048
210615,50962
210615,44662
210615,56484
210615,48694
210615,53258
210615,58504
64353,61364
64353,56714
64353,61672
64353,61348
64353,61542
64353,11262
64353,61552
64353,50716
64353,36720
64353,39186
64353,34092
64353,61280
64353,60522
64353,16358
64353,44302
64353,11490
64353,52918
64353,33886
64353,60
64353,3382
64353,61558
64353,54290
64353,48298
64353,59816
64353,59822
64353,50272
64353,1304
64353,37644
64353,50968
64353,60978
64353,46632
64353,10652
64353,33534
64353,50268
64353,51974
64353,50720
64353,44914
64353,61560
64353,50970
64353,53386
64353,63188
64353,62944
64353,63510
64353,32496
64353,55632
64353,57414
64353,62274
64353,63186
64353,63418
64353,61540
64353,63538
64353,36762
64353,55798
64353,62616
64353,44644
64353,44664
64353,59776
64353,53048
64353,56484
64353,53258
64353,58504
203064,61364
203064,56714
203064,61672
203064,61348
203064,61542
203064,11262
203064,39186
203064,34092
203064,61280
203064,60522
203064,16358
203064,44302
203064,11490
203064,52918
203064,33886
203064,3382
203064,54290
203064,48298
203064,59822
203064,50272
203064,1304
203064,37644
203064,50968
203064,46632
203064,10652
203064,33534
203064,50268
203064,51974
203064,50720
203064,44914
203064,50970
203064,53386
203064,63510
203064,32496
203064,55632
203064,62274
203064,63220
203064,63186
203064,50718
203064,56696
203064,63418
203064,44660
203064,63136
203064,61540
203064,62376
203064,53046
203064,63538
203064,36762
203064,55798
203064,53394
203064,62616
203064,62400
203064,63540
203064,45912
203064,44644
203064,57522
203064,55638
203064,10790
203064,59776
203064,53048
203064,50962
203064,44662
203064,56484
203064,1206
203064,53258
203064,58504
224787,61364
224787,30500
224787,56714
224787,61672
224787,61348
224787,61542
224787,50270
224787,11262
224787,48574
224787,61552
224787,50716
224787,36720
224787,39186
224787,34092
224787,61280
224787,60522
224787,16358
224787,44302
224787,11490
224787,124
224787,52918
224787,33886
224787,60
224787,3382
224787,61558
224787,54290
224787,48298
224787,59816
224787,59822
224787,50272
224787,1304
224787,37644
224787,49888
224787,50968
224787,60978
224787,46632
224787,10652
224787,42132
224787,51316
224787,33534
224787,50268
224787,51974
224787,50720
224787,44914
224787,61560
224787,50970
224787,61028
224787,53386
224787,63188
224787,62944
224787,59394
224787,63510
224787,32496
224787,55632
224787,57414
224787,63360
224787,63218
224787,59396
224787,62274
224787,63186
224787,63418
224787,44660
224787,63136
224787,61540
224787,62376
224787,53046
224787,63538
224787,36762
224787,55798
224787,62616
224787,62400
224787,45912
224787,44644
224787,57522
224787,44664
224787,59776
224787,53048
224787,44662
224787,56484
224787,53258
224787,58504
229536,61364
229536,56714
229536,61672
229536,61348
229536,61542
229536,11262
229536,36720
229536,39186
229536,34092
229536,61280
229536,60522
229536,16358
229536,44302
229536,11490
229536,52918
229536,33886
229536,60
229536,3382
229536,54290
229536,48298
229536,59816
229536,59822
229536,50272
229536,1304
229536,37644
229536,49888
229536,50968
229536,60978
229536,46632
229536,10652
229536,33534
229536,50268
229536,51974
229536,50720
229536,44914
229536,61560
229536,50970
229536,53386
229536,63188
229536,62944
229536,63510
229536,32496
229536,55632
229536,57414
229536,63360
229536,62274
229536,63186
229536,63418
229536,53046
229536,63538
229536,55798
229536,62614
229536,62616
229536,62400
229536,56484
229536,53258
229536,58504
240990,61364
240990,61542
240990,11262
240990,61280
240990,60522
240990,44302
240990,11490
240990,33886
240990,3382
240990,59816
240990,59822
240990,37644
240990,50968
240990,46632
240990,33534
240990,50268
240990,44914
240990,61560
240990,50970
240990,53386
240990,63510
240990,32496
240990,62274
240990,63186
240990,63418
240990,53046
240990,63538
240990,55798
240990,62616
240990,62400
240990,56484
240990,53258
240990,58504
69249,61364
69249,61542
69249,11262
69249,61280
69249,60522
69249,44302
69249,11490
69249,33886
69249,3382
69249,59816
69249,59822
69249,37644
69249,50968
69249,46632
69249,33534
69249,50268
69249,44914
69249,61560
69249,50970
69249,53386
69249,63510
69249,32496
69249,62274
69249,63538
69249,62616
69249,56484
69249,53258
69249,58504
192942,61542
192942,11262
192942,44302
192942,11490
192942,50968
192942,46632
192942,50720
192942,50970
192942,32496
192942,62274
192942,63538
192942,62616
192942,56484
192942,48694
192942,53258
192942,58504
153024,61542
153024,11262
153024,44302
153024,11490
153024,59822
153024,50968
153024,33534
153024,50720
153024,50970
153024,32496
153024,62274
153024,63186
153024,63538
153024,62616
153024,62400
153024,56484
153024,48694
153024,53258
153024,58504
203127,61364
203127,61542
203127,11262
203127,44302
203127,11490
203127,33886
203127,3382
203127,59816
203127,59822
203127,50968
203127,46632
203127,33534
203127,50268
203127,50720
203127,44914
203127,50970
203127,63510
203127,32496
203127,62274
203127,63538
203127,62616
203127,56484
203127,53258
203127,58504
223728,61364
223728,61542
223728,11262
223728,44302
223728,11490
223728,59822
223728,50968
223728,33534
223728,50720
223728,50970
223728,32496
223728,62274
223728,63538
223728,62616
223728,56484
223728,53258
223728,58504
183813,61364
183813,61542
183813,11262
183813,44302
183813,11490
183813,59822
183813,50968
183813,46632
183813,33534
183813,50720
183813,50970
183813,32496
183813,62274
183813,63220
183813,63186
183813,56696
183813,63418
183813,44660
183813,63136
183813,61540
183813,62376
183813,53046
183813,63538
183813,36762
183813,55798
183813,53394
183813,62616
183813,62400
183813,45912
183813,44644
183813,57522
183813,55638
183813,10790
183813,44664
183813,59776
183813,53048
183813,50962
183813,44662
183813,56484
183813,1206
183813,53258
183813,58504
175815,61364
175815,56714
175815,61672
175815,61348
175815,61542
175815,11262
175815,50716
175815,36720
175815,39186
175815,34092
175815,57804
175815,61280
175815,60522
175815,16358
175815,44302
175815,11490
175815,52918
175815,33886
175815,60
175815,3382
175815,61558
175815,54290
175815,48298
175815,59816
175815,59822
175815,50272
175815,1304
175815,37644
175815,49888
175815,50968
175815,46632
175815,10652
175815,33534
175815,50268
175815,51974
175815,50720
175815,50724
175815,44914
175815,61560
175815,50970
175815,53386
175815,63188
175815,62944
175815,59394
175815,63510
175815,32496
175815,55632
175815,57414
175815,63360
175815,62274
175815,63186
175815,63418
175815,44660
175815,62376
175815,53046
175815,63538
175815,36762
175815,55798
175815,62616
175815,62400
175815,56484
175815,53258
175815,58504
166002,61364
166002,61542
166002,11262
166002,61280
166002,60522
166002,16358
166002,44302
166002,33886
166002,3382
166002,59816
166002,59822
166002,37644
166002,50968
166002,46632
166002,33534
166002,50268
166002,50724
166002,44914
166002,61560
166002,50970
166002,63510
166002,32496
166002,55632
166002,62274
166002,63220
166002,63186
166002,50718
166002,56696
166002,63418
166002,44660
166002,63136
166002,61540
166002,62376
166002,53046
166002,63538
166002,36762
166002,55798
166002,53394
166002,62616
166002,62400
166002,63540
166002,45912
166002,44644
166002,57522
166002,55638
166002,10790
166002,44664
166002,59776
166002,53048
166002,50962
166002,44662
166002,56484
166002,1206
166002,53258
166002,58504
208092,61364
208092,30500
208092,56714
208092,61672
208092,61348
208092,61542
208092,11262
208092,48574
208092,50716
208092,36720
208092,39186
208092,34092
208092,57804
208092,61280
208092,60522
208092,16358
208092,44302
208092,11490
208092,124
208092,52918
208092,33886
208092,60
208092,3382
208092,61558
208092,54290
208092,48298
208092,59816
208092,59822
208092,50272
208092,1304
208092,37644
208092,49888
208092,50968
208092,60978
208092,46632
208092,10652
208092,42132
208092,51316
208092,33534
208092,50268
208092,51974
208092,50720
208092,50724
208092,44914
208092,61560
208092,50970
208092,61028
208092,53386
208092,63188
208092,62944
208092,59394
208092,63510
208092,32496
208092,55632
208092,57414
208092,63360
208092,63218
208092,59396
208092,62274
208092,63186
208092,63418
208092,61540
208092,63538
208092,36762
208092,55798
208092,62614
208092,62616
208092,44644
208092,44664
208092,59776
208092,53048
208092,56484
208092,53258
208092,58504
123150,61364
123150,56714
123150,61672
123150,61348
123150,61542
123150,11262
123150,36720
123150,39186
123150,34092
123150,61280
123150,60522
123150,16358
123150,44302
123150,11490
123150,52918
123150,33886
123150,3382
123150,54290
123150,48298
123150,59816
123150,59822
123150,50272
123150,1304
123150,37644
123150,50968
123150,46632
123150,10652
123150,33534
123150,50268
123150,51974
123150,50720
123150,44914
123150,61560
123150,50970
123150,53386
123150,63510
123150,32496
123150,55632
123150,62274
123150,62618
123150,62616
123150,56484
210585,1370
210585,11262
210585,33534
210585,36722
210585,32496
210585,62274
210585,63186
210585,56696
210585,63418
210585,44660
210585,61540
210585,62376
210585,53046
210585,63538
210585,55798
210585,62616
210585,62400
210585,44644
210585,57522
210585,44664
210585,59776
210585,53048
210585,50962
210585,44662
210585,56484
210585,53258
210585,58504
166029,61364
166029,61672
166029,61348
166029,61542
166029,11262
166029,61552
166029,50716
166029,36720
166029,39186
166029,34092
166029,61280
166029,60522
166029,16358
166029,44302
166029,11490
166029,52918
166029,33886
166029,60
166029,3382
166029,61558
166029,54290
166029,48298
166029,59816
166029,59822
166029,50272
166029,1304
166029,37644
166029,50968
166029,46632
166029,10652
166029,33534
166029,50268
166029,51974
166029,50720
166029,44914
166029,61560
166029,50970
166029,53386
166029,63188
166029,62944
166029,63510
166029,32496
166029,55632
166029,62274
166029,63220
166029,63186
166029,50718
166029,56696
166029,63418
166029,44660
166029,63136
166029,61540
166029,62376
166029,53046
166029,63538
166029,36762
166029,55798
166029,53394
166029,62616
166029,62400
166029,63540
166029,45912
166029,44644
166029,57522
166029,55638
166029,10790
166029,59776
166029,53048
166029,50962
166029,44662
166029,56484
166029,1206
166029,53258
166029,58504
208692,61364
208692,30500
208692,56714
208692,61672
208692,61348
208692,61542
208692,11262
208692,48574
208692,61552
208692,50716
208692,36720
208692,39186
208692,34092
208692,61280
208692,60522
208692,16358
208692,44302
208692,11490
208692,124
208692,52918
208692,33886
208692,60
208692,3382
208692,61558
208692,54290
208692,48298
208692,59816
208692,59822
208692,50272
208692,1304
208692,37644
208692,49888
208692,50968
208692,60978
208692,46632
208692,10652
208692,42132
208692,51316
208692,33534
208692,50268
208692,51974
208692,50720
208692,50724
208692,44914
208692,61560
208692,50970
208692,61028
208692,53386
208692,63188
208692,62944
208692,59394
208692,63510
208692,32496
208692,55632
208692,57414
208692,63360
208692,59396
208692,62274
208692,63418
208692,53046
208692,55798
208692,62616
208692,62400
208692,53048
208692,56484
208692,53258
208692,58504
68496,61364
68496,11262
68496,61552
68496,44302
68496,33886
68496,3382
68496,59822
68496,50968
68496,46632
68496,33534
68496,50268
68496,50720
68496,44914
68496,50970
68496,53386
68496,63510
68496,32496
68496,62274
68496,53046
68496,63538
68496,55798
68496,62616
68496,62400
68496,56484
68496,53258
68496,58504
209184,61542
209184,11262
209184,44302
209184,59822
209184,50968
209184,50268
209184,44914
209184,50970
209184,32496
209184,62274
209184,63220
209184,63186
209184,56696
209184,63418
209184,44660
209184,61540
209184,62376
209184,63538
209184,36762
209184,55798
209184,53394
209184,62616
209184,62400
209184,44644
209184,55638
209184,10790
209184,59776
209184,53048
209184,50962
209184,44662
209184,56484
209184,53258
209184,58504
220632,61364
220632,56714
220632,61348
220632,61542
220632,11262
220632,61552
220632,50716
220632,36720
220632,39186
220632,34092
220632,61280
220632,60522
220632,16358
220632,44302
220632,11490
220632,33886
220632,3382
220632,61558
220632,54290
220632,59822
220632,50272
220632,1304
220632,50968
220632,60978
220632,46632
220632,10652
220632,33534
220632,50268
220632,50720
220632,44914
220632,50970
220632,53386
220632,62944
220632,63510
220632,32496
220632,62274
220632,63136
220632,62618
220632,62616
220632,56484
220632,48694
166599,61364
166599,61542
166599,50270
166599,11262
166599,44302
166599,50968
166599,33534
166599,36722
166599,32496
166599,62274
166599,63220
166599,63186
166599,50718
166599,63418
166599,44660
166599,63136
166599,61540
166599,62376
166599,53046
166599,63538
166599,36762
166599,55798
166599,62616
166599,62400
166599,45912
166599,44644
166599,57522
166599,44664
166599,59776
166599,53048
166599,44662
166599,56484
166599,53258
166599,58504
199479,61364
199479,30500
199479,56714
199479,61672
199479,61348
199479,61542
199479,11262
199479,48574
199479,36720
199479,39186
199479,34092
199479,57804
199479,61280
199479,60522
199479,16358
199479,44302
199479,11490
199479,124
199479,52918
199479,33886
199479,60
199479,3382
199479,54290
199479,59816
199479,59822
199479,50272
199479,1304
199479,37644
199479,49888
199479,50968
199479,46632
199479,10652
199479,42132
199479,51316
199479,33534
199479,50268
199479,51974
199479,50720
199479,44914
199479,61560
199479,50970
199479,63188
199479,63510
199479,32496
199479,55632
199479,57414
199479,63360
199479,63218
199479,59396
199479,62274
199479,63220
199479,63186
199479,44660
199479,63136
199479,61540
199479,62376
199479,53046
199479,63538
199479,36762
199479,48980
199479,55798
199479,62616
199479,62400
199479,45912
199479,44644
199479,59776
199479,53048
199479,56484
199479,53258
199479,58504
208812,61364
208812,56714
208812,61672
208812,61348
208812,61542
208812,50270
208812,11262
208812,36720
208812,39186
208812,34092
208812,61280
208812,60522
208812,16358
208812,44302
208812,11490
208812,33886
208812,3382
208812,54290
208812,59816
208812,59822
208812,50272
208812,1304
208812,37644
208812,49888
208812,50968
208812,46632
208812,10652
208812,33534
208812,50268
208812,50720
208812,44914
208812,61560
208812,50970
208812,53386
208812,63510
208812,32496
208812,55632
208812,57414
208812,63360
208812,63218
208812,62274
208812,63186
208812,56696
208812,63418
208812,44660
208812,63136
208812,61540
208812,62376
208812,53046
208812,63538
208812,36762
208812,55798
208812,53394
208812,62616
208812,62400
208812,63540
208812,45912
208812,44644
208812,57522
208812,55638
208812,10790
208812,59776
208812,53048
208812,50962
208812,44662
208812,56484
208812,1206
208812,53258
208812,58504
80925,61364
80925,30500
80925,56714
80925,61672
80925,61348
80925,61542
80925,50270
80925,11262
80925,48574
80925,61552
80925,50716
80925,36720
80925,39186
80925,34092
80925,61280
80925,60522
80925,16358
80925,44302
80925,11490
80925,124
80925,52918
80925,33886
80925,60
80925,3382
80925,61558
80925,54290
80925,48298
80925,59816
80925,59822
80925,50272
80925,1304
80925,37644
80925,49888
80925,50968
80925,46632
80925,10652
80925,42132
80925,51316
80925,33534
80925,50268
80925,51974
80925,50720
80925,44914
80925,61560
80925,50970
80925,61028
80925,53386
80925,63188
80925,62944
80925,59394
80925,63510
80925,32496
80925,55632
80925,57414
80925,63360
80925,59396
80925,62274
80925,62618
80925,62616
80925,56484
80925,53258
209793,11262
209793,35846
209793,36722
209793,62274
209793,63220
209793,63186
209793,50718
209793,56696
209793,63418
209793,44660
209793,63136
209793,61540
209793,62376
209793,53046
209793,63538
209793,36762
209793,55798
209793,62616
209793,62400
209793,45912
209793,44644
209793,57522
209793,44664
209793,59776
209793,53048
209793,44662
209793,56484
209793,53258
209793,58504
153912,61364
153912,30500
153912,56714
153912,61672
153912,61348
153912,61542
153912,11262
153912,48574
153912,36720
153912,39186
153912,34092
153912,61280
153912,60522
153912,16358
153912,44302
153912,11490
153912,124
153912,52918
153912,33886
153912,60
153912,3382
153912,61558
153912,54290
153912,59816
153912,59822
153912,50272
153912,1304
153912,37644
153912,49888
153912,50968
153912,46632
153912,10652
153912,42132
153912,51316
153912,33534
153912,50268
153912,51974
153912,50720
153912,44914
153912,61560
153912,50970
153912,53386
153912,63188
153912,63510
153912,32496
153912,55632
153912,57414
153912,63360
153912,63218
153912,59396
153912,62274
153912,63220
153912,63186
153912,50718
153912,56696
153912,63418
153912,44660
153912,63136
153912,61540
153912,62376
153912,53046
153912,36762
153912,55798
153912,53394
153912,62616
153912,62400
153912,63540
153912,45912
153912,44644
153912,57522
153912,55638
153912,10790
153912,59776
153912,53048
153912,50962
153912,44662
153912,56484
153912,1206
153912,53258
153912,58504
206646,61364
206646,30500
206646,56714
206646,61672
206646,61348
206646,61542
206646,11262
206646,48574
206646,61552
206646,50716
206646,36720
206646,39186
206646,34092
206646,61280
206646,60522
206646,16358
206646,44302
206646,11490
206646,124
206646,52918
206646,33886
206646,60
206646,3382
206646,61558
206646,54290
206646,48298
206646,59816
206646,59822
206646,50272
206646,1304
206646,37644
206646,49888
206646,50968
206646,60978
206646,46632
206646,10652
206646,42132
206646,51316
206646,33534
206646,50268
206646,51974
206646,50720
206646,44914
206646,61560
206646,50970
206646,61028
206646,53386
206646,63188
206646,62944
206646,59394
206646,63510
206646,32496
206646,55632
206646,57414
206646,63360
206646,59396
206646,62274
206646,63220
206646,63186
206646,50718
206646,56696
206646,63418
206646,44660
206646,63136
206646,61540
206646,62376
206646,53046
206646,63538
206646,36762
206646,55798
206646,53394
206646,62616
206646,62400
206646,63540
206646,45912
206646,44644
206646,57522
206646,55638
206646,10790
206646,59776
206646,53048
206646,44662
206646,56484
206646,1206
206646,53258
206646,58504
206613,61364
206613,30500
206613,56714
206613,61672
206613,61348
206613,61542
206613,11262
206613,48574
206613,61552
206613,50716
206613,36720
206613,39186
206613,34092
206613,61280
206613,60522
206613,16358
206613,44302
206613,11490
206613,124
206613,52918
206613,33886
206613,60
206613,3382
206613,61558
206613,54290
206613,48298
206613,59816
206613,59822
206613,50272
206613,1304
206613,37644
206613,49888
206613,50968
206613,46632
206613,10652
206613,42132
206613,51316
206613,33534
206613,50268
206613,51974
206613,50720
206613,44914
206613,61560
206613,50970
206613,53386
206613,63188
206613,62944
206613,59394
206613,63510
206613,32496
206613,55632
206613,57414
206613,63360
206613,59396
206613,62274
206613,63186
206613,63418
206613,44660
206613,62376
206613,53046
206613,63538
206613,36762
206613,55798
206613,62400
206613,56484
206613,53258
206613,58504
192768,61364
192768,61542
192768,11262
192768,61280
192768,60522
192768,16358
192768,44302
192768,11490
192768,33886
192768,3382
192768,59816
192768,59822
192768,37644
192768,50968
192768,46632
192768,33534
192768,50268
192768,50724
192768,44914
192768,61560
192768,50970
192768,53386
192768,63510
192768,32496
192768,55632
192768,62274
192768,63538
192768,62616
192768,56484
192768,53258
192768,58504
211761,61364
211761,61542
211761,11262
211761,44302
211761,11490
211761,59822
211761,50968
211761,46632
211761,33534
211761,50720
211761,50970
211761,32496
211761,62274
211761,63538
211761,62616
211761,56484
211761,53258
211761,58504
204375,61542
204375,11262
204375,44302
204375,59822
204375,50968
204375,46632
204375,33534
204375,50720
204375,50970
204375,32496
204375,62274
204375,63538
204375,62616
204375,56484
204375,53258
204375,58504
233559,61542
233559,11262
233559,44302
233559,11490
233559,59822
233559,50968
233559,46632
233559,33534
233559,50720
233559,50970
233559,32496
233559,62274
233559,63186
233559,63418
233559,53046
233559,55798
233559,62400
233559,56484
233559,53258
233559,58504
214968,61364
214968,61542
214968,11262
214968,61280
214968,60522
214968,44302
214968,11490
214968,33886
214968,59816
214968,59822
214968,50968
214968,33534
214968,50268
214968,61560
214968,50970
214968,63510
214968,32496
214968,62274
214968,63220
214968,63186
214968,50718
214968,56696
214968,63418
214968,44660
214968,63136
214968,61540
214968,62376
214968,53046
214968,36762
214968,55798
214968,53394
214968,62616
214968,62400
214968,63540
214968,45912
214968,44644
214968,57522
214968,55638
214968,10790
214968,59776
214968,53048
214968,50962
214968,44662
214968,56484
214968,1206
214968,53258
214968,58504
186942,61364
186942,30500
186942,56714
186942,61672
186942,61348
186942,61542
186942,11262
186942,48574
186942,50716
186942,36720
186942,39186
186942,34092
186942,61280
186942,60522
186942,16358
186942,44302
186942,11490
186942,124
186942,52918
186942,33886
186942,60
186942,3382
186942,61558
186942,54290
186942,48298
186942,59816
186942,59822
186942,50272
186942,1304
186942,37644
186942,49888
186942,50968
186942,60978
186942,46632
186942,10652
186942,42132
186942,51316
186942,33534
186942,50268
186942,51974
186942,50720
186942,44914
186942,61560
186942,50970
186942,61028
186942,53386
186942,63188
186942,62944
186942,59394
186942,63510
186942,32496
186942,55632
186942,57414
186942,63360
186942,59396
186942,62274
186942,63136
186942,62614
186942,62618
186942,62616
186942,56484
186942,53258
208794,1370
208794,61542
208794,11262
208794,44302
208794,60
208794,35846
208794,33534
208794,32496
208794,62274
208794,63186
208794,53046
208794,63538
208794,55798
208794,62616
208794,62400
208794,56484
208794,53258
208794,58504
212586,61364
212586,61542
212586,11262
212586,44302
212586,11490
212586,33886
212586,3382
212586,59816
212586,59822
212586,37644
212586,50968
212586,46632
212586,33534
212586,50268
212586,44914
212586,50970
212586,63510
212586,32496
212586,55632
212586,62274
212586,63220
212586,63186
212586,50718
212586,56696
212586,63418
212586,44660
212586,63136
212586,61540
212586,62376
212586,53046
212586,63538
212586,36762
212586,55798
212586,53394
212586,62616
212586,62400
212586,62378
212586,63540
212586,45912
212586,44644
212586,57522
212586,55638
212586,10790
212586,59776
212586,53048
212586,44662
212586,56484
212586,1206
212586,53258
212586,58504
207498,61364
207498,30500
207498,56714
207498,61672
207498,61348
207498,61542
207498,11262
207498,48574
207498,50716
207498,36720
207498,39186
207498,34092
207498,61280
207498,60522
207498,16358
207498,44302
207498,11490
207498,124
207498,52918
207498,33886
207498,60
207498,3382
207498,10808
207498,61558
207498,1372
207498,54290
207498,48298
207498,59816
207498,59822
207498,50272
207498,1304
207498,37644
207498,49888
207498,50968
207498,60978
207498,46632
207498,10652
207498,42132
207498,51316
207498,33534
207498,50268
207498,51974
207498,50720
207498,44914
207498,61560
207498,50970
207498,61028
207498,53386
207498,63188
207498,62944
207498,59394
207498,63510
207498,32496
207498,55632
207498,57414
207498,63360
207498,59396
207498,62274
207498,62616
207498,52620
207498,56484
245976,11262
245976,59816
245976,53160
245976,44914
245976,61028
245976,32496
245976,62274
245976,63538
245976,62616
245976,56484
245976,53258
245976,58504
154953,61542
154953,11262
154953,44302
154953,11490
154953,59822
154953,50968
154953,33534
154953,50720
154953,50970
154953,32496
154953,62274
154953,63220
154953,63186
154953,50718
154953,56696
154953,63418
154953,44660
154953,63136
154953,61540
154953,62376
154953,53046
154953,63538
154953,36762
154953,55798
154953,53394
154953,62616
154953,62400
154953,63540
154953,45912
154953,44644
154953,57522
154953,55638
154953,10790
154953,59776
154953,53048
154953,50962
154953,44662
154953,56484
154953,1206
154953,53258
154953,58504
198981,61364
198981,30500
198981,56714
198981,61672
198981,61348
198981,61542
198981,50270
198981,11262
198981,48574
198981,61552
198981,50716
198981,36720
198981,39186
198981,34092
198981,61280
198981,60522
198981,16358
198981,44302
198981,11490
198981,124
198981,52918
198981,33886
198981,60
198981,3382
198981,61558
198981,54290
198981,48298
198981,59816
198981,59822
198981,50272
198981,1304
198981,37644
198981,49888
198981,50968
198981,60978
198981,46632
198981,10652
198981,42132
198981,51316
198981,33534
198981,50268
198981,51974
198981,50720
198981,44914
198981,61560
198981,50970
198981,61028
198981,53386
198981,63188
198981,62944
198981,59394
198981,63510
198981,32496
198981,55632
198981,57414
198981,63360
198981,59396
198981,62274
198981,63220
198981,63186
198981,44660
198981,62170
198981,62376
198981,63538
198981,62616
198981,44644
198981,53048
198981,62276
198981,56484
198981,53258
198981,58504
226848,61364
226848,56714
226848,61672
226848,54096
226848,11262
226848,36720
226848,44302
226848,11490
226848,33886
226848,59822
226848,50968
226848,60978
226848,46632
226848,33534
226848,50268
226848,50970
226848,53386
226848,63510
226848,32496
226848,63360
226848,62274
226848,54864
226848,62614
226848,62616
226848,56484
226848,53258
95988,61364
95988,61542
95988,50270
95988,11262
95988,44302
95988,33886
95988,60
95988,59816
95988,59822
95988,53160
95988,51974
95988,50720
95988,44914
95988,36722
95988,32496
95988,62274
95988,63220
95988,63186
95988,50718
95988,63418
95988,44660
95988,63136
95988,61540
95988,62376
95988,53046
95988,63538
95988,36762
95988,48980
95988,55798
95988,62616
95988,62400
95988,45912
95988,44644
95988,57522
95988,59776
95988,53048
95988,44662
95988,56484
95988,53258
95988,58504
171684,61364
171684,30500
171684,56714
171684,61672
171684,61348
171684,61542
171684,11262
171684,48574
171684,36720
171684,39186
171684,34092
171684,61280
171684,60522
171684,16358
171684,44302
171684,11490
171684,124
171684,52918
171684,33886
171684,60
171684,3382
171684,54290
171684,59816
171684,59822
171684,50272
171684,1304
171684,37644
171684,49888
171684,50968
171684,46632
171684,10652
171684,42132
171684,51316
171684,33534
171684,50268
171684,51974
171684,50720
171684,44914
171684,61560
171684,50970
171684,53386
171684,63188
171684,63510
171684,32496
171684,55632
171684,57414
171684,63360
171684,59396
171684,62274
171684,62614
171684,62616
171684,56484
204774,61364
204774,61542
204774,50270
204774,11262
204774,44302
204774,33886
204774,60
204774,59816
204774,51974
204774,50720
204774,44914
204774,36722
204774,32496
204774,62274
204774,63186
204774,53046
204774,63538
204774,55798
204774,62614
204774,62616
204774,62400
204774,56484
204774,53258
207999,61364
207999,61542
207999,11262
207999,44302
207999,33886
207999,60
207999,3382
207999,59816
207999,59822
207999,37644
207999,50968
207999,35846
207999,33534
207999,50268
207999,44914
207999,61028
207999,32496
207999,62274
207999,63186
207999,56696
207999,63418
207999,44660
207999,63136
207999,61540
207999,62376
207999,53046
207999,63538
207999,36762
207999,55798
207999,62616
207999,62400
207999,45912
207999,44644
207999,57522
207999,44664
207999,59776
207999,53048
207999,50962
207999,44662
207999,56484
207999,1206
207999,48694
207999,53258
207999,58504
182295,61364
182295,56714
182295,61672
182295,61348
182295,61542
182295,11262
182295,61552
182295,50716
182295,36720
182295,39186
182295,34092
182295,61280
182295,60522
182295,16358
182295,44302
182295,11490
182295,52918
182295,33886
182295,60
182295,3382
182295,61558
182295,54290
182295,48298
182295,59816
182295,59822
182295,50272
182295,1304
182295,37644
182295,49888
182295,50968
182295,60978
182295,46632
182295,10652
182295,33534
182295,50268
182295,51974
182295,50720
182295,44914
182295,61560
182295,50970
182295,53386
182295,63188
182295,62944
182295,63510
182295,32496
182295,55632
182295,57414
182295,63360
182295,62274
182295,63186
182295,63418
182295,44660
182295,62376
182295,53046
182295,63538
182295,36762
182295,55798
182295,62616
182295,62400
182295,56484
182295,53258
182295,58504
165684,61364
165684,61542
165684,11262
165684,57804
165684,61280
165684,60522
165684,16358
165684,44302
165684,11490
165684,33886
165684,3382
165684,59816
165684,59822
165684,37644
165684,50968
165684,46632
165684,33534
165684,50268
165684,50724
165684,44914
165684,61560
165684,50970
165684,53386
165684,63510
165684,32496
165684,55632
165684,62274
165684,63220
165684,63186
165684,50718
165684,56696
165684,63418
165684,44660
165684,63136
165684,61540
165684,62376
165684,53046
165684,63538
165684,36762
165684,55798
165684,53394
165684,62616
165684,62400
165684,63540
165684,45912
165684,44644
165684,57522
165684,55638
165684,10790
165684,59776
165684,53048
165684,50962
165684,44662
165684,56484
165684,1206
165684,53258
165684,58504
209625,61364
209625,30500
209625,56714
209625,61672
209625,61348
209625,61542
209625,50270
209625,11262
209625,48574
209625,61552
209625,50716
209625,36720
209625,39186
209625,34092
209625,61280
209625,60522
209625,16358
209625,44302
209625,11490
209625,124
209625,52918
209625,33886
209625,60
209625,3382
209625,61558
209625,54290
209625,48298
209625,59816
209625,59822
209625,50272
209625,1304
209625,37644
209625,49888
209625,50968
209625,60978
209625,46632
209625,10652
209625,42132
209625,51316
209625,33534
209625,50268
209625,51974
209625,50720
209625,44914
209625,61560
209625,50970
209625,61028
209625,53386
209625,63188
209625,62944
209625,59394
209625,63510
209625,32496
209625,55632
209625,57414
209625,63360
209625,59396
209625,62274
209625,63186
209625,63418
209625,44660
209625,62376
209625,53046
209625,63538
209625,36762
209625,55798
209625,62616
209625,62400
209625,56484
209625,1206
209625,53258
209625,58504
64845,61364
64845,61542
64845,11262
64845,61280
64845,60522
64845,16358
64845,44302
64845,33886
64845,3382
64845,59816
64845,59822
64845,37644
64845,50968
64845,46632
64845,33534
64845,50268
64845,50724
64845,44914
64845,61560
64845,50970
64845,63510
64845,32496
64845,55632
64845,62274
64845,63186
64845,63418
64845,44660
64845,62376
64845,53046
64845,63538
64845,36762
64845,55798
64845,62616
64845,62400
64845,56484
64845,53258
64845,58504
203166,61364
203166,61542
203166,11262
203166,61280
203166,60522
203166,16358
203166,44302
203166,11490
203166,33886
203166,3382
203166,59816
203166,59822
203166,37644
203166,50968
203166,46632
203166,33534
203166,50268
203166,50724
203166,44914
203166,61560
203166,50970
203166,53386
203166,63510
203166,32496
203166,55632
203166,62274
203166,63220
203166,63186
203166,50718
203166,56696
203166,63418
203166,44660
203166,63136
203166,61540
203166,62376
203166,53046
203166,63538
203166,36762
203166,55798
203166,53394
203166,62616
203166,62400
203166,63540
203166,45912
203166,44644
203166,57522
203166,55638
203166,10790
203166,59776
203166,53048
203166,50962
203166,44662
203166,56484
203166,1206
203166,53258
203166,58504
211542,61364
211542,30500
211542,56714
211542,61672
211542,61348
211542,61542
211542,11262
211542,48574
211542,50716
211542,36720
211542,39186
211542,34092
211542,61280
211542,60522
211542,16358
211542,44302
211542,11490
211542,124
211542,52918
211542,33886
211542,60
211542,3382
211542,61558
211542,54290
211542,48298
211542,59816
211542,59822
211542,50272
211542,1304
211542,37644
211542,49888
211542,50968
211542,60978
211542,46632
211542,10652
211542,42132
211542,51316
211542,33534
211542,50268
211542,51974
211542,50720
211542,50724
211542,44914
211542,61560
211542,50970
211542,61028
211542,53386
211542,63188
211542,62944
211542,59394
211542,63510
211542,32496
211542,55632
211542,57414
211542,63360
211542,59396
211542,62274
211542,63186
211542,63418
211542,44660
211542,62376
211542,53046
211542,63538
211542,36762
211542,55798
211542,62616
211542,62400
211542,56484
211542,53258
211542,58504
224280,61364
224280,61542
224280,11262
224280,61280
224280,60522
224280,16358
224280,44302
224280,11490
224280,33886
224280,3382
224280,59816
224280,59822
224280,37644
224280,50968
224280,46632
224280,33534
224280,50268
224280,50724
224280,44914
224280,61560
224280,50970
224280,53386
224280,63510
224280,32496
224280,55632
224280,62274
224280,62616
224280,62276
224280,56484
250977,61364
250977,11262
250977,36720
250977,61280
250977,60522
250977,44302
250977,33886
250977,50274
250977,59822
250977,50968
250977,33534
250977,50268
250977,50970
250977,62944
250977,32496
250977,57414
250977,62274
250977,63220
250977,63186
250977,50718
250977,56696
250977,63418
250977,44660
250977,63136
250977,61540
250977,62376
250977,53046
250977,63538
250977,36762
250977,55798
250977,53394
250977,62616
250977,62400
250977,45912
250977,44644
250977,57522
250977,55638
250977,10790
250977,44664
250977,59776
250977,53048
250977,44662
250977,56484
250977,1206
250977,53258
250977,58504
154827,61364
154827,30500
154827,56714
154827,61672
154827,61348
154827,61542
154827,11262
154827,48574
154827,50716
154827,39186
154827,34092
154827,61280
154827,60522
154827,16358
154827,44302
154827,11490
154827,124
154827,52918
154827,33886
154827,60
154827,3382
154827,61558
154827,54290
154827,59816
154827,59822
154827,50272
154827,1304
154827,37644
154827,49888
154827,50968
154827,46632
154827,10652
154827,42132
154827,51316
154827,33534
154827,50268
154827,51974
154827,50720
154827,50724
154827,44914
154827,61560
154827,50970
154827,61028
154827,63188
154827,59394
154827,63510
154827,32496
154827,55632
154827,63360
154827,63218
154827,59396
154827,62274
154827,50718
154827,63418
154827,62170
154827,63136
154827,62616
154827,45912
154827,55638
154827,50962
227670,61364
227670,50270
227670,54096
227670,48574
227670,61552
227670,34092
227670,57804
227670,44302
227670,10808
227670,61558
227670,48298
227670,35846
227670,50268
227670,50720
227670,50970
227670,63188
227670,32496
227670,63220
227670,63186
227670,63418
227670,63136
227670,61540
227670,62376
227670,54864
227670,48980
227670,53394
227670,62616
227670,55638
227670,50962
227670,48694
208116,61364
208116,56714
208116,61542
208116,50270
208116,54096
208116,48574
208116,61552
208116,34092
208116,57804
208116,44302
208116,10808
208116,61558
208116,48298
208116,35846
208116,50268
208116,53406
208116,50720
208116,50970
208116,36722
208116,32496
208116,63360
208116,63220
208116,63186
208116,63418
208116,63136
208116,45912
153438,56714
153438,61542
153438,50270
153438,54096
153438,48574
153438,36720
153438,57804
153438,10808
153438,61558
153438,35846
153438,50268
153438,50720
153438,50970
153438,63188
153438,32496
153438,57414
153438,63186
153438,63136
153438,62616
153438,55638
250020,61364
250020,56714
250020,50270
250020,48574
250020,36720
250020,57804
250020,44302
250020,10808
250020,61558
250020,35846
250020,50268
250020,50720
250020,63188
250020,32496
250020,63186
250020,63418
250020,45912
154404,61364
154404,56714
154404,61542
154404,50270
154404,54096
154404,48574
154404,36720
154404,57804
154404,44302
154404,10808
154404,61558
154404,48298
154404,60978
154404,35846
154404,50268
154404,50720
154404,50970
154404,63188
154404,57414
154404,63186
154404,63418
154404,63136
154404,62376
154404,36762
154404,55798
154404,62618
154404,62616
154404,62400
154404,53256
154404,57522
154404,55638
154404,50962
154404,62276
154404,56484
154404,1206
154404,48694
205332,56714
205332,61348
205332,61542
205332,50270
205332,54096
205332,48574
205332,61552
205332,50716
205332,36720
205332,57804
205332,44302
205332,11490
205332,124
205332,33886
205332,50274
205332,10808
205332,61558
205332,48298
205332,50272
205332,35846
205332,46632
205332,42132
205332,50268
205332,50720
205332,50724
205332,50970
205332,36722
205332,63188
205332,63510
205332,32496
205332,63360
205332,63218
205332,63220
205332,63186
205332,56696
205332,63136
205332,62616
205332,55638
203868,61364
203868,56714
203868,50270
203868,36720
203868,34092
203868,57804
203868,44302
203868,10808
203868,61558
203868,35846
203868,50268
203868,50720
203868,63188
203868,32496
203868,63186
203868,63418
203868,61540
203868,62376
203868,53046
203868,63538
203868,36762
203868,54864
203868,55798
203868,62614
203868,53394
203868,62618
203868,62616
203868,62400
203868,53256
203868,44644
203868,55638
203868,10790
203868,59776
203868,52620
203868,50962
203868,62276
203868,62860
203868,44662
203868,1206
203868,48694
203868,58504
250284,30500
250284,56714
250284,61672
250284,61542
250284,50270
250284,54096
250284,35732
250284,48574
250284,61552
250284,50716
250284,36720
250284,57804
250284,60522
250284,16358
250284,44302
250284,11490
250284,124
250284,33886
250284,50274
250284,3382
250284,10808
250284,61558
250284,1372
250284,54290
250284,48298
250284,59822
250284,50272
250284,37644
250284,53160
250284,50968
250284,60978
250284,35846
250284,46632
250284,10652
250284,42132
250284,51316
250284,50268
250284,53406
250284,50720
250284,50724
250284,44914
250284,61560
250284,50970
250284,36722
250284,53386
250284,63188
250284,62944
250284,59394
250284,63510
250284,32496
250284,57414
250284,63360
250284,63218
250284,59396
250284,62274
250284,63220
250284,63186
250284,50718
250284,56696
250284,63418
250284,62170
250284,63136
250284,61540
250284,62376
250284,53046
250284,63538
250284,36762
250284,54864
250284,55798
250284,62614
250284,53394
250284,62618
250284,62616
250284,62400
250284,62378
250284,63540
250284,53256
250284,45912
250284,44644
250284,55638
250284,10790
250284,44664
250284,59776
250284,53048
250284,52620
250284,50962
250284,62276
250284,62860
250284,44662
250284,56484
250284,1206
250284,48694
250284,53258
250284,58504
155034,30500
155034,56714
155034,61672
155034,61542
155034,50270
155034,54096
155034,35732
155034,48574
155034,61552
155034,50716
155034,36720
155034,39186
155034,34092
155034,57804
155034,61280
155034,60522
155034,62074
155034,16358
155034,44302
155034,11490
155034,124
155034,52918
155034,33886
155034,50274
155034,60
155034,3382
155034,10808
155034,61558
155034,1372
155034,54290
155034,48298
155034,59816
155034,59822
155034,50272
155034,1304
155034,37644
155034,49888
155034,53160
155034,50968
155034,60978
155034,35846
155034,46632
155034,10652
155034,42132
155034,51316
155034,33534
155034,50268
155034,53406
155034,51974
155034,50720
155034,50724
155034,44914
155034,61560
155034,50970
155034,36722
155034,61028
155034,53386
155034,63188
155034,62944
155034,59394
155034,63510
155034,32496
155034,57414
155034,63360
155034,63218
155034,59396
155034,62274
155034,63220
155034,63186
155034,50718
155034,56696
155034,63418
155034,62170
155034,63136
155034,55798
155034,55638
229812,56714
229812,36720
229812,39186
229812,57804
229812,35846
229812,50970
229812,55632
229812,63186
229812,45912
192717,61364
192717,56714
192717,61542
192717,50270
192717,54096
192717,48574
192717,36720
192717,57804
192717,44302
192717,10808
192717,61558
192717,48298
192717,60978
192717,35846
192717,50268
192717,50720
192717,50970
192717,63188
192717,57414
192717,63220
192717,63186
192717,63418
192717,63136
192717,62376
192717,54864
192717,53394
192717,62616
192717,62400
192717,45912
192717,55638
192717,52620
192717,50962
192717,1206
192717,48694
244731,61364
244731,56714
244731,61542
244731,50270
244731,54096
244731,48574
244731,61552
244731,57804
244731,44302
244731,33886
244731,50274
244731,3382
244731,10808
244731,61558
244731,48298
244731,50272
244731,35846
244731,51316
244731,50268
244731,53406
244731,50720
244731,50970
244731,36722
244731,63188
244731,59394
244731,63510
244731,32496
244731,63360
244731,63220
244731,63186
244731,63418
244731,63136
244731,62376
244731,36762
244731,62618
244731,62616
244731,53256
244731,55638
244731,10790
243981,56714
243981,61542
243981,50270
243981,54096
243981,36720
243981,57804
243981,33886
243981,50274
243981,10808
243981,61558
243981,48298
243981,60978
243981,35846
243981,50268
243981,50970
243981,36722
243981,63510
243981,32496
243981,63220
243981,63186
243981,63136
243981,61540
243981,62376
243981,63538
243981,36762
243981,54864
243981,62614
243981,53394
243981,62616
243981,62400
243981,53256
243981,44644
243981,55638
243981,10790
243981,50962
243981,62860
243981,44662
243981,1206
243981,48694
243981,58504
250653,30500
250653,56714
250653,61542
250653,50270
250653,54096
250653,48574
250653,50716
250653,36720
250653,39186
250653,57804
250653,62074
250653,16358
250653,44302
250653,11490
250653,124
250653,33886
250653,50274
250653,3382
250653,10808
250653,61558
250653,48298
250653,50272
250653,37644
250653,53160
250653,35846
250653,46632
250653,10652
250653,50268
250653,53406
250653,50720
250653,50724
250653,50970
250653,36722
250653,63188
250653,59394
250653,32496
250653,63360
250653,59396
250653,63220
250653,63186
250653,63136
250653,62376
250653,62616
250653,45912
167136,56714
167136,61542
167136,50270
167136,54096
167136,36720
167136,57804
167136,10808
167136,61558
167136,48298
167136,60978
167136,35846
167136,50268
167136,50720
167136,50970
167136,63188
167136,59394
167136,32496
167136,63186
167136,63136
167136,61540
167136,62376
167136,53046
167136,63538
167136,36762
167136,54864
167136,55798
167136,62614
167136,53394
167136,62618
167136,62616
167136,62400
167136,53256
167136,55638
167136,10790
167136,52620
167136,50962
167136,62276
167136,56484
167136,1206
167136,48694
244971,30500
244971,56714
244971,61542
244971,50270
244971,54096
244971,35732
244971,48574
244971,61552
244971,50716
244971,36720
244971,57804
244971,60522
244971,44302
244971,11490
244971,124
244971,33886
244971,50274
244971,3382
244971,10808
244971,61558
244971,1372
244971,54290
244971,48298
244971,59822
244971,50272
244971,37644
244971,53160
244971,60978
244971,35846
244971,46632
244971,10652
244971,42132
244971,51316
244971,50268
244971,50720
244971,50724
244971,44914
244971,61560
244971,50970
244971,36722
244971,53386
244971,63188
244971,59394
244971,63510
244971,32496
244971,63360
244971,63218
244971,63220
244971,63186
244971,50718
244971,56696
244971,63418
244971,44660
244971,62170
244971,63136
244971,62376
244971,62618
244971,62616
244971,53256
244971,55638
244971,10790
244971,1206
244971,53258
245868,56714
245868,61672
245868,61542
245868,50270
245868,54096
245868,36720
245868,39186
245868,57804
245868,44302
245868,10808
245868,48298
245868,59822
245868,50272
245868,60978
245868,35846
245868,42132
245868,50268
245868,51974
245868,50970
245868,36722
245868,59394
245868,55632
245868,63186
245868,50718
245868,63136
245868,61540
245868,62376
245868,53046
245868,63538
245868,36762
245868,54864
245868,55798
245868,62614
245868,53394
245868,62618
245868,62616
245868,62400
245868,62378
245868,63540
245868,53256
245868,45912
245868,55638
245868,10790
245868,44664
245868,59776
245868,53048
245868,52620
245868,50962
245868,62276
245868,62860
245868,44662
245868,56484
245868,1206
245868,48694
245868,53258
180471,30500
180471,56714
180471,61672
180471,61542
180471,50270
180471,54096
180471,35732
180471,48574
180471,61552
180471,50716
180471,36720
180471,57804
180471,61280
180471,60522
180471,62074
180471,16358
180471,44302
180471,11490
180471,124
180471,52918
180471,33886
180471,50274
180471,3382
180471,10808
180471,1372
180471,54290
180471,48298
180471,59816
180471,59822
180471,50272
180471,1304
180471,37644
180471,49888
180471,53160
180471,50968
180471,60978
180471,35846
180471,46632
180471,10652
180471,42132
180471,51316
180471,33534
180471,50268
180471,53406
180471,51974
180471,50720
180471,50724
180471,44914
180471,61560
180471,50970
180471,36722
180471,53386
180471,63188
180471,62944
180471,59394
180471,63510
180471,32496
180471,57414
180471,63360
180471,63218
180471,59396
180471,62274
180471,63220
180471,63186
180471,50718
180471,56696
180471,63418
180471,44660
180471,62170
180471,63136
180471,62378
180471,45912
180471,55638
242505,56714
242505,61542
242505,54096
242505,39186
242505,57804
242505,10808
242505,61558
242505,59822
242505,60978
242505,35846
242505,33534
242505,53386
242505,63188
242505,59394
242505,55632
242505,63186
242505,63136
242505,62376
242505,36762
242505,62618
242505,53256
242505,55638
242505,10790
217002,56714
217002,61542
217002,50270
217002,54096
217002,36720
217002,57804
217002,33886
217002,50274
217002,10808
217002,48298
217002,50272
217002,60978
217002,35846
217002,42132
217002,50268
217002,50720
217002,50970
217002,36722
217002,59394
217002,63510
217002,32496
217002,63220
217002,63186
217002,63136
217002,55798
217002,57522
217002,55638
210342,56714
210342,61348
210342,54096
210342,36720
210342,39186
210342,57804
210342,61558
210342,50970
210342,55632
210342,63186
210342,50718
210342,63136
210342,62376
210342,62616
210342,55638
204924,56714
204924,61542
204924,50270
204924,54096
204924,61552
204924,36720
204924,57804
204924,10808
204924,61558
204924,48298
204924,35846
204924,50268
204924,61560
204924,50970
204924,36722
204924,63188
204924,32496
204924,63360
204924,63186
204924,63136
204924,45912
153138,56714
153138,61542
153138,50270
153138,54096
153138,48574
153138,36720
153138,57804
153138,10808
153138,61558
153138,48298
153138,60978
153138,35846
153138,50268
153138,50720
153138,50970
153138,63188
153138,57414
153138,63186
153138,63418
153138,63136
153138,61540
153138,62376
153138,53046
153138,63538
153138,36762
153138,54864
153138,55798
153138,62614
153138,53394
153138,62618
153138,62616
153138,62400
153138,63540
153138,53256
153138,45912
153138,44644
153138,55638
153138,10790
153138,59776
153138,52620
153138,50962
153138,62276
153138,62860
153138,44662
153138,56484
153138,1206
153138,48694
222843,61364
222843,30500
222843,56714
222843,61672
222843,61542
222843,50270
222843,54096
222843,35732
222843,48574
222843,61552
222843,50716
222843,36720
222843,57804
222843,61280
222843,60522
222843,62074
222843,16358
222843,44302
222843,11490
222843,124
222843,33886
222843,50274
222843,3382
222843,10808
222843,61558
222843,1372
222843,54290
222843,48298
222843,59816
222843,59822
222843,50272
222843,1304
222843,37644
222843,53160
222843,50968
222843,60978
222843,35846
222843,46632
222843,10652
222843,42132
222843,51316
222843,50268
222843,53406
222843,50720
222843,50724
222843,44914
222843,61560
222843,50970
222843,36722
222843,61028
222843,53386
222843,63188
222843,62944
222843,59394
222843,63510
222843,32496
222843,63360
222843,63218
222843,59396
222843,62274
222843,63220
222843,63186
222843,50718
222843,56696
222843,63418
222843,44660
222843,62170
222843,63136
222843,61540
222843,62376
222843,53046
222843,36762
222843,54864
222843,55798
222843,53394
222843,62618
222843,62616
222843,62400
222843,63540
222843,53256
222843,45912
222843,55638
222843,52620
222843,50962
222843,62276
222843,56484
222843,1206
222843,48694
240852,61364
240852,30500
240852,56714
240852,50270
240852,54096
240852,48574
240852,61552
240852,50716
240852,36720
240852,57804
240852,62074
240852,44302
240852,11490
240852,124
240852,33886
240852,50274
240852,10808
240852,61558
240852,48298
240852,50272
240852,35846
240852,46632
240852,42132
240852,51316
240852,50268
240852,50720
240852,50724
240852,50970
240852,36722
240852,61028
240852,63510
240852,32496
240852,63360
240852,63218
240852,62274
240852,63220
240852,63186
240852,56696
240852,63418
240852,63136
240852,61540
240852,62376
240852,53046
240852,36762
240852,54864
240852,55798
240852,53394
240852,62618
240852,62616
240852,62400
240852,63540
240852,53256
240852,55638
240852,52620
240852,50962
240852,62276
240852,56484
240852,1206
240852,48694
234951,61364
234951,30500
234951,56714
234951,50270
234951,54096
234951,48574
234951,61552
234951,50716
234951,36720
234951,57804
234951,62074
234951,44302
234951,11490
234951,124
234951,33886
234951,50274
234951,10808
234951,61558
234951,48298
234951,50272
234951,35846
234951,46632
234951,42132
234951,51316
234951,50268
234951,50720
234951,50724
234951,50970
234951,36722
234951,61028
234951,63510
234951,32496
234951,63360
234951,63218
234951,62274
234951,63220
234951,63186
234951,56696
234951,63418
234951,63136
234951,55638
177921,61364
177921,56714
177921,54096
177921,57804
177921,10808
177921,48298
177921,35846
177921,50268
177921,50970
177921,36722
177921,32496
177921,63186
177921,63136
177921,62376
177921,36762
177921,54864
177921,62614
177921,53394
177921,62616
177921,62400
177921,53256
177921,55638
177921,10790
177921,59776
177921,50962
177921,56484
177921,1206
177921,48694
190152,56714
190152,61348
190152,61542
190152,50270
190152,54096
190152,48574
190152,61552
190152,50716
190152,36720
190152,39186
190152,57804
190152,11490
190152,124
190152,33886
190152,50274
190152,3382
190152,10808
190152,61558
190152,54290
190152,48298
190152,53160
190152,50968
190152,35846
190152,46632
190152,10652
190152,50268
190152,53406
190152,50724
190152,61560
190152,50970
190152,36722
190152,53386
190152,63188
190152,63510
190152,32496
190152,63220
190152,63186
190152,50718
190152,63418
190152,63136
190152,62376
190152,62618
190152,62616
190152,53256
190152,55638
190152,10790
190152,53258
247548,56714
247548,61542
247548,54096
247548,36720
247548,57804
247548,10808
247548,48298
247548,59822
247548,50272
247548,60978
247548,35846
247548,42132
247548,50268
247548,51974
247548,50970
247548,36722
247548,59394
247548,57414
247548,63186
247548,63136
247548,61540
247548,62376
247548,53046
247548,63538
247548,36762
247548,54864
247548,55798
247548,62614
247548,53394
247548,62618
247548,62616
247548,62400
247548,53256
247548,44644
247548,55638
247548,10790
247548,59776
247548,52620
247548,50962
247548,62276
247548,62860
247548,44662
247548,1206
247548,48694
250221,30500
250221,56714
250221,61672
250221,61542
250221,50270
250221,54096
250221,35732
250221,48574
250221,61552
250221,50716
250221,36720
250221,39186
250221,57804
250221,60522
250221,62074
250221,16358
250221,44302
250221,11490
250221,124
250221,33886
250221,50274
250221,3382
250221,10808
250221,61558
250221,1372
250221,54290
250221,48298
250221,59822
250221,50272
250221,37644
250221,53160
250221,50968
250221,60978
250221,35846
250221,46632
250221,10652
250221,42132
250221,51316
250221,50268
250221,50720
250221,50724
250221,44914
250221,61560
250221,50970
250221,36722
250221,53386
250221,63188
250221,59394
250221,63510
250221,32496
250221,63360
250221,63218
250221,59396
250221,62274
250221,63220
250221,63186
250221,50718
250221,56696
250221,63418
250221,62170
250221,63136
250221,61540
250221,62376
250221,53046
250221,63538
250221,36762
250221,54864
250221,55798
250221,62614
250221,53394
250221,62618
250221,62616
250221,62400
250221,53256
250221,44644
250221,55638
250221,10790
250221,59776
250221,52620
250221,50962
250221,62276
250221,62860
250221,44662
250221,1206
250221,48694
250221,58504
251085,30500
251085,56714
251085,61672
251085,61542
251085,50270
251085,54096
251085,35732
251085,48574
251085,61552
251085,50716
251085,36720
251085,57804
251085,60522
251085,16358
251085,44302
251085,11490
251085,124
251085,33886
251085,50274
251085,3382
251085,10808
251085,61558
251085,1372
251085,54290
251085,48298
251085,59822
251085,50272
251085,37644
251085,53160
251085,50968
251085,60978
251085,35846
251085,46632
251085,10652
251085,42132
251085,51316
251085,50268
251085,53406
251085,50720
251085,50724
251085,44914
251085,61560
251085,50970
251085,36722
251085,53386
251085,63188
251085,62944
251085,59394
251085,63510
251085,32496
251085,57414
251085,63360
251085,63218
251085,59396
251085,62274
251085,63220
251085,63186
251085,50718
251085,56696
251085,63418
251085,62170
251085,63136
251085,45912
251085,55638
244005,56714
244005,57804
244005,60978
244005,35846
244005,63188
244005,59394
244005,57414
244005,63186
244005,63136
244005,61540
244005,62376
244005,53046
244005,63538
244005,36762
244005,54864
244005,55798
244005,62614
244005,53394
244005,62618
244005,62616
244005,62400
244005,62378
244005,63540
244005,53256
244005,45912
244005,44644
244005,55638
244005,10790
244005,44664
244005,59776
244005,53048
244005,52620
244005,50962
244005,62276
244005,62860
244005,44662
244005,56484
244005,1206
244005,48694
244005,53258
244005,58504
246711,30500
246711,56714
246711,61672
246711,61542
246711,50270
246711,54096
246711,11262
246711,35732
246711,48574
246711,61552
246711,50716
246711,36720
246711,39186
246711,34092
246711,57804
246711,61280
246711,60522
246711,62074
246711,16358
246711,44302
246711,11490
246711,124
246711,52918
246711,33886
246711,50274
246711,60
246711,3382
246711,10808
246711,61558
246711,1372
246711,54290
246711,48298
246711,59816
246711,59822
246711,50272
246711,1304
246711,37644
246711,49888
246711,53160
246711,50968
246711,60978
246711,35846
246711,46632
246711,10652
246711,42132
246711,51316
246711,33534
246711,50268
246711,53406
246711,50720
246711,50724
246711,44914
246711,61560
246711,50970
246711,36722
246711,61028
246711,53386
246711,63188
246711,62944
246711,59394
246711,63510
246711,32496
246711,57414
246711,63360
246711,63218
246711,59396
246711,62274
246711,63220
246711,63186
246711,50718
246711,56696
246711,63418
246711,44660
246711,62170
246711,63136
68676,61364
68676,56714
68676,50270
68676,54096
68676,48574
68676,36720
68676,34092
68676,57804
68676,44302
68676,33886
68676,50274
68676,10808
68676,61558
68676,59816
68676,35846
68676,50268
68676,50720
68676,50970
68676,63188
68676,32496
68676,59396
68676,63186
68676,56696
68676,63418
68676,63136
68676,62376
68676,55798
68676,63540
68676,44644
68676,57522
68676,55638
68676,62276
68676,56484
68676,1206
68676,48694
251625,61364
251625,56714
251625,61348
251625,61542
251625,50270
251625,54096
251625,61552
251625,50716
251625,36720
251625,57804
251625,62074
251625,44302
251625,11490
251625,124
251625,10808
251625,61558
251625,1372
251625,48298
251625,1304
251625,35846
251625,42132
251625,50268
251625,50720
251625,50970
251625,36722
251625,63510
251625,32496
251625,63360
251625,59396
251625,63186
251625,56696
251625,63136
251625,61540
251625,62376
251625,53046
251625,63538
251625,36762
251625,54864
251625,55798
251625,62614
251625,53394
251625,62618
251625,62616
251625,62400
251625,53256
251625,55638
251625,10790
251625,52620
251625,50962
251625,62276
251625,56484
251625,1206
251625,48694
199242,30500
199242,56714
199242,61542
199242,50270
199242,54096
199242,35732
199242,48574
199242,61552
199242,50716
199242,36720
199242,57804
199242,60522
199242,44302
199242,11490
199242,124
199242,52918
199242,33886
199242,50274
199242,3382
199242,10808
199242,61558
199242,1372
199242,54290
199242,48298
199242,59822
199242,50272
199242,37644
199242,53160
199242,60978
199242,35846
199242,46632
199242,10652
199242,42132
199242,51316
199242,50268
199242,50720
199242,50724
199242,44914
199242,61560
199242,50970
199242,36722
199242,53386
199242,63188
199242,59394
199242,63510
199242,32496
199242,63360
199242,63218
199242,63220
199242,63186
199242,50718
199242,56696
199242,63418
199242,44660
199242,62170
199242,63136
199242,36762
199242,62618
199242,53256
199242,55638
199242,10790
199242,48694
218958,56714
218958,61542
218958,50270
218958,54096
218958,57804
218958,62074
218958,10808
218958,48298
218958,50272
218958,35846
218958,50268
218958,50720
218958,50970
218958,36722
218958,63188
218958,59394
218958,32496
218958,63360
218958,63220
218958,63186
218958,63136
218958,62376
218958,62618
218958,62616
218958,53256
218958,10790
219030,56714
219030,61542
219030,50270
219030,54096
219030,36720
219030,57804
219030,33886
219030,50274
219030,10808
219030,61558
219030,48298
219030,50272
219030,60978
219030,35846
219030,42132
219030,50268
219030,50720
219030,50970
219030,36722
219030,59394
219030,63510
219030,32496
219030,63360
219030,63220
219030,63186
219030,63136
219030,36762
219030,62618
219030,53256
219030,55638
219030,10790
219030,48694
250629,56714
250629,61542
250629,50270
250629,54096
250629,57804
250629,62074
250629,10808
250629,48298
250629,50272
250629,35846
250629,50268
250629,50720
250629,50970
250629,36722
250629,63188
250629,59394
250629,32496
250629,63360
250629,63220
250629,63186
250629,63136
250629,36762
250629,62618
250629,53256
250629,55638
250629,10790
250629,48694
251235,61364
251235,56714
251235,61542
251235,50270
251235,54096
251235,57804
251235,62074
251235,10808
251235,48298
251235,50272
251235,35846
251235,50268
251235,50720
251235,50970
251235,36722
251235,63188
251235,59394
251235,32496
251235,63360
251235,63220
251235,63186
251235,63136
251235,45912
188106,56714
188106,61672
188106,61542
188106,54096
188106,48574
188106,36720
188106,57804
188106,44302
188106,10808
188106,61558
188106,35846
188106,50268
188106,50720
188106,50970
188106,63188
188106,32496
188106,63220
188106,63186
188106,63418
188106,63136
188106,62376
188106,63538
188106,36762
188106,54864
188106,62614
188106,53394
188106,62618
188106,62616
188106,53256
188106,55638
188106,10790
188106,50962
188106,62276
188106,56484
188106,1206
188106,48694
188106,58504
198855,30500
198855,56714
198855,61542
198855,50270
198855,54096
198855,48574
198855,61552
198855,50716
198855,36720
198855,57804
198855,62074
198855,16358
198855,11490
198855,124
198855,33886
198855,50274
198855,3382
198855,10808
198855,61558
198855,54290
198855,48298
198855,59822
198855,50272
198855,37644
198855,53160
198855,50968
198855,60978
198855,35846
198855,46632
198855,10652
198855,42132
198855,50268
198855,50720
198855,50724
198855,50970
198855,36722
198855,53386
198855,63188
198855,59394
198855,63510
198855,32496
198855,63360
198855,63218
198855,63220
198855,63186
198855,50718
198855,63136
198855,62376
198855,36762
198855,54864
198855,53394
198855,62618
198855,62616
198855,62400
198855,53256
198855,10790
216822,56714
216822,61542
216822,50270
216822,54096
216822,36720
216822,57804
216822,33886
216822,50274
216822,3382
216822,10808
216822,61558
216822,48298
216822,50272
216822,60978
216822,35846
216822,42132
216822,50268
216822,50720
216822,50970
216822,36722
216822,62944
216822,59394
216822,63510
216822,32496
216822,57414
216822,63360
216822,63220
216822,63186
216822,50718
216822,63136
216822,62376
216822,62616
248796,56714
248796,61542
248796,50270
248796,54096
248796,36720
248796,57804
248796,10808
248796,61558
248796,48298
248796,50272
248796,60978
248796,35846
248796,50268
248796,50720
248796,50970
248796,36722
248796,63188
248796,59394
248796,32496
248796,63220
248796,63186
248796,63136
248796,62376
248796,36762
248796,55798
248796,62614
248796,62618
248796,62616
248796,62400
248796,53256
248796,45912
248796,55638
248796,50962
248796,62276
248796,56484
248796,1206
248796,48694
67056,56714
67056,61348
67056,61542
67056,50270
67056,54096
67056,48574
67056,61552
67056,50716
67056,36720
67056,57804
67056,44302
67056,11490
67056,124
67056,33886
67056,50274
67056,3382
67056,10808
67056,61558
67056,54290
67056,48298
67056,50272
67056,53160
67056,50968
67056,60978
67056,35846
67056,46632
67056,10652
67056,42132
67056,50268
67056,50720
67056,50724
67056,50970
67056,36722
67056,53386
67056,63188
67056,59394
67056,63510
67056,32496
67056,63360
67056,63218
67056,63220
67056,63186
67056,50718
67056,56696
67056,63136
67056,55798
67056,55638
212595,56714
212595,61348
212595,36720
212595,39186
212595,57804
212595,50970
212595,55632
212595,63186
212595,63136
212595,48980
212595,55798
212595,45912
212595,57522
212595,55638
219132,56714
219132,61542
219132,11262
219132,36720
219132,57804
219132,59822
219132,51974
219132,50970
219132,63186
219132,63136
219132,62376
219132,62618
219132,62616
219132,53256
219132,45912
219132,55638
219132,10790
248871,56714
248871,61542
248871,54096
248871,36720
248871,57804
248871,44302
248871,10808
248871,48298
248871,59822
248871,50272
248871,60978
248871,35846
248871,42132
248871,50268
248871,51974
248871,50970
248871,36722
248871,59394
248871,63186
248871,63136
248871,61540
248871,62376
248871,53046
248871,63538
248871,36762
248871,54864
248871,55798
248871,62614
248871,53394
248871,62618
248871,62616
248871,62400
248871,63540
248871,53256
248871,45912
248871,44644
248871,55638
248871,10790
248871,59776
248871,52620
248871,50962
248871,62276
248871,62860
248871,56484
248871,1206
248871,48694
193542,61364
193542,30500
193542,56714
193542,61672
193542,61542
193542,50270
193542,54096
193542,35732
193542,48574
193542,61552
193542,50716
193542,36720
193542,57804
193542,61280
193542,60522
193542,62074
193542,16358
193542,44302
193542,11490
193542,124
193542,33886
193542,50274
193542,3382
193542,10808
193542,61558
193542,1372
193542,54290
193542,48298
193542,59816
193542,59822
193542,50272
193542,1304
193542,37644
193542,53160
193542,50968
193542,60978
193542,35846
193542,46632
193542,10652
193542,42132
193542,51316
193542,50268
193542,53406
193542,50720
193542,50724
193542,44914
193542,61560
193542,50970
193542,36722
193542,61028
193542,53386
193542,63188
193542,62944
193542,59394
193542,63510
193542,32496
193542,63360
193542,63218
193542,59396
193542,62274
193542,63220
193542,63186
193542,50718
193542,56696
193542,63418
193542,44660
193542,62170
193542,63136
193542,61540
193542,62376
193542,53046
193542,63538
193542,36762
193542,54864
193542,55798
193542,62614
193542,53394
193542,62618
193542,62400
193542,53256
193542,44644
193542,55638
193542,10790
193542,59776
193542,52620
193542,50962
193542,62276
193542,62860
193542,44662
193542,1206
193542,48694
193542,58504
251442,30500
251442,56714
251442,61672
251442,61542
251442,50270
251442,54096
251442,35732
251442,48574
251442,61552
251442,50716
251442,36720
251442,57804
251442,60522
251442,16358
251442,44302
251442,11490
251442,124
251442,33886
251442,50274
251442,3382
251442,10808
251442,61558
251442,1372
251442,54290
251442,48298
251442,59822
251442,50272
251442,37644
251442,53160
251442,50968
251442,60978
251442,35846
251442,46632
251442,10652
251442,42132
251442,51316
251442,50268
251442,53406
251442,50720
251442,50724
251442,44914
251442,61560
251442,50970
251442,36722
251442,53386
251442,63188
251442,59394
251442,63510
251442,32496
251442,57414
251442,63360
251442,63218
251442,59396
251442,62274
251442,63220
251442,63186
251442,50718
251442,56696
251442,63418
251442,62170
251442,63136
251442,45912
175878,61364
175878,56714
175878,61542
175878,50270
175878,54096
175878,48574
175878,36720
175878,57804
175878,44302
175878,10808
175878,61558
175878,48298
175878,60978
175878,35846
175878,50268
175878,50720
175878,50970
175878,63188
175878,57414
175878,63186
175878,63418
175878,63136
175878,62618
175878,53256
175878,55638
175878,10790
175878,53258
248724,56714
248724,61672
248724,54096
248724,36720
248724,57804
248724,10808
248724,60978
248724,35846
248724,51974
248724,50970
248724,36722
248724,57414
248724,63186
248724,50718
248724,63136
248724,61540
248724,62376
248724,53046
248724,63538
248724,36762
248724,54864
248724,55798
248724,62614
248724,53394
248724,62618
248724,62616
248724,62400
248724,62378
248724,63540
248724,53256
248724,44644
248724,55638
248724,10790
248724,44664
248724,59776
248724,52620
248724,50962
248724,62276
248724,62860
248724,44662
248724,56484
248724,1206
248724,48694
248724,58504
191553,30500
191553,56714
191553,61672
191553,61542
191553,50270
191553,54096
191553,35732
191553,48574
191553,61552
191553,50716
191553,36720
191553,57804
191553,61280
191553,60522
191553,62074
191553,16358
191553,44302
191553,11490
191553,124
191553,52918
191553,33886
191553,50274
191553,3382
191553,10808
191553,61558
191553,1372
191553,54290
191553,48298
191553,59822
191553,50272
191553,37644
191553,49888
191553,53160
191553,50968
191553,60978
191553,35846
191553,46632
191553,10652
191553,42132
191553,51316
191553,33534
191553,50268
191553,53406
191553,50720
191553,50724
191553,44914
191553,61560
191553,50970
191553,36722
191553,61028
191553,53386
191553,63188
191553,62944
191553,59394
191553,63510
191553,32496
191553,57414
191553,63360
191553,63218
191553,59396
191553,62274
191553,63220
191553,63186
191553,50718
191553,56696
191553,63418
191553,44660
191553,62170
191553,63136
191553,55798
191553,45912
191553,57522
191553,55638
204717,56714
204717,61542
204717,11262
204717,36720
204717,57804
204717,10808
204717,59822
204717,51974
204717,50970
204717,63186
204717,63136
204717,45912
252405,56714
252405,61542
252405,50270
252405,54096
252405,48574
252405,36720
252405,57804
252405,10808
252405,61558
252405,48298
252405,60978
252405,35846
252405,50268
252405,51974
252405,50720
252405,50970
252405,63188
252405,57414
252405,63186
252405,63136
252405,55798
252405,62618
252405,62616
252405,53256
252405,44644
252405,55638
252405,10790
174195,56714
174195,61672
174195,61348
174195,61542
174195,50270
174195,54096
174195,36720
174195,39186
174195,57804
174195,44302
174195,10808
174195,59822
174195,60978
174195,50268
174195,51974
174195,50970
174195,36722
174195,59394
174195,55632
174195,63186
174195,50718
174195,63136
174195,61540
174195,62376
174195,53046
174195,63538
174195,36762
174195,54864
174195,55798
174195,62614
174195,53394
174195,62618
174195,62616
174195,62400
174195,53256
174195,44644
174195,55638
174195,10790
174195,59776
174195,52620
174195,50962
174195,62276
174195,62860
174195,44662
174195,1206
174195,48694
174195,58504
159330,30500
159330,56714
159330,61672
159330,61542
159330,50270
159330,54096
159330,35732
159330,48574
159330,61552
159330,50716
159330,36720
159330,57804
159330,60522
159330,16358
159330,44302
159330,11490
159330,124
159330,33886
159330,50274
159330,3382
159330,10808
159330,61558
159330,1372
159330,54290
159330,48298
159330,59822
159330,50272
159330,37644
159330,53160
159330,50968
159330,60978
159330,35846
159330,46632
159330,10652
159330,42132
159330,51316
159330,50268
159330,53406
159330,50720
159330,50724
159330,44914
159330,61560
159330,50970
159330,36722
159330,53386
159330,63188
159330,62944
159330,59394
159330,63510
159330,32496
159330,57414
159330,63360
159330,63218
159330,59396
159330,62274
159330,63220
159330,63186
159330,50718
159330,56696
159330,63418
159330,62170
159330,63136
159330,61540
159330,62376
159330,53046
159330,63538
159330,36762
159330,54864
159330,55798
159330,62614
159330,53394
159330,62618
159330,62616
159330,62400
159330,53256
159330,44644
159330,55638
159330,10790
159330,59776
159330,52620
159330,50962
159330,62276
159330,62860
159330,44662
159330,56484
159330,1206
159330,48694
154374,61364
154374,30500
154374,56714
154374,61672
154374,61542
154374,50270
154374,54096
154374,35732
154374,48574
154374,61552
154374,50716
154374,36720
154374,57804
154374,60522
154374,62074
154374,16358
154374,44302
154374,11490
154374,124
154374,33886
154374,50274
154374,3382
154374,10808
154374,61558
154374,1372
154374,54290
154374,48298
154374,59822
154374,50272
154374,37644
154374,53160
154374,50968
154374,60978
154374,35846
154374,46632
154374,10652
154374,42132
154374,51316
154374,50268
154374,53406
154374,50720
154374,50724
154374,44914
154374,61560
154374,50970
154374,36722
154374,53386
154374,63188
154374,62944
154374,59394
154374,63510
154374,32496
154374,57414
154374,63360
154374,63218
154374,59396
154374,62274
154374,63220
154374,63186
154374,50718
154374,56696
154374,63418
154374,44660
154374,62170
154374,63136
154374,62376
154374,36762
154374,55798
154374,62614
154374,62618
154374,62616
154374,62400
154374,53256
154374,45912
154374,55638
154374,50962
154374,62276
154374,56484
154374,1206
154374,48694
167364,56714
167364,61348
167364,61542
167364,50270
167364,54096
167364,48574
167364,61552
167364,50716
167364,36720
167364,57804
167364,44302
167364,11490
167364,124
167364,33886
167364,50274
167364,3382
167364,10808
167364,61558
167364,54290
167364,48298
167364,50272
167364,53160
167364,50968
167364,60978
167364,35846
167364,46632
167364,10652
167364,42132
167364,50268
167364,50720
167364,50724
167364,50970
167364,36722
167364,53386
167364,63188
167364,59394
167364,63510
167364,32496
167364,63360
167364,63218
167364,63220
167364,63186
167364,50718
167364,56696
167364,63136
167364,62376
167364,36762
167364,54864
167364,53394
167364,62618
167364,62616
167364,62400
167364,53256
167364,55638
167364,10790
211344,56714
211344,61542
211344,50270
211344,54096
211344,36720
211344,57804
211344,33886
211344,50274
211344,3382
211344,10808
211344,61558
211344,48298
211344,50272
211344,60978
211344,35846
211344,42132
211344,50268
211344,50720
211344,50970
211344,36722
211344,62944
211344,59394
211344,63510
211344,32496
211344,63360
211344,63220
211344,63186
211344,50718
211344,63136
211344,62376
211344,36762
211344,54864
211344,53394
211344,62618
211344,62616
211344,62400
211344,53256
211344,10790
249063,56714
249063,61542
249063,50270
249063,54096
249063,36720
249063,57804
249063,33886
249063,50274
249063,3382
249063,10808
249063,61558
249063,48298
249063,50272
249063,60978
249063,35846
249063,42132
249063,50268
249063,50970
249063,36722
249063,62944
249063,59394
249063,63510
249063,32496
249063,63360
249063,63220
249063,63186
249063,50718
249063,63136
249063,62376
249063,36762
249063,54864
249063,53394
249063,62616
249063,62400
249063,53256
249063,55638
249063,10790
249063,50962
249063,1206
251169,56714
251169,61542
251169,50270
251169,54096
251169,36720
251169,57804
251169,44302
251169,33886
251169,50274
251169,3382
251169,10808
251169,61558
251169,50272
251169,35846
251169,50268
251169,53406
251169,50720
251169,50724
251169,36722
251169,63188
251169,59394
251169,32496
251169,63360
251169,63220
251169,63186
251169,63136
251169,62376
251169,36762
251169,62618
251169,53256
251169,10790
198534,56714
198534,61672
198534,61542
198534,50270
198534,54096
198534,36720
198534,57804
198534,33886
198534,50274
198534,10808
198534,61558
198534,48298
198534,50272
198534,60978
198534,35846
198534,42132
198534,50268
198534,50720
198534,50970
198534,36722
198534,59394
198534,63510
198534,32496
198534,63360
198534,63220
198534,63186
198534,63136
198534,61540
198534,62376
198534,53046
198534,63538
198534,36762
198534,48980
198534,62614
198534,53394
198534,62618
198534,62616
198534,62378
198534,63540
198534,53256
198534,45912
198534,44644
198534,57522
198534,55638
198534,10790
198534,44664
198534,50962
198534,44662
198534,1206
198534,48694
198534,53258
241218,61364
241218,1370
241218,30500
241218,56714
241218,61672
241218,61348
241218,61542
241218,50270
241218,33886
241218,50274
241218,46632
241218,61028
241218,55638
241218,44662
224211,1370
224211,50270
224211,11262
224211,60522
224211,124
224211,46632
224211,51316
224211,33534
224211,50268
224211,61560
224211,61028
224211,63220
224211,63186
224211,63418
224211,54864
224211,48980
224211,62400
224211,53256
224211,55638
224211,53048
224211,50962
224211,62860
224211,56484
69060,1370
69060,50270
69060,54096
69060,11262
69060,35732
69060,61552
69060,50716
69060,36720
69060,34092
69060,57804
69060,60522
69060,62074
69060,11490
69060,50274
69060,1372
69060,54290
69060,59822
69060,1304
69060,37644
69060,50968
69060,46632
69060,42132
69060,51316
69060,33534
69060,50268
69060,50720
69060,50724
69060,61560
69060,36722
69060,61028
69060,62944
69060,63510
69060,63360
69060,63218
69060,62274
69060,63220
69060,63186
69060,56696
69060,63418
69060,63136
69060,63538
69060,36762
69060,54864
69060,48980
69060,62614
69060,53394
69060,62618
69060,62400
69060,62378
69060,53256
69060,45912
69060,55638
69060,10790
69060,59776
69060,53048
69060,50962
69060,62276
69060,62860
69060,1206
69060,58504
154509,61364
154509,1370
154509,30500
154509,56714
154509,61672
154509,50270
154509,11262
154509,61552
154509,50716
154509,57804
154509,61280
154509,60522
154509,62074
154509,11490
154509,60
154509,46632
154509,51316
154509,33534
154509,50268
154509,61560
154509,61028
154509,63360
154509,63218
154509,62274
154509,63220
154509,63186
154509,63418
154509,63136
154509,54864
154509,48980
154509,53394
154509,62400
154509,55638
154509,10790
154509,52620
154509,50962
154509,62276
154509,62860
154509,56484
154509,1206
250974,61364
250974,1370
250974,30500
250974,50270
250974,11262
250974,61552
250974,39186
250974,34092
250974,61280
250974,60522
250974,62074
250974,11490
250974,50274
250974,54290
250974,48298
250974,50272
250974,1304
250974,37644
250974,46632
250974,42132
250974,51316
250974,33534
250974,50268
250974,50720
250974,50724
250974,44914
250974,61560
250974,61028
250974,63510
250974,32496
250974,55632
250974,63360
250974,63218
250974,62274
250974,63220
250974,63186
250974,56696
250974,63418
250974,63136
250974,63538
250974,36762
250974,54864
250974,48980
250974,55798
250974,62614
250974,53394
250974,62400
250974,53256
250974,45912
250974,55638
250974,10790
250974,59776
250974,53048
250974,50962
250974,62276
250974,62860
250974,1206
250974,48694
211632,61364
211632,1370
211632,30500
211632,56714
211632,50270
211632,33886
211632,50274
211632,49888
211632,46632
211632,61560
211632,61028
211632,54864
211632,48980
211632,62616
211632,59776
211632,50962
211632,56484
154665,1370
154665,30500
154665,54096
154665,11262
154665,35732
154665,48574
154665,61552
154665,50716
154665,39186
154665,34092
154665,57804
154665,61280
154665,60522
154665,62074
154665,11490
154665,52918
154665,50274
154665,60
154665,10808
154665,1372
154665,54290
154665,48298
154665,59816
154665,59822
154665,1304
154665,37644
154665,53160
154665,35846
154665,46632
154665,10652
154665,51316
154665,33534
154665,50268
154665,51974
154665,50720
154665,50724
154665,44914
154665,61560
154665,50970
154665,61028
154665,63188
154665,62944
154665,59394
154665,63510
154665,32496
154665,55632
154665,63360
154665,63218
154665,62274
154665,63220
154665,63186
154665,50718
154665,56696
154665,63418
154665,62170
154665,63136
154665,62376
154665,63538
154665,36762
154665,54864
154665,48980
154665,55798
154665,62614
154665,53394
154665,62618
154665,62400
154665,62378
154665,53256
154665,45912
154665,44644
154665,57522
154665,55638
154665,10790
154665,59776
154665,53048
154665,50962
154665,62276
154665,62860
154665,56484
154665,1206
154665,48694
154665,53258
154665,58504
252081,61364
252081,1370
252081,30500
252081,56714
252081,61672
252081,61542
252081,50270
252081,54096
252081,11262
252081,35732
252081,48574
252081,61552
252081,50716
252081,39186
252081,34092
252081,57804
252081,61280
252081,60522
252081,62074
252081,11490
252081,52918
252081,50274
252081,60
252081,10808
252081,1372
252081,54290
252081,48298
252081,59816
252081,59822
252081,1304
252081,37644
252081,53160
252081,35846
252081,46632
252081,10652
252081,51316
252081,33534
252081,50268
252081,51974
252081,50720
252081,50724
252081,44914
252081,61560
252081,50970
252081,61028
252081,63188
252081,62944
252081,59394
252081,63510
252081,32496
252081,55632
252081,63360
252081,63218
252081,62274
252081,63220
252081,63186
252081,50718
252081,56696
252081,63418
252081,62170
252081,63136
252081,62376
252081,63538
252081,36762
252081,54864
252081,48980
252081,55798
252081,62614
252081,53394
252081,62618
252081,62400
252081,62378
252081,53256
252081,45912
252081,44644
252081,57522
252081,55638
252081,10790
252081,59776
252081,53048
252081,50962
252081,62276
252081,62860
252081,56484
252081,1206
252081,48694
252081,53258
252081,58504
248550,61364
248550,1370
248550,30500
248550,56714
248550,61672
248550,61542
248550,50270
248550,11262
248550,61552
248550,61280
248550,60522
248550,11490
248550,50274
248550,60
248550,46632
248550,10652
248550,51316
248550,33534
248550,50268
248550,61560
248550,61028
248550,63360
248550,63218
248550,63220
248550,63186
248550,63418
248550,63136
248550,54864
248550,48980
248550,53394
248550,62400
248550,53256
248550,55638
248550,10790
248550,50962
248550,62276
248550,62860
248550,1206
252774,61364
252774,1370
252774,50270
252774,11262
252774,61552
252774,61280
252774,11490
252774,50274
252774,60
252774,46632
252774,51316
252774,33534
252774,50268
252774,61560
252774,61028
252774,63360
252774,63218
252774,63220
252774,63186
252774,63418
252774,54864
252774,48980
252774,62400
252774,55638
252774,10790
252774,62276
252774,62860
203727,61364
203727,1370
203727,50270
203727,11262
203727,61552
203727,61280
203727,60522
203727,11490
203727,50274
203727,60
203727,46632
203727,51316
203727,33534
203727,50268
203727,61560
203727,61028
203727,63360
203727,63218
203727,63220
203727,63186
203727,63418
203727,54864
203727,48980
203727,62400
203727,55638
203727,10790
203727,62276
203727,62860
247374,61364
247374,1370
247374,50270
247374,11262
247374,50716
247374,57804
247374,60522
247374,124
247374,50274
247374,46632
247374,42132
247374,51316
247374,33534
247374,50268
247374,61560
247374,61028
247374,63220
247374,63186
247374,63418
247374,54864
247374,48980
247374,62400
247374,62378
247374,53256
247374,55638
247374,53048
247374,50962
247374,62276
247374,62860
180195,61364
180195,1370
180195,61672
180195,50270
180195,54096
180195,11262
180195,35732
180195,48574
180195,61552
180195,50716
180195,36720
180195,39186
180195,34092
180195,57804
180195,61280
180195,60522
180195,62074
180195,16358
180195,44302
180195,11490
180195,124
180195,52918
180195,33886
180195,50274
180195,60
180195,3382
180195,10808
180195,61558
180195,1372
180195,54290
180195,48298
180195,59816
180195,59822
180195,50272
180195,1304
180195,37644
180195,49888
180195,53160
180195,35846
180195,46632
180195,10652
180195,51316
180195,33534
180195,50268
180195,53406
180195,51974
180195,50720
180195,50724
180195,44914
180195,61560
180195,50970
180195,36722
180195,61028
180195,53386
180195,63188
180195,62944
180195,59394
180195,63510
180195,32496
180195,55632
180195,57414
180195,63360
180195,63218
180195,59396
180195,62274
180195,63220
180195,63186
180195,50718
180195,56696
180195,63418
180195,44660
180195,62170
180195,63136
180195,61540
180195,62376
180195,53046
180195,63538
180195,36762
180195,54864
180195,48980
180195,55798
180195,62614
180195,53394
180195,62618
180195,62616
180195,62400
180195,62378
180195,63540
180195,53256
180195,45912
180195,44644
180195,57522
180195,55638
180195,10790
180195,44664
180195,59776
180195,53048
180195,52620
180195,50962
180195,62276
180195,62860
180195,44662
180195,56484
180195,1206
180195,48694
180195,53258
180195,58504
249222,61364
249222,1370
249222,30500
249222,56714
249222,61672
249222,61348
249222,61542
249222,50270
249222,11262
249222,60522
249222,46632
249222,51316
249222,33534
249222,50268
249222,61560
249222,61028
249222,63220
249222,63186
249222,63418
249222,54864
249222,48980
249222,62400
249222,53256
249222,55638
249222,53048
249222,50962
249222,62860
198873,1370
198873,50270
198873,50274
198873,46632
198873,42132
198873,50970
198873,61028
198873,44662
203151,1370
203151,50270
203151,54096
203151,11262
203151,35732
203151,48574
203151,61552
203151,50716
203151,39186
203151,34092
203151,57804
203151,61280
203151,60522
203151,62074
203151,11490
203151,50274
203151,60
203151,1372
203151,54290
203151,48298
203151,1304
203151,37644
203151,35846
203151,46632
203151,51316
203151,33534
203151,50268
203151,51974
203151,50720
203151,50724
203151,44914
203151,61560
203151,61028
203151,63188
203151,63510
203151,32496
203151,55632
203151,63360
203151,63218
203151,62274
203151,63220
203151,63186
203151,50718
203151,56696
203151,63418
203151,62170
203151,63136
203151,62376
203151,63538
203151,54864
203151,48980
203151,55798
203151,62614
203151,53394
203151,62618
203151,62400
203151,53256
203151,45912
203151,44644
203151,57522
203151,55638
203151,10790
203151,59776
203151,53048
203151,50962
203151,62276
203151,62860
203151,1206
203151,48694
153084,61364
153084,1370
153084,30500
153084,56714
153084,61672
153084,61542
153084,50270
153084,54096
153084,11262
153084,35732
153084,48574
153084,61552
153084,50716
153084,39186
153084,34092
153084,57804
153084,61280
153084,60522
153084,62074
153084,11490
153084,52918
153084,50274
153084,60
153084,10808
153084,1372
153084,54290
153084,48298
153084,59816
153084,59822
153084,1304
153084,37644
153084,53160
153084,35846
153084,46632
153084,10652
153084,51316
153084,33534
153084,50268
153084,51974
153084,50720
153084,50724
153084,44914
153084,61560
153084,61028
153084,63188
153084,62944
153084,59394
153084,63510
153084,32496
153084,55632
153084,63360
153084,63218
153084,62274
153084,63220
153084,63186
153084,50718
153084,56696
153084,63418
153084,62170
153084,63136
153084,62376
153084,63538
153084,36762
153084,54864
153084,48980
153084,55798
153084,62614
153084,53394
153084,62618
153084,62400
153084,62378
153084,53256
153084,45912
153084,44644
153084,57522
153084,55638
153084,10790
153084,59776
153084,53048
153084,52620
153084,50962
153084,62276
153084,62860
153084,56484
153084,1206
153084,48694
153084,53258
153084,58504
154560,61364
154560,1370
154560,30500
154560,56714
154560,61672
154560,61542
154560,50270
154560,60522
154560,124
154560,46632
154560,51316
154560,33534
154560,50268
154560,61560
154560,61028
154560,63220
154560,63186
154560,48980
154560,62400
154560,53256
154560,55638
154560,53048
154560,62860
154560,56484
182556,1370
182556,50270
182556,124
182556,46632
182556,51316
182556,33534
182556,50268
182556,50720
182556,61560
182556,61028
182556,63220
182556,63186
182556,48980
182556,62400
182556,53256
182556,55638
182556,53048
182556,62860
182556,56484
199044,1370
199044,50270
199044,11262
199044,61552
199044,50716
199044,34092
199044,57804
199044,60522
199044,62074
199044,11490
199044,50274
199044,60
199044,54290
199044,1304
199044,37644
199044,35846
199044,46632
199044,51316
199044,33534
199044,50268
199044,50720
199044,44914
199044,61560
199044,61028
199044,62944
199044,32496
199044,55632
199044,57414
199044,63360
199044,63218
199044,62274
199044,63220
199044,63186
199044,63418
199044,63136
199044,63538
199044,48980
199044,55798
199044,62614
199044,62400
199044,62378
199044,53256
199044,45912
199044,55638
199044,10790
199044,53048
199044,50962
199044,62860
246915,61364
246915,1370
246915,30500
246915,50270
246915,54096
246915,11262
246915,35732
246915,48574
246915,61552
246915,50716
246915,39186
246915,34092
246915,57804
246915,61280
246915,60522
246915,62074
246915,44302
246915,11490
246915,124
246915,52918
246915,50274
246915,60
246915,10808
246915,1372
246915,54290
246915,48298
246915,59816
246915,59822
246915,50272
246915,1304
246915,37644
246915,50968
246915,35846
246915,46632
246915,10652
246915,51316
246915,33534
246915,50268
246915,51974
246915,50720
246915,50724
246915,44914
246915,61560
246915,61028
246915,53386
246915,63188
246915,62944
246915,59394
246915,63510
246915,32496
246915,55632
246915,63360
246915,63218
246915,62274
246915,63220
246915,63186
246915,50718
246915,56696
246915,63418
246915,44660
246915,62170
246915,63136
246915,61540
246915,62376
246915,63538
246915,36762
246915,54864
246915,48980
246915,55798
246915,62614
246915,53394
246915,62618
246915,62400
246915,62378
246915,53256
246915,45912
246915,44644
246915,57522
246915,55638
246915,10790
246915,44664
246915,59776
246915,53048
246915,52620
246915,50962
246915,62276
246915,62860
246915,1206
246915,48694
246915,53258
246915,58504
173667,61364
173667,1370
173667,30500
173667,56714
173667,61672
173667,61348
173667,61542
173667,50270
173667,54096
173667,11262
173667,35732
173667,48574
173667,61552
173667,50716
173667,39186
173667,34092
173667,57804
173667,61280
173667,60522
173667,62074
173667,11490
173667,52918
173667,50274
173667,60
173667,10808
173667,1372
173667,54290
173667,48298
173667,59816
173667,59822
173667,1304
173667,37644
173667,35846
173667,46632
173667,10652
173667,51316
173667,33534
173667,50268
173667,51974
173667,50720
173667,50724
173667,44914
173667,61560
173667,61028
173667,63188
173667,59394
173667,63510
173667,32496
173667,55632
173667,63360
173667,63218
173667,62274
173667,63220
173667,63186
173667,50718
173667,56696
173667,63418
173667,62170
173667,63136
173667,62376
173667,53046
173667,63538
173667,36762
173667,54864
173667,48980
173667,55798
173667,62614
173667,53394
173667,62618
173667,62400
173667,62378
173667,53256
173667,45912
173667,44644
173667,57522
173667,55638
173667,10790
173667,59776
173667,53048
173667,50962
173667,62276
173667,62860
173667,56484
173667,1206
173667,48694
173667,53258
173667,58504
228948,61364
228948,1370
228948,30500
228948,56714
228948,61672
228948,61542
228948,50270
228948,46632
228948,61028
228948,56484
247134,1370
247134,124
247134,50968
247134,46632
247134,51316
247134,33534
247134,50268
247134,50720
247134,61560
247134,61028
247134,63510
247134,63220
247134,63186
247134,63418
247134,54864
247134,48980
247134,62400
247134,53256
247134,55638
247134,53048
232788,61364
232788,1370
232788,61672
232788,50270
232788,54096
232788,11262
232788,35732
232788,48574
232788,61552
232788,50716
232788,39186
232788,34092
232788,57804
232788,61280
232788,60522
232788,62074
232788,11490
232788,124
232788,50274
232788,60
232788,3382
232788,10808
232788,1372
232788,54290
232788,48298
232788,59816
232788,59822
232788,50272
232788,1304
232788,37644
232788,49888
232788,35846
232788,46632
232788,10652
232788,51316
232788,33534
232788,50268
232788,51974
232788,50720
232788,44914
232788,61560
232788,61028
232788,53386
232788,63188
232788,62944
232788,59394
232788,63510
232788,32496
232788,55632
232788,63360
232788,63218
232788,62274
232788,63220
232788,50718
232788,56696
232788,63418
232788,62170
232788,63136
232788,61540
232788,62376
232788,63538
232788,54864
232788,48980
232788,55798
232788,62614
232788,53394
232788,62618
232788,62400
232788,62378
232788,53256
232788,45912
232788,44644
232788,57522
232788,55638
232788,10790
232788,59776
232788,53048
232788,52620
232788,50962
232788,62276
232788,62860
232788,56484
232788,1206
232788,48694
232788,53258
232788,58504
157236,61364
157236,1370
157236,30500
157236,56714
157236,61672
157236,61348
157236,61542
157236,50270
157236,61280
157236,60522
157236,50274
157236,60
157236,46632
157236,51316
157236,33534
157236,50268
157236,61560
157236,61028
157236,63220
157236,63186
157236,63418
157236,54864
157236,48980
157236,62400
157236,55638
157236,10790
157236,62860
155052,61364
155052,1370
155052,50270
155052,54096
155052,11262
155052,35732
155052,48574
155052,61552
155052,50716
155052,36720
155052,39186
155052,34092
155052,57804
155052,61280
155052,60522
155052,62074
155052,16358
155052,44302
155052,11490
155052,124
155052,52918
155052,33886
155052,50274
155052,60
155052,3382
155052,10808
155052,1372
155052,54290
155052,48298
155052,59816
155052,59822
155052,50272
155052,1304
155052,37644
155052,49888
155052,50968
155052,60978
155052,35846
155052,46632
155052,10652
155052,42132
155052,51316
155052,33534
155052,50268
155052,51974
155052,50720
155052,50724
155052,44914
155052,61560
155052,50970
155052,36722
155052,61028
155052,53386
155052,63188
155052,62944
155052,59394
155052,63510
155052,32496
155052,55632
155052,57414
155052,63360
155052,63218
155052,59396
155052,62274
155052,63220
155052,63186
155052,50718
155052,56696
155052,63418
155052,44660
155052,62170
155052,63136
155052,61540
155052,62376
155052,63538
155052,36762
155052,54864
155052,55798
155052,62614
155052,53394
155052,62618
155052,62616
155052,62400
155052,62378
155052,53256
155052,45912
155052,44644
155052,57522
155052,55638
155052,10790
155052,44664
155052,59776
155052,53048
155052,52620
155052,50962
155052,62276
155052,62860
155052,44662
155052,1206
155052,48694
155052,53258
155052,58504
195447,61364
195447,1370
195447,30500
195447,56714
195447,61672
195447,61348
195447,61542
195447,50270
195447,60522
195447,44302
195447,52918
195447,50274
195447,54290
195447,48298
195447,50272
195447,1304
195447,37644
195447,50968
195447,46632
195447,10652
195447,50268
195447,44914
195447,61560
195447,61028
195447,62944
195447,63360
195447,63218
195447,63220
195447,63186
195447,50718
195447,63136
195447,61540
195447,48980
195447,62400
195447,53256
195447,55638
195447,62860
195447,1206
195447,53258
203454,61364
203454,1370
203454,50270
203454,54096
203454,11262
203454,35732
203454,48574
203454,61552
203454,50716
203454,39186
203454,34092
203454,57804
203454,61280
203454,60522
203454,62074
203454,11490
203454,52918
203454,50274
203454,60
203454,10808
203454,1372
203454,54290
203454,48298
203454,59816
203454,59822
203454,1304
203454,37644
203454,53160
203454,35846
203454,46632
203454,10652
203454,51316
203454,33534
203454,50268
203454,51974
203454,50720
203454,50724
203454,44914
203454,61560
203454,50970
203454,61028
203454,63188
203454,62944
203454,59394
203454,63510
203454,32496
203454,55632
203454,63360
203454,63218
203454,62274
203454,63220
203454,63186
203454,50718
203454,56696
203454,63418
203454,62170
203454,63136
203454,62376
203454,63538
203454,36762
203454,54864
203454,48980
203454,55798
203454,62614
203454,53394
203454,62618
203454,62400
203454,62378
203454,53256
203454,45912
203454,44644
203454,57522
203454,55638
203454,10790
203454,59776
203454,53048
203454,50962
203454,62276
203454,62860
203454,56484
203454,1206
203454,48694
203454,53258
203454,58504
205722,61364
205722,1370
205722,30500
205722,56714
205722,61672
205722,61348
205722,61542
205722,50270
205722,11262
205722,48574
205722,61552
205722,50716
205722,39186
205722,34092
205722,57804
205722,61280
205722,60522
205722,62074
205722,11490
205722,50274
205722,60
205722,54290
205722,48298
205722,50272
205722,1304
205722,37644
205722,53160
205722,35846
205722,46632
205722,42132
205722,51316
205722,33534
205722,50268
205722,51974
205722,50720
205722,50724
205722,44914
205722,61560
205722,61028
205722,63188
205722,59394
205722,63510
205722,32496
205722,55632
205722,63360
205722,63218
205722,62274
205722,63220
205722,63186
205722,50718
205722,56696
205722,63418
205722,62170
205722,63136
205722,62376
205722,63538
205722,36762
205722,54864
205722,48980
205722,55798
205722,62614
205722,53394
205722,62400
205722,62378
205722,53256
205722,45912
205722,44644
205722,55638
205722,10790
205722,59776
205722,53048
205722,50962
205722,62276
205722,62860
205722,1206
205722,48694
205722,53258
219450,61364
219450,1370
219450,30500
219450,56714
219450,61542
219450,50270
219450,54096
219450,11262
219450,50716
219450,36720
219450,57804
219450,60522
219450,62074
219450,124
219450,50274
219450,1372
219450,54290
219450,1304
219450,37644
219450,50968
219450,46632
219450,42132
219450,51316
219450,33534
219450,50268
219450,50720
219450,50724
219450,36722
219450,61028
219450,63510
219450,63360
219450,63218
219450,63220
219450,63186
219450,63418
219450,63136
219450,48980
219450,62618
219450,62400
219450,62378
219450,53256
219450,55638
219450,10790
219450,62276
219450,62860
219450,1206
201741,61364
201741,1370
201741,61672
201741,50270
201741,54096
201741,11262
201741,35732
201741,48574
201741,61552
201741,50716
201741,36720
201741,39186
201741,34092
201741,57804
201741,61280
201741,60522
201741,62074
201741,16358
201741,44302
201741,11490
201741,124
201741,52918
201741,33886
201741,50274
201741,60
201741,3382
201741,10808
201741,61558
201741,1372
201741,54290
201741,48298
201741,59816
201741,59822
201741,50272
201741,1304
201741,37644
201741,49888
201741,53160
201741,50968
201741,35846
201741,46632
201741,10652
201741,42132
201741,51316
201741,33534
201741,50268
201741,53406
201741,51974
201741,50720
201741,50724
201741,44914
201741,61560
201741,50970
201741,36722
201741,61028
201741,53386
201741,63188
201741,62944
201741,59394
201741,63510
201741,32496
201741,55632
201741,57414
201741,63360
201741,63218
201741,59396
201741,62274
201741,63220
201741,63186
201741,50718
201741,56696
201741,63418
201741,44660
201741,62170
201741,63136
201741,61540
201741,62376
201741,63538
201741,36762
201741,54864
201741,48980
201741,55798
201741,62614
201741,53394
201741,62618
201741,62616
201741,62400
201741,62378
201741,63540
201741,53256
201741,45912
201741,44644
201741,57522
201741,55638
201741,10790
201741,44664
201741,59776
201741,53048
201741,52620
201741,50962
201741,62276
201741,62860
201741,44662
201741,56484
201741,1206
201741,48694
201741,53258
201741,58504
207123,61364
207123,1370
207123,30500
207123,56714
207123,61672
207123,61348
207123,61542
207123,50270
207123,11262
207123,61552
207123,50716
207123,57804
207123,61280
207123,60522
207123,62074
207123,11490
207123,50274
207123,60
207123,46632
207123,51316
207123,33534
207123,50268
207123,61560
207123,61028
207123,63360
207123,63218
207123,62274
207123,63220
207123,63186
207123,63418
207123,63136
207123,54864
207123,48980
207123,53394
207123,62400
207123,53256
207123,55638
207123,10790
207123,52620
207123,50962
207123,62276
207123,62860
207123,1206
226827,61364
226827,1370
226827,30500
226827,50270
226827,54096
226827,11262
226827,35732
226827,48574
226827,61552
226827,50716
226827,36720
226827,39186
226827,34092
226827,57804
226827,61280
226827,60522
226827,16358
226827,44302
226827,11490
226827,124
226827,52918
226827,33886
226827,50274
226827,60
226827,3382
226827,10808
226827,61558
226827,1372
226827,54290
226827,48298
226827,59816
226827,59822
226827,50272
226827,1304
226827,37644
226827,49888
226827,53160
226827,60978
226827,35846
226827,46632
226827,10652
226827,42132
226827,51316
226827,33534
226827,50268
226827,51974
226827,50724
226827,44914
226827,61560
226827,50970
226827,36722
226827,61028
226827,53386
226827,63188
226827,62944
226827,59394
226827,63510
226827,32496
226827,55632
226827,63360
226827,63218
226827,59396
226827,62274
226827,63220
226827,63186
226827,50718
226827,56696
226827,63418
226827,44660
226827,62170
226827,63136
226827,61540
226827,62376
226827,53046
226827,63538
226827,36762
226827,54864
226827,48980
226827,55798
226827,62614
226827,53394
226827,62618
226827,62616
226827,62400
226827,62378
226827,63540
226827,53256
226827,45912
226827,44644
226827,57522
226827,55638
226827,10790
226827,59776
226827,53048
226827,52620
226827,50962
226827,62276
226827,62860
226827,44662
226827,1206
226827,48694
226827,53258
226827,58504
243546,61364
243546,1370
243546,30500
243546,56714
243546,61672
243546,61348
243546,61542
243546,50270
243546,11262
243546,61552
243546,50716
243546,34092
243546,57804
243546,61280
243546,60522
243546,11490
243546,50274
243546,60
243546,54290
243546,48298
243546,50272
243546,1304
243546,37644
243546,50968
243546,35846
243546,46632
243546,10652
243546,51316
243546,33534
243546,50268
243546,50720
243546,50724
243546,44914
243546,61560
243546,61028
243546,62944
243546,32496
243546,55632
243546,63360
243546,63218
243546,62274
243546,63220
243546,63186
243546,56696
243546,63418
243546,63136
243546,63538
243546,36762
243546,54864
243546,48980
243546,55798
243546,62614
243546,53394
243546,62400
243546,53256
243546,45912
243546,55638
243546,10790
243546,59776
243546,53048
243546,50962
243546,62276
243546,62860
243546,1206
243546,48694
204189,61364
204189,1370
204189,50270
204189,16358
204189,33886
204189,50274
204189,49888
204189,46632
204189,10652
204189,51316
204189,50268
204189,61560
204189,50970
204189,61028
204189,63220
204189,63418
204189,62170
204189,54864
204189,48980
204189,53048
204189,50962
204189,44662
155100,1370
155100,30500
155100,11262
155100,61552
155100,50716
155100,34092
155100,57804
155100,61280
155100,60522
155100,11490
155100,50274
155100,60
155100,54290
155100,48298
155100,50272
155100,1304
155100,37644
155100,35846
155100,46632
155100,51316
155100,33534
155100,50268
155100,50724
155100,44914
155100,61560
155100,61028
155100,62944
155100,63510
155100,32496
155100,55632
155100,63360
155100,63218
155100,62274
155100,63220
155100,63186
155100,56696
155100,63418
155100,63136
155100,63538
155100,36762
155100,54864
155100,48980
155100,55798
155100,62614
155100,53394
155100,62400
155100,53256
155100,45912
155100,55638
155100,10790
155100,59776
155100,53048
155100,50962
155100,62276
155100,62860
155100,1206
155100,48694
204057,61364
204057,1370
204057,30500
204057,50270
204057,54096
204057,11262
204057,50716
204057,36720
204057,57804
204057,60522
204057,124
204057,50274
204057,54290
204057,37644
204057,50968
204057,46632
204057,51316
204057,33534
204057,50268
204057,50720
204057,50724
204057,36722
204057,61028
204057,63510
204057,63220
204057,63186
204057,63418
204057,48980
204057,62400
204057,62378
204057,53256
204057,55638
204057,10790
204057,62860
204057,1206
203055,61364
203055,1370
203055,61672
203055,50270
203055,11262
203055,61552
203055,61280
203055,60522
203055,11490
203055,60
203055,46632
203055,51316
203055,33534
203055,50268
203055,61560
203055,61028
203055,63360
203055,63218
203055,63220
203055,63186
203055,63418
203055,54864
203055,48980
203055,62400
203055,55638
203055,10790
203055,62276
203055,62860
203055,56484
154008,61364
154008,1370
154008,50270
154008,11262
154008,35732
154008,61552
154008,39186
154008,61280
154008,60522
154008,62074
154008,11490
154008,124
154008,50274
154008,60
154008,10808
154008,48298
154008,50272
154008,37644
154008,60978
154008,35846
154008,46632
154008,51316
154008,33534
154008,50268
154008,51974
154008,50720
154008,44914
154008,61560
154008,61028
154008,53386
154008,63188
154008,63510
154008,32496
154008,55632
154008,63360
154008,63218
154008,62274
154008,63220
154008,50718
154008,63418
154008,62170
154008,63136
154008,61540
154008,54864
154008,48980
154008,55798
154008,53394
154008,62400
154008,63540
154008,45912
154008,44644
154008,57522
154008,55638
154008,10790
154008,53048
154008,52620
154008,50962
154008,62276
154008,44662
154008,1206
154008,48694
154008,58504
155337,61364
155337,1370
155337,56714
155337,61348
155337,61542
155337,50270
155337,60522
155337,50274
155337,46632
155337,42132
155337,51316
155337,33534
155337,61560
155337,61028
155337,63220
155337,48980
155337,62400
155337,55638
155337,53048
155337,62860
188847,1370
188847,50270
188847,54096
188847,11262
188847,35732
188847,48574
188847,61552
188847,50716
188847,39186
188847,34092
188847,57804
188847,61280
188847,60522
188847,62074
188847,11490
188847,52918
188847,50274
188847,60
188847,10808
188847,1372
188847,54290
188847,48298
188847,59816
188847,59822
188847,1304
188847,37644
188847,53160
188847,35846
188847,46632
188847,10652
188847,51316
188847,33534
188847,50268
188847,51974
188847,50720
188847,50724
188847,44914
188847,61560
188847,61028
188847,63188
188847,62944
188847,59394
188847,63510
188847,32496
188847,55632
188847,63360
188847,63218
188847,62274
188847,63220
188847,63186
188847,50718
188847,56696
188847,63418
188847,62170
188847,63136
188847,62376
188847,63538
188847,36762
188847,54864
188847,48980
188847,55798
188847,62614
188847,53394
188847,62618
188847,62400
188847,62378
188847,53256
188847,45912
188847,44644
188847,57522
188847,55638
188847,10790
188847,59776
188847,53048
188847,50962
188847,62276
188847,62860
188847,56484
188847,1206
188847,48694
188847,53258
188847,58504
166005,61364
166005,1370
166005,30500
166005,56714
166005,61672
166005,61542
166005,50270
166005,54096
166005,11262
166005,35732
166005,48574
166005,61552
166005,50716
166005,39186
166005,34092
166005,57804
166005,61280
166005,62074
166005,11490
166005,52918
166005,50274
166005,60
166005,10808
166005,1372
166005,54290
166005,48298
166005,59816
166005,59822
166005,1304
166005,37644
166005,53160
166005,35846
166005,46632
166005,10652
166005,51316
166005,33534
166005,50268
166005,51974
166005,50720
166005,50724
166005,44914
166005,61560
166005,61028
166005,63188
166005,62944
166005,59394
166005,63510
166005,32496
166005,55632
166005,63360
166005,63218
166005,62274
166005,63220
166005,63186
166005,50718
166005,56696
166005,63418
166005,62170
166005,63136
166005,62376
166005,63538
166005,36762
166005,54864
166005,48980
166005,55798
166005,62614
166005,53394
166005,62618
166005,62400
166005,62378
166005,53256
166005,45912
166005,44644
166005,57522
166005,55638
166005,10790
166005,59776
166005,53048
166005,50962
166005,62276
166005,62860
166005,56484
166005,1206
166005,48694
166005,53258
166005,58504
227223,61364
227223,1370
227223,30500
227223,56714
227223,61672
227223,61542
227223,50270
227223,54096
227223,11262
227223,35732
227223,48574
227223,61552
227223,50716
227223,39186
227223,34092
227223,57804
227223,61280
227223,60522
227223,62074
227223,11490
227223,52918
227223,50274
227223,60
227223,10808
227223,1372
227223,54290
227223,48298
227223,59816
227223,59822
227223,1304
227223,37644
227223,53160
227223,35846
227223,46632
227223,10652
227223,51316
227223,33534
227223,50268
227223,51974
227223,50720
227223,50724
227223,44914
227223,61560
227223,50970
227223,61028
227223,63188
227223,59394
227223,63510
227223,32496
227223,55632
227223,63360
227223,63218
227223,62274
227223,63220
227223,63186
227223,50718
227223,56696
227223,63418
227223,62170
227223,63136
227223,62376
227223,63538
227223,36762
227223,54864
227223,48980
227223,55798
227223,62614
227223,53394
227223,62618
227223,62400
227223,53256
227223,45912
227223,44644
227223,57522
227223,55638
227223,10790
227223,59776
227223,53048
227223,50962
227223,62276
227223,62860
227223,56484
227223,1206
227223,48694
227223,53258
227223,58504
237675,61364
237675,1370
237675,30500
237675,56714
237675,61672
237675,61348
237675,61542
237675,50270
237675,11262
237675,61552
237675,61280
237675,60522
237675,11490
237675,50274
237675,60
237675,46632
237675,51316
237675,33534
237675,50268
237675,61560
237675,61028
237675,63360
237675,63218
237675,63220
237675,63186
237675,63418
237675,54864
237675,48980
237675,62400
237675,55638
237675,10790
237675,62276
237675,62860
219231,61364
219231,1370
219231,50270
219231,50274
219231,46632
219231,61560
219231,61028
219231,48980
219231,53256
219231,56484
207822,1370
207822,50270
207822,54096
207822,11262
207822,35732
207822,48574
207822,61552
207822,50716
207822,39186
207822,34092
207822,57804
207822,61280
207822,60522
207822,62074
207822,11490
207822,50274
207822,60
207822,1372
207822,54290
207822,48298
207822,50272
207822,1304
207822,37644
207822,35846
207822,46632
207822,51316
207822,33534
207822,50268
207822,51974
207822,50720
207822,50724
207822,44914
207822,61560
207822,61028
207822,63188
207822,63510
207822,32496
207822,55632
207822,63360
207822,63218
207822,62274
207822,63220
207822,63186
207822,50718
207822,56696
207822,63418
207822,62170
207822,63136
207822,62376
207822,63538
207822,54864
207822,48980
207822,55798
207822,62614
207822,53394
207822,62618
207822,62400
207822,53256
207822,45912
207822,44644
207822,57522
207822,55638
207822,10790
207822,59776
207822,53048
207822,50962
207822,62276
207822,62860
207822,1206
207822,48694
219420,61364
219420,1370
219420,30500
219420,56714
219420,61672
219420,61348
219420,61542
219420,50270
219420,11262
219420,61280
219420,60522
219420,11490
219420,124
219420,50274
219420,60
219420,46632
219420,51316
219420,33534
219420,50268
219420,61560
219420,61028
219420,63220
219420,63186
219420,63418
219420,62170
219420,63136
219420,54864
219420,48980
219420,53394
219420,62400
219420,53256
219420,55638
219420,10790
219420,50962
219420,62276
219420,62860
219420,58504
181371,61364
181371,1370
181371,50270
181371,54096
181371,11262
181371,50716
181371,36720
181371,57804
181371,60522
181371,50274
181371,54290
181371,37644
181371,50968
181371,46632
181371,51316
181371,33534
181371,50268
181371,50720
181371,50724
181371,36722
181371,61028
181371,63510
181371,63220
181371,63186
181371,63418
181371,48980
181371,62400
181371,62378
181371,53256
181371,55638
181371,10790
181371,62860
181371,1206
153288,61364
153288,1370
153288,61672
153288,50270
153288,124
153288,46632
153288,51316
153288,33534
153288,50268
153288,50720
153288,61560
153288,61028
153288,63220
153288,63186
153288,63418
153288,54864
153288,48980
153288,62400
153288,63540
153288,53256
153288,55638
153288,53048
153288,56484
154383,1370
154383,50270
154383,11262
154383,61280
154383,60522
154383,11490
154383,50274
154383,60
154383,46632
154383,51316
154383,33534
154383,50268
154383,61560
154383,61028
154383,63220
154383,63186
154383,63418
154383,63136
154383,54864
154383,48980
154383,53394
154383,62400
154383,53256
154383,55638
154383,10790
154383,50962
154383,62860
208473,61364
208473,1370
208473,30500
208473,50270
208473,54096
208473,11262
208473,35732
208473,48574
208473,61552
208473,50716
208473,39186
208473,34092
208473,57804
208473,61280
208473,60522
208473,62074
208473,11490
208473,50274
208473,60
208473,1372
208473,54290
208473,48298
208473,50272
208473,1304
208473,37644
208473,35846
208473,46632
208473,51316
208473,33534
208473,50268
208473,51974
208473,50720
208473,50724
208473,44914
208473,61560
208473,61028
208473,63188
208473,63510
208473,32496
208473,55632
208473,63360
208473,63218
208473,62274
208473,63220
208473,63186
208473,50718
208473,56696
208473,63418
208473,62170
208473,63136
208473,62376
208473,63538
208473,54864
208473,48980
208473,55798
208473,62614
208473,53394
208473,62618
208473,62400
208473,53256
208473,45912
208473,44644
208473,57522
208473,55638
208473,10790
208473,59776
208473,53048
208473,50962
208473,62276
208473,62860
208473,1206
208473,48694
227829,61364
227829,1370
227829,30500
227829,56714
227829,61672
227829,61348
227829,61542
227829,50270
227829,54096
227829,11262
227829,35732
227829,48574
227829,61552
227829,50716
227829,39186
227829,34092
227829,57804
227829,61280
227829,62074
227829,11490
227829,52918
227829,50274
227829,60
227829,10808
227829,1372
227829,54290
227829,48298
227829,59816
227829,59822
227829,1304
227829,37644
227829,53160
227829,35846
227829,46632
227829,10652
227829,51316
227829,33534
227829,50268
227829,51974
227829,50720
227829,50724
227829,44914
227829,61560
227829,61028
227829,63188
227829,62944
227829,59394
227829,63510
227829,32496
227829,55632
227829,63360
227829,63218
227829,62274
227829,63220
227829,63186
227829,50718
227829,56696
227829,63418
227829,62170
227829,63136
227829,62376
227829,63538
227829,36762
227829,54864
227829,48980
227829,55798
227829,62614
227829,53394
227829,62618
227829,62400
227829,62378
227829,53256
227829,45912
227829,44644
227829,57522
227829,55638
227829,10790
227829,59776
227829,53048
227829,50962
227829,62276
227829,62860
227829,56484
227829,1206
227829,48694
227829,53258
227829,58504
177873,61364
177873,1370
177873,30500
177873,56714
177873,61672
177873,61542
177873,50270
177873,11262
177873,61280
177873,60522
177873,11490
177873,60
177873,46632
177873,51316
177873,33534
177873,50268
177873,61560
177873,61028
177873,63360
177873,63218
177873,63220
177873,63186
177873,63418
177873,63136
177873,54864
177873,48980
177873,53394
177873,62400
177873,53256
177873,55638
177873,10790
177873,50962
177873,62276
177873,62860
177873,56484
177873,1206
208068,61364
208068,1370
208068,50270
208068,11262
208068,61552
208068,61280
208068,11490
208068,60
208068,46632
208068,51316
208068,33534
208068,50268
208068,61560
208068,61028
208068,63360
208068,63218
208068,63220
208068,63186
208068,63418
208068,63136
208068,54864
208068,48980
208068,53394
208068,62400
208068,53256
208068,55638
208068,10790
208068,50962
208068,62276
208068,62860
208068,1206
154821,61364
154821,1370
154821,50270
154821,11262
154821,61552
154821,50716
154821,57804
154821,61280
154821,60522
154821,62074
154821,11490
154821,50274
154821,60
154821,46632
154821,51316
154821,33534
154821,50268
154821,61560
154821,61028
154821,57414
154821,63360
154821,63218
154821,62274
154821,63220
154821,63186
154821,63418
154821,63136
154821,54864
154821,48980
154821,53394
154821,62400
154821,53256
154821,55638
154821,10790
154821,52620
154821,50962
154821,62276
154821,62860
154821,1206
194601,61364
194601,1370
194601,30500
194601,50270
194601,54096
194601,11262
194601,35732
194601,48574
194601,61552
194601,50716
194601,39186
194601,34092
194601,57804
194601,61280
194601,60522
194601,62074
194601,11490
194601,50274
194601,60
194601,1372
194601,54290
194601,48298
194601,50272
194601,1304
194601,37644
194601,35846
194601,46632
194601,51316
194601,33534
194601,50268
194601,51974
194601,50720
194601,50724
194601,44914
194601,61560
194601,61028
194601,63188
194601,63510
194601,32496
194601,55632
194601,63360
194601,63218
194601,62274
194601,63220
194601,63186
194601,50718
194601,56696
194601,63418
194601,62170
194601,63136
194601,62376
194601,63538
194601,54864
194601,48980
194601,55798
194601,62614
194601,53394
194601,62618
194601,62400
194601,53256
194601,45912
194601,44644
194601,57522
194601,55638
194601,10790
194601,59776
194601,53048
194601,50962
194601,62276
194601,62860
194601,1206
194601,48694
154713,61364
154713,1370
154713,30500
154713,56714
154713,61672
154713,61348
154713,61542
154713,50270
154713,11262
154713,61552
154713,50716
154713,57804
154713,61280
154713,60522
154713,62074
154713,11490
154713,50274
154713,60
154713,46632
154713,51316
154713,33534
154713,50268
154713,61560
154713,61028
154713,57414
154713,63360
154713,63218
154713,62274
154713,63220
154713,63186
154713,63418
154713,63136
154713,54864
154713,48980
154713,53394
154713,62400
154713,53256
154713,55638
154713,10790
154713,52620
154713,50962
154713,62276
154713,62860
154713,1206
206514,61364
206514,1370
206514,30500
206514,50270
206514,61280
206514,60522
206514,124
206514,60
206514,46632
206514,51316
206514,33534
206514,50268
206514,61560
206514,61028
206514,57414
206514,63220
206514,63186
206514,63418
206514,63136
206514,54864
206514,48980
206514,53394
206514,62400
206514,53256
206514,55638
206514,10790
206514,53048
206514,50962
206514,62860
153867,61364
153867,1370
153867,30500
153867,61348
153867,50270
153867,11262
153867,61552
153867,50716
153867,57804
153867,61280
153867,60522
153867,62074
153867,11490
153867,50274
153867,60
153867,46632
153867,51316
153867,33534
153867,50268
153867,61560
153867,61028
153867,63360
153867,63218
153867,62274
153867,63220
153867,63186
153867,63418
153867,63136
153867,54864
153867,48980
153867,53394
153867,62400
153867,53256
153867,55638
153867,10790
153867,52620
153867,50962
153867,62276
153867,62860
153867,1206
206838,61364
206838,1370
206838,30500
206838,50270
206838,11262
206838,61552
206838,39186
206838,34092
206838,61280
206838,60522
206838,62074
206838,11490
206838,50274
206838,54290
206838,48298
206838,50272
206838,1304
206838,37644
206838,46632
206838,42132
206838,51316
206838,33534
206838,50268
206838,50720
206838,50724
206838,44914
206838,61560
206838,61028
206838,63510
206838,32496
206838,55632
206838,63360
206838,63218
206838,62274
206838,63220
206838,63186
206838,56696
206838,63418
206838,63136
206838,63538
206838,36762
206838,54864
206838,48980
206838,55798
206838,62614
206838,53394
206838,62400
206838,53256
206838,45912
206838,55638
206838,10790
206838,59776
206838,53048
206838,50962
206838,62276
206838,62860
206838,1206
206838,48694
209829,61364
209829,1370
209829,30500
209829,56714
209829,50270
209829,11262
209829,48574
209829,61552
209829,50716
209829,39186
209829,34092
209829,57804
209829,61280
209829,60522
209829,62074
209829,11490
209829,52918
209829,50274
209829,60
209829,10808
209829,1372
209829,54290
209829,48298
209829,59816
209829,59822
209829,1304
209829,37644
209829,53160
209829,35846
209829,46632
209829,10652
209829,51316
209829,33534
209829,50268
209829,51974
209829,50720
209829,50724
209829,44914
209829,61560
209829,50970
209829,61028
209829,63188
209829,62944
209829,59394
209829,63510
209829,32496
209829,55632
209829,63360
209829,63218
209829,62274
209829,63220
209829,63186
209829,50718
209829,56696
209829,63418
209829,62170
209829,63136
209829,62376
209829,63538
209829,36762
209829,54864
209829,48980
209829,55798
209829,62614
209829,53394
209829,62618
209829,62400
209829,53256
209829,45912
209829,44644
209829,57522
209829,55638
209829,10790
209829,59776
209829,53048
209829,50962
209829,62276
209829,62860
209829,56484
209829,1206
209829,48694
209829,53258
209829,58504
206763,61364
206763,1370
206763,30500
206763,56714
206763,61672
206763,61542
206763,50270
206763,54096
206763,11262
206763,35732
206763,48574
206763,61552
206763,50716
206763,39186
206763,34092
206763,57804
206763,61280
206763,60522
206763,62074
206763,11490
206763,52918
206763,50274
206763,60
206763,10808
206763,1372
206763,54290
206763,48298
206763,59816
206763,59822
206763,1304
206763,37644
206763,53160
206763,35846
206763,46632
206763,10652
206763,51316
206763,33534
206763,50268
206763,51974
206763,50720
206763,50724
206763,44914
206763,61560
206763,50970
206763,61028
206763,63188
206763,62944
206763,59394
206763,63510
206763,32496
206763,55632
206763,63360
206763,63218
206763,62274
206763,63220
206763,63186
206763,50718
206763,56696
206763,63418
206763,62170
206763,63136
206763,62376
206763,63538
206763,36762
206763,54864
206763,48980
206763,55798
206763,62614
206763,53394
206763,62618
206763,62400
206763,62378
206763,53256
206763,45912
206763,44644
206763,57522
206763,55638
206763,10790
206763,59776
206763,53048
206763,50962
206763,62276
206763,62860
206763,56484
206763,1206
206763,48694
206763,53258
206763,58504
200364,61364
200364,1370
200364,30500
200364,56714
200364,61672
200364,61348
200364,61542
200364,50270
200364,54096
200364,11262
200364,35732
200364,48574
200364,61552
200364,50716
200364,39186
200364,34092
200364,57804
200364,61280
200364,60522
200364,62074
200364,16358
200364,44302
200364,11490
200364,124
200364,52918
200364,50274
200364,60
200364,3382
200364,10808
200364,61558
200364,1372
200364,54290
200364,48298
200364,59816
200364,59822
200364,50272
200364,1304
200364,37644
200364,49888
200364,53160
200364,35846
200364,46632
200364,10652
200364,51316
200364,33534
200364,50268
200364,51974
200364,50720
200364,50724
200364,44914
200364,61560
200364,50970
200364,61028
200364,53386
200364,63188
200364,62944
200364,59394
200364,63510
200364,32496
200364,55632
200364,57414
200364,63360
200364,63218
200364,59396
200364,62274
200364,63220
200364,63186
200364,50718
200364,56696
200364,63418
200364,44660
200364,62170
200364,63136
200364,61540
200364,62376
200364,53046
200364,63538
200364,36762
200364,54864
200364,48980
200364,55798
200364,62614
200364,53394
200364,62618
200364,62616
200364,62400
200364,62378
200364,53256
200364,45912
200364,44644
200364,57522
200364,55638
200364,10790
200364,44664
200364,59776
200364,53048
200364,52620
200364,50962
200364,62276
200364,62860
200364,56484
200364,1206
200364,48694
200364,53258
200364,58504
223776,61364
223776,1370
223776,30500
223776,56714
223776,61672
223776,61542
223776,50270
223776,61280
223776,60522
223776,50274
223776,60
223776,46632
223776,51316
223776,33534
223776,61560
223776,61028
223776,63220
223776,63418
223776,63136
223776,54864
223776,48980
223776,62400
223776,53256
223776,55638
223776,10790
223776,50962
223776,62860
65052,1370
65052,50270
65052,11262
65052,61552
65052,61280
65052,60522
65052,11490
65052,50274
65052,60
65052,46632
65052,51316
65052,33534
65052,50268
65052,61560
65052,61028
65052,63360
65052,63218
65052,63220
65052,63186
65052,63418
65052,63136
65052,54864
65052,48980
65052,53394
65052,62400
65052,53256
65052,55638
65052,10790
65052,50962
65052,62276
65052,62860
65052,1206
181704,61364
181704,1370
181704,50270
181704,11262
181704,60522
181704,46632
181704,51316
181704,33534
181704,50268
181704,61560
181704,61028
181704,63220
181704,63186
181704,63418
181704,54864
181704,48980
181704,62400
181704,53256
181704,55638
181704,53048
181704,50962
181704,62860
203511,1370
203511,50270
203511,61280
203511,60522
203511,50274
203511,60
203511,46632
203511,51316
203511,33534
203511,50268
203511,61560
203511,61028
203511,63220
203511,63418
203511,63136
203511,54864
203511,48980
203511,62400
203511,53256
203511,55638
203511,10790
203511,50962
203511,62860
195378,61364
195378,1370
195378,50270
195378,54096
195378,11262
195378,35732
195378,48574
195378,61552
195378,50716
195378,39186
195378,34092
195378,57804
195378,61280
195378,60522
195378,62074
195378,11490
195378,52918
195378,50274
195378,60
195378,10808
195378,1372
195378,54290
195378,48298
195378,59816
195378,59822
195378,1304
195378,37644
195378,53160
195378,35846
195378,46632
195378,10652
195378,51316
195378,33534
195378,50268
195378,51974
195378,50720
195378,50724
195378,44914
195378,61560
195378,50970
195378,61028
195378,63188
195378,59394
195378,63510
195378,32496
195378,55632
195378,63360
195378,63218
195378,62274
195378,63220
195378,63186
195378,50718
195378,56696
195378,63418
195378,62170
195378,63136
195378,62376
195378,63538
195378,36762
195378,54864
195378,48980
195378,55798
195378,62614
195378,53394
195378,62618
195378,62400
195378,62378
195378,53256
195378,45912
195378,44644
195378,57522
195378,55638
195378,10790
195378,59776
195378,53048
195378,50962
195378,62276
195378,62860
195378,56484
195378,1206
195378,48694
195378,53258
195378,58504
208617,61364
208617,1370
208617,30500
208617,56714
208617,61672
208617,61542
208617,50270
208617,54096
208617,11262
208617,35732
208617,48574
208617,61552
208617,50716
208617,39186
208617,34092
208617,57804
208617,61280
208617,60522
208617,62074
208617,11490
208617,52918
208617,50274
208617,60
208617,10808
208617,1372
208617,54290
208617,48298
208617,59816
208617,59822
208617,1304
208617,37644
208617,35846
208617,46632
208617,10652
208617,51316
208617,33534
208617,50268
208617,51974
208617,50720
208617,50724
208617,44914
208617,61560
208617,61028
208617,63188
208617,62944
208617,59394
208617,63510
208617,32496
208617,55632
208617,63360
208617,63218
208617,62274
208617,63220
208617,63186
208617,50718
208617,56696
208617,63418
208617,62170
208617,63136
208617,62376
208617,63538
208617,36762
208617,54864
208617,48980
208617,55798
208617,62614
208617,53394
208617,62618
208617,62400
208617,53256
208617,45912
208617,44644
208617,57522
208617,55638
208617,10790
208617,59776
208617,53048
208617,50962
208617,62276
208617,62860
208617,1206
208617,48694
208617,53258
208617,58504
208521,61364
208521,1370
208521,30500
208521,56714
208521,61672
208521,61542
208521,50270
208521,60522
208521,50274
208521,1372
208521,54290
208521,37644
208521,50968
208521,46632
208521,51316
208521,33534
208521,50720
208521,50724
208521,61560
208521,61028
208521,63510
208521,63220
208521,63186
208521,63418
208521,48980
208521,62618
208521,62400
208521,53256
208521,55638
208521,53048
208521,62276
208521,62860
208521,1206
221196,61364
221196,1370
221196,61672
221196,50270
221196,54096
221196,11262
221196,35732
221196,48574
221196,61552
221196,50716
221196,39186
221196,34092
221196,57804
221196,61280
221196,60522
221196,62074
221196,11490
221196,52918
221196,50274
221196,60
221196,10808
221196,1372
221196,54290
221196,48298
221196,59816
221196,59822
221196,1304
221196,37644
221196,53160
221196,35846
221196,46632
221196,10652
221196,51316
221196,33534
221196,50268
221196,51974
221196,50720
221196,50724
221196,44914
221196,61560
221196,61028
221196,63188
221196,62944
221196,59394
221196,63510
221196,32496
221196,55632
221196,63360
221196,63218
221196,62274
221196,63220
221196,63186
221196,50718
221196,56696
221196,63418
221196,62170
221196,63136
221196,62376
221196,63538
221196,36762
221196,54864
221196,48980
221196,55798
221196,62614
221196,53394
221196,62618
221196,62400
221196,62378
221196,53256
221196,45912
221196,44644
221196,57522
221196,55638
221196,10790
221196,59776
221196,53048
221196,50962
221196,62276
221196,62860
221196,56484
221196,1206
221196,48694
221196,53258
221196,58504
210978,61364
210978,1370
210978,30500
210978,56714
210978,61672
210978,61542
210978,50270
210978,54096
210978,11262
210978,35732
210978,48574
210978,61552
210978,50716
210978,39186
210978,34092
210978,57804
210978,61280
210978,60522
210978,62074
210978,16358
210978,44302
210978,11490
210978,124
210978,52918
210978,50274
210978,60
210978,3382
210978,10808
210978,61558
210978,1372
210978,54290
210978,48298
210978,59816
210978,59822
210978,50272
210978,1304
210978,37644
210978,49888
210978,53160
210978,35846
210978,46632
210978,10652
210978,51316
210978,33534
210978,50268
210978,51974
210978,50720
210978,50724
210978,44914
210978,61560
210978,50970
210978,61028
210978,53386
210978,63188
210978,62944
210978,59394
210978,63510
210978,32496
210978,55632
210978,57414
210978,63360
210978,63218
210978,59396
210978,62274
210978,63220
210978,63186
210978,50718
210978,56696
210978,63418
210978,44660
210978,62170
210978,63136
210978,61540
210978,62376
210978,53046
210978,63538
210978,36762
210978,54864
210978,48980
210978,55798
210978,62614
210978,53394
210978,62618
210978,62616
210978,62400
210978,62378
210978,53256
210978,45912
210978,44644
210978,57522
210978,55638
210978,10790
210978,44664
210978,59776
210978,53048
210978,52620
210978,50962
210978,62276
210978,62860
210978,56484
210978,1206
210978,48694
210978,53258
210978,58504
157080,61364
157080,1370
157080,30500
157080,56714
157080,61672
157080,61542
157080,50270
157080,39186
157080,50274
157080,46632
157080,61560
157080,50970
157080,61028
157080,48980
157080,55638
157080,44662
206799,1370
206799,11262
206799,61552
206799,61280
206799,60522
206799,11490
206799,50274
206799,60
206799,46632
206799,51316
206799,33534
206799,50268
206799,61560
206799,61028
206799,63360
206799,63218
206799,63220
206799,63418
206799,54864
206799,48980
206799,62400
206799,55638
206799,10790
206799,62276
206799,62860
210627,61364
210627,1370
210627,50270
210627,11262
210627,61552
210627,61280
210627,60522
210627,11490
210627,50274
210627,60
210627,46632
210627,51316
210627,33534
210627,50268
210627,61560
210627,61028
210627,63360
210627,63218
210627,63220
210627,63186
210627,63418
210627,63136
210627,54864
210627,48980
210627,53394
210627,62400
210627,53256
210627,55638
210627,10790
210627,50962
210627,62276
210627,62860
210627,1206
212445,61364
212445,1370
212445,50270
212445,11262
212445,60522
212445,60
212445,46632
212445,42132
212445,51316
212445,33534
212445,50268
212445,61560
212445,61028
212445,63220
212445,63186
212445,63418
212445,63136
212445,54864
212445,48980
212445,62400
212445,53256
212445,55638
212445,10790
212445,53048
212445,50962
212445,62860
207267,61364
207267,1370
207267,50270
207267,11262
207267,48574
207267,61552
207267,50716
207267,34092
207267,57804
207267,61280
207267,60522
207267,11490
207267,50274
207267,60
207267,54290
207267,48298
207267,50272
207267,1304
207267,37644
207267,53160
207267,35846
207267,46632
207267,51316
207267,33534
207267,50268
207267,50724
207267,44914
207267,61560
207267,61028
207267,62944
207267,59394
207267,63510
207267,32496
207267,55632
207267,63360
207267,63218
207267,62274
207267,63220
207267,63186
207267,56696
207267,63418
207267,62170
207267,63136
207267,62376
207267,63538
207267,36762
207267,54864
207267,48980
207267,55798
207267,62614
207267,53394
207267,62400
207267,53256
207267,45912
207267,55638
207267,10790
207267,59776
207267,53048
207267,50962
207267,62276
207267,62860
207267,1206
207267,48694
207267,53258
63876,61364
63876,1370
63876,30500
63876,50270
63876,11262
63876,61552
63876,50716
63876,57804
63876,61280
63876,60522
63876,62074
63876,11490
63876,50274
63876,60
63876,46632
63876,51316
63876,33534
63876,50268
63876,61560
63876,61028
63876,63360
63876,63218
63876,62274
63876,63220
63876,63418
63876,63136
63876,54864
63876,48980
63876,53394
63876,62400
63876,53256
63876,55638
63876,10790
63876,52620
63876,50962
63876,62276
63876,62860
63876,1206
206991,61364
206991,1370
206991,30500
206991,50270
206991,50274
206991,46632
206991,61560
206991,61028
206991,48980
206991,55638
206991,56484
166362,1370
166362,50270
166362,54096
166362,11262
166362,35732
166362,48574
166362,61552
166362,50716
166362,39186
166362,34092
166362,57804
166362,61280
166362,60522
166362,62074
166362,11490
166362,52918
166362,50274
166362,60
166362,10808
166362,1372
166362,54290
166362,48298
166362,59816
166362,59822
166362,1304
166362,37644
166362,35846
166362,46632
166362,10652
166362,51316
166362,33534
166362,50268
166362,51974
166362,50720
166362,50724
166362,44914
166362,61560
166362,61028
166362,63188
166362,62944
166362,59394
166362,63510
166362,32496
166362,55632
166362,63360
166362,63218
166362,62274
166362,63220
166362,63186
166362,50718
166362,56696
166362,63418
166362,62170
166362,63136
166362,62376
166362,63538
166362,36762
166362,54864
166362,48980
166362,55798
166362,62614
166362,53394
166362,62618
166362,62400
166362,53256
166362,45912
166362,44644
166362,57522
166362,55638
166362,10790
166362,59776
166362,53048
166362,52620
166362,50962
166362,62276
166362,62860
166362,56484
166362,1206
166362,48694
166362,53258
166362,58504
228564,61364
228564,1370
228564,30500
228564,56714
228564,61672
228564,61542
228564,50270
228564,11262
228564,61552
228564,50716
228564,57804
228564,61280
228564,60522
228564,62074
228564,11490
228564,50274
228564,60
228564,46632
228564,51316
228564,33534
228564,50268
228564,61560
228564,61028
228564,63360
228564,63218
228564,62274
228564,63220
228564,63418
228564,63136
228564,54864
228564,48980
228564,53394
228564,62400
228564,53256
228564,55638
228564,10790
228564,52620
228564,50962
228564,62276
228564,62860
228564,1206
220302,61364
220302,1370
220302,30500
220302,50270
220302,54096
220302,11262
220302,35732
220302,48574
220302,61552
220302,50716
220302,39186
220302,34092
220302,57804
220302,61280
220302,60522
220302,62074
220302,11490
220302,50274
220302,60
220302,1372
220302,54290
220302,48298
220302,50272
220302,1304
220302,37644
220302,35846
220302,46632
220302,51316
220302,33534
220302,50268
220302,51974
220302,50720
220302,50724
220302,44914
220302,61560
220302,61028
220302,63188
220302,63510
220302,32496
220302,55632
220302,57414
220302,63360
220302,63218
220302,62274
220302,63220
220302,63186
220302,50718
220302,56696
220302,63418
220302,62170
220302,63136
220302,62376
220302,63538
220302,54864
220302,48980
220302,55798
220302,62614
220302,53394
220302,62618
220302,62400
220302,53256
220302,45912
220302,44644
220302,57522
220302,55638
220302,10790
220302,59776
220302,53048
220302,50962
220302,62276
220302,62860
220302,1206
220302,48694
210111,61364
210111,1370
210111,30500
210111,56714
210111,61672
210111,61348
210111,61542
210111,50270
210111,54096
210111,11262
210111,35732
210111,48574
210111,61552
210111,50716
210111,36720
210111,39186
210111,34092
210111,57804
210111,61280
210111,60522
210111,62074
210111,16358
210111,44302
210111,11490
210111,124
210111,52918
210111,33886
210111,50274
210111,60
210111,3382
210111,10808
210111,61558
210111,1372
210111,54290
210111,48298
210111,59816
210111,59822
210111,50272
210111,1304
210111,37644
210111,49888
210111,53160
210111,35846
210111,46632
210111,10652
210111,42132
210111,51316
210111,33534
210111,50268
210111,53406
210111,51974
210111,50720
210111,50724
210111,44914
210111,61560
210111,50970
210111,36722
210111,61028
210111,53386
210111,63188
210111,62944
210111,59394
210111,63510
210111,32496
210111,55632
210111,57414
210111,63360
210111,63218
210111,59396
210111,62274
210111,63220
210111,63186
210111,50718
210111,56696
210111,63418
210111,44660
210111,62170
210111,63136
210111,61540
210111,62376
210111,63538
210111,36762
210111,54864
210111,48980
210111,55798
210111,62614
210111,53394
210111,62618
210111,62616
210111,62400
210111,62378
210111,63540
210111,53256
210111,45912
210111,44644
210111,57522
210111,55638
210111,10790
210111,44664
210111,59776
210111,53048
210111,52620
210111,50962
210111,62276
210111,62860
210111,44662
210111,56484
210111,1206
210111,48694
210111,53258
210111,58504
195582,61364
195582,1370
195582,30500
195582,56714
195582,61672
195582,61348
195582,61542
195582,50270
195582,60522
195582,50274
195582,60
195582,46632
195582,51316
195582,33534
195582,61560
195582,61028
195582,63220
195582,63186
195582,48980
195582,62400
195582,55638
195582,10790
195582,53048
195582,62860
176595,1370
176595,50270
176595,11262
176595,48574
176595,34092
176595,57804
176595,62074
176595,124
176595,52918
176595,59822
176595,50272
176595,1304
176595,50968
176595,46632
176595,51316
176595,50720
176595,36722
176595,63510
176595,32496
176595,55632
176595,57414
176595,63360
176595,63218
176595,59396
176595,62274
176595,63186
176595,50718
176595,56696
176595,63418
176595,44660
176595,62170
176595,62376
176595,63538
176595,54864
176595,48980
176595,62614
176595,62618
176595,62616
176595,62400
176595,62378
176595,63540
176595,45912
176595,44644
176595,55638
176595,59776
176595,53048
176595,52620
176595,62276
176595,62860
176595,44662
176595,1206
176595,48694
176595,53258
176595,58504
65328,61364
65328,1370
65328,56714
65328,61348
65328,61542
65328,50270
65328,54096
65328,11262
65328,35732
65328,61552
65328,50716
65328,39186
65328,34092
65328,57804
65328,61280
65328,60522
65328,62074
65328,44302
65328,11490
65328,52918
65328,50274
65328,60
65328,3382
65328,10808
65328,61558
65328,1372
65328,54290
65328,48298
65328,59822
65328,50272
65328,37644
65328,49888
65328,53160
65328,50968
65328,60978
65328,35846
65328,10652
65328,42132
65328,33534
65328,50268
65328,53406
65328,50720
65328,50724
65328,44914
65328,61560
65328,50970
65328,36722
65328,61028
65328,53386
65328,63188
65328,62944
65328,59394
65328,63510
65328,32496
65328,36762
65328,54864
65328,53048
65328,56484
154035,56714
154035,60978
154035,51974
154035,61028
154035,32496
154035,55632
154035,57414
154035,63360
154035,63218
154035,59396
154035,62274
154035,63186
154035,50718
154035,56696
154035,63418
154035,44660
154035,62170
154035,62376
154035,63538
154035,54864
154035,48980
154035,62614
154035,62618
154035,62616
154035,62400
154035,62378
154035,63540
154035,45912
154035,44644
154035,55638
154035,59776
154035,53048
154035,52620
154035,62276
154035,62860
154035,44662
154035,1206
154035,48694
154035,53258
154035,58504
185817,61364
185817,56714
185817,61348
185817,50270
185817,54096
185817,11262
185817,35732
185817,61552
185817,50716
185817,39186
185817,34092
185817,57804
185817,61280
185817,60522
185817,62074
185817,44302
185817,11490
185817,52918
185817,50274
185817,60
185817,3382
185817,10808
185817,61558
185817,1372
185817,54290
185817,48298
185817,59822
185817,50272
185817,37644
185817,49888
185817,53160
185817,50968
185817,60978
185817,35846
185817,10652
185817,42132
185817,51316
185817,33534
185817,50268
185817,53406
185817,50720
185817,50724
185817,44914
185817,61560
185817,50970
185817,36722
185817,61028
185817,53386
185817,63188
185817,62944
185817,63510
185817,32496
185817,36762
185817,54864
185817,53048
185817,56484
128685,56714
128685,1304
128685,60978
128685,51974
128685,61028
128685,32496
128685,36762
128685,54864
128685,53048
244065,56714
244065,60978
244065,51974
244065,61028
244065,32496
244065,57414
244065,59396
244065,63186
244065,50718
244065,63418
244065,44660
244065,62170
244065,62376
244065,54864
244065,62616
244065,62400
244065,53256
244065,45912
244065,44644
244065,53048
244065,50962
244065,62276
244065,62860
244065,44662
244065,48694
244065,53258
244065,58504
60762,61364
60762,56714
60762,54096
60762,11262
60762,35732
60762,61552
60762,50716
60762,39186
60762,34092
60762,57804
60762,60522
60762,62074
60762,11490
60762,50274
60762,60
60762,3382
60762,10808
60762,61558
60762,1372
60762,54290
60762,59822
60762,37644
60762,49888
60762,60978
60762,35846
60762,10652
60762,42132
60762,33534
60762,50268
60762,53406
60762,50724
60762,44914
60762,36722
60762,61028
60762,53386
60762,63188
60762,32496
60762,57414
60762,63218
60762,59396
60762,62274
60762,63186
60762,50718
60762,56696
60762,63418
60762,44660
60762,62170
60762,62376
60762,63538
60762,54864
60762,48980
60762,62614
60762,62618
60762,62616
60762,62400
60762,62378
60762,63540
60762,45912
60762,44644
60762,55638
60762,59776
60762,53048
60762,52620
60762,62276
60762,62860
60762,44662
60762,1206
60762,48694
60762,53258
60762,58504
153882,61364
153882,1370
153882,56714
153882,61348
153882,61542
153882,50270
153882,54096
153882,11262
153882,35732
153882,61552
153882,50716
153882,39186
153882,34092
153882,57804
153882,61280
153882,60522
153882,62074
153882,44302
153882,11490
153882,52918
153882,50274
153882,60
153882,3382
153882,10808
153882,61558
153882,1372
153882,54290
153882,48298
153882,59822
153882,37644
153882,49888
153882,53160
153882,50968
153882,60978
153882,35846
153882,10652
153882,42132
153882,33534
153882,50268
153882,53406
153882,50720
153882,50724
153882,44914
153882,61560
153882,50970
153882,36722
153882,61028
153882,53386
153882,63188
153882,62944
153882,63510
153882,32496
153882,57414
153882,59396
153882,63186
153882,50718
153882,63418
153882,44660
153882,62170
153882,62376
153882,53046
153882,54864
153882,62616
153882,62400
153882,53256
153882,45912
153882,44644
153882,53048
153882,50962
153882,62276
153882,62860
153882,44662
153882,48694
153882,53258
153882,58504
212637,61364
212637,56714
212637,54096
212637,11262
212637,35732
212637,61552
212637,50716
212637,39186
212637,34092
212637,57804
212637,60522
212637,62074
212637,11490
212637,50274
212637,60
212637,3382
212637,10808
212637,61558
212637,1372
212637,54290
212637,59822
212637,37644
212637,49888
212637,60978
212637,35846
212637,10652
212637,42132
212637,33534
212637,50268
212637,53406
212637,50724
212637,44914
212637,36722
212637,61028
212637,53386
212637,63188
212637,32496
212637,57414
212637,59396
212637,62274
212637,50718
212637,56696
212637,44660
212637,62170
212637,62376
212637,54864
212637,48980
212637,62616
212637,62400
212637,53256
212637,45912
212637,44644
212637,53048
212637,52620
212637,50962
212637,62276
212637,62860
212637,44662
212637,48694
212637,53258
212637,58504
153423,61364
153423,1370
153423,56714
153423,11262
153423,35732
153423,61552
153423,50716
153423,39186
153423,34092
153423,57804
153423,60522
153423,62074
153423,11490
153423,50274
153423,60
153423,10808
153423,61558
153423,1372
153423,54290
153423,59822
153423,50272
153423,37644
153423,49888
153423,60978
153423,35846
153423,10652
153423,42132
153423,33534
153423,50268
153423,53406
153423,50724
153423,44914
153423,36722
153423,61028
153423,53386
153423,62944
153423,32496
153423,36762
153423,54864
153423,53048
153423,56484
220095,56714
220095,60978
220095,51974
220095,61028
220095,32496
220095,57414
220095,44660
220095,53048
220095,62276
220095,62860
220095,44662
212235,61364
212235,56714
212235,34092
212235,57804
212235,62074
212235,3382
212235,10808
212235,59822
212235,37644
212235,60978
212235,42132
212235,33534
212235,53406
212235,50720
212235,61028
212235,32496
212235,55632
212235,57414
212235,63360
212235,63218
212235,59396
212235,62274
212235,63186
212235,50718
212235,56696
212235,63418
212235,44660
212235,62170
212235,62376
212235,63538
212235,54864
212235,48980
212235,62614
212235,62618
212235,62616
212235,62400
212235,62378
212235,63540
212235,45912
212235,44644
212235,55638
212235,59776
212235,53048
212235,52620
212235,62276
212235,62860
212235,44662
212235,1206
212235,48694
212235,53258
212235,58504
154518,61364
154518,56714
154518,61348
154518,50270
154518,54096
154518,11262
154518,35732
154518,61552
154518,50716
154518,39186
154518,34092
154518,57804
154518,61280
154518,60522
154518,62074
154518,44302
154518,11490
154518,52918
154518,50274
154518,60
154518,3382
154518,10808
154518,61558
154518,1372
154518,54290
154518,48298
154518,59822
154518,50272
154518,37644
154518,49888
154518,53160
154518,50968
154518,60978
154518,35846
154518,10652
154518,42132
154518,51316
154518,33534
154518,50268
154518,53406
154518,50720
154518,50724
154518,44914
154518,61560
154518,50970
154518,36722
154518,61028
154518,53386
154518,63188
154518,62944
154518,63510
154518,32496
154518,55632
154518,57414
154518,63360
154518,63218
154518,59396
154518,62274
154518,63186
154518,50718
154518,56696
154518,63418
154518,44660
154518,62170
154518,62376
154518,63538
154518,54864
154518,48980
154518,62614
154518,62618
154518,62616
154518,62400
154518,62378
154518,63540
154518,45912
154518,44644
154518,55638
154518,59776
154518,53048
154518,52620
154518,62276
154518,62860
154518,44662
154518,1206
154518,48694
154518,53258
154518,58504
153279,61364
153279,56714
153279,61348
153279,50270
153279,54096
153279,11262
153279,35732
153279,61552
153279,50716
153279,39186
153279,34092
153279,57804
153279,61280
153279,60522
153279,62074
153279,44302
153279,11490
153279,52918
153279,50274
153279,60
153279,3382
153279,10808
153279,61558
153279,1372
153279,54290
153279,48298
153279,59822
153279,50272
153279,37644
153279,49888
153279,53160
153279,50968
153279,60978
153279,35846
153279,10652
153279,42132
153279,51316
153279,33534
153279,50268
153279,53406
153279,50720
153279,50724
153279,44914
153279,61560
153279,50970
153279,36722
153279,61028
153279,53386
153279,63188
153279,62944
153279,63510
153279,32496
153279,54864
153279,53048
233427,1370
233427,56714
233427,10808
233427,51974
233427,61028
233427,32496
233427,55632
233427,57414
233427,63360
233427,63218
233427,59396
233427,62274
233427,63220
233427,63186
233427,50718
233427,56696
233427,63418
233427,44660
233427,62170
233427,63136
233427,61540
233427,62376
233427,53046
233427,63538
233427,36762
233427,54864
233427,48980
233427,55798
233427,62614
233427,62618
233427,62616
233427,62400
233427,62378
233427,63540
233427,53256
233427,45912
233427,44644
233427,57522
233427,10790
233427,44664
233427,59776
233427,53048
233427,52620
233427,50962
233427,62276
233427,62860
233427,44662
233427,56484
233427,1206
233427,48694
233427,53258
233427,58504
188685,61364
188685,1370
188685,30500
188685,56714
188685,61672
188685,61348
188685,61542
188685,50270
188685,54096
188685,11262
188685,35732
188685,48574
188685,61552
188685,50716
188685,36720
188685,39186
188685,34092
188685,57804
188685,61280
188685,60522
188685,62074
188685,16358
188685,44302
188685,11490
188685,124
188685,52918
188685,50274
188685,60
188685,3382
188685,61558
188685,1372
188685,54290
188685,48298
188685,59816
188685,59822
188685,50272
188685,37644
188685,49888
188685,53160
188685,50968
188685,60978
188685,35846
188685,46632
188685,10652
188685,42132
188685,51316
188685,33534
188685,50268
188685,53406
188685,51974
188685,50720
188685,50724
188685,44914
188685,61560
188685,50970
188685,36722
188685,61028
188685,53386
188685,63188
188685,62944
188685,59394
188685,63510
188685,32496
188685,55632
188685,57414
188685,63360
188685,63218
188685,59396
188685,62274
188685,63186
188685,50718
188685,56696
188685,63418
188685,44660
188685,62170
188685,63136
188685,61540
188685,62376
188685,53046
188685,63538
188685,54864
188685,48980
188685,55798
188685,62614
188685,53394
188685,62618
188685,62616
188685,62400
188685,62378
188685,63540
188685,53256
188685,45912
188685,44644
188685,57522
188685,55638
188685,59776
188685,53048
188685,52620
188685,62276
188685,62860
188685,44662
188685,56484
188685,1206
188685,48694
188685,53258
188685,58504
163578,61364
163578,1370
163578,56714
163578,61672
163578,61348
163578,61542
163578,50270
163578,54096
163578,11262
163578,35732
163578,48574
163578,61552
163578,50716
163578,36720
163578,39186
163578,34092
163578,57804
163578,61280
163578,60522
163578,62074
163578,16358
163578,44302
163578,11490
163578,124
163578,52918
163578,33886
163578,50274
163578,60
163578,3382
163578,10808
163578,61558
163578,1372
163578,54290
163578,48298
163578,59816
163578,59822
163578,50272
163578,37644
163578,49888
163578,53160
163578,50968
163578,60978
163578,35846
163578,46632
163578,10652
163578,42132
163578,51316
163578,33534
163578,50268
163578,53406
163578,50720
163578,50724
163578,44914
163578,61560
163578,50970
163578,36722
163578,61028
163578,53386
163578,63188
163578,62944
163578,59394
163578,63510
163578,32496
163578,57414
163578,63360
163578,59396
163578,63186
163578,63418
163578,44660
163578,62170
163578,62376
163578,53046
163578,54864
163578,48980
163578,62614
163578,44644
163578,44664
163578,59776
163578,53048
163578,62276
163578,62860
163578,44662
163578,48694
163578,58504
205731,61364
205731,1370
205731,56714
205731,61672
205731,54096
205731,11262
205731,35732
205731,61552
205731,50716
205731,39186
205731,34092
205731,62074
205731,44302
205731,11490
205731,3382
205731,10808
205731,61558
205731,54290
205731,59822
205731,1304
205731,49888
205731,60978
205731,35846
205731,42132
205731,51316
205731,33534
205731,50268
205731,51974
205731,50724
205731,50970
205731,36722
205731,61028
205731,63188
205731,59394
205731,32496
205731,57414
205731,44660
205731,53046
205731,54864
205731,53048
205731,50962
205731,62276
205731,62860
205731,44662
190113,61364
190113,56714
190113,34092
190113,57804
190113,62074
190113,3382
190113,10808
190113,59822
190113,1304
190113,37644
190113,60978
190113,42132
190113,33534
190113,53406
190113,50720
190113,61028
190113,32496
190113,63418
190113,44660
190113,62376
190113,48980
190113,53048
190113,62276
190113,62860
190113,44662
183459,61364
183459,56714
183459,34092
183459,11490
183459,10808
183459,59822
183459,37644
183459,60978
183459,35846
183459,33534
183459,53406
183459,61028
183459,32496
183459,53048
183459,44662
64860,61364
64860,56714
64860,34092
64860,59822
64860,60978
64860,35846
64860,53406
64860,61028
64860,32496
64860,63418
64860,44660
64860,62376
64860,54864
64860,48980
64860,44644
64860,53048
64860,62276
64860,62860
64860,53258
183675,61364
183675,56714
183675,34092
183675,57804
183675,10808
183675,59822
183675,60978
183675,35846
183675,33534
183675,53406
183675,50724
183675,61028
183675,32496
183675,57414
183675,44660
183675,53046
183675,54864
183675,53048
183675,50962
183675,62276
183675,62860
183675,44662
149634,61364
149634,56714
149634,34092
149634,57804
149634,62074
149634,3382
149634,10808
149634,59822
149634,1304
149634,37644
149634,60978
149634,42132
149634,33534
149634,53406
149634,50720
149634,61028
149634,32496
149634,57414
149634,63418
149634,61540
149634,63538
149634,44664
149634,53048
149634,52620
149634,50962
149634,48694
203784,61364
203784,50716
203784,36720
203784,57804
203784,52918
203784,33886
203784,1372
203784,37644
203784,53160
203784,60978
203784,46632
203784,53406
203784,50970
203784,61028
203784,59394
203784,57414
203784,63218
203784,50718
203784,44660
203784,53046
203784,63538
203784,62400
203784,53256
203784,44644
203784,57522
203784,55638
203784,53048
203784,52620
203784,62276
203784,56484
238875,61364
238875,54096
238875,11262
238875,61552
238875,44302
238875,33886
238875,60
238875,3382
238875,61558
238875,59816
238875,37644
238875,50968
238875,60978
238875,10652
238875,50268
238875,53406
238875,50724
238875,50970
238875,63218
238875,44660
238875,63538
238875,62400
238875,53256
238875,57522
238875,55638
238875,53048
238875,62276
238875,56484
242130,61364
242130,54096
242130,11262
242130,61552
242130,16358
242130,44302
242130,60
242130,61558
242130,59816
242130,37644
242130,60978
242130,50268
242130,53406
242130,50724
242130,50970
242130,50718
242130,53256
242130,57522
242130,55638
242130,10790
242130,53048
242130,62276
242130,56484
242412,61364
242412,54096
242412,11262
242412,44302
242412,60
242412,61558
242412,59816
242412,37644
242412,60978
242412,50268
242412,53406
242412,50724
242412,50970
242412,61028
242412,59394
242412,57414
242412,63218
242412,59396
242412,50718
242412,44660
242412,53046
242412,63538
242412,62614
242412,53394
242412,62400
242412,53256
242412,57522
242412,55638
242412,10790
242412,53048
242412,52620
242412,56484
249981,61364
249981,61672
249981,61348
249981,50270
249981,54096
249981,11262
249981,61552
249981,39186
249981,44302
249981,33886
249981,60
249981,3382
249981,61558
249981,59816
249981,59822
249981,37644
249981,53160
249981,50968
249981,60978
249981,10652
249981,50268
249981,53406
249981,50724
249981,50970
249981,61028
249981,62944
249981,63360
249981,63186
249981,44660
249981,62170
249981,53256
249981,57522
249981,55638
249981,10790
249981,62276
249981,56484
251967,61672
251967,61348
251967,54096
251967,11262
251967,61552
251967,39186
251967,16358
251967,44302
251967,52918
251967,60
251967,61558
251967,59816
251967,59822
251967,53160
251967,50968
251967,60978
251967,10652
251967,50268
251967,53406
251967,50970
251967,61028
251967,62944
251967,59394
251967,32496
251967,55632
251967,57414
251967,63360
251967,63218
251967,59396
251967,63186
251967,44660
251967,62170
251967,53046
251967,63538
251967,36762
251967,55798
251967,62614
251967,53394
251967,63540
251967,53256
251967,44644
251967,57522
251967,55638
251967,10790
251967,53048
251967,52620
251967,50962
251967,62276
251967,56484
246618,61364
246618,1370
246618,30500
246618,61672
246618,61348
246618,50270
246618,54096
246618,11262
246618,48574
246618,61552
246618,36720
246618,39186
246618,60522
246618,62074
246618,16358
246618,44302
246618,11490
246618,124
246618,52918
246618,33886
246618,60
246618,3382
246618,61558
246618,1372
246618,59816
246618,59822
246618,1304
246618,37644
246618,53160
246618,50968
246618,60978
246618,10652
246618,42132
246618,51316
246618,50268
246618,53406
246618,51974
246618,50720
246618,50724
246618,50970
246618,36722
246618,61028
246618,62944
246618,59394
246618,32496
246618,57414
246618,63360
246618,63218
246618,59396
246618,63186
246618,44660
246618,53046
246618,63538
246618,36762
246618,55798
246618,62614
246618,53394
246618,62400
246618,53256
246618,44644
246618,57522
246618,55638
246618,10790
246618,53048
246618,52620
246618,50962
246618,62276
246618,56484
246618,48694
244866,61364
244866,1370
244866,30500
244866,61672
244866,61348
244866,61542
244866,54096
244866,11262
244866,35732
244866,61552
244866,39186
244866,16358
244866,44302
244866,11490
244866,52918
244866,33886
244866,60
244866,3382
244866,61558
244866,1372
244866,54290
244866,59816
244866,59822
244866,37644
244866,50968
244866,60978
244866,10652
244866,42132
244866,33534
244866,50268
244866,53406
244866,50720
244866,50724
244866,50970
244866,61028
244866,62944
244866,59394
244866,57414
244866,63360
244866,63218
244866,59396
244866,63186
244866,50718
244866,62170
244866,53256
244866,45912
244866,57522
244866,55638
244866,10790
244866,62276
244866,56484
210810,61672
210810,61348
210810,50270
210810,54096
210810,11262
210810,61552
210810,39186
210810,16358
210810,44302
210810,52918
210810,60
210810,61558
210810,59816
210810,59822
210810,49888
210810,53160
210810,50968
210810,60978
210810,10652
210810,50268
210810,53406
210810,51974
210810,50970
210810,50718
210810,62400
210810,53256
210810,57522
210810,55638
210810,10790
210810,53048
210810,62276
210810,56484
215247,61364
215247,54096
215247,11262
215247,61552
215247,16358
215247,44302
215247,60
215247,61558
215247,59816
215247,37644
215247,46632
215247,53406
215247,50724
215247,50970
215247,63360
215247,62274
215247,63418
215247,44660
215247,62170
215247,62618
215247,53256
215247,45912
215247,10790
215247,62276
215247,56484
154740,54096
154740,61552
154740,36720
154740,61280
154740,16358
154740,44302
154740,60
154740,59822
154740,37644
154740,53160
154740,46632
154740,53406
154740,51974
154740,50970
154740,36722
154740,61028
154740,53386
154740,63188
154740,59394
154740,32496
154740,55632
154740,57414
154740,63360
154740,63218
154740,59396
154740,62274
154740,63186
154740,50718
154740,44660
154740,62170
154740,63136
154740,61540
154740,53046
154740,63538
154740,36762
154740,54864
154740,48980
154740,55798
154740,62614
154740,53394
154740,63540
154740,53256
154740,45912
154740,57522
154740,10790
154740,59776
154740,53048
154740,50962
154740,62276
154740,56484
154740,1206
154740,48694
154740,53258
154740,58504
207147,61364
207147,1370
207147,30500
207147,61672
207147,61348
207147,50270
207147,54096
207147,11262
207147,35732
207147,48574
207147,61552
207147,36720
207147,39186
207147,34092
207147,57804
207147,61280
207147,60522
207147,16358
207147,44302
207147,11490
207147,124
207147,52918
207147,33886
207147,50274
207147,60
207147,3382
207147,10808
207147,61558
207147,1372
207147,54290
207147,48298
207147,59816
207147,59822
207147,1304
207147,37644
207147,49888
207147,53160
207147,50968
207147,60978
207147,46632
207147,10652
207147,42132
207147,51316
207147,33534
207147,50268
207147,53406
207147,51974
207147,50720
207147,50724
207147,44914
207147,61560
207147,50970
207147,61028
207147,32496
207147,63218
207147,50718
207147,56696
207147,44660
207147,62170
207147,53256
207147,44644
207147,57522
207147,10790
207147,62276
207147,62860
207147,56484
249081,61364
249081,54096
249081,61552
249081,36720
249081,39186
249081,16358
249081,52918
249081,60
249081,10808
249081,59816
249081,53160
249081,35846
249081,33534
249081,53406
249081,50970
249081,61028
249081,32496
249081,63218
249081,50718
249081,56696
249081,63418
249081,44660
249081,62170
249081,53256
249081,57522
249081,10790
249081,62276
249081,62860
249081,56484
247260,61364
247260,54096
247260,61552
247260,36720
247260,39186
247260,16358
247260,52918
247260,60
247260,10808
247260,59816
247260,53160
247260,35846
247260,53406
247260,50970
247260,61028
247260,53386
247260,62944
247260,63510
247260,32496
247260,63218
247260,59396
247260,50718
247260,63418
247260,44660
247260,62170
247260,53394
247260,62378
247260,63540
247260,53256
247260,44644
247260,57522
247260,55638
247260,10790
247260,53048
247260,52620
247260,50962
247260,62276
247260,62860
247260,56484
247260,1206
195894,61364
195894,1370
195894,30500
195894,61672
195894,61348
195894,50270
195894,54096
195894,61552
195894,36720
195894,39186
195894,16358
195894,11490
195894,52918
195894,60
195894,10808
195894,59816
195894,49888
195894,53160
195894,50968
195894,35846
195894,10652
195894,33534
195894,50268
195894,53406
195894,50720
195894,44914
195894,50970
195894,61028
195894,63360
195894,63218
195894,63186
195894,50718
195894,44660
195894,62170
195894,53256
195894,57522
195894,55638
195894,10790
195894,62276
195894,56484
252057,61364
252057,54096
252057,61552
252057,36720
252057,39186
252057,16358
252057,44302
252057,52918
252057,60
252057,10808
252057,59816
252057,59822
252057,53160
252057,46632
252057,53406
252057,50970
252057,36722
252057,61028
252057,53386
252057,63188
252057,62944
252057,59394
252057,32496
252057,55632
252057,57414
252057,63360
252057,63218
252057,59396
252057,63186
252057,50718
252057,44660
252057,62170
252057,63136
252057,61540
252057,53046
252057,63538
252057,36762
252057,54864
252057,48980
252057,55798
252057,62614
252057,53394
252057,63540
252057,53256
252057,45912
252057,57522
252057,55638
252057,10790
252057,59776
252057,53048
252057,50962
252057,62276
252057,56484
252057,1206
252057,48694
252057,53258
252057,58504
251817,61364
251817,1370
251817,30500
251817,56714
251817,61672
251817,61348
251817,50270
251817,54096
251817,35732
251817,48574
251817,61552
251817,36720
251817,39186
251817,34092
251817,57804
251817,60522
251817,16358
251817,44302
251817,11490
251817,124
251817,52918
251817,33886
251817,60
251817,3382
251817,61558
251817,1372
251817,54290
251817,48298
251817,59816
251817,59822
251817,1304
251817,37644
251817,49888
251817,53160
251817,50968
251817,60978
251817,46632
251817,10652
251817,42132
251817,51316
251817,33534
251817,50268
251817,53406
251817,51974
251817,50720
251817,50724
251817,44914
251817,61560
251817,50970
251817,61028
251817,63360
251817,63218
251817,63186
251817,50718
251817,44660
251817,62170
251817,53256
251817,57522
251817,55638
251817,10790
251817,62276
251817,56484
183786,54096
183786,61552
183786,36720
183786,39186
183786,16358
183786,44302
183786,52918
183786,60
183786,10808
183786,61558
183786,59816
183786,59822
183786,53160
183786,46632
183786,53406
183786,50970
183786,36722
183786,61028
183786,53386
183786,63188
183786,62944
183786,59394
183786,32496
183786,55632
183786,57414
183786,63360
183786,63218
183786,59396
183786,63186
183786,50718
183786,44660
183786,62170
183786,63136
183786,61540
183786,53046
183786,63538
183786,36762
183786,54864
183786,48980
183786,55798
183786,62614
183786,53394
183786,63540
183786,53256
183786,45912
183786,57522
183786,55638
183786,10790
183786,59776
183786,53048
183786,50962
183786,62276
183786,56484
183786,1206
183786,48694
183786,53258
183786,58504
218121,61364
218121,1370
218121,30500
218121,56714
218121,61672
218121,61348
218121,50270
218121,54096
218121,35732
218121,48574
218121,61552
218121,36720
218121,39186
218121,34092
218121,57804
218121,60522
218121,16358
218121,44302
218121,11490
218121,124
218121,52918
218121,33886
218121,60
218121,3382
218121,61558
218121,1372
218121,54290
218121,48298
218121,59816
218121,59822
218121,1304
218121,37644
218121,49888
218121,53160
218121,50968
218121,60978
218121,46632
218121,10652
218121,42132
218121,51316
218121,33534
218121,50268
218121,53406
218121,51974
218121,50720
218121,50724
218121,44914
218121,61560
218121,50970
218121,62274
218121,50718
218121,44660
218121,53256
218121,57522
218121,10790
218121,62276
218121,62860
218121,56484
203661,54096
203661,61552
203661,36720
203661,16358
203661,44302
203661,1304
203661,37644
203661,53160
203661,35846
203661,53406
203661,50970
203661,36722
203661,61028
203661,53386
203661,63188
203661,62944
203661,59394
203661,32496
203661,55632
203661,57414
203661,63360
203661,63218
203661,59396
203661,63186
203661,50718
203661,44660
203661,62170
203661,63136
203661,61540
203661,53046
203661,63538
203661,36762
203661,54864
203661,48980
203661,55798
203661,62614
203661,53394
203661,63540
203661,53256
203661,45912
203661,57522
203661,55638
203661,10790
203661,59776
203661,53048
203661,50962
203661,62276
203661,56484
203661,1206
203661,48694
203661,53258
203661,58504
251631,61364
251631,1370
251631,30500
251631,56714
251631,61672
251631,61348
251631,50270
251631,54096
251631,35732
251631,48574
251631,61552
251631,36720
251631,39186
251631,34092
251631,57804
251631,60522
251631,16358
251631,44302
251631,11490
251631,124
251631,52918
251631,33886
251631,60
251631,3382
251631,61558
251631,1372
251631,54290
251631,48298
251631,59816
251631,59822
251631,1304
251631,37644
251631,49888
251631,53160
251631,50968
251631,60978
251631,46632
251631,10652
251631,42132
251631,51316
251631,33534
251631,50268
251631,53406
251631,51974
251631,50720
251631,50724
251631,44914
251631,61560
251631,50970
251631,61028
251631,32496
251631,63218
251631,50718
251631,56696
251631,44660
251631,62170
251631,53256
251631,44644
251631,57522
251631,10790
251631,62276
251631,62860
251631,56484
180801,61364
180801,54096
180801,61552
180801,36720
180801,39186
180801,16358
180801,52918
180801,60
180801,10808
180801,59816
180801,37644
180801,53160
180801,35846
180801,53406
180801,50970
180801,61028
180801,63218
180801,50718
180801,44660
180801,53256
180801,57522
180801,55638
180801,10790
180801,52620
180801,62276
180801,56484
226140,54096
226140,11262
226140,61552
226140,44302
226140,52918
226140,60
226140,61558
226140,59816
226140,59822
226140,37644
226140,53160
226140,60978
226140,10652
226140,53406
226140,50970
226140,61028
226140,62944
226140,59394
226140,57414
226140,63360
226140,63218
226140,59396
226140,63186
226140,44660
226140,62170
226140,53256
226140,57522
226140,55638
226140,10790
226140,62276
226140,56484
247002,56714
247002,61672
247002,61348
247002,50270
247002,54096
247002,11262
247002,61552
247002,39186
247002,16358
247002,44302
247002,52918
247002,60
247002,61558
247002,59816
247002,59822
247002,49888
247002,53160
247002,50968
247002,60978
247002,10652
247002,50268
247002,53406
247002,51974
247002,50970
247002,63218
247002,50718
247002,53256
247002,57522
247002,55638
247002,10790
247002,53048
247002,62276
247002,56484
249294,54096
249294,11262
249294,61552
249294,16358
249294,44302
249294,60
249294,61558
249294,59816
249294,37644
249294,46632
249294,53406
249294,50970
249294,36722
249294,61028
249294,63188
249294,62944
249294,59394
249294,32496
249294,55632
249294,57414
249294,63360
249294,63218
249294,59396
249294,63186
249294,44660
249294,62170
249294,53046
249294,63538
249294,36762
249294,55798
249294,62614
249294,53394
249294,63540
249294,53256
249294,57522
249294,55638
249294,10790
249294,53048
249294,52620
249294,50962
249294,62276
249294,56484
249294,53258
249687,61364
249687,1370
249687,30500
249687,61672
249687,61348
249687,50270
249687,54096
249687,11262
249687,48574
249687,61552
249687,36720
249687,39186
249687,57804
249687,60522
249687,62074
249687,16358
249687,44302
249687,11490
249687,124
249687,52918
249687,33886
249687,60
249687,61558
249687,1372
249687,59816
249687,59822
249687,1304
249687,37644
249687,53160
249687,50968
249687,60978
249687,10652
249687,42132
249687,50268
249687,53406
249687,51974
249687,50720
249687,50724
249687,50970
249687,59394
249687,57414
249687,63218
249687,59396
249687,63220
249687,63186
249687,56696
249687,44660
249687,63538
249687,36762
249687,54864
249687,55798
249687,62614
249687,53394
249687,62400
249687,63540
249687,53256
249687,44644
249687,57522
249687,55638
249687,10790
249687,53048
249687,52620
249687,50962
249687,62276
249687,56484
249687,53258
248205,1370
248205,30500
248205,61672
248205,61348
248205,54096
248205,11262
248205,35732
248205,61552
248205,34092
248205,44302
248205,52918
248205,60
248205,3382
248205,61558
248205,1372
248205,59816
248205,59822
248205,50272
248205,37644
248205,60978
248205,10652
248205,42132
248205,51316
248205,33534
248205,50268
248205,53406
248205,50970
248205,59394
248205,57414
248205,63220
248205,56696
248205,44660
248205,63538
248205,36762
248205,54864
248205,55798
248205,62614
248205,53394
248205,53256
248205,10790
248205,50962
248205,62276
248205,56484
247962,61672
247962,61348
247962,54096
247962,11262
247962,35732
247962,34092
247962,44302
247962,52918
247962,60
247962,3382
247962,61558
247962,59816
247962,50272
247962,37644
247962,60978
247962,10652
247962,51316
247962,33534
247962,50268
247962,53406
247962,50970
247962,36722
247962,61028
247962,53386
247962,62944
247962,59394
247962,32496
247962,55632
247962,57414
247962,63360
247962,63218
247962,59396
247962,63186
247962,44660
247962,62170
247962,53046
247962,63538
247962,36762
247962,55798
247962,62614
247962,53394
247962,63540
247962,53256
247962,57522
247962,55638
247962,10790
247962,59776
247962,53048
247962,52620
247962,50962
247962,62276
247962,56484
247962,48694
251619,61364
251619,1370
251619,30500
251619,61672
251619,61348
251619,50270
251619,54096
251619,11262
251619,35732
251619,48574
251619,61552
251619,39186
251619,60522
251619,16358
251619,44302
251619,11490
251619,124
251619,52918
251619,33886
251619,60
251619,61558
251619,1372
251619,54290
251619,48298
251619,59816
251619,59822
251619,1304
251619,37644
251619,53160
251619,50968
251619,60978
251619,42132
251619,50268
251619,53406
251619,51974
251619,50720
251619,50724
251619,61560
251619,50970
251619,36722
251619,61028
251619,53386
251619,63188
251619,62944
251619,59394
251619,32496
251619,55632
251619,57414
251619,63360
251619,63218
251619,59396
251619,63186
251619,56696
251619,44660
251619,62170
251619,61540
251619,53046
251619,63538
251619,36762
251619,54864
251619,48980
251619,62614
251619,53394
251619,62616
251619,63540
251619,53256
251619,45912
251619,57522
251619,55638
251619,10790
251619,59776
251619,53048
251619,52620
251619,50962
251619,62276
251619,62860
251619,56484
251619,48694
251619,58504
163554,61364
163554,1370
163554,30500
163554,61672
163554,61348
163554,50270
163554,54096
163554,11262
163554,35732
163554,48574
163554,61552
163554,36720
163554,39186
163554,57804
163554,60522
163554,62074
163554,16358
163554,44302
163554,11490
163554,124
163554,52918
163554,33886
163554,60
163554,61558
163554,1372
163554,54290
163554,48298
163554,59816
163554,59822
163554,1304
163554,37644
163554,53160
163554,50968
163554,60978
163554,46632
163554,10652
163554,42132
163554,51316
163554,33534
163554,50268
163554,53406
163554,51974
163554,50720
163554,50724
163554,44914
163554,61560
163554,50970
163554,36722
163554,61028
163554,59394
163554,63510
163554,57414
163554,63218
163554,50718
163554,44660
163554,63538
163554,53394
163554,62400
163554,53256
163554,57522
163554,55638
163554,10790
163554,53048
163554,52620
163554,44662
163554,56484
248706,61364
248706,54096
248706,11262
248706,61552
248706,44302
248706,60
248706,3382
248706,61558
248706,59816
248706,59822
248706,60978
248706,10652
248706,50268
248706,53406
248706,50724
248706,50970
248706,36722
248706,61028
248706,53386
248706,63188
248706,62944
248706,59394
248706,32496
248706,55632
248706,57414
248706,63360
248706,63218
248706,59396
248706,63186
248706,56696
248706,44660
248706,62170
248706,61540
248706,53046
248706,63538
248706,36762
248706,54864
248706,48980
248706,62614
248706,53394
248706,62616
248706,63540
248706,53256
248706,45912
248706,57522
248706,55638
248706,10790
248706,59776
248706,53048
248706,52620
248706,50962
248706,62276
248706,62860
248706,56484
248706,48694
248706,58504
251382,61364
251382,1370
251382,30500
251382,61672
251382,61348
251382,50270
251382,54096
251382,11262
251382,35732
251382,48574
251382,61552
251382,36720
251382,39186
251382,57804
251382,60522
251382,62074
251382,16358
251382,44302
251382,11490
251382,124
251382,52918
251382,33886
251382,60
251382,3382
251382,61558
251382,1372
251382,54290
251382,48298
251382,59816
251382,59822
251382,1304
251382,37644
251382,53160
251382,50968
251382,60978
251382,46632
251382,10652
251382,42132
251382,51316
251382,33534
251382,50268
251382,53406
251382,51974
251382,50720
251382,50724
251382,44914
251382,61560
251382,50970
251382,36722
251382,61028
251382,53386
251382,63188
251382,62944
251382,59394
251382,32496
251382,55632
251382,57414
251382,63360
251382,63218
251382,59396
251382,63186
251382,56696
251382,44660
251382,62170
251382,61540
251382,53046
251382,63538
251382,36762
251382,54864
251382,48980
251382,62614
251382,53394
251382,62616
251382,63540
251382,53256
251382,45912
251382,57522
251382,55638
251382,10790
251382,59776
251382,53048
251382,52620
251382,50962
251382,62276
251382,56484
251382,48694
251382,53258
251382,58504
203181,61364
203181,1370
203181,30500
203181,61672
203181,61348
203181,50270
203181,54096
203181,11262
203181,35732
203181,48574
203181,61552
203181,36720
203181,39186
203181,57804
203181,60522
203181,62074
203181,16358
203181,44302
203181,11490
203181,124
203181,52918
203181,33886
203181,60
203181,3382
203181,61558
203181,1372
203181,54290
203181,48298
203181,59816
203181,59822
203181,1304
203181,37644
203181,49888
203181,53160
203181,50968
203181,60978
203181,46632
203181,10652
203181,42132
203181,51316
203181,33534
203181,50268
203181,53406
203181,51974
203181,50720
203181,50724
203181,61560
203181,50970
203181,61028
203181,63218
203181,62170
203181,53256
203181,57522
203181,55638
203181,10790
203181,62276
203181,56484
157710,54096
157710,11262
157710,61552
157710,39186
157710,16358
157710,44302
157710,60
157710,10808
157710,61558
157710,59816
157710,59822
157710,37644
157710,53160
157710,60978
157710,46632
157710,50268
157710,53406
157710,50970
157710,61028
157710,63188
157710,62944
157710,59394
157710,32496
157710,55632
157710,57414
157710,63360
157710,63218
157710,59396
157710,63186
157710,44660
157710,62170
157710,53046
157710,63538
157710,36762
157710,55798
157710,62614
157710,53394
157710,62616
157710,63540
157710,53256
157710,44644
157710,57522
157710,55638
157710,10790
157710,53048
157710,52620
157710,50962
157710,62276
157710,56484
157710,53258
157710,58504
250362,61364
250362,1370
250362,30500
250362,61672
250362,61348
250362,50270
250362,54096
250362,11262
250362,48574
250362,61552
250362,36720
250362,39186
250362,57804
250362,60522
250362,62074
250362,16358
250362,44302
250362,11490
250362,124
250362,52918
250362,33886
250362,60
250362,3382
250362,61558
250362,1372
250362,59816
250362,59822
250362,1304
250362,37644
250362,53160
250362,50968
250362,60978
250362,10652
250362,42132
250362,51316
250362,50268
250362,53406
250362,51974
250362,50720
250362,50724
250362,50970
250362,44660
250362,53256
250362,62276
250362,56484
232452,44302
232452,59816
232452,53406
232452,36722
232452,61028
232452,53386
232452,62944
232452,59394
232452,32496
232452,55632
232452,57414
232452,63360
232452,63218
232452,59396
232452,63186
232452,44660
232452,62170
232452,53046
232452,63538
232452,36762
232452,55798
232452,62614
232452,53394
232452,63540
232452,53256
232452,57522
232452,55638
232452,10790
232452,59776
232452,53048
232452,52620
232452,50962
232452,62276
232452,56484
232452,48694
207345,61364
207345,1370
207345,30500
207345,61672
207345,61348
207345,50270
207345,54096
207345,11262
207345,35732
207345,48574
207345,61552
207345,39186
207345,60522
207345,16358
207345,44302
207345,11490
207345,124
207345,52918
207345,33886
207345,60
207345,61558
207345,1372
207345,54290
207345,48298
207345,59816
207345,59822
207345,1304
207345,37644
207345,53160
207345,50968
207345,60978
207345,42132
207345,50268
207345,53406
207345,51974
207345,50720
207345,50724
207345,61560
207345,50970
207345,63218
207345,44660
207345,62170
207345,53256
207345,45912
207345,57522
207345,55638
207345,10790
207345,62276
207345,56484
221247,54096
221247,11262
221247,44302
221247,60
221247,59816
221247,37644
221247,60978
221247,53406
221247,50970
221247,61028
221247,63360
221247,63218
221247,63186
221247,44660
221247,62170
221247,62618
221247,53256
221247,57522
221247,55638
221247,10790
221247,62276
221247,56484
235842,54096
235842,61552
235842,36720
235842,39186
235842,16358
235842,44302
235842,52918
235842,60
235842,10808
235842,59816
235842,59822
235842,53160
235842,46632
235842,53406
235842,50970
235842,36722
235842,61028
235842,59394
235842,63510
235842,57414
235842,63218
235842,59396
235842,44660
235842,53046
235842,63538
235842,62614
235842,53394
235842,62400
235842,53256
235842,44644
235842,57522
235842,55638
235842,10790
235842,53048
235842,52620
235842,44662
235842,56484
184113,61364
184113,61672
184113,61348
184113,54096
184113,11262
184113,61552
184113,39186
184113,44302
184113,33886
184113,60
184113,3382
184113,61558
184113,59816
184113,59822
184113,50968
184113,60978
184113,10652
184113,50268
184113,53406
184113,50724
184113,50970
184113,61028
184113,63360
184113,63218
184113,63186
184113,50718
184113,44660
184113,62170
184113,53256
184113,57522
184113,55638
184113,10790
184113,62276
184113,56484
205821,54096
205821,61552
205821,36720
205821,39186
205821,16358
205821,44302
205821,52918
205821,60
205821,10808
205821,61558
205821,59816
205821,59822
205821,53160
205821,46632
205821,53406
205821,50970
205821,61028
205821,62944
205821,59394
205821,57414
205821,63360
205821,63218
205821,59396
205821,63186
205821,50718
205821,44660
205821,62170
205821,53256
205821,45912
205821,57522
205821,55638
205821,10790
205821,62276
205821,56484
154494,61672
154494,61348
154494,50270
154494,54096
154494,11262
154494,61552
154494,39186
154494,16358
154494,44302
154494,52918
154494,60
154494,61558
154494,59816
154494,59822
154494,49888
154494,53160
154494,50968
154494,60978
154494,10652
154494,50268
154494,53406
154494,51974
154494,50970
154494,63218
154494,44660
154494,53256
154494,55638
154494,53048
154494,62276
154494,56484
206343,61364
206343,54096
206343,11262
206343,44302
206343,60
206343,61558
206343,37644
206343,60978
206343,53406
206343,50724
206343,50970
206343,36722
206343,61028
206343,63188
206343,62944
206343,59394
206343,32496
206343,55632
206343,57414
206343,63360
206343,63218
206343,59396
206343,63186
206343,44660
206343,62170
206343,53046
206343,63538
206343,36762
206343,62614
206343,53394
206343,63540
206343,53256
206343,57522
206343,55638
206343,10790
206343,53048
206343,52620
206343,50962
206343,62276
206343,62860
206343,56484
213987,61364
213987,1370
213987,30500
213987,61672
213987,61348
213987,50270
213987,54096
213987,11262
213987,48574
213987,61552
213987,36720
213987,39186
213987,60522
213987,62074
213987,16358
213987,44302
213987,11490
213987,124
213987,52918
213987,33886
213987,60
213987,61558
213987,1372
213987,59816
213987,59822
213987,1304
213987,37644
213987,53160
213987,50968
213987,60978
213987,10652
213987,42132
213987,51316
213987,33534
213987,50268
213987,53406
213987,51974
213987,50720
213987,50724
213987,44914
213987,50970
213987,63510
213987,63418
213987,44660
213987,53256
213987,44664
213987,62276
213987,56484
192756,10808
192756,59816
192756,35846
192756,53406
192756,50970
192756,55632
192756,63418
192756,44660
192756,36762
192756,54864
192756,62400
192756,56484
187974,11262
187974,11490
187974,52918
187974,61558
187974,1372
187974,1304
187974,53160
187974,53406
187974,51974
187974,63360
187974,63186
187974,44660
187974,62170
187974,63538
187974,62614
187974,53394
187974,53256
187974,57522
187974,55638
187974,10790
187974,52620
187974,56484
227295,61672
227295,61348
227295,54096
227295,11262
227295,61552
227295,39186
227295,44302
227295,60
227295,61558
227295,59816
227295,59822
227295,53160
227295,60978
227295,10652
227295,50268
227295,53406
227295,50970
227295,63218
227295,44660
227295,53256
227295,57522
227295,55638
227295,62276
227295,56484
184674,54096
184674,11262
184674,60
184674,61558
184674,37644
184674,60978
184674,53406
184674,50970
184674,61028
184674,62944
184674,59394
184674,57414
184674,63360
184674,63218
184674,59396
184674,63186
184674,44660
184674,62170
184674,53256
184674,57522
184674,55638
184674,10790
184674,62276
184674,56484
155403,61672
155403,61348
155403,50270
155403,54096
155403,11262
155403,61552
155403,39186
155403,16358
155403,44302
155403,52918
155403,60
155403,59816
155403,59822
155403,49888
155403,53160
155403,50968
155403,60978
155403,10652
155403,50268
155403,53406
155403,51974
155403,50970
155403,61028
155403,63360
155403,63218
155403,63186
155403,50718
155403,44660
155403,62170
155403,53256
155403,57522
155403,55638
155403,10790
155403,62276
155403,56484
212505,54096
212505,61552
212505,36720
212505,39186
212505,16358
212505,44302
212505,52918
212505,60
212505,10808
212505,59816
212505,59822
212505,53160
212505,46632
212505,53406
212505,50970
212505,59394
212505,57414
212505,63220
212505,56696
212505,44660
212505,63538
212505,36762
212505,54864
212505,55798
212505,62614
212505,53394
212505,53256
212505,10790
212505,50962
212505,62276
212505,56484
178818,61672
178818,61348
178818,11262
178818,34092
178818,44302
178818,60
178818,3382
178818,61558
178818,59816
178818,50272
178818,37644
178818,60978
178818,10652
178818,51316
178818,33534
178818,50268
178818,53406
178818,50970
178818,61028
178818,62944
178818,63360
178818,63186
178818,62170
178818,53256
178818,57522
178818,55638
178818,10790
178818,62276
178818,56484
65067,61672
65067,61348
65067,54096
65067,11262
65067,61552
65067,16358
65067,44302
65067,60
65067,59816
65067,59822
65067,50968
65067,60978
65067,50268
65067,53406
65067,50970
65067,36722
65067,61028
65067,53386
65067,63188
65067,62944
65067,59394
65067,32496
65067,55632
65067,57414
65067,63360
65067,63218
65067,59396
65067,63186
65067,56696
65067,44660
65067,62170
65067,61540
65067,53046
65067,63538
65067,36762
65067,54864
65067,48980
65067,62614
65067,53394
65067,62616
65067,63540
65067,53256
65067,45912
65067,57522
65067,55638
65067,10790
65067,59776
65067,53048
65067,52620
65067,50962
65067,62276
65067,62860
65067,56484
65067,48694
65067,53258
65067,58504
220179,61364
220179,1370
220179,30500
220179,61672
220179,61348
220179,50270
220179,54096
220179,11262
220179,35732
220179,48574
220179,61552
220179,36720
220179,39186
220179,57804
220179,60522
220179,62074
220179,16358
220179,44302
220179,11490
220179,124
220179,52918
220179,33886
220179,60
220179,3382
220179,61558
220179,1372
220179,54290
220179,48298
220179,59816
220179,59822
220179,1304
220179,37644
220179,53160
220179,50968
220179,60978
220179,46632
220179,10652
220179,42132
220179,51316
220179,33534
220179,50268
220179,53406
220179,51974
220179,50720
220179,50724
220179,61560
220179,50970
220179,61028
220179,63360
220179,63218
220179,63186
220179,50718
220179,44660
220179,62170
220179,53256
220179,57522
220179,55638
220179,10790
220179,62276
220179,56484
204483,54096
204483,61552
204483,36720
204483,39186
204483,16358
204483,44302
204483,52918
204483,60
204483,10808
204483,61558
204483,59816
204483,59822
204483,53160
204483,46632
204483,53406
204483,50970
204483,61028
204483,62944
204483,59394
204483,57414
204483,63360
204483,63218
204483,59396
204483,63186
204483,44660
204483,62170
204483,53256
204483,57522
204483,55638
204483,10790
204483,62276
204483,56484
148782,56714
148782,61672
148782,61348
148782,50270
148782,54096
148782,61552
148782,39186
148782,16358
148782,44302
148782,52918
148782,60
148782,61558
148782,59816
148782,59822
148782,49888
148782,53160
148782,50968
148782,60978
148782,10652
148782,50268
148782,53406
148782,51974
148782,50970
148782,61028
148782,62944
148782,59394
148782,57414
148782,63360
148782,63218
148782,59396
148782,63186
148782,62170
148782,53256
148782,57522
148782,55638
148782,10790
148782,62276
148782,56484
246963,61672
246963,61348
246963,50270
246963,54096
246963,11262
246963,61552
246963,39186
246963,16358
246963,44302
246963,52918
246963,60
246963,59816
246963,59822
246963,49888
246963,53160
246963,50968
246963,60978
246963,10652
246963,50268
246963,53406
246963,51974
246963,50970
246963,63218
246963,44660
246963,62170
246963,53256
246963,45912
246963,57522
246963,55638
246963,62276
246963,56484
249855,54096
249855,44302
249855,60
249855,59816
249855,59822
249855,37644
249855,53160
249855,60978
249855,53406
249855,50970
249855,61028
249855,63218
249855,50718
249855,53256
249855,57522
249855,55638
249855,10790
249855,62276
249855,56484
246858,54096
246858,11262
246858,61552
246858,16358
246858,44302
246858,60
246858,61558
246858,59816
246858,37644
246858,53160
246858,60978
246858,46632
246858,53406
246858,50970
246858,61028
246858,63360
246858,63218
246858,63186
246858,44660
246858,62170
246858,53256
246858,57522
246858,55638
246858,10790
246858,62276
246858,56484
247986,54096
247986,11262
247986,61552
247986,39186
247986,16358
247986,44302
247986,52918
247986,60
247986,61558
247986,59816
247986,59822
247986,53160
247986,60978
247986,50268
247986,53406
247986,51974
247986,50970
247986,50718
247986,44660
247986,53256
247986,10790
247986,62276
247986,62860
247986,56484
181746,54096
181746,61552
181746,36720
181746,16358
181746,1304
181746,37644
181746,53160
181746,35846
181746,53406
181746,50970
181746,61028
181746,62944
181746,59394
181746,57414
181746,63360
181746,63218
181746,59396
181746,63186
181746,44660
181746,62170
181746,53256
181746,57522
181746,55638
181746,10790
181746,62276
181746,56484
153888,61672
153888,61348
153888,50270
153888,54096
153888,61552
153888,39186
153888,16358
153888,44302
153888,52918
153888,60
153888,61558
153888,59816
153888,59822
153888,49888
153888,53160
153888,50968
153888,60978
153888,10652
153888,50268
153888,53406
153888,51974
153888,50970
153888,63218
153888,44660
153888,53256
153888,57522
153888,55638
153888,10790
153888,62276
153888,56484
198792,54096
198792,11262
198792,44302
198792,60
198792,59816
198792,37644
198792,60978
198792,53406
198792,50970
198792,61028
198792,62944
198792,63360
198792,63218
198792,63186
198792,44660
198792,62170
198792,53256
198792,45912
198792,57522
198792,55638
198792,10790
198792,62276
198792,56484
211740,61672
211740,61348
211740,54096
211740,11262
211740,61552
211740,39186
211740,16358
211740,44302
211740,52918
211740,60
211740,61558
211740,59816
211740,59822
211740,53160
211740,50968
211740,60978
211740,10652
211740,50268
211740,53406
211740,50970
211740,61028
211740,63218
211740,50718
211740,44660
211740,53256
211740,44644
211740,57522
211740,55638
211740,10790
211740,62276
211740,56484
162810,54096
162810,11262
162810,61552
162810,16358
162810,44302
162810,60
162810,61558
162810,59816
162810,37644
162810,53160
162810,60978
162810,46632
162810,53406
162810,50970
162810,61028
162810,62944
162810,59394
162810,57414
162810,63360
162810,63218
162810,59396
162810,63186
162810,50718
162810,44660
162810,62170
162810,53256
162810,57522
162810,55638
162810,10790
162810,62276
162810,56484
247878,56714
247878,61672
247878,61348
247878,50270
247878,54096
247878,11262
247878,61552
247878,39186
247878,16358
247878,44302
247878,52918
247878,60
247878,61558
247878,59816
247878,59822
247878,49888
247878,53160
247878,50968
247878,60978
247878,10652
247878,50268
247878,53406
247878,51974
247878,50970
247878,36722
247878,61028
247878,53386
247878,62944
247878,59394
247878,32496
247878,55632
247878,57414
247878,63360
247878,63218
247878,59396
247878,63186
247878,44660
247878,62170
247878,53046
247878,63538
247878,36762
247878,62614
247878,53394
247878,63540
247878,53256
247878,57522
247878,55638
247878,10790
247878,59776
247878,53048
247878,52620
247878,50962
247878,62276
247878,56484
247878,48694
243390,61364
243390,1370
243390,30500
243390,61672
243390,61348
243390,50270
243390,54096
243390,11262
243390,35732
243390,48574
243390,61552
243390,36720
243390,39186
243390,60522
243390,16358
243390,44302
243390,11490
243390,124
243390,52918
243390,33886
243390,60
243390,61558
243390,1372
243390,54290
243390,48298
243390,59816
243390,59822
243390,1304
243390,37644
243390,53160
243390,50968
243390,60978
243390,10652
243390,42132
243390,50268
243390,53406
243390,51974
243390,50720
243390,50724
243390,44914
243390,61560
243390,50970
243390,36722
243390,61028
243390,53386
243390,63188
243390,62944
243390,59394
243390,32496
243390,55632
243390,57414
243390,63360
243390,63218
243390,59396
243390,63186
243390,56696
243390,44660
243390,62170
243390,61540
243390,53046
243390,63538
243390,36762
243390,54864
243390,48980
243390,55798
243390,62614
243390,53394
243390,63540
243390,53256
243390,45912
243390,57522
243390,55638
243390,10790
243390,59776
243390,53048
243390,52620
243390,50962
243390,62276
243390,56484
243390,48694
243390,53258
243390,58504
247029,61364
247029,1370
247029,30500
247029,56714
247029,61672
247029,61348
247029,50270
247029,54096
247029,11262
247029,35732
247029,48574
247029,61552
247029,36720
247029,39186
247029,57804
247029,60522
247029,62074
247029,16358
247029,44302
247029,11490
247029,124
247029,52918
247029,33886
247029,60
247029,61558
247029,1372
247029,54290
247029,48298
247029,59816
247029,59822
247029,1304
247029,37644
247029,49888
247029,53160
247029,50968
247029,60978
247029,46632
247029,10652
247029,42132
247029,51316
247029,33534
247029,50268
247029,53406
247029,51974
247029,50720
247029,50724
247029,44914
247029,61560
247029,50970
247029,36722
247029,61028
247029,59394
247029,57414
247029,63360
247029,63218
247029,59396
247029,63186
247029,44660
247029,62170
247029,53046
247029,63538
247029,36762
247029,62614
247029,53394
247029,63540
247029,53256
247029,57522
247029,55638
247029,10790
247029,53048
247029,52620
247029,50962
247029,62276
247029,56484
222621,61364
222621,1370
222621,30500
222621,56714
222621,61672
222621,61348
222621,50270
222621,54096
222621,11262
222621,61552
222621,39186
222621,16358
222621,44302
222621,11490
222621,52918
222621,33886
222621,60
222621,61558
222621,1372
222621,59816
222621,59822
222621,37644
222621,53160
222621,50968
222621,60978
222621,10652
222621,42132
222621,50268
222621,53406
222621,51974
222621,50720
222621,50724
222621,50970
222621,61028
222621,63188
222621,62944
222621,59394
222621,32496
222621,55632
222621,57414
222621,63360
222621,63218
222621,59396
222621,63186
222621,56696
222621,44660
222621,62170
222621,53046
222621,63538
222621,36762
222621,54864
222621,48980
222621,55798
222621,62614
222621,53394
222621,62616
222621,63540
222621,53256
222621,57522
222621,55638
222621,10790
222621,53048
222621,52620
222621,50962
222621,62276
222621,56484
222621,53258
222621,58504
162624,61364
162624,1370
162624,30500
162624,61672
162624,61348
162624,50270
162624,54096
162624,11262
162624,48574
162624,61552
162624,36720
162624,39186
162624,57804
162624,60522
162624,62074
162624,16358
162624,44302
162624,11490
162624,124
162624,52918
162624,33886
162624,60
162624,3382
162624,61558
162624,1372
162624,59816
162624,59822
162624,1304
162624,37644
162624,53160
162624,50968
162624,60978
162624,46632
162624,10652
162624,42132
162624,51316
162624,33534
162624,50268
162624,53406
162624,51974
162624,50720
162624,50724
162624,50970
162624,61028
162624,62944
162624,63360
162624,63218
162624,63186
162624,50718
162624,44660
162624,62170
162624,53256
162624,57522
162624,55638
162624,10790
162624,62276
162624,56484
156024,61672
156024,61348
156024,54096
156024,11262
156024,61552
156024,16358
156024,44302
156024,60
156024,59816
156024,59822
156024,50968
156024,60978
156024,50268
156024,53406
156024,50970
156024,59394
156024,57414
156024,63218
156024,59396
156024,63220
156024,63186
156024,56696
156024,44660
156024,63538
156024,36762
156024,54864
156024,55798
156024,62614
156024,53394
156024,62400
156024,63540
156024,53256
156024,57522
156024,55638
156024,10790
156024,53048
156024,52620
156024,50962
156024,62276
156024,56484
156024,53258
206964,1370
206964,30500
206964,61672
206964,61348
206964,54096
206964,11262
206964,35732
206964,61552
206964,34092
206964,44302
206964,52918
206964,60
206964,3382
206964,61558
206964,1372
206964,59816
206964,59822
206964,50272
206964,37644
206964,60978
206964,10652
206964,42132
206964,51316
206964,33534
206964,50268
206964,53406
206964,50970
206964,61028
206964,62944
206964,63360
206964,63218
206964,63186
206964,44660
206964,62170
206964,53256
206964,57522
206964,55638
206964,10790
206964,62276
206964,56484
210441,61672
210441,61348
210441,54096
210441,11262
210441,61552
210441,39186
210441,16358
210441,44302
210441,52918
210441,60
210441,61558
210441,59816
210441,59822
210441,53160
210441,50968
210441,60978
210441,10652
210441,50268
210441,53406
210441,50970
210441,61028
210441,63218
210441,53256
210441,57522
210441,55638
210441,10790
210441,62276
210441,56484
211812,54096
211812,11262
211812,61552
211812,16358
211812,44302
211812,60
211812,61558
211812,59816
211812,37644
211812,53160
211812,60978
211812,53406
211812,50970
211812,63218
211812,63220
211812,56696
211812,44660
211812,63538
211812,36762
211812,55798
211812,62614
211812,53394
211812,62400
211812,53256
211812,45912
211812,10790
211812,50962
211812,62276
211812,56484
211812,53258
211683,61672
211683,61348
211683,54096
211683,11262
211683,35732
211683,39186
211683,34092
211683,44302
211683,60
211683,61558
211683,59816
211683,60978
211683,10652
211683,51316
211683,50268
211683,53406
211683,50970
211683,61028
211683,62944
211683,63360
211683,63218
211683,63186
211683,44660
211683,62170
211683,53256
211683,57522
211683,55638
211683,10790
211683,62276
211683,56484
235458,61672
235458,61348
235458,54096
235458,11262
235458,61552
235458,39186
235458,16358
235458,44302
235458,52918
235458,60
235458,61558
235458,59816
235458,59822
235458,53160
235458,50968
235458,60978
235458,10652
235458,50268
235458,53406
235458,50970
235458,61028
235458,63218
235458,53256
235458,57522
235458,55638
235458,10790
235458,62276
235458,56484
178761,54096
178761,11262
178761,61552
178761,16358
178761,44302
178761,60
178761,61558
178761,59816
178761,37644
178761,53160
178761,60978
178761,53406
178761,50970
178761,50718
178761,62400
178761,53256
178761,57522
178761,55638
178761,10790
178761,53048
178761,62276
178761,56484
197676,61364
197676,54096
197676,11262
197676,61552
197676,16358
197676,44302
197676,60
197676,61558
197676,59816
197676,37644
197676,46632
197676,53406
197676,50724
197676,50970
197676,61028
197676,62944
197676,59394
197676,55632
197676,57414
197676,63360
197676,63218
197676,63186
197676,44660
197676,62170
197676,63538
197676,36762
197676,55798
197676,62614
197676,53394
197676,63540
197676,53256
197676,57522
197676,55638
197676,10790
197676,53048
197676,52620
197676,50962
197676,62276
197676,56484
197676,53258
204054,1370
204054,30500
204054,61672
204054,61348
204054,50270
204054,54096
204054,11262
204054,48574
204054,61552
204054,39186
204054,60522
204054,62074
204054,16358
204054,44302
204054,11490
204054,124
204054,52918
204054,60
204054,61558
204054,1372
204054,59816
204054,59822
204054,1304
204054,37644
204054,53160
204054,50968
204054,60978
204054,10652
204054,42132
204054,50268
204054,53406
204054,50970
204054,36722
204054,61028
204054,62944
204054,59394
204054,32496
204054,55632
204054,57414
204054,63360
204054,59396
204054,63186
204054,44660
204054,62170
204054,61540
204054,53046
204054,63538
204054,62614
204054,53394
204054,53256
204054,57522
204054,55638
204054,10790
204054,53048
204054,52620
204054,50962
204054,62276
204054,56484
216033,61364
216033,1370
216033,30500
216033,61672
216033,61348
216033,50270
216033,54096
216033,11262
216033,48574
216033,61552
216033,60522
216033,16358
216033,44302
216033,11490
216033,124
216033,33886
216033,60
216033,1372
216033,59816
216033,59822
216033,1304
216033,37644
216033,50968
216033,60978
216033,50268
216033,53406
216033,51974
216033,50720
216033,50724
216033,50970
216033,59394
216033,57414
216033,63218
216033,63220
216033,56696
216033,44660
216033,63538
216033,36762
216033,55798
216033,62614
216033,53394
216033,62400
216033,53256
216033,57522
216033,55638
216033,10790
216033,53048
216033,50962
216033,62276
216033,56484
216033,53258
207396,1370
207396,30500
207396,61672
207396,61348
207396,54096
207396,11262
207396,35732
207396,34092
207396,44302
207396,60
207396,3382
207396,61558
207396,59816
207396,60978
207396,10652
207396,42132
207396,51316
207396,50268
207396,53406
207396,50970
207396,50718
207396,53256
207396,57522
207396,55638
207396,10790
207396,53048
207396,62276
207396,56484
224208,54096
224208,11262
224208,50716
224208,44302
224208,10808
224208,61558
224208,59816
224208,46632
224208,53406
224208,44660
224208,53256
224208,45912
224208,62276
224208,56484
153744,44302
153744,59816
153744,46632
153744,53406
153744,51974
153744,61028
153744,62944
153744,59394
153744,57414
153744,63360
153744,63218
153744,59396
153744,63186
153744,62170
153744,53256
153744,45912
153744,57522
153744,55638
153744,10790
153744,62276
153744,56484
205947,61672
205947,61348
205947,50270
205947,54096
205947,11262
205947,61552
205947,39186
205947,16358
205947,44302
205947,52918
205947,60
205947,61558
205947,59816
205947,59822
205947,49888
205947,53160
205947,50968
205947,60978
205947,10652
205947,50268
205947,53406
205947,51974
205947,50970
205947,61028
205947,63218
205947,50718
205947,53256
205947,57522
205947,55638
205947,10790
205947,62276
205947,56484
66336,54096
66336,11262
66336,61552
66336,16358
66336,44302
66336,60
66336,61558
66336,59816
66336,37644
66336,53160
66336,60978
66336,46632
66336,53406
66336,50970
66336,61028
66336,62944
66336,32496
66336,55632
66336,63360
66336,63218
66336,59396
66336,63186
66336,44660
66336,63538
66336,36762
66336,55798
66336,62614
66336,53394
66336,53256
66336,44644
66336,57522
66336,55638
66336,10790
66336,53048
66336,52620
66336,50962
66336,62276
66336,56484
233961,61364
233961,1370
233961,30500
233961,61672
233961,61348
233961,50270
233961,54096
233961,11262
233961,48574
233961,61552
233961,39186
233961,60522
233961,62074
233961,16358
233961,44302
233961,11490
233961,124
233961,52918
233961,60
233961,61558
233961,1372
233961,59816
233961,59822
233961,1304
233961,37644
233961,53160
233961,50968
233961,60978
233961,10652
233961,42132
233961,50268
233961,53406
233961,51974
233961,50720
233961,50970
233961,61028
233961,62944
233961,63360
233961,63186
233961,62170
233961,53256
233961,57522
233961,55638
233961,10790
233961,62276
233961,56484
189009,61672
189009,61348
189009,54096
189009,11262
189009,61552
189009,16358
189009,44302
189009,60
189009,59816
189009,59822
189009,50968
189009,60978
189009,50268
189009,53406
189009,50970
189009,36722
189009,61028
189009,53386
189009,63188
189009,62944
189009,59394
189009,32496
189009,55632
189009,57414
189009,63360
189009,63218
189009,59396
189009,63186
189009,56696
189009,44660
189009,62170
189009,61540
189009,53046
189009,63538
189009,36762
189009,54864
189009,48980
189009,55798
189009,62614
189009,53394
189009,62616
189009,63540
189009,53256
189009,45912
189009,57522
189009,55638
189009,10790
189009,59776
189009,53048
189009,52620
189009,50962
189009,62276
189009,56484
189009,48694
189009,58504
248064,61364
248064,1370
248064,30500
248064,56714
248064,61672
248064,61348
248064,50270
248064,54096
248064,11262
248064,35732
248064,48574
248064,61552
248064,36720
248064,39186
248064,57804
248064,60522
248064,62074
248064,16358
248064,44302
248064,11490
248064,124
248064,52918
248064,33886
248064,60
248064,3382
248064,61558
248064,1372
248064,54290
248064,48298
248064,59816
248064,59822
248064,1304
248064,37644
248064,49888
248064,53160
248064,50968
248064,60978
248064,46632
248064,10652
248064,42132
248064,51316
248064,33534
248064,50268
248064,53406
248064,51974
248064,50720
248064,50724
248064,44914
248064,61560
248064,50970
248064,61028
248064,32496
248064,63360
248064,63218
248064,63186
248064,44660
248064,62170
248064,62618
248064,53256
248064,45912
248064,57522
248064,10790
248064,62276
248064,62860
248064,56484
222759,61364
222759,54096
222759,61552
222759,36720
222759,39186
222759,16358
222759,44302
222759,52918
222759,60
222759,10808
222759,59816
222759,59822
222759,37644
222759,53160
222759,35846
222759,33534
222759,53406
222759,51974
222759,50970
222759,63510
222759,50718
222759,63418
222759,44660
222759,54864
222759,48980
222759,62614
222759,53256
222759,57522
222759,44664
222759,62276
222759,62860
222759,56484
251766,11262
251766,36720
251766,61280
251766,10808
251766,61558
251766,59816
251766,53406
251766,50970
251766,61028
251766,62944
251766,59394
251766,57414
251766,63360
251766,63218
251766,59396
251766,63186
251766,44660
251766,62170
251766,53256
251766,57522
251766,55638
251766,10790
251766,62276
251766,56484
65598,61672
65598,61348
65598,50270
65598,54096
65598,61552
65598,39186
65598,16358
65598,44302
65598,52918
65598,60
65598,61558
65598,59816
65598,59822
65598,49888
65598,53160
65598,50968
65598,60978
65598,10652
65598,50268
65598,53406
65598,51974
65598,50970
65598,61028
65598,32496
65598,63218
65598,59396
65598,63186
65598,44660
65598,53046
65598,63538
65598,62614
65598,53256
65598,44644
65598,57522
65598,55638
65598,10790
65598,52620
65598,62276
65598,56484
251142,61364
251142,61672
251142,61348
251142,50270
251142,54096
251142,11262
251142,61552
251142,39186
251142,16358
251142,44302
251142,52918
251142,33886
251142,60
251142,61558
251142,1372
251142,59816
251142,59822
251142,37644
251142,53160
251142,50968
251142,60978
251142,10652
251142,50268
251142,53406
251142,51974
251142,50720
251142,50724
251142,50970
251142,32496
251142,44660
251142,53256
251142,10790
251142,62276
251142,62860
251142,56484
175239,54096
175239,44302
175239,59816
175239,35846
175239,53406
175239,63360
175239,63218
175239,63186
175239,44660
175239,62170
175239,53256
175239,57522
175239,55638
175239,10790
175239,62276
175239,56484
67158,54096
67158,61552
67158,39186
67158,44302
67158,60
67158,61558
67158,59816
67158,59822
67158,53160
67158,60978
67158,33534
67158,53406
67158,50970
67158,61028
67158,62944
67158,59394
67158,55632
67158,57414
67158,63218
67158,59396
67158,63186
67158,50718
67158,44660
67158,53046
67158,63538
67158,62614
67158,53394
67158,53256
67158,45912
67158,44644
67158,57522
67158,10790
67158,53048
67158,52620
67158,62276
67158,56484
243789,61364
243789,61672
243789,61348
243789,50270
243789,54096
243789,11262
243789,48574
243789,61552
243789,39186
243789,60522
243789,62074
243789,16358
243789,44302
243789,124
243789,52918
243789,33886
243789,60
243789,3382
243789,61558
243789,1372
243789,59816
243789,59822
243789,1304
243789,37644
243789,53160
243789,50968
243789,60978
243789,10652
243789,33534
243789,50268
243789,53406
243789,51974
243789,50724
243789,50970
243789,36722
243789,61028
243789,53386
243789,63188
243789,62944
243789,59394
243789,32496
243789,55632
243789,57414
243789,63360
243789,63218
243789,59396
243789,62274
243789,63220
243789,63186
243789,50718
243789,56696
243789,44660
243789,62170
243789,61540
243789,53046
243789,63538
243789,36762
243789,54864
243789,48980
243789,55798
243789,62614
243789,53394
243789,63540
243789,53256
243789,45912
243789,57522
243789,55638
243789,10790
243789,59776
243789,53048
243789,52620
243789,50962
243789,62276
243789,56484
243789,1206
243789,48694
243789,53258
243789,58504
153792,61364
153792,1370
153792,30500
153792,56714
153792,61672
153792,61348
153792,50270
153792,54096
153792,11262
153792,35732
153792,48574
153792,61552
153792,50716
153792,36720
153792,39186
153792,57804
153792,60522
153792,62074
153792,16358
153792,44302
153792,11490
153792,124
153792,52918
153792,33886
153792,50274
153792,60
153792,3382
153792,61558
153792,1372
153792,54290
153792,48298
153792,59816
153792,59822
153792,1304
153792,37644
153792,49888
153792,53160
153792,50968
153792,60978
153792,46632
153792,10652
153792,42132
153792,51316
153792,33534
153792,50268
153792,53406
153792,51974
153792,50720
153792,50724
153792,44914
153792,61560
153792,50970
153792,50718
153792,63418
153792,44660
153792,53256
206484,1304
206484,53160
206484,46632
206484,62274
206484,44660
206484,62618
206484,53256
206484,57522
206484,10790
206484,62276
206484,62860
206484,56484
247239,54096
247239,61552
247239,36720
247239,16358
247239,44302
247239,50274
247239,1304
247239,37644
247239,53160
247239,35846
247239,53406
247239,50970
247239,50718
247239,62400
247239,53256
247239,57522
247239,55638
247239,10790
247239,53048
247239,62276
247239,56484
206457,61364
206457,54096
206457,11262
206457,61552
206457,16358
206457,44302
206457,60
206457,61558
206457,59816
206457,37644
206457,50268
206457,53406
206457,50724
206457,50970
206457,36722
206457,61028
206457,53386
206457,63188
206457,62944
206457,59394
206457,63510
206457,32496
206457,55632
206457,57414
206457,63360
206457,63218
206457,59396
206457,62274
206457,63220
206457,63186
206457,50718
206457,56696
206457,63418
206457,44660
206457,62170
206457,63136
206457,61540
206457,62376
206457,53046
206457,63538
206457,36762
206457,54864
206457,48980
206457,55798
206457,62614
206457,53394
206457,62618
206457,62616
206457,63540
206457,53256
206457,45912
206457,57522
206457,55638
206457,10790
206457,44664
206457,59776
206457,53048
206457,52620
206457,50962
206457,62276
206457,62860
206457,44662
206457,56484
206457,1206
206457,48694
206457,53258
206457,58504
162960,61364
162960,1370
162960,30500
162960,56714
162960,61672
162960,61348
162960,61542
162960,50270
162960,54096
162960,11262
162960,35732
162960,48574
162960,61552
162960,50716
162960,36720
162960,39186
162960,34092
162960,57804
162960,61280
162960,60522
162960,62074
162960,16358
162960,44302
162960,11490
162960,124
162960,52918
162960,33886
162960,50274
162960,60
162960,3382
162960,10808
162960,61558
162960,1372
162960,54290
162960,48298
162960,59816
162960,59822
162960,50272
162960,1304
162960,37644
162960,49888
162960,53160
162960,50968
162960,60978
162960,35846
162960,46632
162960,10652
162960,42132
162960,51316
162960,33534
162960,50268
162960,53406
162960,51974
162960,50720
162960,50724
162960,44914
162960,61560
162960,50970
162960,36722
162960,61028
162960,59394
162960,32496
162960,57414
162960,63360
162960,63218
162960,59396
162960,63220
162960,63186
162960,56696
162960,44660
162960,53046
162960,63538
162960,36762
162960,54864
162960,55798
162960,62614
162960,53394
162960,62400
162960,63540
162960,53256
162960,44644
162960,57522
162960,55638
162960,10790
162960,53048
162960,52620
162960,50962
162960,62276
162960,56484
162960,48694
162960,53258
243477,61364
243477,1370
243477,30500
243477,61672
243477,61348
243477,54096
243477,11262
243477,35732
243477,61552
243477,34092
243477,44302
243477,52918
243477,33886
243477,60
243477,3382
243477,61558
243477,1372
243477,54290
243477,59816
243477,59822
243477,50272
243477,37644
243477,50968
243477,60978
243477,10652
243477,42132
243477,51316
243477,33534
243477,50268
243477,53406
243477,50720
243477,50724
243477,50970
243477,36722
243477,61028
243477,53386
243477,63188
243477,62944
243477,59394
243477,63510
243477,32496
243477,55632
243477,57414
243477,63360
243477,63218
243477,59396
243477,62274
243477,63220
243477,63186
243477,50718
243477,56696
243477,63418
243477,44660
243477,62170
243477,63136
243477,61540
243477,62376
243477,53046
243477,63538
243477,36762
243477,54864
243477,48980
243477,55798
243477,62614
243477,53394
243477,62618
243477,62616
243477,62378
243477,63540
243477,53256
243477,45912
243477,44644
243477,57522
243477,55638
243477,10790
243477,44664
243477,59776
243477,53048
243477,52620
243477,50962
243477,62276
243477,62860
243477,44662
243477,56484
243477,1206
243477,48694
243477,53258
243477,58504
246033,61364
246033,1370
246033,30500
246033,56714
246033,61672
246033,61348
246033,61542
246033,50270
246033,54096
246033,11262
246033,35732
246033,48574
246033,61552
246033,50716
246033,36720
246033,39186
246033,34092
246033,57804
246033,61280
246033,60522
246033,62074
246033,16358
246033,44302
246033,11490
246033,124
246033,52918
246033,33886
246033,50274
246033,60
246033,3382
246033,10808
246033,61558
246033,1372
246033,54290
246033,48298
246033,59816
246033,59822
246033,50272
246033,1304
246033,37644
246033,49888
246033,53160
246033,50968
246033,60978
246033,35846
246033,46632
246033,10652
246033,42132
246033,51316
246033,33534
246033,50268
246033,53406
246033,51974
246033,50720
246033,50724
246033,44914
246033,61560
246033,50970
246033,61028
246033,59394
246033,32496
246033,57414
246033,63220
246033,56696
246033,44660
246033,53046
246033,63538
246033,36762
246033,55798
246033,62614
246033,53394
246033,62400
246033,53256
246033,44644
246033,57522
246033,55638
246033,10790
246033,52620
246033,50962
246033,62276
246033,56484
246033,53258
232503,61364
232503,1370
232503,30500
232503,54096
232503,11262
232503,35732
232503,61552
232503,34092
232503,44302
232503,52918
232503,33886
232503,60
232503,3382
232503,61558
232503,59816
232503,59822
232503,50968
232503,60978
232503,10652
232503,51316
232503,50268
232503,53406
232503,50720
232503,50724
232503,50970
232503,36722
232503,61028
232503,53386
232503,63188
232503,62944
232503,59394
232503,63510
232503,32496
232503,55632
232503,57414
232503,63360
232503,63218
232503,59396
232503,62274
232503,63220
232503,63186
232503,50718
232503,56696
232503,63418
232503,44660
232503,62170
232503,63136
232503,61540
232503,62376
232503,53046
232503,63538
232503,36762
232503,54864
232503,48980
232503,55798
232503,62614
232503,53394
232503,62618
232503,62616
232503,63540
232503,53256
232503,45912
232503,57522
232503,55638
232503,10790
232503,44664
232503,59776
232503,53048
232503,52620
232503,50962
232503,62276
232503,62860
232503,44662
232503,56484
232503,1206
232503,48694
232503,53258
232503,58504
164871,61364
164871,1370
164871,30500
164871,56714
164871,61672
164871,61348
164871,61542
164871,50270
164871,54096
164871,11262
164871,35732
164871,48574
164871,61552
164871,50716
164871,36720
164871,39186
164871,34092
164871,57804
164871,60522
164871,62074
164871,16358
164871,44302
164871,11490
164871,124
164871,52918
164871,33886
164871,50274
164871,60
164871,3382
164871,10808
164871,61558
164871,1372
164871,54290
164871,48298
164871,59816
164871,59822
164871,50272
164871,1304
164871,37644
164871,49888
164871,53160
164871,50968
164871,60978
164871,35846
164871,46632
164871,10652
164871,42132
164871,51316
164871,33534
164871,50268
164871,53406
164871,51974
164871,50720
164871,50724
164871,44914
164871,61560
164871,50970
164871,61028
164871,62944
164871,63360
164871,63218
164871,63186
164871,44660
164871,62170
164871,53256
164871,57522
164871,55638
164871,10790
164871,62276
164871,56484
244092,61672
244092,61348
244092,54096
244092,11262
244092,61552
244092,16358
244092,44302
244092,60
244092,59816
244092,59822
244092,50968
244092,60978
244092,50268
244092,53406
244092,50970
244092,63418
244092,44660
244092,62618
244092,53256
244092,62276
244092,56484
245826,16358
245826,44302
245826,50274
245826,53160
245826,46632
245826,53406
245826,51974
245826,61028
245826,62944
245826,63360
245826,63218
245826,63186
245826,44660
245826,62170
245826,53256
245826,57522
245826,55638
245826,10790
245826,62276
245826,56484
181110,61672
181110,61348
181110,54096
181110,11262
181110,61552
181110,16358
181110,44302
181110,60
181110,59816
181110,59822
181110,50968
181110,60978
181110,50268
181110,53406
181110,50970
181110,36722
181110,61028
181110,53386
181110,63188
181110,62944
181110,59394
181110,32496
181110,55632
181110,57414
181110,63360
181110,63218
181110,59396
181110,63186
181110,44660
181110,62170
181110,53046
181110,63538
181110,36762
181110,55798
181110,62614
181110,53394
181110,63540
181110,53256
181110,57522
181110,55638
181110,10790
181110,59776
181110,53048
181110,52620
181110,50962
181110,62276
181110,56484
181110,48694
248682,61364
248682,1370
248682,30500
248682,56714
248682,61672
248682,61348
248682,50270
248682,54096
248682,11262
248682,35732
248682,48574
248682,61552
248682,36720
248682,39186
248682,57804
248682,60522
248682,16358
248682,44302
248682,11490
248682,124
248682,52918
248682,33886
248682,60
248682,61558
248682,1372
248682,54290
248682,48298
248682,59816
248682,59822
248682,1304
248682,37644
248682,53160
248682,50968
248682,60978
248682,10652
248682,42132
248682,50268
248682,53406
248682,51974
248682,50720
248682,50724
248682,44914
248682,61560
248682,50970
248682,59394
248682,57414
248682,63218
248682,59396
248682,63220
248682,63186
248682,56696
248682,44660
248682,63538
248682,36762
248682,54864
248682,55798
248682,62614
248682,53394
248682,62400
248682,63540
248682,53256
248682,57522
248682,55638
248682,10790
248682,53048
248682,52620
248682,50962
248682,62276
248682,56484
248682,53258
246216,1370
246216,30500
246216,61672
246216,61348
246216,54096
246216,11262
246216,35732
246216,61552
246216,34092
246216,44302
246216,60
246216,3382
246216,61558
246216,1372
246216,59816
246216,59822
246216,50272
246216,37644
246216,60978
246216,10652
246216,42132
246216,51316
246216,33534
246216,50268
246216,53406
246216,50970
246216,36722
246216,61028
246216,53386
246216,63188
246216,62944
246216,59394
246216,32496
246216,55632
246216,57414
246216,63360
246216,59396
246216,63186
246216,56696
246216,44660
246216,62170
246216,61540
246216,53046
246216,63538
246216,36762
246216,54864
246216,48980
246216,62614
246216,53394
246216,62616
246216,63540
246216,53256
246216,45912
246216,57522
246216,55638
246216,10790
246216,59776
246216,53048
246216,52620
246216,50962
246216,62276
246216,56484
246216,48694
246216,58504
205995,61364
205995,1370
205995,30500
205995,61672
205995,61348
205995,50270
205995,54096
205995,11262
205995,35732
205995,48574
205995,61552
205995,36720
205995,39186
205995,57804
205995,60522
205995,62074
205995,16358
205995,44302
205995,11490
205995,124
205995,52918
205995,33886
205995,60
205995,3382
205995,61558
205995,1372
205995,54290
205995,48298
205995,59816
205995,59822
205995,1304
205995,37644
205995,53160
205995,50968
205995,60978
205995,46632
205995,10652
205995,42132
205995,51316
205995,33534
205995,50268
205995,53406
205995,51974
205995,50720
205995,50724
205995,61560
205995,50970
205995,61028
205995,62944
205995,59394
205995,57414
205995,63360
205995,63218
205995,59396
205995,63186
205995,62170
205995,53256
205995,57522
205995,55638
205995,10790
205995,62276
205995,56484
71301,56714
71301,61672
71301,61348
71301,50270
71301,54096
71301,11262
71301,61552
71301,39186
71301,16358
71301,44302
71301,52918
71301,60
71301,61558
71301,59816
71301,59822
71301,49888
71301,53160
71301,50968
71301,60978
71301,46632
71301,10652
71301,50268
71301,53406
71301,51974
71301,44914
71301,50970
71301,61028
71301,63360
71301,63218
71301,63186
71301,44660
71301,62170
71301,53256
71301,45912
71301,57522
71301,55638
71301,10790
71301,62276
71301,56484
162792,54096
162792,11262
162792,61552
162792,39186
162792,16358
162792,44302
162792,52918
162792,60
162792,61558
162792,59816
162792,59822
162792,53160
162792,60978
162792,50268
162792,53406
162792,51974
162792,50970
162792,63360
162792,63218
162792,62170
162792,53256
162792,57522
162792,55638
162792,10790
162792,62276
162792,56484
246150,54096
246150,11262
246150,61552
246150,39186
246150,16358
246150,44302
246150,52918
246150,60
246150,61558
246150,59816
246150,59822
246150,37644
246150,53160
246150,60978
246150,46632
246150,50268
246150,53406
246150,51974
246150,50970
246150,61028
246150,62944
246150,63360
246150,63186
246150,62170
246150,53256
246150,57522
246150,55638
246150,10790
246150,62276
246150,56484
167514,61672
167514,61348
167514,54096
167514,11262
167514,61552
167514,39186
167514,16358
167514,44302
167514,52918
167514,60
167514,61558
167514,59816
167514,59822
167514,53160
167514,50968
167514,60978
167514,46632
167514,10652
167514,50268
167514,53406
167514,50970
167514,61028
167514,62944
167514,63360
167514,63218
167514,63186
167514,62170
167514,53256
167514,57522
167514,55638
167514,10790
167514,62276
167514,56484
210129,61672
210129,61348
210129,54096
210129,11262
210129,61552
210129,39186
210129,16358
210129,44302
210129,52918
210129,60
210129,10808
210129,61558
210129,59816
210129,59822
210129,53160
210129,50968
210129,60978
210129,46632
210129,10652
210129,50268
210129,53406
210129,50970
210129,63360
210129,63218
210129,44660
210129,62170
210129,53256
210129,57522
210129,55638
210129,10790
210129,62276
210129,56484
206481,54096
206481,11262
206481,61552
206481,39186
206481,16358
206481,44302
206481,60
206481,61558
206481,59816
206481,59822
206481,37644
206481,53160
206481,60978
206481,50268
206481,53406
206481,50970
206481,61028
206481,62944
206481,63360
206481,63218
206481,63186
206481,44660
206481,62170
206481,53256
206481,57522
206481,55638
206481,10790
206481,62276
206481,56484
243954,61672
243954,61348
243954,54096
243954,11262
243954,61552
243954,39186
243954,16358
243954,44302
243954,52918
243954,60
243954,61558
243954,59816
243954,59822
243954,53160
243954,50968
243954,60978
243954,10652
243954,50268
243954,53406
243954,50970
243954,63218
243954,44660
243954,53256
243954,57522
243954,55638
243954,62276
243954,56484
216366,54096
216366,11262
216366,44302
216366,60
216366,59816
216366,37644
216366,60978
216366,53406
216366,50970
216366,63360
216366,63218
216366,44660
216366,62170
216366,53256
216366,57522
216366,55638
216366,10790
216366,62276
216366,56484
246987,54096
246987,11262
246987,61552
246987,39186
246987,16358
246987,44302
246987,52918
246987,60
246987,61558
246987,59816
246987,59822
246987,37644
246987,53160
246987,60978
246987,50268
246987,53406
246987,51974
246987,50970
246987,61028
246987,62944
246987,59394
246987,57414
246987,63360
246987,63218
246987,59396
246987,63186
246987,44660
246987,62170
246987,53256
246987,57522
246987,55638
246987,10790
246987,62276
246987,56484
64764,61672
64764,61348
64764,50270
64764,54096
64764,11262
64764,61552
64764,39186
64764,16358
64764,44302
64764,52918
64764,60
64764,59816
64764,59822
64764,49888
64764,53160
64764,50968
64764,60978
64764,46632
64764,10652
64764,50268
64764,53406
64764,51974
64764,50970
64764,53386
64764,63188
64764,55632
64764,56696
64764,63418
64764,44660
64764,36762
64764,54864
64764,62400
64764,10790
64764,56484
154812,11490
154812,52918
154812,61558
154812,1372
154812,1304
154812,53160
154812,53406
154812,61028
154812,62944
154812,59394
154812,57414
154812,63360
154812,63218
154812,59396
154812,63186
154812,62170
154812,53256
154812,57522
154812,55638
154812,10790
154812,62276
154812,56484
235380,61672
235380,61348
235380,50270
235380,54096
235380,11262
235380,61552
235380,39186
235380,16358
235380,44302
235380,52918
235380,60
235380,10808
235380,61558
235380,59816
235380,59822
235380,49888
235380,53160
235380,50968
235380,60978
235380,46632
235380,10652
235380,50268
235380,53406
235380,51974
235380,50970
235380,61028
235380,62944
235380,63360
235380,63186
235380,62170
235380,53256
235380,45912
235380,57522
235380,55638
235380,10790
235380,62276
235380,56484
238611,61672
238611,61348
238611,54096
238611,11262
238611,61552
238611,39186
238611,16358
238611,44302
238611,52918
238611,60
238611,61558
238611,59816
238611,59822
238611,53160
238611,50968
238611,60978
238611,46632
238611,10652
238611,50268
238611,53406
238611,50970
238611,36722
238611,61028
238611,59394
238611,57414
238611,63360
238611,63218
238611,59396
238611,63186
238611,44660
238611,62170
238611,53046
238611,63538
238611,36762
238611,62614
238611,53394
238611,63540
238611,53256
238611,57522
238611,55638
238611,10790
238611,53048
238611,52620
238611,50962
238611,62276
238611,56484
245046,61364
245046,1370
245046,30500
245046,56714
245046,61672
245046,61348
245046,50270
245046,54096
245046,11262
245046,61552
245046,39186
245046,16358
245046,44302
245046,11490
245046,52918
245046,33886
245046,60
245046,61558
245046,1372
245046,59816
245046,59822
245046,37644
245046,53160
245046,50968
245046,60978
245046,10652
245046,42132
245046,50268
245046,53406
245046,51974
245046,50720
245046,50724
245046,50970
245046,63218
245046,62170
245046,63136
245046,61540
245046,63538
245046,62618
245046,57522
245046,55638
245046,62276
245046,62860
245046,58504
249297,61364
249297,1370
249297,56714
249297,61672
249297,61348
249297,50270
249297,54096
249297,11262
249297,35732
249297,48574
249297,61552
249297,39186
249297,60522
249297,62074
249297,124
249297,52918
249297,33886
249297,3382
249297,10808
249297,61558
249297,59822
249297,50272
249297,1304
249297,49888
249297,53160
249297,50968
249297,46632
249297,10652
249297,42132
249297,51316
249297,53406
249297,50724
249297,61560
249297,50970
249297,36722
249297,61028
249297,53386
249297,63188
249297,59394
249297,63510
249297,32496
249297,57414
249297,63360
249297,59396
249297,62274
249297,63186
249297,56696
249297,63418
249297,44660
249297,62170
249297,63136
249297,61540
249297,62376
249297,53046
249297,36762
249297,55798
249297,62614
249297,62616
249297,62400
249297,63540
249297,53256
249297,44644
249297,57522
249297,55638
249297,59776
249297,53048
249297,62276
249297,62860
249297,44662
249297,56484
249297,1206
249297,58504
208881,34092
208881,48298
208881,50272
208881,49888
208881,53160
208881,50968
208881,46632
208881,51316
208881,53406
208881,61560
208881,63510
208881,32496
208881,63360
208881,44660
208881,62170
208881,36762
208881,55798
208881,62616
208881,53256
208881,62276
208881,62860
208881,1206
208881,58504
251391,61364
251391,1370
251391,30500
251391,56714
251391,61672
251391,61348
251391,50270
251391,54096
251391,11262
251391,35732
251391,48574
251391,61552
251391,39186
251391,57804
251391,60522
251391,62074
251391,44302
251391,124
251391,52918
251391,33886
251391,50274
251391,60
251391,3382
251391,10808
251391,61558
251391,54290
251391,59822
251391,50272
251391,1304
251391,49888
251391,53160
251391,50968
251391,35846
251391,46632
251391,10652
251391,42132
251391,51316
251391,53406
251391,50720
251391,50724
251391,44914
251391,61560
251391,50970
251391,36722
251391,61028
251391,53386
251391,63188
251391,59394
251391,63510
251391,32496
251391,55632
251391,57414
251391,63360
251391,59396
251391,62274
251391,63186
251391,56696
251391,63418
251391,44660
251391,62170
251391,63136
251391,61540
251391,62376
251391,53046
251391,36762
251391,54864
251391,55798
251391,62614
251391,53394
251391,62618
251391,62616
251391,62400
251391,63540
251391,53256
251391,45912
251391,44644
251391,57522
251391,55638
251391,44664
251391,59776
251391,53048
251391,52620
251391,50962
251391,62276
251391,62860
251391,44662
251391,56484
251391,1206
251391,48694
251391,53258
251391,58504
155016,48574
155016,60522
155016,48298
155016,53160
155016,50968
155016,46632
155016,10652
155016,50268
155016,53406
155016,61560
155016,63510
155016,32496
155016,63360
155016,62170
155016,36762
155016,55798
155016,62616
155016,53256
155016,55638
155016,62860
155016,1206
155016,58504
212181,48574
212181,34092
212181,50272
212181,49888
212181,53160
212181,50968
212181,46632
212181,51316
212181,53406
212181,63510
212181,32496
212181,62170
212181,36762
212181,48980
212181,55798
212181,62616
212181,53256
212181,55638
212181,44664
212181,62860
212181,58504
208560,61364
208560,1370
208560,30500
208560,56714
208560,61348
208560,50270
208560,54096
208560,11262
208560,35732
208560,48574
208560,61552
208560,36720
208560,39186
208560,57804
208560,60522
208560,62074
208560,44302
208560,124
208560,52918
208560,33886
208560,50274
208560,60
208560,10808
208560,61558
208560,59822
208560,50272
208560,1304
208560,49888
208560,53160
208560,50968
208560,46632
208560,10652
208560,42132
208560,51316
208560,33534
208560,53406
208560,44914
208560,61560
208560,50970
208560,36722
208560,53386
208560,63188
208560,59394
208560,63510
208560,32496
208560,57414
208560,63360
208560,59396
208560,62274
208560,63186
208560,56696
208560,63418
208560,44660
208560,62170
208560,63136
208560,61540
208560,62376
208560,53046
208560,36762
208560,54864
208560,55798
208560,62614
208560,62616
208560,62400
208560,63540
208560,53256
208560,44644
208560,57522
208560,55638
208560,44664
208560,59776
208560,53048
208560,52620
208560,50962
208560,62276
208560,62860
208560,44662
208560,56484
208560,1206
208560,48694
208560,58504
153720,1370
153720,50270
153720,35732
153720,48574
153720,39186
153720,60522
153720,62074
153720,1372
153720,50272
153720,1304
153720,49888
153720,50968
153720,51316
153720,33534
153720,53406
153720,61560
153720,63510
153720,63360
153720,59396
153720,62274
153720,44660
153720,62376
153720,36762
153720,48980
153720,62616
153720,62400
153720,44644
153720,10790
153720,50962
153720,62860
153720,44662
153720,58504
215985,35732
215985,39186
215985,34092
215985,60522
215985,62074
215985,50272
215985,50968
215985,51316
215985,53406
215985,63510
215985,44660
215985,62170
215985,48980
215985,62616
215985,62400
215985,44664
215985,62860
215985,58504
215112,34092
215112,60522
215112,50272
215112,51316
215112,53406
215112,63510
215112,44660
215112,62170
215112,53256
215112,44644
215112,62860
249843,1370
249843,61348
249843,11262
249843,48574
249843,34092
249843,60522
249843,50272
249843,49888
249843,53160
249843,51316
249843,53406
249843,63510
249843,32496
249843,63360
249843,44660
249843,62170
249843,36762
249843,54864
249843,55798
249843,62616
249843,53256
249843,44644
249843,57522
249843,55638
249843,62276
249843,62860
249843,1206
249843,58504
61629,48574
61629,36720
61629,57804
61629,60522
61629,52918
61629,33886
61629,3382
61629,10808
61629,61558
61629,50272
61629,50968
61629,42132
61629,51316
61629,53406
61629,50724
61629,53386
61629,63188
61629,63510
61629,32496
61629,62274
61629,63220
61629,62170
61629,36762
61629,55798
61629,62616
61629,55638
61629,59776
61629,52620
61629,62276
61629,62860
61629,58504
61347,48574
61347,36720
61347,57804
61347,60522
61347,52918
61347,33886
61347,3382
61347,10808
61347,61558
61347,42132
61347,51316
61347,33534
61347,53406
61347,50724
61347,53386
61347,63188
61347,63510
61347,32496
61347,62274
61347,63220
61347,62170
61347,36762
61347,55798
61347,62616
61347,59776
61347,52620
61347,62276
61347,62860
61347,58504
212433,61364
212433,1370
212433,61672
212433,61348
212433,50270
212433,11262
212433,35732
212433,48574
212433,61552
212433,39186
212433,61280
212433,60522
212433,124
212433,52918
212433,10808
212433,61558
212433,48298
212433,50272
212433,37644
212433,49888
212433,53160
212433,50968
212433,10652
212433,51316
212433,53406
212433,50720
212433,61560
212433,53386
212433,63188
212433,62944
212433,63510
212433,32496
212433,55632
212433,63360
212433,62274
212433,44660
212433,62170
212433,62376
212433,53046
212433,36762
212433,54864
212433,55798
212433,62614
212433,53394
212433,62616
212433,62400
212433,53256
212433,57522
212433,55638
212433,59776
212433,50962
212433,62276
212433,62860
212433,56484
212433,1206
212433,58504
249159,61364
249159,1370
249159,56714
249159,61672
249159,61348
249159,50270
249159,54096
249159,11262
249159,35732
249159,48574
249159,61552
249159,39186
249159,60522
249159,62074
249159,124
249159,52918
249159,33886
249159,3382
249159,10808
249159,61558
249159,59822
249159,50272
249159,49888
249159,53160
249159,50968
249159,46632
249159,10652
249159,42132
249159,51316
249159,53406
249159,50724
249159,61560
249159,50970
249159,36722
249159,53386
249159,63188
249159,59394
249159,63510
249159,32496
249159,57414
249159,63360
249159,59396
249159,62274
249159,63186
249159,56696
249159,63418
249159,44660
249159,62170
249159,63136
249159,61540
249159,62376
249159,53046
249159,36762
249159,55798
249159,62614
249159,62616
249159,62400
249159,63540
249159,53256
249159,44644
249159,57522
249159,55638
249159,59776
249159,53048
249159,62276
249159,62860
249159,44662
249159,56484
249159,1206
249159,58504
244869,1370
244869,50270
244869,36720
244869,57804
244869,61280
244869,60522
244869,33886
244869,3382
244869,10808
244869,61558
244869,48298
244869,50272
244869,37644
244869,49888
244869,53160
244869,50968
244869,10652
244869,42132
244869,51316
244869,53406
244869,50724
244869,61560
244869,50970
244869,36722
244869,63510
244869,32496
244869,55632
244869,63360
244869,63220
244869,62170
244869,62376
244869,36762
244869,55798
244869,62616
244869,62400
244869,57522
244869,55638
244869,59776
244869,52620
244869,62860
244869,56484
244869,58504
217872,61364
217872,1370
217872,30500
217872,56714
217872,61672
217872,61348
217872,50270
217872,54096
217872,11262
217872,35732
217872,48574
217872,61552
217872,39186
217872,57804
217872,60522
217872,62074
217872,44302
217872,124
217872,52918
217872,33886
217872,50274
217872,60
217872,10808
217872,61558
217872,54290
217872,59822
217872,50272
217872,1304
217872,49888
217872,53160
217872,50968
217872,35846
217872,46632
217872,10652
217872,42132
217872,51316
217872,33534
217872,53406
217872,50720
217872,50724
217872,44914
217872,61560
217872,50970
217872,36722
217872,53386
217872,63188
217872,59394
217872,63510
217872,32496
217872,55632
217872,57414
217872,63360
217872,59396
217872,62274
217872,63186
217872,56696
217872,63418
217872,44660
217872,62170
217872,63136
217872,61540
217872,62376
217872,53046
217872,36762
217872,54864
217872,55798
217872,62614
217872,53394
217872,62618
217872,62616
217872,62400
217872,63540
217872,53256
217872,44644
217872,57522
217872,55638
217872,44664
217872,59776
217872,53048
217872,52620
217872,50962
217872,62276
217872,62860
217872,44662
217872,56484
217872,1206
217872,48694
217872,53258
217872,58504
236973,1370
236973,61672
236973,50270
236973,54096
236973,35732
236973,48574
236973,61552
236973,39186
236973,60522
236973,52918
236973,33886
236973,3382
236973,10808
236973,61558
236973,50272
236973,37644
236973,49888
236973,53160
236973,50968
236973,46632
236973,10652
236973,42132
236973,51316
236973,53406
236973,61560
236973,50970
236973,36722
236973,53386
236973,63188
236973,59394
236973,63510
236973,32496
236973,57414
236973,63360
236973,62274
236973,56696
236973,63418
236973,44660
236973,62170
236973,63136
236973,61540
236973,62376
236973,36762
236973,55798
236973,62614
236973,62616
236973,62400
236973,63540
236973,53256
236973,44644
236973,57522
236973,55638
236973,59776
236973,53048
236973,62276
236973,62860
236973,44662
236973,56484
236973,58504
153675,1370
153675,30500
153675,61672
153675,50270
153675,35732
153675,48574
153675,61552
153675,39186
153675,34092
153675,60522
153675,62074
153675,44302
153675,33886
153675,3382
153675,61558
153675,59816
153675,59822
153675,50272
153675,49888
153675,53160
153675,50968
153675,35846
153675,46632
153675,42132
153675,51316
153675,53406
153675,51974
153675,50720
153675,61560
153675,50970
153675,36722
153675,53386
153675,63188
153675,59394
153675,63510
153675,55632
153675,63360
153675,59396
153675,62274
153675,63220
153675,44660
153675,62170
153675,63136
153675,62376
153675,36762
153675,48980
153675,62614
153675,53394
153675,62618
153675,62616
153675,62400
153675,53256
153675,45912
153675,44644
153675,57522
153675,10790
153675,59776
153675,53048
153675,50962
153675,62276
153675,62860
153675,56484
153675,48694
153675,53258
153675,58504
222852,1370
222852,61672
222852,61348
222852,11262
222852,35732
222852,48574
222852,61552
222852,39186
222852,62074
222852,50272
222852,49888
222852,53160
222852,50968
222852,51316
222852,53406
222852,61028
222852,53386
222852,63188
222852,59394
222852,63510
222852,32496
222852,63360
222852,62274
222852,44660
222852,62170
222852,62376
222852,36762
222852,55798
222852,62616
222852,62400
222852,45912
222852,44644
222852,57522
222852,55638
222852,59776
222852,62276
222852,62860
222852,44662
222852,58504
154635,61364
154635,1370
154635,30500
154635,56714
154635,61672
154635,61348
154635,50270
154635,54096
154635,11262
154635,35732
154635,48574
154635,61552
154635,39186
154635,57804
154635,60522
154635,62074
154635,16358
154635,44302
154635,124
154635,52918
154635,33886
154635,50274
154635,60
154635,3382
154635,10808
154635,61558
154635,59822
154635,50272
154635,1304
154635,49888
154635,53160
154635,50968
154635,35846
154635,46632
154635,10652
154635,42132
154635,51316
154635,53406
154635,50720
154635,44914
154635,61560
154635,50970
154635,36722
154635,61028
154635,53386
154635,63188
154635,59394
154635,63510
154635,32496
154635,55632
154635,57414
154635,63360
154635,59396
154635,62274
154635,63220
154635,63186
154635,50718
154635,56696
154635,63418
154635,44660
154635,62170
154635,63136
154635,61540
154635,62376
154635,53046
154635,36762
154635,54864
154635,55798
154635,62614
154635,53394
154635,62618
154635,62616
154635,62400
154635,63540
154635,53256
154635,45912
154635,44644
154635,57522
154635,55638
154635,44664
154635,59776
154635,53048
154635,52620
154635,50962
154635,62276
154635,62860
154635,44662
154635,56484
154635,1206
154635,48694
154635,53258
154635,58504
214998,1370
214998,61672
214998,35732
214998,48574
214998,39186
214998,60522
214998,62074
214998,50272
214998,49888
214998,53160
214998,50968
214998,51316
214998,53406
214998,53386
214998,63188
214998,63510
214998,32496
214998,63360
214998,62274
214998,44660
214998,62170
214998,62376
214998,36762
214998,55798
214998,62616
214998,62400
214998,44644
214998,57522
214998,55638
214998,59776
214998,62276
214998,62860
214998,58504
207099,50272
207099,51316
207099,44664
207099,62860
249411,61364
249411,1370
249411,30500
249411,56714
249411,61672
249411,61348
249411,61542
249411,50270
249411,54096
249411,11262
249411,35732
249411,48574
249411,61552
249411,50716
249411,36720
249411,39186
249411,34092
249411,57804
249411,61280
249411,60522
249411,62074
249411,16358
249411,44302
249411,11490
249411,124
249411,52918
249411,33886
249411,50274
249411,60
249411,3382
249411,10808
249411,61558
249411,1372
249411,54290
249411,48298
249411,59816
249411,59822
249411,50272
249411,1304
249411,37644
249411,49888
249411,53160
249411,50968
249411,60978
249411,35846
249411,46632
249411,10652
249411,42132
249411,51316
249411,33534
249411,50268
249411,53406
249411,51974
249411,50720
249411,50724
249411,44914
249411,61560
249411,50970
249411,36722
249411,61028
249411,53386
249411,63188
249411,62944
249411,59394
249411,63510
249411,32496
249411,55632
249411,57414
249411,63360
249411,63218
249411,59396
249411,62274
249411,63220
249411,63186
249411,50718
249411,56696
249411,63418
249411,44660
249411,62170
249411,63136
249411,61540
249411,62376
249411,53046
249411,63538
249411,36762
249411,54864
249411,48980
249411,55798
249411,62614
249411,53394
249411,62618
249411,62616
249411,62400
249411,62378
249411,63540
249411,53256
249411,45912
249411,44644
249411,57522
249411,55638
249411,10790
249411,44664
249411,59776
249411,53048
249411,52620
249411,50962
249411,62276
249411,62860
249411,44662
249411,56484
249411,1206
249411,48694
249411,53258
249411,58504
240924,61364
240924,1370
240924,30500
240924,61672
240924,61348
240924,11262
240924,35732
240924,48574
240924,61552
240924,39186
240924,60522
240924,62074
240924,124
240924,52918
240924,61558
240924,1372
240924,59822
240924,50272
240924,53160
240924,50968
240924,46632
240924,42132
240924,51316
240924,53406
240924,51974
240924,61560
240924,50970
240924,36722
240924,53386
240924,63188
240924,62944
240924,59394
240924,63510
240924,62274
240924,44660
240924,62170
240924,63136
240924,53046
240924,36762
240924,54864
240924,48980
240924,62616
240924,62400
240924,62378
240924,45912
240924,44644
240924,57522
240924,44664
240924,50962
240924,62276
240924,62860
240924,1206
240924,58504
457455,1370
457455,35732
457455,48574
457455,39186
457455,60522
457455,62074
457455,1372
457455,50272
457455,49888
457455,53160
457455,50968
457455,51316
457455,53406
457455,61560
457455,63510
457455,63360
457455,59396
457455,62274
457455,44660
457455,62170
457455,62376
457455,36762
457455,48980
457455,62616
457455,62400
457455,44644
457455,62860
457455,58504
203466,61364
203466,1370
203466,30500
203466,56714
203466,61672
203466,61348
203466,50270
203466,54096
203466,11262
203466,35732
203466,48574
203466,61552
203466,36720
203466,39186
203466,34092
203466,57804
203466,60522
203466,62074
203466,44302
203466,124
203466,52918
203466,33886
203466,50274
203466,60
203466,3382
203466,10808
203466,61558
203466,48298
203466,59822
203466,50272
203466,1304
203466,49888
203466,53160
203466,50968
203466,35846
203466,46632
203466,10652
203466,42132
203466,51316
203466,53406
203466,51974
203466,50720
203466,50724
203466,44914
203466,61560
203466,50970
203466,36722
203466,53386
203466,63188
203466,59394
203466,63510
203466,32496
203466,55632
203466,57414
203466,63360
203466,63218
203466,59396
203466,62274
203466,63220
203466,63186
203466,56696
203466,63418
203466,44660
203466,62170
203466,63136
203466,61540
203466,62376
203466,53046
203466,36762
203466,54864
203466,55798
203466,62614
203466,53394
203466,62618
203466,62616
203466,62400
203466,62378
203466,63540
203466,53256
203466,45912
203466,44644
203466,57522
203466,55638
203466,59776
203466,53048
203466,52620
203466,50962
203466,62276
203466,62860
203466,44662
203466,56484
203466,1206
203466,48694
203466,53258
203466,58504
208080,61364
208080,1370
208080,61672
208080,61348
208080,54096
208080,11262
208080,48574
208080,61552
208080,39186
208080,60522
208080,62074
208080,52918
208080,3382
208080,10808
208080,61558
208080,59822
208080,50272
208080,49888
208080,53160
208080,50968
208080,46632
208080,42132
208080,51316
208080,53406
208080,61560
208080,50970
208080,36722
208080,61028
208080,53386
208080,63188
208080,59394
208080,63510
208080,32496
208080,63360
208080,62274
208080,56696
208080,62170
208080,63136
208080,61540
208080,36762
208080,54864
208080,55798
208080,62614
208080,62400
208080,53256
208080,44644
208080,55638
208080,62276
208080,62860
208080,44662
208080,58504
163032,61364
163032,1370
163032,30500
163032,56714
163032,61672
163032,61348
163032,61542
163032,50270
163032,54096
163032,11262
163032,35732
163032,48574
163032,61552
163032,36720
163032,39186
163032,57804
163032,60522
163032,62074
163032,124
163032,52918
163032,33886
163032,50274
163032,60
163032,3382
163032,10808
163032,61558
163032,48298
163032,59822
163032,50272
163032,37644
163032,49888
163032,53160
163032,50968
163032,35846
163032,46632
163032,10652
163032,42132
163032,51316
163032,50268
163032,53406
163032,50720
163032,50724
163032,44914
163032,61560
163032,50970
163032,36722
163032,53386
163032,63188
163032,62944
163032,59394
163032,63510
163032,32496
163032,55632
163032,57414
163032,63360
163032,63218
163032,59396
163032,62274
163032,63186
163032,56696
163032,63418
163032,44660
163032,62170
163032,63136
163032,61540
163032,62376
163032,53046
163032,63538
163032,36762
163032,54864
163032,55798
163032,62614
163032,53394
163032,62618
163032,62616
163032,62400
163032,63540
163032,53256
163032,44644
163032,57522
163032,55638
163032,59776
163032,53048
163032,52620
163032,50962
163032,62276
163032,62860
163032,44662
163032,56484
163032,1206
163032,48694
163032,53258
163032,58504
251610,1370
251610,61672
251610,35732
251610,48574
251610,39186
251610,60522
251610,62074
251610,50272
251610,49888
251610,53160
251610,50968
251610,51316
251610,53406
251610,53386
251610,63188
251610,63510
251610,32496
251610,63360
251610,62274
251610,44660
251610,62170
251610,62376
251610,36762
251610,55798
251610,62616
251610,62400
251610,44644
251610,57522
251610,55638
251610,59776
251610,62276
251610,62860
251610,58504
253098,1370
253098,60522
253098,52918
253098,33886
253098,3382
253098,10808
253098,61558
253098,48298
253098,50272
253098,50968
253098,42132
253098,51316
253098,53406
253098,50724
253098,50970
253098,36722
253098,63510
253098,32496
253098,63360
253098,63220
253098,62170
253098,36762
253098,55798
253098,62616
253098,55638
253098,52620
253098,62276
253098,62860
253098,58504
210408,1370
210408,48574
210408,34092
210408,60522
210408,50272
210408,37644
210408,49888
210408,53160
210408,50968
210408,51316
210408,53406
210408,63510
210408,32496
210408,63360
210408,44660
210408,62170
210408,36762
210408,48980
210408,55798
210408,62616
210408,53256
210408,44644
210408,55638
210408,44664
210408,62860
210408,58504
165126,1370
165126,61672
165126,61348
165126,11262
165126,35732
165126,48574
165126,61552
165126,39186
165126,60522
165126,62074
165126,50272
165126,49888
165126,53160
165126,50968
165126,51316
165126,53406
165126,61028
165126,53386
165126,63188
165126,59394
165126,63510
165126,32496
165126,63360
165126,62274
165126,44660
165126,62170
165126,62376
165126,36762
165126,55798
165126,62616
165126,62400
165126,45912
165126,44644
165126,57522
165126,55638
165126,44664
165126,59776
165126,62276
165126,62860
165126,44662
165126,58504
250782,1370
250782,48574
250782,39186
250782,60522
250782,62074
250782,50272
250782,53160
250782,50968
250782,51316
250782,53406
250782,63510
250782,62274
250782,62170
250782,36762
250782,54864
250782,55798
250782,62400
250782,44644
250782,55638
250782,62276
250782,62860
250782,44662
250782,58504
250749,61280
250749,60522
250749,50272
250749,60978
250749,53406
250749,48980
250749,62616
250749,10790
250749,62860
250749,58504
249795,61364
249795,1370
249795,30500
249795,56714
249795,61672
249795,61348
249795,50270
249795,54096
249795,11262
249795,35732
249795,48574
249795,61552
249795,36720
249795,39186
249795,34092
249795,57804
249795,60522
249795,62074
249795,44302
249795,124
249795,52918
249795,33886
249795,50274
249795,60
249795,3382
249795,10808
249795,61558
249795,48298
249795,59822
249795,50272
249795,1304
249795,49888
249795,53160
249795,50968
249795,35846
249795,46632
249795,10652
249795,42132
249795,51316
249795,53406
249795,51974
249795,50720
249795,50724
249795,44914
249795,61560
249795,50970
249795,36722
249795,53386
249795,63188
249795,59394
249795,63510
249795,32496
249795,55632
249795,57414
249795,63360
249795,63218
249795,59396
249795,62274
249795,63220
249795,63186
249795,56696
249795,63418
249795,44660
249795,62170
249795,63136
249795,61540
249795,62376
249795,53046
249795,36762
249795,54864
249795,55798
249795,62614
249795,53394
249795,62618
249795,62616
249795,62400
249795,62378
249795,63540
249795,53256
249795,45912
249795,44644
249795,57522
249795,55638
249795,59776
249795,53048
249795,52620
249795,50962
249795,62276
249795,62860
249795,44662
249795,56484
249795,1206
249795,48694
249795,53258
249795,58504
236823,1370
236823,30500
236823,61672
236823,61542
236823,50270
236823,48574
236823,61552
236823,34092
236823,61280
236823,60522
236823,62074
236823,44302
236823,33886
236823,10808
236823,61558
236823,59816
236823,59822
236823,50272
236823,49888
236823,50968
236823,60978
236823,35846
236823,46632
236823,10652
236823,42132
236823,51316
236823,33534
236823,53406
236823,51974
236823,50720
236823,50970
236823,36722
236823,59394
236823,63510
236823,55632
236823,63360
236823,59396
236823,62274
236823,63220
236823,44660
236823,63136
236823,62376
236823,36762
236823,48980
236823,62614
236823,53394
236823,62618
236823,62616
236823,53256
236823,45912
236823,44644
236823,57522
236823,10790
236823,59776
236823,53048
236823,50962
236823,62276
236823,62860
236823,48694
236823,53258
236823,58504
172008,48574
172008,60522
172008,50272
172008,37644
172008,49888
172008,53160
172008,50968
172008,51316
172008,53406
172008,63510
172008,32496
172008,62170
172008,36762
172008,62618
172008,62616
172008,53256
172008,55638
172008,62860
172008,58504
249513,61364
249513,1370
249513,30500
249513,56714
249513,61672
249513,61348
249513,50270
249513,54096
249513,11262
249513,35732
249513,48574
249513,61552
249513,39186
249513,57804
249513,60522
249513,62074
249513,44302
249513,124
249513,52918
249513,33886
249513,50274
249513,60
249513,10808
249513,61558
249513,54290
249513,59822
249513,50272
249513,1304
249513,49888
249513,53160
249513,50968
249513,35846
249513,46632
249513,10652
249513,42132
249513,51316
249513,33534
249513,53406
249513,50720
249513,50724
249513,44914
249513,61560
249513,50970
249513,36722
249513,53386
249513,63188
249513,59394
249513,63510
249513,32496
249513,55632
249513,57414
249513,63360
249513,59396
249513,62274
249513,63186
249513,56696
249513,63418
249513,44660
249513,62170
249513,63136
249513,61540
249513,62376
249513,53046
249513,36762
249513,54864
249513,55798
249513,62614
249513,53394
249513,62618
249513,62616
249513,62400
249513,63540
249513,53256
249513,44644
249513,57522
249513,55638
249513,44664
249513,59776
249513,53048
249513,52620
249513,50962
249513,62276
249513,62860
249513,44662
249513,56484
249513,1206
249513,48694
249513,53258
249513,58504
250344,1370
250344,61672
250344,50270
250344,35732
250344,48574
250344,61552
250344,39186
250344,60522
250344,52918
250344,33886
250344,3382
250344,10808
250344,61558
250344,50272
250344,37644
250344,49888
250344,53160
250344,50968
250344,46632
250344,10652
250344,42132
250344,51316
250344,53406
250344,61560
250344,50970
250344,36722
250344,53386
250344,63188
250344,63510
250344,32496
250344,63360
250344,62274
250344,62170
250344,63136
250344,62376
250344,36762
250344,55798
250344,62614
250344,62616
250344,62400
250344,53256
250344,57522
250344,55638
250344,59776
250344,53048
250344,62276
250344,62860
250344,56484
250344,58504
180672,1370
180672,48574
180672,60522
180672,62074
180672,50272
180672,1304
180672,49888
180672,53160
180672,50968
180672,51316
180672,53406
180672,63510
180672,32496
180672,63360
180672,62274
180672,44660
180672,62170
180672,36762
180672,55798
180672,62616
180672,62400
180672,53256
180672,44644
180672,55638
180672,62276
180672,62860
180672,58504
243081,61364
243081,1370
243081,30500
243081,56714
243081,61672
243081,61348
243081,61542
243081,50270
243081,54096
243081,11262
243081,35732
243081,48574
243081,61552
243081,50716
243081,36720
243081,39186
243081,34092
243081,57804
243081,61280
243081,60522
243081,62074
243081,16358
243081,44302
243081,11490
243081,124
243081,52918
243081,33886
243081,50274
243081,60
243081,3382
243081,10808
243081,61558
243081,1372
243081,54290
243081,48298
243081,59816
243081,59822
243081,50272
243081,1304
243081,37644
243081,49888
243081,53160
243081,50968
243081,60978
243081,35846
243081,46632
243081,10652
243081,42132
243081,51316
243081,33534
243081,50268
243081,53406
243081,51974
243081,50720
243081,50724
243081,44914
243081,61560
243081,50970
243081,36722
243081,61028
243081,53386
243081,63188
243081,62944
243081,59394
243081,63510
243081,32496
243081,55632
243081,57414
243081,63360
243081,63218
243081,59396
243081,62274
243081,63220
243081,63186
243081,50718
243081,56696
243081,63418
243081,44660
243081,62170
243081,63136
243081,61540
243081,62376
243081,53046
243081,63538
243081,36762
243081,54864
243081,48980
243081,55798
243081,62614
243081,53394
243081,62618
243081,62616
243081,62400
243081,62378
243081,63540
243081,53256
243081,45912
243081,44644
243081,57522
243081,55638
243081,10790
243081,44664
243081,59776
243081,53048
243081,52620
243081,50962
243081,62276
243081,62860
243081,44662
243081,56484
243081,1206
243081,48694
243081,53258
243081,58504
246042,50716
246042,34092
246042,60522
246042,50272
246042,50968
246042,51316
246042,33534
246042,53406
246042,63510
246042,63360
246042,59396
246042,44660
246042,62170
246042,53256
246042,44644
246042,10790
246042,62860
201030,61364
201030,1370
201030,30500
201030,56714
201030,61672
201030,61348
201030,50270
201030,54096
201030,11262
201030,35732
201030,48574
201030,61552
201030,50716
201030,36720
201030,39186
201030,34092
201030,57804
201030,60522
201030,62074
201030,16358
201030,44302
201030,124
201030,52918
201030,33886
201030,50274
201030,60
201030,3382
201030,10808
201030,61558
201030,54290
201030,59822
201030,50272
201030,1304
201030,49888
201030,53160
201030,50968
201030,35846
201030,46632
201030,10652
201030,42132
201030,51316
201030,53406
201030,51974
201030,50720
201030,50724
201030,44914
201030,61560
201030,50970
201030,36722
201030,61028
201030,53386
201030,63188
201030,59394
201030,63510
201030,32496
201030,55632
201030,57414
201030,63360
201030,63218
201030,59396
201030,62274
201030,63220
201030,63186
201030,50718
201030,56696
201030,63418
201030,44660
201030,62170
201030,63136
201030,61540
201030,62376
201030,53046
201030,63538
201030,36762
201030,54864
201030,55798
201030,62614
201030,53394
201030,62618
201030,62616
201030,62400
201030,62378
201030,63540
201030,53256
201030,45912
201030,44644
201030,57522
201030,55638
201030,44664
201030,59776
201030,53048
201030,52620
201030,50962
201030,62276
201030,62860
201030,44662
201030,56484
201030,1206
201030,48694
201030,53258
201030,58504
206616,61364
206616,1370
206616,56714
206616,61672
206616,61348
206616,50270
206616,54096
206616,11262
206616,35732
206616,48574
206616,61552
206616,39186
206616,60522
206616,62074
206616,124
206616,52918
206616,33886
206616,10808
206616,61558
206616,59822
206616,50272
206616,49888
206616,53160
206616,50968
206616,46632
206616,10652
206616,42132
206616,51316
206616,53406
206616,50724
206616,61560
206616,50970
206616,36722
206616,53386
206616,63188
206616,59394
206616,63510
206616,32496
206616,57414
206616,63360
206616,59396
206616,62274
206616,63186
206616,56696
206616,63418
206616,44660
206616,62170
206616,63136
206616,61540
206616,62376
206616,53046
206616,36762
206616,55798
206616,62614
206616,62616
206616,62400
206616,63540
206616,53256
206616,44644
206616,57522
206616,55638
206616,59776
206616,53048
206616,62276
206616,62860
206616,44662
206616,56484
206616,1206
206616,58504
209970,1370
209970,35732
209970,48574
209970,39186
209970,60522
209970,62074
209970,50274
209970,60
209970,1372
209970,50272
209970,1304
209970,49888
209970,53160
209970,50968
209970,10652
209970,51316
209970,53406
209970,61560
209970,63510
209970,63360
209970,59396
209970,62274
209970,44660
209970,62170
209970,62376
209970,36762
209970,48980
209970,62616
209970,62400
209970,44644
209970,10790
209970,59776
209970,50962
209970,62860
209970,44662
209970,58504
252210,61348
252210,11262
252210,48574
252210,61552
252210,36720
252210,39186
252210,57804
252210,60522
252210,52918
252210,33886
252210,50274
252210,3382
252210,10808
252210,61558
252210,48298
252210,59822
252210,50272
252210,1304
252210,37644
252210,49888
252210,53160
252210,50968
252210,46632
252210,10652
252210,42132
252210,51316
252210,53406
252210,50724
252210,50970
252210,36722
252210,53386
252210,63188
252210,63510
252210,32496
252210,55632
252210,63360
252210,63220
252210,62170
252210,62376
252210,36762
252210,54864
252210,55798
252210,62614
252210,62616
252210,62400
252210,53256
252210,44644
252210,55638
252210,59776
252210,53048
252210,52620
252210,62276
252210,62860
252210,58504
252177,61364
252177,1370
252177,30500
252177,61672
252177,61348
252177,50270
252177,54096
252177,11262
252177,35732
252177,48574
252177,61552
252177,39186
252177,60522
252177,62074
252177,44302
252177,124
252177,52918
252177,10808
252177,61558
252177,50272
252177,49888
252177,53160
252177,50968
252177,35846
252177,46632
252177,10652
252177,42132
252177,51316
252177,53406
252177,50720
252177,61560
252177,50970
252177,36722
252177,53386
252177,63188
252177,59394
252177,63510
252177,32496
252177,55632
252177,57414
252177,63360
252177,59396
252177,56696
252177,44660
252177,62170
252177,63136
252177,61540
252177,53046
252177,36762
252177,62614
252177,53394
252177,62618
252177,62616
252177,62400
252177,63540
252177,53256
252177,57522
252177,55638
252177,59776
252177,62276
252177,62860
252177,44662
252177,56484
252177,1206
252177,53258
252177,58504
214194,1370
214194,61672
214194,61348
214194,11262
214194,60522
214194,124
214194,52918
214194,61558
214194,50272
214194,49888
214194,53160
214194,50968
214194,10652
214194,53406
214194,61560
214194,63510
214194,32496
214194,63360
214194,62170
214194,62376
214194,53046
214194,36762
214194,54864
214194,55798
214194,62616
214194,53256
214194,57522
214194,55638
214194,62276
214194,62860
214194,1206
214194,58504
203118,34092
203118,60522
203118,50272
203118,53406
203118,44660
203118,62170
203118,53256
203118,44644
203118,44664
203118,62860
203118,58504
72027,61364
72027,1370
72027,30500
72027,56714
72027,61672
72027,61348
72027,50270
72027,54096
72027,11262
72027,35732
72027,48574
72027,61552
72027,39186
72027,34092
72027,60522
72027,62074
72027,16358
72027,44302
72027,124
72027,52918
72027,33886
72027,50274
72027,60
72027,3382
72027,10808
72027,61558
72027,59822
72027,50272
72027,1304
72027,49888
72027,53160
72027,50968
72027,35846
72027,46632
72027,42132
72027,51316
72027,53406
72027,51974
72027,50720
72027,50724
72027,44914
72027,61560
72027,50970
72027,36722
72027,61028
72027,53386
72027,63188
72027,59394
72027,63510
72027,55632
72027,57414
72027,63360
72027,59396
72027,62274
72027,63220
72027,63186
72027,56696
72027,44660
72027,62170
72027,63136
72027,61540
72027,62376
72027,53046
72027,36762
72027,54864
72027,55798
72027,62614
72027,53394
72027,62618
72027,62616
72027,62400
72027,63540
72027,53256
72027,45912
72027,44644
72027,57522
72027,55638
72027,44664
72027,59776
72027,53048
72027,52620
72027,50962
72027,62276
72027,62860
72027,44662
72027,56484
72027,1206
72027,48694
72027,53258
72027,58504
208911,54096
208911,35732
208911,50716
208911,34092
208911,60522
208911,62074
208911,50272
208911,49888
208911,50968
208911,51316
208911,53406
208911,63510
208911,63360
208911,59396
208911,50718
208911,44660
208911,62170
208911,62400
208911,53256
208911,44644
208911,44664
208911,62860
208911,58504
153672,61364
153672,1370
153672,30500
153672,56714
153672,61672
153672,61348
153672,50270
153672,54096
153672,11262
153672,35732
153672,48574
153672,61552
153672,39186
153672,57804
153672,60522
153672,62074
153672,44302
153672,124
153672,52918
153672,33886
153672,50274
153672,60
153672,10808
153672,61558
153672,54290
153672,59822
153672,50272
153672,1304
153672,49888
153672,53160
153672,50968
153672,35846
153672,46632
153672,10652
153672,42132
153672,51316
153672,53406
153672,50720
153672,50724
153672,44914
153672,61560
153672,50970
153672,36722
153672,53386
153672,63188
153672,59394
153672,63510
153672,32496
153672,55632
153672,57414
153672,63360
153672,59396
153672,62274
153672,63186
153672,56696
153672,63418
153672,44660
153672,62170
153672,63136
153672,61540
153672,62376
153672,53046
153672,36762
153672,54864
153672,55798
153672,62614
153672,53394
153672,62618
153672,62616
153672,62400
153672,63540
153672,53256
153672,45912
153672,44644
153672,57522
153672,55638
153672,44664
153672,59776
153672,53048
153672,52620
153672,50962
153672,62276
153672,62860
153672,44662
153672,56484
153672,1206
153672,53258
153672,58504
253146,61364
253146,1370
253146,30500
253146,56714
253146,61672
253146,61348
253146,61542
253146,50270
253146,54096
253146,11262
253146,35732
253146,48574
253146,61552
253146,50716
253146,36720
253146,39186
253146,34092
253146,57804
253146,61280
253146,60522
253146,62074
253146,16358
253146,44302
253146,11490
253146,124
253146,52918
253146,33886
253146,50274
253146,60
253146,3382
253146,10808
253146,61558
253146,1372
253146,54290
253146,59822
253146,50272
253146,1304
253146,37644
253146,49888
253146,53160
253146,50968
253146,60978
253146,35846
253146,46632
253146,10652
253146,42132
253146,51316
253146,33534
253146,50268
253146,53406
253146,51974
253146,50720
253146,50724
253146,44914
253146,61560
253146,50970
253146,36722
253146,61028
253146,53386
253146,63188
253146,62944
253146,59394
253146,63510
253146,32496
253146,55632
253146,57414
253146,63360
253146,63218
253146,59396
253146,62274
253146,63220
253146,63186
253146,56696
253146,63418
253146,44660
253146,62170
253146,63136
253146,61540
253146,62376
253146,53046
253146,63538
253146,36762
253146,54864
253146,48980
253146,55798
253146,62614
253146,53394
253146,62618
253146,62616
253146,62400
253146,62378
253146,63540
253146,53256
253146,45912
253146,44644
253146,57522
253146,55638
253146,10790
253146,44664
253146,59776
253146,53048
253146,52620
253146,50962
253146,62276
253146,62860
253146,44662
253146,56484
253146,1206
253146,48694
253146,53258
253146,58504
251202,48574
251202,36720
251202,57804
251202,60522
251202,52918
251202,33886
251202,3382
251202,10808
251202,61558
251202,48298
251202,50272
251202,50968
251202,42132
251202,51316
251202,53406
251202,50724
251202,53386
251202,63188
251202,63510
251202,32496
251202,55632
251202,62274
251202,63220
251202,62170
251202,36762
251202,55798
251202,62616
251202,55638
251202,59776
251202,52620
251202,62276
251202,62860
251202,58504
252618,61364
252618,1370
252618,30500
252618,56714
252618,61672
252618,61348
252618,61542
252618,50270
252618,54096
252618,11262
252618,35732
252618,48574
252618,61552
252618,50716
252618,36720
252618,39186
252618,34092
252618,57804
252618,61280
252618,60522
252618,62074
252618,16358
252618,11490
252618,124
252618,52918
252618,33886
252618,50274
252618,60
252618,3382
252618,10808
252618,61558
252618,1372
252618,54290
252618,59822
252618,50272
252618,1304
252618,49888
252618,53160
252618,50968
252618,60978
252618,35846
252618,46632
252618,10652
252618,42132
252618,51316
252618,33534
252618,50268
252618,53406
252618,51974
252618,50720
252618,50724
252618,44914
252618,61560
252618,50970
252618,36722
252618,61028
252618,53386
252618,63188
252618,62944
252618,59394
252618,63510
252618,32496
252618,55632
252618,57414
252618,63360
252618,63218
252618,59396
252618,62274
252618,63220
252618,63186
252618,50718
252618,56696
252618,63418
252618,44660
252618,62170
252618,63136
252618,61540
252618,62376
252618,53046
252618,63538
252618,36762
252618,54864
252618,48980
252618,55798
252618,62614
252618,53394
252618,62618
252618,62616
252618,62400
252618,62378
252618,63540
252618,53256
252618,45912
252618,44644
252618,57522
252618,55638
252618,10790
252618,44664
252618,59776
252618,53048
252618,52620
252618,50962
252618,62276
252618,62860
252618,44662
252618,56484
252618,1206
252618,53258
252618,58504
217536,61364
217536,1370
217536,30500
217536,56714
217536,61672
217536,61348
217536,50270
217536,54096
217536,11262
217536,35732
217536,48574
217536,61552
217536,39186
217536,34092
217536,60522
217536,62074
217536,44302
217536,124
217536,33886
217536,50274
217536,60
217536,3382
217536,61558
217536,59822
217536,50272
217536,1304
217536,49888
217536,50968
217536,35846
217536,46632
217536,42132
217536,51316
217536,53406
217536,51974
217536,50720
217536,44914
217536,61560
217536,50970
217536,36722
217536,53386
217536,63188
217536,59394
217536,63510
217536,55632
217536,57414
217536,63360
217536,59396
217536,62274
217536,63220
217536,63186
217536,50718
217536,56696
217536,44660
217536,62170
217536,63136
217536,61540
217536,62376
217536,53046
217536,36762
217536,48980
217536,55798
217536,62614
217536,53394
217536,62618
217536,62616
217536,62400
217536,63540
217536,53256
217536,45912
217536,44644
217536,57522
217536,55638
217536,44664
217536,59776
217536,53048
217536,52620
217536,50962
217536,62276
217536,62860
217536,44662
217536,56484
217536,1206
217536,48694
217536,53258
217536,58504
253308,1370
253308,56714
253308,61672
253308,61348
253308,50270
253308,54096
253308,11262
253308,35732
253308,48574
253308,61552
253308,39186
253308,57804
253308,60522
253308,62074
253308,44302
253308,124
253308,52918
253308,33886
253308,50274
253308,60
253308,10808
253308,61558
253308,54290
253308,59822
253308,50272
253308,1304
253308,49888
253308,53160
253308,50968
253308,35846
253308,46632
253308,10652
253308,42132
253308,51316
253308,33534
253308,53406
253308,50720
253308,50724
253308,44914
253308,61560
253308,50970
253308,36722
253308,53386
253308,63188
253308,59394
253308,63510
253308,32496
253308,55632
253308,57414
253308,63360
253308,59396
253308,62274
253308,63186
253308,56696
253308,63418
253308,44660
253308,62170
253308,63136
253308,61540
253308,62376
253308,53046
253308,36762
253308,55798
253308,62614
253308,53394
253308,62618
253308,62616
253308,62400
253308,63540
253308,53256
253308,44644
253308,57522
253308,55638
253308,44664
253308,59776
253308,53048
253308,52620
253308,50962
253308,62276
253308,62860
253308,44662
253308,56484
253308,1206
253308,53258
253308,58504
251493,48574
251493,36720
251493,57804
251493,60522
251493,52918
251493,33886
251493,3382
251493,10808
251493,61558
251493,48298
251493,50272
251493,50968
251493,42132
251493,51316
251493,53406
251493,50724
251493,53386
251493,63188
251493,63510
251493,32496
251493,55632
251493,62274
251493,63220
251493,62170
251493,36762
251493,55798
251493,62616
251493,55638
251493,59776
251493,52620
251493,62276
251493,62860
251493,58504
249573,48574
249573,60522
249573,48298
249573,50272
249573,53160
249573,46632
249573,51316
249573,50268
249573,53406
249573,61560
249573,63510
249573,32496
249573,62170
249573,36762
249573,55798
249573,62860
249573,1206
251121,61348
251121,11262
251121,48574
251121,61552
251121,36720
251121,39186
251121,57804
251121,60522
251121,52918
251121,33886
251121,50274
251121,3382
251121,10808
251121,61558
251121,59822
251121,50272
251121,49888
251121,53160
251121,50968
251121,46632
251121,42132
251121,51316
251121,53406
251121,50724
251121,50970
251121,36722
251121,53386
251121,63188
251121,63510
251121,32496
251121,63220
251121,62170
251121,62376
251121,36762
251121,54864
251121,55798
251121,62614
251121,62616
251121,62400
251121,62378
251121,53256
251121,55638
251121,59776
251121,53048
251121,52620
251121,50962
251121,62276
251121,62860
251121,58504
251721,61364
251721,1370
251721,30500
251721,56714
251721,61672
251721,61348
251721,61542
251721,50270
251721,54096
251721,11262
251721,35732
251721,48574
251721,61552
251721,50716
251721,36720
251721,39186
251721,34092
251721,57804
251721,61280
251721,60522
251721,62074
251721,16358
251721,44302
251721,11490
251721,124
251721,52918
251721,33886
251721,50274
251721,60
251721,3382
251721,10808
251721,61558
251721,1372
251721,54290
251721,59822
251721,50272
251721,1304
251721,49888
251721,53160
251721,50968
251721,35846
251721,46632
251721,10652
251721,42132
251721,51316
251721,33534
251721,50268
251721,53406
251721,51974
251721,50720
251721,50724
251721,44914
251721,61560
251721,50970
251721,36722
251721,61028
251721,53386
251721,63188
251721,62944
251721,59394
251721,63510
251721,32496
251721,55632
251721,57414
251721,63360
251721,63218
251721,59396
251721,62274
251721,63220
251721,63186
251721,50718
251721,56696
251721,63418
251721,44660
251721,62170
251721,63136
251721,61540
251721,62376
251721,53046
251721,63538
251721,36762
251721,54864
251721,48980
251721,55798
251721,62614
251721,53394
251721,62618
251721,62616
251721,62400
251721,62378
251721,63540
251721,53256
251721,45912
251721,44644
251721,57522
251721,55638
251721,10790
251721,44664
251721,59776
251721,53048
251721,52620
251721,50962
251721,62276
251721,62860
251721,44662
251721,56484
251721,1206
251721,48694
251721,53258
251721,58504
253557,61280
253557,60522
253557,50272
253557,60978
253557,53406
253557,48980
253557,62616
253557,10790
253557,62860
253557,58504
212574,1370
212574,61672
212574,61348
212574,11262
212574,35732
212574,48574
212574,61552
212574,39186
212574,60522
212574,62074
212574,50272
212574,49888
212574,53160
212574,50968
212574,51316
212574,53406
212574,61028
212574,53386
212574,63188
212574,59394
212574,63510
212574,32496
212574,63360
212574,62274
212574,44660
212574,62170
212574,62376
212574,36762
212574,55798
212574,62616
212574,62400
212574,45912
212574,44644
212574,57522
212574,55638
212574,59776
212574,62276
212574,62860
212574,44662
212574,58504
253335,61364
253335,1370
253335,30500
253335,56714
253335,61672
253335,61348
253335,50270
253335,54096
253335,11262
253335,35732
253335,48574
253335,61552
253335,50716
253335,36720
253335,39186
253335,34092
253335,57804
253335,61280
253335,60522
253335,62074
253335,16358
253335,44302
253335,124
253335,52918
253335,33886
253335,50274
253335,60
253335,3382
253335,10808
253335,61558
253335,48298
253335,59822
253335,50272
253335,1304
253335,49888
253335,53160
253335,50968
253335,35846
253335,46632
253335,10652
253335,42132
253335,51316
253335,53406
253335,51974
253335,50720
253335,50724
253335,44914
253335,61560
253335,50970
253335,36722
253335,61028
253335,53386
253335,63188
253335,59394
253335,63510
253335,32496
253335,55632
253335,57414
253335,63360
253335,63218
253335,59396
253335,62274
253335,63220
253335,63186
253335,56696
253335,63418
253335,44660
253335,62170
253335,63136
253335,61540
253335,62376
253335,53046
253335,63538
253335,36762
253335,54864
253335,55798
253335,62614
253335,53394
253335,62618
253335,62616
253335,62400
253335,62378
253335,63540
253335,53256
253335,45912
253335,44644
253335,57522
253335,55638
253335,10790
253335,59776
253335,53048
253335,52620
253335,50962
253335,62276
253335,62860
253335,44662
253335,56484
253335,1206
253335,48694
253335,53258
253335,58504
198057,61280
198057,60522
198057,50272
198057,53406
198057,62616
198057,10790
198057,62860
198057,58504
248598,1370
248598,61672
248598,61348
248598,11262
248598,35732
248598,48574
248598,61552
248598,39186
248598,60522
248598,62074
248598,50272
248598,49888
248598,53160
248598,50968
248598,51316
248598,53406
248598,53386
248598,63188
248598,59394
248598,63510
248598,32496
248598,63360
248598,62274
248598,44660
248598,62170
248598,62376
248598,36762
248598,55798
248598,62616
248598,62400
248598,45912
248598,44644
248598,57522
248598,55638
248598,59776
248598,62276
248598,62860
248598,44662
248598,58504
188481,1370
188481,48574
188481,34092
188481,60522
188481,50272
188481,37644
188481,49888
188481,53160
188481,50968
188481,51316
188481,53406
188481,63510
188481,32496
188481,63360
188481,44660
188481,62170
188481,36762
188481,48980
188481,55798
188481,62616
188481,53256
188481,44644
188481,55638
188481,44664
188481,62860
188481,58504
252396,1370
252396,61672
252396,61348
252396,11262
252396,35732
252396,48574
252396,61552
252396,39186
252396,34092
252396,62074
252396,50272
252396,1304
252396,49888
252396,53160
252396,50968
252396,51316
252396,53406
252396,53386
252396,63188
252396,59394
252396,63510
252396,32496
252396,63360
252396,62274
252396,44660
252396,62170
252396,62376
252396,36762
252396,55798
252396,62616
252396,62400
252396,45912
252396,44644
252396,57522
252396,55638
252396,59776
252396,62276
252396,62860
252396,44662
252396,58504
253053,61542
253053,50270
253053,34092
253053,61280
253053,60522
253053,50272
253053,49888
253053,53160
253053,51316
253053,53406
253053,59396
253053,48980
253053,62618
253053,62616
253053,62860
253053,58504
