customer_id,product_id
25734,11262
25734,37644
25734,39186
25734,42132
25734,44664
25734,44914
25734,50268
25734,63136
25734,63538
25734,63540
25743,60
25743,1304
25743,10808
25743,16358
25743,42132
25743,53256
25743,54864
25743,55632
25743,55638
25743,56484
25743,56696
25743,57522
25743,57804
25743,58504
25743,59394
25743,59396
25743,59776
25743,60522
25743,61280
25743,61348
25743,63540
25749,1370
25749,1372
25749,10808
25749,11490
25749,16358
25749,32496
25749,42132
25749,44302
25749,53046
25749,59396
25749,63136
25749,63510
56868,39186
56868,42132
56868,44664
56868,50268
56868,50270
56868,57522
56868,61552
56868,61558
56868,61560
56868,63136
56868,63538
56868,63540
56871,11262
56871,37644
56871,39186
56871,42132
56871,44664
56871,44914
56871,50268
56871,63136
56871,63538
56871,63540
59691,60
59691,1206
59691,10652
59691,11262
59691,30500
59691,39186
59691,44660
59691,44664
59691,44914
59691,45912
59691,48298
59691,50268
59691,50718
59691,51316
59691,52620
59691,53386
59691,54096
59691,55638
59691,56484
59691,61540
59691,61672
59691,62376
59700,1304
59700,1372
59700,10808
59700,11262
59700,16358
59700,37644
59700,42132
59700,44302
59700,63136
59703,1304
59703,1372
59703,10808
59703,16358
59703,37644
59703,42132
59703,44302
59703,56714
59703,63136
60762,1304
60762,1370
60762,1372
60762,10652
60762,10808
60762,16358
60762,36720
60762,44662
60762,44914
60762,51974
60762,54864
60762,55638
60762,59822
60762,61672
60762,62376
60762,63188
60762,63538
60864,1304
60864,1372
60864,10808
60864,11262
60864,16358
60864,37644
60864,42132
60864,44302
60864,63136
60870,1304
60870,1372
60870,10808
60870,11262
60870,16358
60870,37644
60870,42132
60870,44302
60870,63136
60882,1372
60882,10808
60882,11490
60882,32496
60882,42132
60882,44302
60882,53046
60882,63136
60888,1372
60888,10808
60888,11490
60888,32496
60888,42132
60888,44302
60888,53046
60888,63136
61215,1304
61215,1372
61215,10808
61215,11262
61215,16358
61215,37644
61215,42132
61215,44302
61215,63136
61305,11262
61305,37644
61305,39186
61305,42132
61305,44664
61305,44914
61305,50268
61305,63136
61305,63538
61305,63540
61344,60
61344,1370
61344,10808
61344,16358
61344,42132
61344,53256
61344,54864
61344,55632
61344,55638
61344,56484
61344,56696
61344,56714
61344,57522
61344,57804
61344,58504
61344,59394
61344,59396
61344,59776
61344,60522
61344,61280
61344,61348
61344,63540
61347,1304
61347,1372
61347,10808
61347,11262
61347,16358
61347,37644
61347,42132
61347,44302
61347,63136
61353,1304
61353,1372
61353,10808
61353,11262
61353,16358
61353,37644
61353,42132
61353,44302
61353,63136
61482,1372
61482,10808
61482,11490
61482,32496
61482,42132
61482,44302
61482,53046
61482,63136
61629,1304
61629,1372
61629,10808
61629,11262
61629,16358
61629,37644
61629,42132
61629,44302
61629,63136
61692,1304
61692,1370
61692,37644
61692,39186
61692,42132
61692,44664
61692,44914
61692,50268
61692,50720
61692,63538
61692,63540
61824,30500
61824,39186
61824,42132
61824,44664
61824,50268
61824,50270
61824,57522
61824,61552
61824,61558
61824,61560
61824,63136
61824,63538
61824,63540
61899,1372
61899,10808
61899,11490
61899,32496
61899,34092
61899,42132
61899,44302
61899,53046
61899,63136
61902,1304
61902,1372
61902,10808
61902,11262
61902,16358
61902,37644
61902,42132
61902,44302
61902,63136
61908,1304
61908,1372
61908,10808
61908,11262
61908,16358
61908,37644
61908,42132
61908,44302
61908,63136
61935,1304
61935,1372
61935,10808
61935,11262
61935,16358
61935,37644
61935,42132
61935,44302
61935,63136
61977,1304
61977,1372
61977,10808
61977,11262
61977,16358
61977,37644
61977,42132
61977,44302
61977,63136
62337,1304
62337,1370
62337,1372
62337,10652
62337,10808
62337,16358
62337,36720
62337,44662
62337,44914
62337,51974
62337,54864
62337,55638
62337,59822
62337,61672
62337,62376
62337,63188
62337,63538
62811,1304
62811,10808
62811,11262
62811,16358
62811,37644
62811,42132
62811,44302
62811,63136
62817,1372
62817,10808
62817,11490
62817,32496
62817,42132
62817,44302
62817,53046
62817,56714
62817,63136
63582,1372
63582,10808
63582,11262
63582,16358
63582,33886
63582,37644
63582,42132
63582,44302
63582,57414
63582,59396
63582,63136
63690,1304
63690,1370
63690,1372
63690,10808
63690,11262
63690,16358
63690,37644
63690,42132
63690,44302
63690,56714
63690,63136
63867,1304
63867,1372
63867,10808
63867,11262
63867,16358
63867,37644
63867,42132
63867,44302
63867,61542
63867,63136
63873,1304
63873,1372
63873,10808
63873,11262
63873,16358
63873,37644
63873,42132
63873,44302
63873,63136
63876,1304
63876,1372
63876,10808
63876,11262
63876,16358
63876,37644
63876,42132
63876,44302
63876,63136
64218,1304
64218,1372
64218,10808
64218,11262
64218,16358
64218,37644
64218,42132
64218,44302
64218,63136
64272,1370
64272,1372
64272,10808
64272,11262
64272,16358
64272,37644
64272,42132
64272,44302
64272,63136
64299,1304
64299,1372
64299,10808
64299,11262
64299,16358
64299,37644
64299,42132
64299,44302
64299,63136
64353,11262
64353,37644
64353,39186
64353,42132
64353,44664
64353,44914
64353,50268
64353,63136
64353,63538
64353,63540
64365,1304
64365,1372
64365,10808
64365,11262
64365,16358
64365,42132
64365,44302
64365,63136
64734,1304
64734,1372
64734,10808
64734,11262
64734,16358
64734,37644
64734,42132
64734,44302
64734,50724
64734,63136
64734,63220
64764,1304
64764,1372
64764,10808
64764,11262
64764,16358
64764,37644
64764,42132
64764,44302
64764,63136
64845,11262
64845,37644
64845,39186
64845,42132
64845,44664
64845,44914
64845,50268
64845,56484
64845,63136
64845,63538
64845,63540
64860,11262
64860,37644
64860,39186
64860,42132
64860,44664
64860,44914
64860,50268
64860,63136
64860,63538
64860,63540
64893,1304
64893,1372
64893,10808
64893,11262
64893,16358
64893,37644
64893,42132
64893,44302
64893,63136
64959,1372
64959,10808
64959,11490
64959,32496
64959,42132
64959,44302
64959,53046
64959,63136
64959,63220
65049,1304
65049,1372
65049,10808
65049,11262
65049,16358
65049,37644
65049,42132
65049,44302
65049,63136
65052,1304
65052,1372
65052,10808
65052,11262
65052,16358
65052,37644
65052,42132
65052,44302
65052,63136
65058,1304
65058,1372
65058,10808
65058,11262
65058,16358
65058,37644
65058,42132
65058,44302
65058,62618
65058,63136
65067,1304
65067,1372
65067,10808
65067,11262
65067,16358
65067,37644
65067,42132
65067,44302
65067,63136
65313,37644
65313,39186
65313,42132
65313,44664
65313,44914
65313,50268
65313,63136
65313,63538
65313,63540
65328,1304
65328,1372
65328,10808
65328,11262
65328,16358
65328,37644
65328,42132
65328,44302
65328,63136
65577,1304
65577,1372
65577,10808
65577,11262
65577,16358
65577,37644
65577,42132
65577,44302
65577,51974
65577,63136
65598,1304
65598,1370
65598,1372
65598,10652
65598,10808
65598,16358
65598,36720
65598,44662
65598,44914
65598,51974
65598,53386
65598,54864
65598,55638
65598,59822
65598,61672
65598,62376
65598,63188
65598,63538
65631,1304
65631,1372
65631,10808
65631,11262
65631,16358
65631,37644
65631,42132
65631,44302
65631,63136
65637,1304
65637,1372
65637,10808
65637,11262
65637,16358
65637,37644
65637,42132
65637,44302
65637,63136
65640,1304
65640,1372
65640,10808
65640,11262
65640,16358
65640,37644
65640,42132
65640,44302
65640,63136
65640,63220
66033,11262
66033,37644
66033,39186
66033,42132
66033,44664
66033,44914
66033,50268
66033,63136
66033,63538
66033,63540
66054,11262
66054,37644
66054,39186
66054,42132
66054,44664
66054,44914
66054,50268
66054,63136
66054,63538
66054,63540
66336,1304
66336,1372
66336,10808
66336,11262
66336,16358
66336,37644
66336,42132
66336,44302
66336,57522
66336,63136
66378,1304
66378,1372
66378,10808
66378,11262
66378,16358
66378,37644
66378,42132
66378,44302
66378,63136
66465,1372
66465,10808
66465,11490
66465,32496
66465,42132
66465,44302
66465,53046
66465,63136
66777,1304
66777,1370
66777,1372
66777,10808
66777,16358
66777,37644
66777,42132
66777,44302
66777,56714
66777,57414
66777,63136
66843,1304
66843,1372
66843,11490
66843,32496
66843,42132
66843,44302
66843,50274
66843,53046
66843,57414
66843,59396
66843,61540
66843,63136
66879,1304
66879,1370
66879,1372
66879,10808
66879,11262
66879,16358
66879,37644
66879,42132
66879,44302
66879,56714
66879,63136
66915,1304
66915,1372
66915,10808
66915,11262
66915,16358
66915,37644
66915,42132
66915,44302
66915,62400
66915,63136
66918,1304
66918,1372
66918,10808
66918,11262
66918,16358
66918,36720
66918,37644
66918,42132
66918,44302
66918,63136
66924,1304
66924,1372
66924,10808
66924,11262
66924,16358
66924,37644
66924,42132
66924,44302
66924,63136
67056,1304
67056,1372
67056,10808
67056,11262
67056,16358
67056,37644
67056,42132
67056,44302
67056,63136
67056,63418
67158,124
67158,1304
67158,1372
67158,10808
67158,11262
67158,16358
67158,37644
67158,42132
67158,44302
67158,63136
67314,1304
67314,1372
67314,10808
67314,11262
67314,16358
67314,37644
67314,42132
67314,44302
67314,57522
67314,63136
67335,1304
67335,1372
67335,10808
67335,11262
67335,16358
67335,37644
67335,42132
67335,44302
67335,60522
67335,63136
67371,1304
67371,1372
67371,10808
67371,11262
67371,16358
67371,37644
67371,42132
67371,44302
67371,63136
67740,1304
67740,1372
67740,10808
67740,11262
67740,16358
67740,37644
67740,42132
67740,44302
67740,56484
67740,63136
67764,1304
67764,1372
67764,10808
67764,11262
67764,16358
67764,37644
67764,42132
67764,44302
67764,63136
67827,1304
67827,1372
67827,10808
67827,11262
67827,16358
67827,37644
67827,42132
67827,44302
67827,55798
67827,63136
67827,63186
68496,1304
68496,1372
68496,10808
68496,11262
68496,16358
68496,37644
68496,42132
68496,44302
68496,63136
68568,1304
68568,1372
68568,10808
68568,11262
68568,16358
68568,37644
68568,42132
68568,44302
68568,50268
68568,63136
68676,1304
68676,1372
68676,10808
68676,11262
68676,16358
68676,30500
68676,37644
68676,42132
68676,44302
68676,56714
68676,63136
69060,1304
69060,1372
69060,10808
69060,11262
69060,16358
69060,37644
69060,42132
69060,44302
69060,63136
69249,1304
69249,1372
69249,10808
69249,11262
69249,16358
69249,37644
69249,42132
69249,44302
69249,63136
70890,1304
70890,1372
70890,10808
70890,11262
70890,16358
70890,37644
70890,42132
70890,44302
70890,61348
70890,63136
71271,60
71271,124
71271,1206
71271,1304
71271,1372
71271,10652
71271,10808
71271,11490
71271,16358
71271,30500
71271,44914
71271,48298
71271,48980
71271,51974
71271,56714
71271,57804
71271,58504
71271,59822
71271,61348
71271,61540
71271,62376
71271,63220
71271,63418
71274,60
71274,124
71274,1206
71274,1372
71274,10652
71274,44914
71274,48298
71274,51974
71274,56714
71274,57804
71274,58504
71274,59822
71274,61348
71274,61540
71274,62376
71274,63220
71274,63418
71301,1304
71301,1372
71301,10808
71301,11262
71301,16358
71301,37644
71301,42132
71301,44302
71301,59776
71301,63136
71409,1304
71409,1372
71409,10808
71409,11262
71409,16358
71409,37644
71409,42132
71409,44302
71409,61542
71409,63136
71766,1304
71766,1372
71766,10808
71766,16358
71766,37644
71766,42132
71766,44302
71766,63136
72027,1372
72027,10808
72027,11490
72027,32496
72027,42132
72027,44302
72027,53046
72027,63136
72045,1370
72045,1372
72045,10808
72045,11490
72045,16358
72045,32496
72045,42132
72045,44302
72045,53046
72045,63136
72108,1304
72108,1372
72108,10808
72108,11262
72108,16358
72108,34092
72108,37644
72108,42132
72108,44302
72108,63136
72117,1372
72117,10808
72117,11490
72117,32496
72117,42132
72117,44302
72117,53046
72117,63136
72312,11262
72312,37644
72312,39186
72312,42132
72312,44664
72312,44914
72312,50268
72312,63136
72312,63538
72312,63540
72483,1372
72483,10808
72483,11490
72483,32496
72483,33886
72483,42132
72483,44302
72483,53046
72483,59396
72483,63136
72558,1304
72558,1372
72558,10808
72558,11262
72558,16358
72558,37644
72558,42132
72558,44302
72558,63136
72561,1304
72561,1372
72561,10808
72561,11262
72561,16358
72561,37644
72561,42132
72561,44302
72561,63136
72645,11262
72645,37644
72645,39186
72645,42132
72645,44664
72645,44914
72645,50268
72645,63136
72645,63538
72645,63540
72900,60
72900,1304
72900,10808
72900,16358
72900,42132
72900,53256
72900,54864
72900,55632
72900,55638
72900,56484
72900,56696
72900,56714
72900,57522
72900,57804
72900,58504
72900,59394
72900,59396
72900,59776
72900,60522
72900,61280
72900,61348
72900,63540
72918,1304
72918,1372
72918,10808
72918,11262
72918,16358
72918,37644
72918,42132
72918,44302
72918,63136
72930,39186
72930,42132
72930,44664
72930,50268
72930,50270
72930,57522
72930,61552
72930,61558
72930,61560
72930,63136
72930,63538
72930,63540
75723,1304
75723,1370
75723,1372
75723,10808
75723,11262
75723,16358
75723,37644
75723,42132
75723,44302
75723,44644
75723,63136
77484,60
77484,1206
77484,39186
77484,44660
77484,44664
77484,44914
77484,45912
77484,48298
77484,50268
77484,50718
77484,51316
77484,52620
77484,53386
77484,54096
77484,55638
77484,56484
77484,61540
77484,61672
77484,62376
80925,1304
80925,1372
80925,10808
80925,11262
80925,16358
80925,37644
80925,42132
80925,44302
80925,63136
88821,1304
88821,1372
88821,10808
88821,11262
88821,16358
88821,37644
88821,42132
88821,44302
88821,55632
88821,63136
88920,1304
88920,1372
88920,10808
88920,11262
88920,16358
88920,37644
88920,42132
88920,44302
88920,63136
89013,1304
89013,1372
89013,10808
89013,11262
89013,16358
89013,37644
89013,42132
89013,44302
89013,63136
95988,1372
95988,10808
95988,11490
95988,32496
95988,42132
95988,44302
95988,53046
95988,63136
96138,1304
96138,1370
96138,1372
96138,10652
96138,10808
96138,16358
96138,36720
96138,44662
96138,44914
96138,51974
96138,54096
96138,54864
96138,55638
96138,59822
96138,61672
96138,62376
96138,63188
96138,63538
96444,1304
96444,1372
96444,10808
96444,11262
96444,16358
96444,37644
96444,42132
96444,44302
96444,63136
123150,11262
123150,37644
123150,39186
123150,42132
123150,44664
123150,44914
123150,50268
123150,63136
123150,63538
123150,63540
128334,1304
128334,1372
128334,10808
128334,11262
128334,16358
128334,37644
128334,42132
128334,44302
128334,63136
128469,1304
128469,1372
128469,10808
128469,11262
128469,16358
128469,37644
128469,42132
128469,44302
128469,63136
128502,1370
128502,1372
128502,3382
128502,10652
128502,10790
128502,11262
128502,11490
128502,16358
128502,30500
128502,32496
128502,33534
128502,33886
128502,36762
128502,37644
128502,39186
128502,42132
128502,44302
128502,44644
128502,44660
128502,44662
128502,44664
128502,44914
128502,45912
128502,46632
128502,48298
128502,48574
128502,53048
128502,55798
128502,59394
128502,59396
128502,60522
128502,61280
128502,61672
128502,62274
128502,62376
128502,62616
128502,62618
128502,62860
128502,63220
128502,63360
128502,63510
128502,63538
128502,63540
128526,1372
128526,10808
128526,11490
128526,42132
128526,44302
128526,53046
128526,63136
128538,1304
128538,1370
128538,1372
128538,10652
128538,10808
128538,16358
128538,36720
128538,44662
128538,44914
128538,51974
128538,54864
128538,55638
128538,59822
128538,61672
128538,62376
128538,63188
128538,63538
128604,1304
128604,1372
128604,10808
128604,11262
128604,16358
128604,37644
128604,42132
128604,44302
128604,48980
128604,63136
128685,1304
128685,1372
128685,10808
128685,11262
128685,16358
128685,37644
128685,42132
128685,44302
128685,63136
128700,1304
128700,1370
128700,1372
128700,10652
128700,10808
128700,16358
128700,36720
128700,44662
128700,44914
128700,51974
128700,54864
128700,55638
128700,59822
128700,61672
128700,62376
128700,63188
128700,63538
128763,1304
128763,1372
128763,10808
128763,11262
128763,16358
128763,37644
128763,42132
128763,44302
128763,63136
128901,1372
128901,10808
128901,11490
128901,32496
128901,42132
128901,44302
128901,53046
128901,56714
128901,63136
129081,1372
129081,10808
129081,11490
129081,32496
129081,42132
129081,44302
129081,53046
129081,63136
129135,1304
129135,1372
129135,10808
129135,11262
129135,16358
129135,37644
129135,42132
129135,44302
129135,63136
129135,63188
129153,1304
129153,1372
129153,10808
129153,11262
129153,16358
129153,37644
129153,42132
129153,44302
129153,63136
129204,1304
129204,1372
129204,10808
129204,11262
129204,16358
129204,37644
129204,42132
129204,44302
129204,63136
129264,1304
129264,1372
129264,10808
129264,11262
129264,16358
129264,37644
129264,42132
129264,44302
129264,61542
129264,63136
139272,1304
139272,1372
139272,10808
139272,11262
139272,16358
139272,37644
139272,42132
139272,44302
139272,63136
140277,1304
140277,1372
140277,10808
140277,11262
140277,16358
140277,37644
140277,42132
140277,44302
140277,63136
148782,1304
148782,1372
148782,10808
148782,11262
148782,16358
148782,37644
148782,42132
148782,44302
148782,55638
148782,63136
149634,1304
149634,1372
149634,10808
149634,11262
149634,16358
149634,37644
149634,42132
149634,44302
149634,50720
149634,63136
153024,1304
153024,1372
153024,10808
153024,11262
153024,16358
153024,37644
153024,42132
153024,44302
153024,62376
153024,63136
153048,1304
153048,1372
153048,10808
153048,11262
153048,16358
153048,37644
153048,42132
153048,44302
153048,50724
153048,63136
153072,1304
153072,1372
153072,10808
153072,11262
153072,16358
153072,37644
153072,42132
153072,44302
153072,63136
153084,1304
153084,1372
153084,10808
153084,11262
153084,16358
153084,37644
153084,42132
153084,44302
153084,63136
153138,1304
153138,1372
153138,10808
153138,11262
153138,16358
153138,37644
153138,42132
153138,44302
153138,63136
153141,1304
153141,1372
153141,10808
153141,11262
153141,16358
153141,37644
153141,42132
153141,44302
153141,59394
153141,63136
153150,1304
153150,1372
153150,10808
153150,11262
153150,16358
153150,37644
153150,42132
153150,44302
153150,58504
153150,63136
153204,1304
153204,1372
153204,10808
153204,11262
153204,16358
153204,37644
153204,42132
153204,44302
153204,63136
153279,1304
153279,1372
153279,10808
153279,11262
153279,16358
153279,37644
153279,42132
153279,44664
153279,63136
153288,1304
153288,1372
153288,10808
153288,11262
153288,16358
153288,37644
153288,42132
153288,44302
153288,52918
153288,61558
153288,63136
153303,60
153303,1304
153303,10808
153303,16358
153303,42132
153303,53256
153303,54864
153303,55632
153303,55638
153303,56484
153303,56696
153303,56714
153303,57522
153303,57804
153303,58504
153303,59394
153303,59396
153303,59776
153303,60522
153303,61280
153303,61348
153303,63540
153309,1304
153309,1372
153309,10808
153309,11262
153309,16358
153309,37644
153309,42132
153309,44302
153309,55638
153309,63136
153312,1304
153312,1372
153312,10652
153312,10808
153312,11262
153312,16358
153312,35732
153312,37644
153312,42132
153312,44302
153312,56714
153312,63136
153315,1304
153315,1372
153315,10808
153315,11262
153315,16358
153315,37644
153315,42132
153315,44302
153315,63136
153348,1304
153348,1372
153348,10808
153348,11262
153348,16358
153348,37644
153348,42132
153348,44302
153348,48694
153348,63136
153381,1304
153381,1372
153381,10808
153381,11262
153381,16358
153381,37644
153381,42132
153381,44302
153381,63136
153402,1304
153402,1372
153402,10808
153402,11262
153402,16358
153402,37644
153402,42132
153402,44302
153402,63136
153423,1304
153423,1372
153423,10808
153423,11262
153423,16358
153423,37644
153423,42132
153423,44302
153423,54864
153423,63136
153438,1372
153438,10808
153438,16358
153438,37644
153438,42132
153438,44302
153438,63136
153600,1304
153600,10808
153600,11262
153600,16358
153600,37644
153600,42132
153600,44302
153600,63136
153642,1304
153642,1372
153642,10808
153642,11262
153642,16358
153642,37644
153642,42132
153642,44302
153642,63136
153645,1304
153645,1370
153645,1372
153645,10652
153645,10808
153645,16358
153645,36720
153645,44662
153645,44914
153645,51974
153645,54864
153645,55638
153645,59822
153645,61672
153645,62376
153645,63188
153645,63538
153669,1304
153669,1372
153669,10808
153669,11262
153669,16358
153669,37644
153669,42132
153669,44302
153669,63136
153672,11262
153672,37644
153672,39186
153672,42132
153672,44664
153672,44914
153672,50268
153672,63136
153672,63538
153672,63540
153675,1304
153675,1372
153675,10808
153675,11262
153675,16358
153675,37644
153675,42132
153675,44302
153675,63136
153720,1304
153720,1372
153720,10808
153720,11262
153720,16358
153720,37644
153720,42132
153720,44302
153720,63136
153726,1304
153726,1372
153726,10808
153726,11262
153726,16358
153726,37644
153726,42132
153726,44302
153726,63136
153744,1304
153744,1372
153744,10808
153744,11262
153744,16358
153744,37644
153744,42132
153744,44302
153744,63136
153756,60
153756,1304
153756,1370
153756,1372
153756,3382
153756,10790
153756,10808
153756,11262
153756,11490
153756,16358
153756,33534
153756,34092
153756,35846
153756,36720
153756,36722
153756,36762
153756,37644
153756,39186
153756,42132
153756,44662
153756,46632
153756,48298
153756,50270
153756,50272
153756,50274
153756,52620
153756,53386
153756,54096
153756,54290
153756,55638
153756,57522
153756,57804
153756,59816
153756,61028
153756,61348
153756,61364
153756,61540
153756,61560
153756,62074
153756,62170
153756,62274
153756,62276
153756,62376
153756,62400
153756,62614
153756,62616
153756,62618
153756,63186
153756,63188
153756,63418
153765,1304
153765,1372
153765,10808
153765,11262
153765,16358
153765,37644
153765,42132
153765,44302
153765,63136
153792,1304
153792,1372
153792,10808
153792,11262
153792,16358
153792,37644
153792,42132
153792,44302
153792,63136
153813,1304
153813,1370
153813,1372
153813,10652
153813,10808
153813,16358
153813,36720
153813,44662
153813,44914
153813,51974
153813,54864
153813,55638
153813,59822
153813,61672
153813,62376
153813,63188
153813,63538
153867,60
153867,1304
153867,1372
153867,10808
153867,11262
153867,16358
153867,37644
153867,42132
153867,44302
153867,63136
153882,1304
153882,1372
153882,10808
153882,11262
153882,16358
153882,32496
153882,37644
153882,42132
153882,44302
153882,61540
153882,63136
153885,1304
153885,1372
153885,10808
153885,11262
153885,16358
153885,37644
153885,42132
153885,44302
153885,63136
153888,1304
153888,1372
153888,10808
153888,11262
153888,16358
153888,37644
153888,42132
153888,44302
153888,54290
153888,63136
153912,11262
153912,37644
153912,39186
153912,42132
153912,44664
153912,44914
153912,50268
153912,63136
153912,63538
153912,63540
153960,1304
153960,1372
153960,10808
153960,11262
153960,16358
153960,37644
153960,42132
153960,44302
153960,63136
153999,1304
153999,1372
153999,10808
153999,11262
153999,16358
153999,37644
153999,42132
153999,44302
153999,63136
154008,11262
154008,37644
154008,39186
154008,42132
154008,44664
154008,44914
154008,50268
154008,63136
154008,63538
154008,63540
154011,1304
154011,1372
154011,10808
154011,11262
154011,16358
154011,37644
154011,42132
154011,44302
154011,63136
154032,1304
154032,1372
154032,10808
154032,11262
154032,16358
154032,37644
154032,42132
154032,44302
154032,63136
154035,1304
154035,1372
154035,10808
154035,11262
154035,16358
154035,37644
154035,42132
154035,44302
154035,63136
154035,63220
154041,1304
154041,1372
154041,10808
154041,11262
154041,16358
154041,37644
154041,42132
154041,44302
154041,63136
154068,1304
154068,1372
154068,10808
154068,11262
154068,16358
154068,37644
154068,42132
154068,44302
154068,63136
154077,1304
154077,1372
154077,10808
154077,11262
154077,16358
154077,37644
154077,42132
154077,44302
154077,63136
154098,1304
154098,1372
154098,10808
154098,11262
154098,16358
154098,37644
154098,42132
154098,44302
154098,63136
154113,1304
154113,1372
154113,10808
154113,16358
154113,37644
154113,42132
154113,44302
154113,63136
154119,1304
154119,1372
154119,10808
154119,11262
154119,16358
154119,37644
154119,42132
154119,44302
154119,63136
154119,63186
154146,1304
154146,1372
154146,10808
154146,11262
154146,16358
154146,37644
154146,42132
154146,44302
154146,63136
154167,1304
154167,1372
154167,10808
154167,16358
154167,37644
154167,42132
154167,44302
154167,45912
154167,63136
154245,60
154245,10808
154245,16358
154245,42132
154245,53256
154245,54864
154245,55632
154245,55638
154245,56484
154245,56696
154245,56714
154245,57522
154245,57804
154245,59394
154245,59396
154245,59776
154245,60522
154245,61280
154245,61348
154245,63540
154275,60
154275,42132
154275,44662
154275,44664
154275,44914
154275,50270
154275,53386
154275,54864
154275,55632
154275,55638
154275,56484
154275,56696
154275,56714
154275,57522
154275,59394
154275,60522
154275,61280
154275,61348
154275,63540
154374,1304
154374,1372
154374,10808
154374,11262
154374,16358
154374,37644
154374,42132
154374,44302
154374,63136
154383,1304
154383,1372
154383,10808
154383,11262
154383,16358
154383,37644
154383,42132
154383,44302
154383,63136
154404,11262
154404,37644
154404,39186
154404,42132
154404,44664
154404,44914
154404,50268
154404,55632
154404,63136
154404,63538
154404,63540
154434,11262
154434,37644
154434,39186
154434,42132
154434,44664
154434,44914
154434,50268
154434,63136
154434,63538
154434,63540
154473,1304
154473,1372
154473,10808
154473,11262
154473,16358
154473,37644
154473,42132
154473,44302
154473,63136
154476,1304
154476,1372
154476,10808
154476,11262
154476,16358
154476,37644
154476,42132
154476,44302
154476,63136
154485,1304
154485,10808
154485,11262
154485,16358
154485,35732
154485,37644
154485,42132
154485,44302
154485,63136
154494,1304
154494,1372
154494,10808
154494,11262
154494,16358
154494,37644
154494,42132
154494,44302
154494,44664
154494,63136
154506,1304
154506,1372
154506,10808
154506,11262
154506,16358
154506,37644
154506,42132
154506,44302
154506,63136
154506,63510
154509,1304
154509,1372
154509,10808
154509,11262
154509,16358
154509,37644
154509,42132
154509,44302
154509,63136
154518,1304
154518,1372
154518,10808
154518,11262
154518,16358
154518,37644
154518,42132
154518,44302
154518,63136
154542,1304
154542,1372
154542,10808
154542,11262
154542,16358
154542,37644
154542,42132
154542,44302
154542,63136
154551,1304
154551,1372
154551,10808
154551,11262
154551,16358
154551,37644
154551,42132
154551,44302
154551,50272
154551,63136
154560,1304
154560,1372
154560,10808
154560,11262
154560,16358
154560,37644
154560,42132
154560,44302
154560,63136
154578,1304
154578,1370
154578,1372
154578,10808
154578,11262
154578,16358
154578,37644
154578,42132
154578,44302
154578,63136
154635,11262
154635,37644
154635,39186
154635,42132
154635,44664
154635,44914
154635,50268
154635,55638
154635,63136
154635,63538
154635,63540
154665,60
154665,10808
154665,16358
154665,42132
154665,53256
154665,54864
154665,55632
154665,55638
154665,56484
154665,56696
154665,56714
154665,57522
154665,57804
154665,58504
154665,59394
154665,59396
154665,59776
154665,60522
154665,61280
154665,61348
154665,63540
154698,1304
154698,1370
154698,1372
154698,10652
154698,10808
154698,16358
154698,36720
154698,44662
154698,44914
154698,51974
154698,54864
154698,55638
154698,59822
154698,61672
154698,62376
154698,63188
154698,63538
154707,60
154707,1304
154707,1372
154707,10808
154707,11262
154707,16358
154707,37644
154707,42132
154707,44302
154707,63136
154713,60
154713,124
154713,1206
154713,1372
154713,10652
154713,44914
154713,48298
154713,51974
154713,56714
154713,57804
154713,58504
154713,59822
154713,61348
154713,61540
154713,62376
154713,63220
154713,63418
154740,1304
154740,1372
154740,10808
154740,11262
154740,16358
154740,37644
154740,42132
154740,44302
154740,63136
154743,1304
154743,1372
154743,10808
154743,11262
154743,16358
154743,37644
154743,42132
154743,44302
154743,63136
154758,1304
154758,10652
154758,11262
154758,16358
154758,44662
154758,44664
154758,44914
154758,50268
154758,51974
154758,61672
154758,62376
154758,63538
154770,1304
154770,1372
154770,10808
154770,11262
154770,16358
154770,37644
154770,42132
154770,44302
154770,63136
154779,1304
154779,1370
154779,1372
154779,10652
154779,10808
154779,16358
154779,36720
154779,44662
154779,44914
154779,51974
154779,54864
154779,55638
154779,59822
154779,61672
154779,62376
154779,63188
154779,63538
154797,1304
154797,1372
154797,10808
154797,11262
154797,16358
154797,37644
154797,42132
154797,44302
154797,63136
154803,1304
154803,1372
154803,10808
154803,11262
154803,16358
154803,37644
154803,42132
154803,44302
154803,63136
154812,1304
154812,1372
154812,10808
154812,11262
154812,16358
154812,37644
154812,42132
154812,44302
154812,63136
154821,1304
154821,1372
154821,10808
154821,11262
154821,16358
154821,37644
154821,42132
154821,44302
154821,50970
154821,54864
154821,63136
154827,1304
154827,1372
154827,10808
154827,11262
154827,16358
154827,37644
154827,42132
154827,44302
154827,63136
154827,63186
154869,11262
154869,37644
154869,39186
154869,42132
154869,44664
154869,44914
154869,50268
154869,63136
154869,63538
154869,63540
154881,11262
154881,37644
154881,39186
154881,42132
154881,44664
154881,44914
154881,50268
154881,63136
154881,63538
154881,63540
154887,1304
154887,1372
154887,10808
154887,11262
154887,16358
154887,37644
154887,42132
154887,44302
154887,63136
154890,60
154890,10808
154890,16358
154890,42132
154890,53256
154890,54864
154890,55632
154890,55638
154890,56484
154890,56696
154890,56714
154890,57522
154890,57804
154890,58504
154890,59394
154890,59396
154890,59776
154890,60522
154890,61280
154890,61348
154890,63540
154953,37644
154953,39186
154953,42132
154953,44664
154953,44914
154953,50268
154953,56484
154953,63136
154953,63538
154953,63540
154956,11262
154956,37644
154956,39186
154956,42132
154956,44664
154956,44914
154956,46632
154956,50268
154956,63136
154956,63538
154956,63540
154998,1304
154998,10652
154998,11262
154998,16358
154998,44662
154998,44664
154998,44914
154998,50268
154998,51974
154998,61672
154998,62376
154998,63538
155016,11262
155016,37644
155016,39186
155016,42132
155016,44664
155016,44914
155016,50268
155016,63136
155016,63538
155016,63540
155031,11262
155031,37644
155031,39186
155031,42132
155031,44664
155031,44914
155031,50268
155031,63136
155031,63538
155031,63540
155034,11262
155034,37644
155034,39186
155034,42132
155034,44664
155034,44914
155034,50268
155034,63136
155034,63538
155034,63540
155043,1304
155043,1372
155043,10808
155043,11262
155043,16358
155043,42132
155043,44302
155043,52620
155043,63136
155052,11262
155052,37644
155052,39186
155052,42132
155052,44664
155052,44914
155052,50268
155052,63136
155052,63538
155052,63540
155055,11262
155055,37644
155055,39186
155055,42132
155055,44664
155055,44914
155055,50268
155055,61560
155055,63136
155055,63538
155055,63540
155085,11262
155085,37644
155085,39186
155085,42132
155085,44664
155085,44914
155085,50268
155085,57522
155085,63136
155085,63538
155085,63540
155097,1304
155097,1372
155097,10808
155097,11262
155097,16358
155097,37644
155097,42132
155097,44302
155097,63136
155100,11262
155100,37644
155100,39186
155100,42132
155100,44664
155100,44914
155100,50268
155100,63136
155100,63538
155100,63540
155106,11262
155106,37644
155106,39186
155106,42132
155106,44664
155106,44914
155106,50268
155106,63136
155106,63538
155106,63540
155271,1304
155271,1372
155271,10808
155271,11262
155271,16358
155271,37644
155271,42132
155271,44302
155271,50724
155271,63136
155337,1304
155337,1372
155337,10808
155337,11262
155337,16358
155337,37644
155337,42132
155337,44302
155337,63136
155388,1304
155388,1372
155388,10808
155388,11262
155388,16358
155388,37644
155388,42132
155388,44302
155388,63136
155403,1304
155403,1372
155403,10808
155403,16358
155403,37644
155403,42132
155403,44302
155403,63136
155481,39186
155481,42132
155481,44664
155481,50268
155481,50270
155481,57522
155481,61552
155481,61558
155481,61560
155481,63136
155481,63538
155481,63540
155556,1304
155556,1372
155556,10808
155556,11262
155556,16358
155556,37644
155556,42132
155556,44302
155556,63136
156024,1304
156024,1372
156024,10808
156024,11262
156024,16358
156024,37644
156024,42132
156024,44302
156024,63136
156057,1372
156057,10808
156057,11490
156057,32496
156057,42132
156057,44302
156057,53046
156057,61364
156057,63136
156063,1304
156063,11262
156063,37644
156063,39186
156063,42132
156063,44664
156063,44914
156063,50268
156063,63136
156063,63538
156063,63540
156225,11262
156225,37644
156225,39186
156225,42132
156225,44664
156225,44914
156225,50268
156225,63136
156225,63538
156225,63540
156339,11262
156339,37644
156339,39186
156339,42132
156339,44664
156339,50268
156339,63136
156339,63538
156339,63540
156486,1372
156486,10808
156486,11490
156486,32496
156486,42132
156486,44302
156486,53046
156486,63136
156489,11262
156489,37644
156489,39186
156489,42132
156489,44664
156489,44914
156489,50268
156489,63136
156489,63538
156489,63540
157080,1304
157080,1372
157080,10808
157080,11262
157080,16358
157080,37644
157080,42132
157080,44302
157080,63136
157185,60
157185,10808
157185,16358
157185,42132
157185,53256
157185,54864
157185,55632
157185,55638
157185,56484
157185,56696
157185,56714
157185,57522
157185,57804
157185,58504
157185,59394
157185,59396
157185,59776
157185,60522
157185,61280
157185,61348
157185,63540
157224,1304
157224,1370
157224,1372
157224,10808
157224,11262
157224,16358
157224,37644
157224,42132
157224,44302
157224,63136
157236,1304
157236,1372
157236,10808
157236,11262
157236,16358
157236,37644
157236,42132
157236,44302
157236,63136
157311,1304
157311,10808
157311,11262
157311,16358
157311,37644
157311,42132
157311,44302
157311,55798
157311,63136
157398,1304
157398,1372
157398,10808
157398,11262
157398,16358
157398,37644
157398,42132
157398,44302
157398,63136
157416,1304
157416,1372
157416,10808
157416,11262
157416,16358
157416,33534
157416,37644
157416,42132
157416,44302
157416,63136
157500,1372
157500,10808
157500,11490
157500,32496
157500,42132
157500,44302
157500,53046
157500,63136
157680,1304
157680,10808
157680,11262
157680,16358
157680,37644
157680,42132
157680,44302
157680,63136
157710,11262
157710,37644
157710,39186
157710,42132
157710,44664
157710,44914
157710,50268
157710,63136
157710,63538
157710,63540
157767,1372
157767,10808
157767,11262
157767,11490
157767,32496
157767,42132
157767,44302
157767,53046
157767,56714
157767,63136
157767,63510
157854,1304
157854,1370
157854,10652
157854,10808
157854,16358
157854,36720
157854,44662
157854,44914
157854,51974
157854,54864
157854,55638
157854,59822
157854,61672
157854,62376
157854,63188
157854,63538
157938,1304
157938,1372
157938,10808
157938,11262
157938,16358
157938,37644
157938,42132
157938,44302
157938,63136
158016,1304
158016,1372
158016,10808
158016,11262
158016,16358
158016,37644
158016,42132
158016,44302
158016,57414
158016,63136
158016,63510
158274,1304
158274,1372
158274,10808
158274,11262
158274,16358
158274,37644
158274,42132
158274,44302
158274,63136
158499,11262
158499,37644
158499,39186
158499,42132
158499,44664
158499,44914
158499,50268
158499,63136
158499,63538
158499,63540
158610,1304
158610,1372
158610,10808
158610,11262
158610,16358
158610,37644
158610,42132
158610,44302
158610,63136
158658,1304
158658,1372
158658,10808
158658,11262
158658,16358
158658,37644
158658,42132
158658,44302
158658,63136
158685,1372
158685,10808
158685,11490
158685,32496
158685,42132
158685,44302
158685,53046
158685,63136
158742,1304
158742,1372
158742,10808
158742,11262
158742,16358
158742,37644
158742,42132
158742,44302
158742,63136
158766,1304
158766,1372
158766,10808
158766,11262
158766,16358
158766,37644
158766,42132
158766,44302
158766,63136
159027,1304
159027,10808
159027,11262
159027,16358
159027,37644
159027,42132
159027,44302
159027,50272
159027,63136
159033,1304
159033,1372
159033,10808
159033,11262
159033,16358
159033,37644
159033,42132
159033,44302
159033,63136
159330,1304
159330,1372
159330,10808
159330,11262
159330,16358
159330,37644
159330,42132
159330,44302
159330,63136
159831,1304
159831,1372
159831,10808
159831,11262
159831,16358
159831,37644
159831,42132
159831,44302
159831,63136
159831,63540
160029,1372
160029,10808
160029,11490
160029,32496
160029,42132
160029,44302
160029,53046
160029,63136
160770,1304
160770,1372
160770,10808
160770,11262
160770,16358
160770,37644
160770,42132
160770,44302
160770,63136
161058,11262
161058,33886
161058,37644
161058,39186
161058,42132
161058,44664
161058,44914
161058,50268
161058,63136
161058,63538
161058,63540
161208,1304
161208,1372
161208,10808
161208,11262
161208,16358
161208,37644
161208,42132
161208,44302
161208,44664
161208,62170
161208,63136
161283,1304
161283,1372
161283,10808
161283,11262
161283,16358
161283,37644
161283,42132
161283,44302
161283,63136
161403,1304
161403,1372
161403,10808
161403,11262
161403,16358
161403,37644
161403,42132
161403,44302
161403,63136
161526,1206
161526,1304
161526,1372
161526,10808
161526,11262
161526,16358
161526,37644
161526,42132
161526,44302
161526,63136
161667,11262
161667,33886
161667,35846
161667,37644
161667,39186
161667,42132
161667,44664
161667,44914
161667,50268
161667,56714
161667,63136
161667,63538
161667,63540
161787,1304
161787,1372
161787,10808
161787,11262
161787,16358
161787,37644
161787,42132
161787,44302
161787,63136
162603,1304
162603,1372
162603,10808
162603,11262
162603,16358
162603,37644
162603,42132
162603,44302
162603,63136
162624,1304
162624,1372
162624,10808
162624,11262
162624,16358
162624,37644
162624,42132
162624,44302
162624,63136
162792,11262
162792,33886
162792,37644
162792,39186
162792,42132
162792,44664
162792,44914
162792,50268
162792,63136
162792,63538
162792,63540
162795,1304
162795,1372
162795,10808
162795,11262
162795,16358
162795,37644
162795,42132
162795,44302
162795,63136
162810,60
162810,124
162810,1206
162810,1372
162810,10652
162810,44914
162810,48298
162810,51974
162810,56714
162810,57804
162810,58504
162810,59822
162810,61348
162810,61540
162810,62376
162810,63220
162810,63418
162843,1304
162843,1372
162843,10808
162843,11262
162843,16358
162843,37644
162843,42132
162843,44302
162843,63136
162957,1304
162957,1372
162957,10808
162957,11262
162957,16358
162957,37644
162957,42132
162957,44302
162957,63136
162960,1304
162960,1372
162960,10808
162960,11262
162960,16358
162960,37644
162960,42132
162960,44302
162960,63136
162984,1304
162984,1372
162984,10808
162984,11262
162984,16358
162984,37644
162984,42132
162984,44302
162984,63136
163032,1304
163032,1370
163032,1372
163032,10652
163032,10808
163032,16358
163032,36720
163032,44662
163032,44914
163032,51974
163032,54864
163032,55638
163032,59822
163032,61672
163032,62376
163032,63188
163032,63538
163044,1304
163044,1372
163044,10808
163044,11262
163044,16358
163044,37644
163044,42132
163044,44302
163044,63136
163101,1304
163101,1370
163101,1372
163101,10652
163101,10808
163101,16358
163101,30500
163101,37644
163101,42132
163101,44302
163101,57414
163101,63136
163131,1304
163131,1372
163131,10808
163131,16358
163131,33886
163131,37644
163131,42132
163131,44302
163131,59396
163131,63136
163251,1304
163251,1372
163251,10808
163251,11262
163251,16358
163251,37644
163251,42132
163251,44302
163251,63136
163377,1304
163377,1372
163377,10808
163377,11262
163377,16358
163377,35732
163377,37644
163377,42132
163377,44302
163377,63136
163482,1372
163482,10808
163482,11490
163482,32496
163482,42132
163482,44302
163482,50274
163482,53046
163482,63136
163482,63510
163554,1304
163554,1370
163554,1372
163554,10652
163554,10808
163554,16358
163554,36720
163554,44662
163554,44914
163554,51974
163554,54864
163554,55638
163554,59822
163554,61672
163554,62276
163554,62376
163554,63188
163554,63538
163578,1304
163578,1372
163578,10808
163578,11262
163578,16358
163578,37644
163578,42132
163578,44302
163578,63136
163578,63188
164007,1304
164007,1370
164007,1372
164007,10808
164007,16358
164007,37644
164007,42132
164007,44302
164007,63136
164064,60
164064,10808
164064,16358
164064,42132
164064,54864
164064,55632
164064,55638
164064,56484
164064,56696
164064,56714
164064,57522
164064,57804
164064,58504
164064,59394
164064,59396
164064,59776
164064,60522
164064,61280
164064,61348
164064,61364
164064,63540
164337,1304
164337,1372
164337,10808
164337,11262
164337,16358
164337,37644
164337,42132
164337,44302
164337,63136
164457,1304
164457,1372
164457,10808
164457,11262
164457,16358
164457,37644
164457,42132
164457,44302
164457,63136
164541,60
164541,10808
164541,16358
164541,42132
164541,53256
164541,54864
164541,55632
164541,55638
164541,56484
164541,56696
164541,56714
164541,57522
164541,57804
164541,58504
164541,59394
164541,59396
164541,59776
164541,60522
164541,61280
164541,61348
164541,63540
164631,1304
164631,1372
164631,10808
164631,11262
164631,16358
164631,37644
164631,42132
164631,44302
164631,63136
164640,11262
164640,37644
164640,39186
164640,42132
164640,44664
164640,44914
164640,50268
164640,63136
164640,63538
164640,63540
164661,60
164661,10808
164661,16358
164661,42132
164661,53256
164661,54864
164661,55632
164661,55638
164661,56484
164661,56696
164661,56714
164661,57522
164661,57804
164661,58504
164661,59394
164661,59396
164661,59776
164661,60522
164661,61280
164661,61348
164661,63540
164871,1304
164871,1372
164871,10808
164871,11262
164871,16358
164871,37644
164871,42132
164871,44302
164871,63136
164970,1304
164970,1372
164970,10808
164970,11262
164970,37644
164970,42132
164970,44302
164970,63136
165045,1304
165045,10652
165045,11262
165045,16358
165045,44662
165045,44664
165045,44914
165045,50268
165045,51974
165045,61672
165045,62376
165045,63538
165126,1372
165126,3382
165126,10790
165126,10808
165126,11262
165126,16358
165126,30500
165126,33886
165126,34092
165126,36720
165126,36722
165126,36762
165126,37644
165126,39186
165126,42132
165126,46632
165126,48298
165126,48980
165126,50274
165126,50716
165126,50718
165126,50724
165126,52620
165126,52918
165126,53046
165126,53048
165126,53160
165126,53256
165126,53258
165126,53394
165126,53406
165126,54096
165126,54290
165126,55798
165126,56696
165126,56714
165126,57414
165126,57804
165126,59394
165126,59396
165126,59776
165126,59816
165126,59822
165126,60522
165126,60978
165126,61028
165126,61348
165126,61364
165126,61542
165126,61552
165126,61560
165126,62074
165126,62170
165126,62274
165126,62276
165126,62376
165126,62400
165126,63136
165126,63218
165126,63220
165126,63360
165126,63418
165126,63510
165126,63538
165126,63540
165132,1304
165132,1372
165132,10808
165132,11262
165132,16358
165132,37644
165132,42132
165132,44302
165132,63136
165183,1304
165183,1372
165183,10808
165183,11262
165183,16358
165183,37644
165183,42132
165183,44302
165183,63136
165312,1304
165312,1372
165312,10652
165312,10808
165312,11262
165312,16358
165312,37644
165312,42132
165312,44302
165312,63136
165684,1304
165684,1372
165684,10808
165684,11262
165684,16358
165684,37644
165684,42132
165684,44302
165684,63136
165687,1304
165687,1372
165687,10808
165687,11262
165687,16358
165687,37644
165687,42132
165687,44302
165687,61348
165687,63136
165717,1304
165717,1372
165717,10808
165717,11262
165717,16358
165717,37644
165717,42132
165717,44302
165717,63136
165726,1304
165726,1370
165726,1372
165726,10652
165726,10808
165726,16358
165726,36720
165726,44662
165726,44914
165726,51974
165726,54864
165726,55638
165726,59822
165726,61672
165726,62376
165726,63188
165726,63538
165744,124
165744,1304
165744,1372
165744,10808
165744,11262
165744,16358
165744,37644
165744,42132
165744,44302
165744,63136
165750,1304
165750,1372
165750,10808
165750,11262
165750,16358
165750,37644
165750,42132
165750,44302
165750,63136
165762,1304
165762,1372
165762,10808
165762,11262
165762,16358
165762,37644
165762,42132
165762,44302
165762,63136
165786,1304
165786,1372
165786,10808
165786,11262
165786,16358
165786,37644
165786,42132
165786,44302
165786,53160
165786,63136
165915,1304
165915,1372
165915,10808
165915,11262
165915,16358
165915,37644
165915,42132
165915,44302
165915,63136
165927,1304
165927,1372
165927,10808
165927,11262
165927,16358
165927,37644
165927,42132
165927,44302
165927,63136
166002,1304
166002,1372
166002,10808
166002,11262
166002,16358
166002,37644
166002,42132
166002,44302
166002,63136
166005,1304
166005,1372
166005,10808
166005,11262
166005,16358
166005,37644
166005,42132
166005,44302
166005,63136
166029,1304
166029,1372
166029,10808
166029,11262
166029,16358
166029,37644
166029,42132
166029,44302
166029,63136
166128,60
166128,1304
166128,1370
166128,1372
166128,10808
166128,16358
166128,42132
166128,53256
166128,54864
166128,55632
166128,55638
166128,56484
166128,56696
166128,56714
166128,57522
166128,57804
166128,58504
166128,59394
166128,59396
166128,59776
166128,60522
166128,61280
166128,61348
166128,63540
166356,60
166356,1304
166356,35846
166356,42132
166356,44664
166356,44914
166356,50270
166356,53386
166356,54864
166356,55632
166356,55638
166356,56484
166356,56696
166356,56714
166356,57522
166356,59394
166356,60522
166356,61280
166356,61348
166356,63540
166362,1304
166362,1372
166362,10808
166362,11262
166362,16358
166362,37644
166362,42132
166362,44302
166362,63136
166437,1304
166437,1372
166437,10808
166437,11262
166437,16358
166437,30500
166437,37644
166437,42132
166437,44302
166437,56714
166437,63136
166599,11262
166599,30500
166599,37644
166599,39186
166599,42132
166599,44660
166599,44664
166599,44914
166599,50268
166599,63136
166599,63538
166599,63540
166995,1304
166995,1372
166995,10808
166995,11262
166995,16358
166995,30500
166995,37644
166995,42132
166995,44302
166995,59396
166995,63136
167082,1304
167082,1370
167082,1372
167082,10652
167082,10808
167082,16358
167082,36720
167082,44662
167082,44914
167082,51974
167082,54864
167082,55638
167082,59822
167082,61672
167082,62376
167082,63188
167082,63538
167136,1304
167136,1372
167136,10808
167136,11262
167136,16358
167136,37644
167136,42132
167136,44302
167136,63136
167256,1304
167256,1372
167256,10808
167256,11262
167256,16358
167256,37644
167256,42132
167256,44302
167256,63136
167316,1304
167316,1370
167316,1372
167316,10808
167316,11262
167316,16358
167316,37644
167316,42132
167316,44302
167316,56714
167316,63136
167364,60
167364,1206
167364,11262
167364,33886
167364,39186
167364,44660
167364,44664
167364,44914
167364,45912
167364,48298
167364,50268
167364,50718
167364,51316
167364,52620
167364,53386
167364,54096
167364,55638
167364,56484
167364,61280
167364,61540
167364,61672
167364,62376
167364,62944
167451,1304
167451,1372
167451,10808
167451,11262
167451,16358
167451,37644
167451,42132
167451,44302
167451,61028
167451,63136
167514,60
167514,10808
167514,16358
167514,42132
167514,53256
167514,54864
167514,55632
167514,55638
167514,56484
167514,56696
167514,56714
167514,57522
167514,57804
167514,58504
167514,59394
167514,59396
167514,59776
167514,60522
167514,61280
167514,61348
167514,63540
167571,1304
167571,1370
167571,1372
167571,10808
167571,11262
167571,16358
167571,37644
167571,42132
167571,44302
167571,56714
167571,63136
167652,1304
167652,1372
167652,10808
167652,11262
167652,16358
167652,37644
167652,42132
167652,44302
167652,55638
167652,63136
167676,1304
167676,1372
167676,10808
167676,11262
167676,16358
167676,37644
167676,42132
167676,44302
167676,63136
171372,11262
171372,37644
171372,39186
171372,42132
171372,44664
171372,44914
171372,50268
171372,63136
171372,63538
171372,63540
171684,11262
171684,37644
171684,39186
171684,42132
171684,44664
171684,44914
171684,50268
171684,59776
171684,63136
171684,63538
171684,63540
171702,1304
171702,1372
171702,10808
171702,11262
171702,16358
171702,37644
171702,42132
171702,44302
171702,56696
171702,63136
171939,11262
171939,37644
171939,39186
171939,42132
171939,44664
171939,44914
171939,50268
171939,63136
171939,63538
171939,63540
172008,1372
172008,10808
172008,11490
172008,32496
172008,42132
172008,44302
172008,53046
172008,59396
172008,63136
172035,1304
172035,1372
172035,10808
172035,11262
172035,16358
172035,37644
172035,42132
172035,44302
172035,63136
172056,1304
172056,39186
172056,42132
172056,44664
172056,50268
172056,50270
172056,57522
172056,61552
172056,61558
172056,61560
172056,63136
172056,63538
172056,63540
172161,60
172161,10808
172161,16358
172161,42132
172161,50720
172161,53256
172161,54864
172161,55632
172161,55638
172161,56484
172161,56696
172161,56714
172161,57522
172161,57804
172161,58504
172161,59394
172161,59396
172161,59776
172161,60522
172161,61280
172161,61348
172161,63540
172419,1304
172419,1372
172419,10808
172419,11262
172419,16358
172419,37644
172419,42132
172419,44302
172419,63136
172503,1304
172503,1370
172503,1372
172503,10808
172503,16358
172503,37644
172503,42132
172503,44302
172503,63136
172587,1304
172587,1372
172587,10808
172587,11262
172587,16358
172587,37644
172587,42132
172587,44302
172587,63136
172590,1304
172590,1372
172590,10808
172590,11262
172590,16358
172590,37644
172590,42132
172590,44302
172590,63136
172695,1304
172695,1372
172695,10808
172695,11262
172695,16358
172695,37644
172695,42132
172695,44302
172695,63136
172704,39186
172704,42132
172704,44664
172704,49888
172704,50268
172704,50270
172704,57522
172704,61552
172704,61558
172704,61560
172704,63136
172704,63218
172704,63538
172704,63540
172719,11262
172719,30500
172719,37644
172719,39186
172719,42132
172719,44664
172719,44914
172719,50268
172719,56714
172719,63136
172719,63188
172719,63510
172719,63538
172719,63540
173613,1304
173613,1372
173613,10808
173613,11262
173613,16358
173613,37644
173613,42132
173613,44302
173613,50716
173613,53160
173613,63136
173667,60
173667,42132
173667,44664
173667,44914
173667,50270
173667,53386
173667,54864
173667,55632
173667,55638
173667,56484
173667,56696
173667,56714
173667,57522
173667,59394
173667,60522
173667,61280
173667,61348
173667,63540
173796,1304
173796,1372
173796,10808
173796,11262
173796,16358
173796,37644
173796,42132
173796,44302
173796,63136
173940,1304
173940,1372
173940,10808
173940,11262
173940,16358
173940,37644
173940,42132
173940,44302
173940,63136
174087,1304
174087,1372
174087,10808
174087,11262
174087,16358
174087,37644
174087,42132
174087,44302
174087,50724
174087,50970
174087,63136
174195,1304
174195,1372
174195,10808
174195,11262
174195,16358
174195,30500
174195,37644
174195,42132
174195,44302
174195,63136
174279,1304
174279,1372
174279,10808
174279,11262
174279,16358
174279,37644
174279,42132
174279,44302
174279,63136
174468,60
174468,1304
174468,10808
174468,16358
174468,42132
174468,53256
174468,54864
174468,55632
174468,55638
174468,56484
174468,56696
174468,56714
174468,57522
174468,57804
174468,58504
174468,59394
174468,59396
174468,59776
174468,60522
174468,61280
174468,61348
174468,63540
174513,1304
174513,1372
174513,10808
174513,11262
174513,16358
174513,37644
174513,42132
174513,44302
174513,63136
175239,1304
175239,1372
175239,10808
175239,11262
175239,16358
175239,37644
175239,42132
175239,44302
175239,63136
175266,1304
175266,1372
175266,10808
175266,16358
175266,37644
175266,42132
175266,44302
175266,63136
175293,60
175293,42132
175293,44664
175293,44914
175293,50270
175293,53386
175293,54864
175293,55632
175293,55638
175293,56484
175293,56696
175293,56714
175293,57522
175293,59394
175293,60522
175293,61280
175293,61348
175293,63540
175809,1304
175809,1372
175809,10808
175809,16358
175809,37644
175809,42132
175809,44302
175809,63136
175809,63220
175815,1304
175815,1372
175815,10808
175815,11262
175815,37644
175815,42132
175815,44302
175815,63136
175878,1304
175878,1372
175878,10808
175878,11262
175878,16358
175878,37644
175878,42132
175878,44302
175878,63136
175899,11262
175899,37644
175899,39186
175899,42132
175899,44664
175899,44914
175899,50268
175899,63136
175899,63538
175899,63540
176319,1304
176319,1372
176319,10808
176319,11262
176319,16358
176319,37644
176319,42132
176319,44302
176319,63136
176403,1372
176403,10808
176403,11490
176403,32496
176403,42132
176403,44302
176403,53046
176403,63136
176472,1304
176472,1372
176472,10808
176472,11262
176472,16358
176472,37644
176472,42132
176472,44302
176472,50268
176472,63136
176577,1304
176577,1372
176577,10808
176577,11262
176577,16358
176577,37644
176577,42132
176577,44302
176577,63136
176595,1304
176595,1372
176595,10808
176595,11262
176595,16358
176595,37644
176595,42132
176595,44302
176595,63136
176607,1304
176607,1372
176607,10808
176607,11262
176607,16358
176607,37644
176607,42132
176607,44302
176607,63136
176643,1304
176643,1372
176643,10808
176643,11262
176643,16358
176643,37644
176643,42132
176643,44302
176643,56714
176643,63136
177474,1304
177474,1372
177474,10808
177474,11262
177474,16358
177474,37644
177474,42132
177474,44302
177474,63136
177672,1304
177672,10808
177672,11262
177672,16358
177672,37644
177672,42132
177672,44302
177672,63136
177873,1304
177873,1372
177873,10808
177873,11262
177873,16358
177873,37644
177873,39186
177873,42132
177873,44302
177873,63136
177903,1304
177903,1370
177903,1372
177903,10808
177903,16358
177903,37644
177903,42132
177903,44302
177903,55638
177903,63136
177921,1304
177921,1372
177921,10808
177921,11262
177921,16358
177921,37644
177921,42132
177921,44302
177921,63136
177951,11262
177951,37644
177951,39186
177951,42132
177951,44664
177951,44914
177951,50268
177951,63136
177951,63538
177951,63540
178068,1304
178068,1372
178068,10808
178068,11262
178068,16358
178068,37644
178068,42132
178068,44302
178068,61558
178068,63136
178230,60
178230,1372
178230,10808
178230,11490
178230,32496
178230,42132
178230,44302
178230,53046
178230,63136
178230,63510
178257,1304
178257,1372
178257,10808
178257,11262
178257,16358
178257,37644
178257,42132
178257,44302
178257,63136
178458,1372
178458,10808
178458,11490
178458,32496
178458,42132
178458,44302
178458,53046
178458,59396
178458,63136
178458,63510
178761,1304
178761,1372
178761,10808
178761,11262
178761,16358
178761,37644
178761,42132
178761,44302
178761,63136
178818,60
178818,1304
178818,1370
178818,1372
178818,3382
178818,10790
178818,10808
178818,11262
178818,11490
178818,16358
178818,33534
178818,34092
178818,35846
178818,36720
178818,36722
178818,36762
178818,37644
178818,39186
178818,42132
178818,44662
178818,46632
178818,48298
178818,50270
178818,50272
178818,50274
178818,52620
178818,53386
178818,54096
178818,54290
178818,55638
178818,57522
178818,57804
178818,59816
178818,61028
178818,61348
178818,61364
178818,61540
178818,61560
178818,62074
178818,62170
178818,62274
178818,62276
178818,62376
178818,62400
178818,62614
178818,62616
178818,62618
178818,63186
178818,63188
178818,63418
178830,1372
178830,10808
178830,11490
178830,16358
178830,32496
178830,42132
178830,44302
178830,53046
178830,63136
178938,11262
178938,37644
178938,39186
178938,42132
178938,44664
178938,44914
178938,50268
178938,63136
178938,63360
178938,63538
178938,63540
179088,11262
179088,37644
179088,39186
179088,42132
179088,44664
179088,44914
179088,50268
179088,63136
179088,63538
179088,63540
179436,1304
179436,1372
179436,10808
179436,11262
179436,16358
179436,37644
179436,42132
179436,44302
179436,63136
179436,63360
179496,11262
179496,35732
179496,37644
179496,39186
179496,42132
179496,44664
179496,44914
179496,50268
179496,50720
179496,63136
179496,63538
179496,63540
179700,11262
179700,37644
179700,39186
179700,42132
179700,44664
179700,44914
179700,50268
179700,57414
179700,63136
179700,63538
179700,63540
179790,1304
179790,1372
179790,10808
179790,11262
179790,16358
179790,37644
179790,42132
179790,44302
179790,63136
179838,1304
179838,1372
179838,10808
179838,11262
179838,37644
179838,42132
179838,44302
179838,50274
179838,63136
179853,1304
179853,10652
179853,11262
179853,16358
179853,44662
179853,44664
179853,44914
179853,50268
179853,50274
179853,51974
179853,56714
179853,58504
179853,61672
179853,62376
179853,63538
180195,1304
180195,1372
180195,10808
180195,11262
180195,16358
180195,37644
180195,42132
180195,44302
180195,63136
180471,11262
180471,37644
180471,39186
180471,42132
180471,44664
180471,44914
180471,50268
180471,63136
180471,63538
180471,63540
180495,1304
180495,1372
180495,10808
180495,11262
180495,16358
180495,37644
180495,42132
180495,44302
180495,61280
180495,63136
180672,11262
180672,37644
180672,39186
180672,42132
180672,44664
180672,44914
180672,50268
180672,59396
180672,63136
180672,63538
180672,63540
180801,1304
180801,10652
180801,11262
180801,16358
180801,44662
180801,44664
180801,44914
180801,50268
180801,51974
180801,55798
180801,61672
180801,62376
180801,63538
181101,60
181101,10808
181101,16358
181101,42132
181101,53160
181101,53256
181101,54864
181101,55632
181101,55638
181101,56484
181101,56696
181101,56714
181101,57522
181101,57804
181101,58504
181101,59394
181101,59396
181101,59776
181101,60522
181101,61280
181101,61348
181101,63540
181110,1304
181110,1370
181110,1372
181110,10652
181110,10808
181110,16358
181110,36720
181110,44662
181110,44914
181110,51974
181110,54864
181110,55638
181110,59394
181110,59822
181110,61672
181110,62376
181110,63188
181110,63538
181149,1304
181149,1372
181149,10808
181149,11262
181149,16358
181149,37644
181149,42132
181149,44302
181149,63136
181203,1304
181203,1372
181203,10808
181203,11262
181203,16358
181203,37644
181203,42132
181203,44302
181203,63136
181371,1304
181371,1372
181371,10808
181371,11262
181371,16358
181371,37644
181371,42132
181371,44302
181371,63136
181593,1304
181593,1372
181593,10808
181593,11262
181593,16358
181593,37644
181593,42132
181593,44302
181593,63136
181662,1304
181662,1372
181662,10652
181662,10808
181662,11262
181662,16358
181662,37644
181662,42132
181662,44302
181662,63136
181704,1304
181704,1372
181704,10808
181704,11262
181704,16358
181704,37644
181704,42132
181704,44302
181704,63136
181746,1304
181746,1372
181746,10808
181746,11262
181746,16358
181746,37644
181746,42132
181746,44302
181746,63136
181860,1304
181860,1372
181860,10808
181860,16358
181860,37644
181860,39186
181860,42132
181860,44302
181860,63136
182292,11262
182292,37644
182292,39186
182292,42132
182292,44664
182292,44914
182292,50268
182292,63136
182292,63538
182292,63540
182295,11262
182295,37644
182295,39186
182295,42132
182295,44664
182295,44914
182295,50268
182295,63136
182295,63538
182295,63540
182442,1304
182442,1372
182442,10808
182442,11262
182442,16358
182442,37644
182442,42132
182442,44302
182442,63136
182556,11262
182556,37644
182556,39186
182556,42132
182556,44664
182556,44914
182556,50268
182556,61028
182556,63136
182556,63538
182556,63540
182565,1304
182565,1370
182565,1372
182565,10808
182565,16358
182565,33886
182565,36720
182565,37644
182565,42132
182565,44302
182565,50274
182565,63136
183105,1372
183105,10808
183105,11490
183105,16358
183105,30500
183105,44302
183105,53046
183105,63136
183195,1372
183195,10808
183195,11490
183195,32496
183195,42132
183195,44302
183195,53046
183195,56714
183195,57414
183195,59396
183195,63136
183213,33886
183213,39186
183213,42132
183213,44664
183213,50268
183213,50270
183213,57522
183213,61552
183213,61558
183213,61560
183213,63136
183213,63538
183213,63540
183363,1304
183363,1370
183363,1372
183363,10652
183363,10808
183363,16358
183363,36720
183363,44662
183363,44914
183363,51974
183363,54864
183363,55638
183363,59822
183363,61672
183363,62376
183363,63188
183363,63538
183366,1304
183366,1370
183366,1372
183366,10652
183366,10808
183366,16358
183366,36720
183366,44662
183366,44914
183366,51974
183366,54864
183366,55638
183366,59822
183366,61672
183366,62376
183366,63188
183366,63538
183387,1304
183387,1372
183387,10808
183387,11262
183387,16358
183387,37644
183387,42132
183387,44302
183387,63136
183390,1304
183390,1370
183390,1372
183390,10652
183390,10808
183390,16358
183390,36720
183390,44662
183390,44914
183390,51974
183390,54864
183390,55638
183390,59822
183390,61672
183390,62376
183390,63188
183390,63538
183450,1304
183450,1372
183450,10808
183450,11262
183450,16358
183450,33886
183450,37644
183450,42132
183450,44302
183450,63136
183459,1304
183459,1372
183459,10808
183459,11262
183459,16358
183459,37644
183459,42132
183459,44302
183459,63136
183468,1304
183468,1372
183468,10808
183468,11262
183468,16358
183468,37644
183468,42132
183468,44302
183468,63136
183489,1372
183489,10808
183489,11490
183489,32496
183489,42132
183489,44302
183489,53046
183489,57414
183489,61348
183489,63136
183492,1370
183492,1372
183492,10808
183492,11490
183492,32496
183492,42132
183492,44302
183492,53046
183492,57414
183492,59396
183492,63136
183492,63188
183573,60
183573,1370
183573,10808
183573,16358
183573,42132
183573,53256
183573,54864
183573,55632
183573,55638
183573,56484
183573,56696
183573,56714
183573,57522
183573,57804
183573,58504
183573,59394
183573,59396
183573,59776
183573,60522
183573,61280
183573,61348
183573,63510
183573,63540
183576,60
183576,10808
183576,16358
183576,42132
183576,53256
183576,54864
183576,55632
183576,55638
183576,56484
183576,56696
183576,56714
183576,57522
183576,57804
183576,58504
183576,59394
183576,59396
183576,59776
183576,60522
183576,61280
183576,61348
183576,63540
183645,1304
183645,1372
183645,10808
183645,11262
183645,16358
183645,37644
183645,42132
183645,44302
183645,63136
183666,1304
183666,1372
183666,10808
183666,11262
183666,16358
183666,37644
183666,42132
183666,44302
183666,63136
183672,11262
183672,37644
183672,39186
183672,42132
183672,44664
183672,44914
183672,50268
183672,63136
183672,63538
183672,63540
183675,1304
183675,1372
183675,10808
183675,11262
183675,16358
183675,37644
183675,42132
183675,44302
183675,63136
183786,1304
183786,1372
183786,10808
183786,11262
183786,16358
183786,37644
183786,42132
183786,44302
183786,63136
183789,1304
183789,1372
183789,10808
183789,11262
183789,16358
183789,37644
183789,42132
183789,44302
183789,59822
183789,63136
183813,1304
183813,1372
183813,10808
183813,11262
183813,16358
183813,37644
183813,42132
183813,44302
183813,63136
183912,1304
183912,1372
183912,10808
183912,11262
183912,16358
183912,37644
183912,42132
183912,44302
183912,63136
183921,1304
183921,1372
183921,10808
183921,11262
183921,16358
183921,37644
183921,42132
183921,44302
183921,63136
184104,1304
184104,1372
184104,10808
184104,11262
184104,16358
184104,37644
184104,42132
184104,44302
184104,60978
184104,63136
184113,1304
184113,1372
184113,10808
184113,11262
184113,16358
184113,37644
184113,42132
184113,44302
184113,63136
184485,1304
184485,1372
184485,10808
184485,11262
184485,16358
184485,37644
184485,42132
184485,44302
184485,63136
184488,1372
184488,10808
184488,11262
184488,16358
184488,37644
184488,42132
184488,44302
184488,63136
184488,63360
184509,1304
184509,1372
184509,10808
184509,11262
184509,16358
184509,37644
184509,42132
184509,44302
184509,63136
184605,1304
184605,1370
184605,1372
184605,10652
184605,10808
184605,16358
184605,36720
184605,44662
184605,44914
184605,51974
184605,54864
184605,55638
184605,59822
184605,61672
184605,62376
184605,63188
184605,63538
184635,1304
184635,1372
184635,10808
184635,11262
184635,16358
184635,37644
184635,42132
184635,44302
184635,63136
184674,1304
184674,1372
184674,10808
184674,11262
184674,16358
184674,37644
184674,42132
184674,44302
184674,63136
184698,11262
184698,37644
184698,39186
184698,42132
184698,44664
184698,44914
184698,50268
184698,63136
184698,63538
184698,63540
184710,1304
184710,1372
184710,10808
184710,11262
184710,16358
184710,37644
184710,42132
184710,44302
184710,63136
184713,1304
184713,1372
184713,10808
184713,11262
184713,16358
184713,37644
184713,42132
184713,44302
184713,48574
184713,50962
184713,63136
184863,1372
184863,10808
184863,11490
184863,32496
184863,42132
184863,44302
184863,53046
184863,63136
184950,60
184950,10808
184950,16358
184950,42132
184950,53256
184950,54864
184950,55632
184950,55638
184950,56484
184950,56696
184950,56714
184950,57522
184950,57804
184950,58504
184950,59394
184950,59396
184950,59776
184950,60522
184950,61280
184950,61348
184950,63540
185067,1304
185067,1372
185067,10808
185067,11262
185067,16358
185067,37644
185067,42132
185067,44302
185067,63136
185244,1304
185244,1372
185244,10808
185244,11262
185244,16358
185244,37644
185244,42132
185244,44302
185244,63136
185817,39186
185817,42132
185817,44664
185817,50268
185817,50270
185817,57522
185817,61552
185817,61558
185817,61560
185817,63136
185817,63538
185817,63540
186078,1304
186078,1372
186078,10808
186078,11262
186078,16358
186078,37644
186078,42132
186078,44302
186078,63136
186174,60
186174,10808
186174,16358
186174,42132
186174,53256
186174,54864
186174,55632
186174,55638
186174,56484
186174,56696
186174,56714
186174,57522
186174,57804
186174,58504
186174,59394
186174,59396
186174,59776
186174,60522
186174,61280
186174,61348
186174,63540
186177,1372
186177,10808
186177,11490
186177,32496
186177,42132
186177,44302
186177,53046
186177,63136
186216,1304
186216,1372
186216,10808
186216,11262
186216,16358
186216,37644
186216,42132
186216,44302
186216,53394
186216,63136
186327,1304
186327,1372
186327,10808
186327,11262
186327,16358
186327,37644
186327,42132
186327,44302
186327,63136
186378,1304
186378,1372
186378,10808
186378,11262
186378,16358
186378,37644
186378,42132
186378,44302
186378,63136
186384,11262
186384,37644
186384,39186
186384,42132
186384,44664
186384,44914
186384,50268
186384,56714
186384,63136
186384,63510
186384,63538
186384,63540
186438,1304
186438,1372
186438,10808
186438,11262
186438,16358
186438,30500
186438,37644
186438,42132
186438,44302
186438,56714
186438,63136
186447,1304
186447,1372
186447,10808
186447,11262
186447,16358
186447,37644
186447,42132
186447,44302
186447,63136
186657,1304
186657,1370
186657,1372
186657,10808
186657,16358
186657,37644
186657,42132
186657,44302
186657,63136
186882,1304
186882,1372
186882,10808
186882,11262
186882,16358
186882,37644
186882,42132
186882,44302
186882,63136
186933,60
186933,124
186933,1206
186933,1372
186933,10652
186933,44914
186933,48298
186933,51974
186933,56714
186933,57804
186933,58504
186933,59822
186933,61348
186933,61540
186933,62376
186933,63220
186933,63418
186942,1304
186942,1372
186942,10808
186942,11262
186942,16358
186942,37644
186942,42132
186942,44302
186942,63136
186951,1304
186951,1372
186951,10808
186951,11262
186951,16358
186951,37644
186951,42132
186951,44302
186951,63136
186987,60
186987,10808
186987,16358
186987,42132
186987,53256
186987,54864
186987,55632
186987,55638
186987,56484
186987,56696
186987,56714
186987,57522
186987,57804
186987,58504
186987,59394
186987,59396
186987,59776
186987,60522
186987,61280
186987,61348
186987,63540
186990,1304
186990,1372
186990,10808
186990,11262
186990,16358
186990,37644
186990,42132
186990,44302
186990,63136
187101,60
187101,1304
187101,10808
187101,16358
187101,42132
187101,53256
187101,54864
187101,55632
187101,55638
187101,56484
187101,56696
187101,56714
187101,57522
187101,57804
187101,58504
187101,59394
187101,59396
187101,59776
187101,60522
187101,61280
187101,61348
187101,63540
187221,1304
187221,1372
187221,10808
187221,11262
187221,16358
187221,37644
187221,42132
187221,44302
187221,63136
187224,1304
187224,1372
187224,10808
187224,11262
187224,16358
187224,37644
187224,42132
187224,44302
187224,54864
187224,63136
187263,1304
187263,1372
187263,10808
187263,11262
187263,16358
187263,37644
187263,42132
187263,44302
187263,63136
187386,1304
187386,1370
187386,1372
187386,10652
187386,10808
187386,16358
187386,36720
187386,44662
187386,44914
187386,51974
187386,54864
187386,55638
187386,59822
187386,61672
187386,62376
187386,63188
187386,63538
187395,1304
187395,1372
187395,10808
187395,11262
187395,16358
187395,37644
187395,42132
187395,44302
187395,63136
187650,1372
187650,10808
187650,11262
187650,16358
187650,37644
187650,42132
187650,44302
187650,63136
187659,60
187659,1372
187659,10808
187659,11490
187659,32496
187659,42132
187659,44302
187659,53046
187659,63136
187707,1372
187707,10808
187707,11490
187707,32496
187707,42132
187707,44302
187707,53046
187707,63136
187734,1370
187734,1372
187734,10808
187734,11262
187734,16358
187734,37644
187734,42132
187734,44302
187734,63136
187743,1304
187743,1372
187743,10808
187743,11262
187743,16358
187743,37644
187743,42132
187743,44302
187743,63136
187797,39186
187797,42132
187797,44664
187797,50268
187797,50270
187797,57522
187797,61552
187797,61558
187797,61560
187797,63136
187797,63538
187797,63540
187806,1372
187806,10808
187806,11490
187806,32496
187806,42132
187806,44302
187806,53046
187806,63136
187839,1304
187839,1372
187839,10808
187839,11262
187839,16358
187839,37644
187839,42132
187839,44302
187839,63136
187875,11262
187875,37644
187875,39186
187875,42132
187875,44664
187875,44914
187875,50268
187875,63136
187875,63538
187875,63540
187962,1304
187962,1372
187962,10808
187962,11262
187962,16358
187962,37644
187962,42132
187962,44302
187962,61280
187962,63136
187974,1304
187974,1372
187974,10808
187974,11262
187974,16358
187974,37644
187974,42132
187974,44302
187974,63136
188100,1304
188100,1372
188100,10808
188100,11262
188100,16358
188100,37644
188100,42132
188100,44302
188100,44914
188100,63136
188106,1304
188106,1372
188106,10808
188106,11262
188106,16358
188106,37644
188106,42132
188106,44302
188106,63136
188196,11262
188196,37644
188196,39186
188196,42132
188196,44664
188196,44914
188196,50268
188196,62074
188196,63136
188196,63538
188196,63540
188265,11262
188265,37644
188265,39186
188265,42132
188265,44664
188265,44914
188265,50268
188265,63136
188265,63538
188265,63540
188331,1372
188331,10808
188331,11490
188331,32496
188331,42132
188331,44302
188331,50716
188331,53046
188331,63136
188343,11262
188343,37644
188343,39186
188343,42132
188343,44664
188343,44914
188343,50268
188343,52620
188343,63136
188343,63538
188343,63540
188481,39186
188481,42132
188481,44664
188481,50268
188481,50270
188481,57522
188481,61552
188481,61558
188481,61560
188481,63136
188481,63538
188481,63540
188604,11262
188604,37644
188604,39186
188604,42132
188604,44664
188604,44914
188604,50268
188604,63136
188604,63538
188604,63540
188637,1304
188637,1372
188637,10808
188637,11262
188637,16358
188637,37644
188637,42132
188637,44302
188637,63136
188685,1304
188685,1372
188685,10808
188685,11262
188685,16358
188685,37644
188685,42132
188685,44302
188685,63136
188700,1304
188700,1372
188700,10808
188700,11262
188700,16358
188700,42132
188700,44302
188700,62614
188700,63136
188730,1304
188730,1372
188730,10808
188730,11262
188730,16358
188730,37644
188730,42132
188730,44302
188730,63136
188787,1372
188787,10808
188787,11490
188787,32496
188787,42132
188787,44302
188787,53046
188787,63136
188844,11262
188844,37644
188844,39186
188844,42132
188844,44664
188844,44914
188844,46632
188844,50268
188844,61672
188844,63136
188844,63538
188844,63540
188847,1304
188847,1372
188847,10808
188847,11262
188847,16358
188847,37644
188847,42132
188847,44302
188847,63136
188853,1304
188853,1372
188853,10808
188853,11262
188853,16358
188853,37644
188853,42132
188853,44302
188853,63136
188937,1304
188937,1372
188937,10808
188937,11262
188937,16358
188937,37644
188937,42132
188937,44302
188937,63136
188961,1304
188961,1372
188961,10808
188961,11262
188961,16358
188961,37644
188961,42132
188961,44302
188961,63136
189009,1304
189009,1372
189009,10808
189009,11262
189009,16358
189009,37644
189009,42132
189009,44302
189009,63136
189012,11262
189012,33886
189012,35732
189012,37644
189012,39186
189012,42132
189012,44302
189012,44664
189012,44914
189012,50268
189012,56714
189012,63136
189012,63538
189012,63540
189045,1304
189045,1372
189045,10808
189045,16358
189045,37644
189045,42132
189045,44302
189045,53386
189045,63136
190113,1304
190113,1372
190113,10808
190113,11262
190113,16358
190113,37644
190113,42132
190113,44302
190152,60
190152,10808
190152,16358
190152,42132
190152,53256
190152,54864
190152,55632
190152,55638
190152,56484
190152,56696
190152,56714
190152,57522
190152,57804
190152,58504
190152,59394
190152,59396
190152,59776
190152,60522
190152,61280
190152,61348
190152,63540
190776,1372
190776,10808
190776,11490
190776,32496
190776,42132
190776,44302
190776,53046
190776,63136
191223,11262
191223,37644
191223,39186
191223,42132
191223,44664
191223,44914
191223,50268
191223,63136
191223,63538
191223,63540
191226,1304
191226,1372
191226,11262
191226,16358
191226,37644
191226,42132
191226,44302
191226,63136
191229,1304
191229,1372
191229,10808
191229,11262
191229,16358
191229,37644
191229,42132
191229,44302
191229,63136
191232,11262
191232,35846
191232,37644
191232,39186
191232,42132
191232,44664
191232,44914
191232,50268
191232,63136
191232,63538
191232,63540
191238,1304
191238,1372
191238,10790
191238,10808
191238,11262
191238,16358
191238,37644
191238,42132
191238,44302
191238,50720
191238,63136
191238,63510
191247,1304
191247,1372
191247,10808
191247,11262
191247,16358
191247,37644
191247,39186
191247,42132
191247,44302
191247,63136
191250,1304
191250,1372
191250,10808
191250,11262
191250,16358
191250,37644
191250,42132
191250,44302
191250,63136
191256,1304
191256,1370
191256,1372
191256,10652
191256,10808
191256,16358
191256,36720
191256,44662
191256,44914
191256,51974
191256,54864
191256,55638
191256,59822
191256,61672
191256,62376
191256,63188
191256,63538
191316,1304
191316,1370
191316,1372
191316,10652
191316,10808
191316,16358
191316,36720
191316,44662
191316,44914
191316,51974
191316,54864
191316,55638
191316,59822
191316,61672
191316,62376
191316,63188
191316,63538
191451,1304
191451,1372
191451,10808
191451,11262
191451,16358
191451,37644
191451,42132
191451,44302
191451,63136
191553,11262
191553,37644
191553,39186
191553,42132
191553,44664
191553,44914
191553,50268
191553,63136
191553,63538
191553,63540
191556,1304
191556,1372
191556,10808
191556,11262
191556,16358
191556,37644
191556,42132
191556,44302
191556,63136
191892,1372
191892,10808
191892,11490
191892,32496
191892,42132
191892,44302
191892,53046
191892,63136
192144,1304
192144,1372
192144,10808
192144,11262
192144,16358
192144,37644
192144,42132
192144,44302
192144,63136
192159,1372
192159,10808
192159,16358
192159,37644
192159,42132
192159,44302
192159,63136
192300,1304
192300,1372
192300,10808
192300,11262
192300,16358
192300,37644
192300,42132
192300,44302
192300,63136
192549,1304
192549,1370
192549,1372
192549,10652
192549,10808
192549,16358
192549,36720
192549,44662
192549,44914
192549,50274
192549,51974
192549,54864
192549,55638
192549,56714
192549,59822
192549,61672
192549,62376
192549,63188
192549,63538
192564,35846
192564,39186
192564,42132
192564,44664
192564,50268
192564,50270
192564,56714
192564,57522
192564,61552
192564,61558
192564,61560
192564,63136
192564,63538
192564,63540
192618,1304
192618,1372
192618,10808
192618,11262
192618,16358
192618,37644
192618,42132
192618,44302
192618,63136
192627,1304
192627,1372
192627,10808
192627,11262
192627,16358
192627,37644
192627,42132
192627,44302
192627,63136
192714,1304
192714,1372
192714,10808
192714,11262
192714,16358
192714,37644
192714,42132
192714,44302
192714,63136
192717,1304
192717,1372
192717,10808
192717,11262
192717,16358
192717,37644
192717,42132
192717,44302
192717,63136
192735,1304
192735,1372
192735,10808
192735,11262
192735,16358
192735,37644
192735,42132
192735,44302
192735,63136
192756,1304
192756,1372
192756,10808
192756,11262
192756,16358
192756,37644
192756,42132
192756,44302
192756,63136
192768,1304
192768,1372
192768,10808
192768,11262
192768,16358
192768,37644
192768,42132
192768,44302
192768,63136
192771,1304
192771,1372
192771,10808
192771,11262
192771,16358
192771,33886
192771,37644
192771,42132
192771,44302
192771,59396
192771,63136
192942,1304
192942,1372
192942,10808
192942,11262
192942,16358
192942,37644
192942,42132
192942,44302
192942,63136
193323,11262
193323,37644
193323,39186
193323,42132
193323,44664
193323,44914
193323,50268
193323,63136
193323,63538
193323,63540
193542,60
193542,10808
193542,16358
193542,42132
193542,50968
193542,53256
193542,54864
193542,55632
193542,55638
193542,56484
193542,56696
193542,56714
193542,57522
193542,57804
193542,58504
193542,59394
193542,59396
193542,59776
193542,60522
193542,61280
193542,61348
193542,63540
193911,11262
193911,37644
193911,39186
193911,42132
193911,44664
193911,44914
193911,50268
193911,63136
193911,63538
193911,63540
193965,124
193965,1370
193965,1372
193965,3382
193965,10652
193965,10808
193965,11262
193965,16358
193965,30500
193965,33534
193965,37644
193965,39186
193965,42132
193965,44302
193965,44644
193965,44660
193965,44662
193965,44664
193965,44914
193965,48574
193965,53048
193965,59816
193965,61364
193965,61672
193965,62074
193965,62170
193965,62376
193965,63220
193965,63538
193965,63540
194082,1372
194082,10808
194082,11490
194082,32496
194082,42132
194082,44302
194082,50962
194082,53046
194082,61348
194082,62274
194082,63136
194208,1304
194208,1372
194208,10808
194208,11262
194208,16358
194208,37644
194208,42132
194208,44302
194208,63136
194229,1372
194229,10808
194229,11490
194229,32496
194229,42132
194229,44302
194229,53046
194229,63136
194388,1304
194388,1372
194388,10808
194388,11262
194388,37644
194388,42132
194388,44302
194388,56714
194388,63136
194409,1304
194409,1372
194409,10808
194409,11262
194409,16358
194409,37644
194409,42132
194409,44302
194409,63136
194424,39186
194424,42132
194424,44664
194424,50268
194424,50270
194424,57522
194424,61552
194424,61558
194424,61560
194424,63136
194424,63538
194424,63540
194601,60
194601,124
194601,1206
194601,1372
194601,10652
194601,11262
194601,39186
194601,42132
194601,44914
194601,48298
194601,51974
194601,54096
194601,54290
194601,54864
194601,55632
194601,55638
194601,55798
194601,56484
194601,56696
194601,56714
194601,57522
194601,57804
194601,59394
194601,59396
194601,59776
194601,59816
194601,59822
194601,60522
194601,61028
194601,61280
194601,61348
194601,61540
194601,61558
194601,61560
194601,61672
194601,62400
194601,62860
194601,62944
194601,63136
194601,63218
194601,63220
194601,63360
194601,63418
194601,63510
194601,63538
194601,63540
194718,1372
194718,10808
194718,11490
194718,32496
194718,42132
194718,44302
194718,53046
194718,63136
194790,1304
194790,1372
194790,10808
194790,11262
194790,16358
194790,37644
194790,42132
194790,44302
194790,63136
194883,16358
194883,39186
194883,42132
194883,44664
194883,50268
194883,50270
194883,57522
194883,61552
194883,61558
194883,61560
194883,63136
194883,63538
194883,63540
194904,39186
194904,42132
194904,44664
194904,50268
194904,50270
194904,57522
194904,61552
194904,61558
194904,61560
194904,63136
194904,63538
194904,63540
195063,1304
195063,1372
195063,10790
195063,10808
195063,11262
195063,16358
195063,37644
195063,42132
195063,44302
195063,63136
195249,1304
195249,1372
195249,10808
195249,11262
195249,16358
195249,30500
195249,34092
195249,37644
195249,42132
195249,44302
195249,63136
195372,60
195372,1206
195372,39186
195372,44660
195372,44664
195372,44914
195372,45912
195372,48298
195372,50268
195372,50718
195372,51316
195372,52620
195372,53386
195372,54096
195372,55638
195372,55798
195372,56484
195372,61540
195372,61672
195372,62376
195378,1304
195378,1372
195378,10808
195378,11262
195378,16358
195378,37644
195378,42132
195378,44302
195378,63136
195447,1304
195447,1372
195447,10808
195447,11262
195447,16358
195447,37644
195447,44302
195447,63136
195507,1304
195507,1372
195507,10652
195507,10808
195507,11262
195507,16358
195507,37644
195507,42132
195507,44302
195507,61348
195507,63136
195582,1304
195582,1372
195582,10808
195582,11262
195582,16358
195582,30500
195582,37644
195582,42132
195582,44302
195582,63136
195723,10652
195723,11262
195723,30500
195723,39186
195723,42132
195723,44664
195723,50268
195723,50270
195723,57522
195723,59822
195723,61552
195723,61558
195723,61560
195723,63136
195723,63538
195723,63540
195771,1304
195771,1372
195771,10808
195771,11262
195771,16358
195771,37644
195771,42132
195771,44302
195771,63136
195894,1304
195894,1372
195894,10808
195894,11262
195894,16358
195894,37644
195894,42132
195894,44302
195894,63136
196302,1304
196302,1372
196302,10652
196302,10808
196302,11262
196302,16358
196302,37644
196302,42132
196302,44302
196302,63136
196311,1304
196311,1372
196311,10808
196311,11262
196311,16358
196311,37644
196311,42132
196311,44302
196311,63136
196455,1304
196455,1372
196455,10808
196455,11262
196455,16358
196455,37644
196455,42132
196455,44302
196722,1304
196722,1372
196722,10808
196722,11262
196722,16358
196722,37644
196722,42132
196722,44302
196722,63136
196845,1370
196845,1372
196845,16358
196845,33886
196845,39186
196845,42132
196845,44664
196845,50268
196845,50270
196845,54864
196845,55632
196845,57522
196845,59396
196845,61552
196845,61558
196845,61560
196845,63136
196845,63538
196845,63540
197034,1304
197034,1372
197034,10808
197034,11262
197034,16358
197034,37644
197034,42132
197034,44302
197034,63136
197286,1372
197286,10652
197286,10808
197286,11490
197286,30500
197286,32496
197286,33886
197286,42132
197286,44302
197286,53046
197286,59396
197286,62944
197286,63136
197286,63510
197529,1304
197529,1372
197529,10790
197529,10808
197529,11262
197529,16358
197529,37644
197529,42132
197529,44302
197529,63136
197529,63220
197595,60
197595,10808
197595,16358
197595,42132
197595,53256
197595,54864
197595,55632
197595,55638
197595,56484
197595,56696
197595,57522
197595,57804
197595,58504
197595,59394
197595,59396
197595,59776
197595,60522
197595,61280
197595,61348
197595,63540
197673,1372
197673,10808
197673,11490
197673,32496
197673,42132
197673,44302
197673,53046
197673,63136
197676,1304
197676,1372
197676,10808
197676,11262
197676,16358
197676,37644
197676,42132
197676,44302
197676,63136
197799,1304
197799,1372
197799,10808
197799,11262
197799,16358
197799,37644
197799,42132
197799,44302
197799,63136
197802,60
197802,1206
197802,39186
197802,44660
197802,44664
197802,44914
197802,45912
197802,48298
197802,50268
197802,50718
197802,51316
197802,52620
197802,53386
197802,54096
197802,55638
197802,56484
197802,61540
197802,61672
197802,62376
197835,1304
197835,1372
197835,10808
197835,11262
197835,16358
197835,37644
197835,42132
197835,44302
197835,56714
197835,63136
198057,1304
198057,1372
198057,10808
198057,11262
198057,16358
198057,37644
198057,42132
198057,44302
198057,63136
198210,1372
198210,10652
198210,10808
198210,11262
198210,11490
198210,32496
198210,42132
198210,44302
198210,53046
198210,63136
198279,60
198279,124
198279,1206
198279,1304
198279,16358
198279,39186
198279,45912
198279,48298
198279,50268
198279,50724
198279,50968
198279,50970
198279,51316
198279,52620
198279,52918
198279,53386
198279,54096
198279,54864
198279,55632
198279,55638
198279,56484
198279,56714
198279,57804
198279,58504
198279,59394
198279,59822
198279,61280
198279,61348
198279,61540
198279,61560
198279,61672
198279,62276
198279,62376
198279,62616
198279,62618
198279,63136
198279,63218
198279,63538
198522,1372
198522,10808
198522,11262
198522,11490
198522,32496
198522,42132
198522,44302
198522,53046
198522,63136
198534,1372
198534,10808
198534,11490
198534,32496
198534,42132
198534,44302
198534,48574
198534,51316
198534,53046
198534,63136
198552,1304
198552,1372
198552,10808
198552,11262
198552,16358
198552,37644
198552,42132
198552,44302
198552,55638
198552,63136
198573,1372
198573,10808
198573,11490
198573,32496
198573,42132
198573,44302
198573,52918
198573,53046
198573,63136
198792,1304
198792,1372
198792,10808
198792,11262
198792,16358
198792,37644
198792,42132
198792,44302
198792,56714
198792,63136
198801,1304
198801,1372
198801,10808
198801,11262
198801,16358
198801,37644
198801,42132
198801,44302
198801,63136
198855,1304
198855,1372
198855,10808
198855,11262
198855,16358
198855,37644
198855,42132
198855,44302
198855,63136
198867,60
198867,10808
198867,16358
198867,42132
198867,53256
198867,54864
198867,55632
198867,55638
198867,56484
198867,56696
198867,56714
198867,57522
198867,57804
198867,58504
198867,59394
198867,59396
198867,59776
198867,60522
198867,61280
198867,61348
198867,63540
198873,1372
198873,10808
198873,11490
198873,32496
198873,42132
198873,44302
198873,53046
198873,55632
198873,56696
198873,63136
198882,1370
198882,1372
198882,10808
198882,11490
198882,32496
198882,42132
198882,44302
198882,53046
198882,63136
198882,63510
198945,1304
198945,1372
198945,10808
198945,11262
198945,16358
198945,37644
198945,42132
198945,44302
198945,50716
198945,63136
198945,63418
198981,1370
198981,1372
198981,10808
198981,11490
198981,32496
198981,42132
198981,44302
198981,53046
198981,62074
198981,63136
198981,63188
198981,63510
198990,1304
198990,10808
198990,11262
198990,16358
198990,37644
198990,42132
198990,44302
198990,63136
199044,60
199044,10808
199044,16358
199044,42132
199044,53256
199044,54864
199044,55632
199044,55638
199044,55798
199044,56484
199044,56696
199044,56714
199044,57522
199044,57804
199044,58504
199044,59394
199044,59396
199044,59776
199044,60522
199044,61280
199044,61348
199044,63540
199242,1372
199242,10808
199242,32496
199242,42132
199242,44302
199242,53046
199242,63136
199479,1304
199479,1372
199479,10808
199479,11262
199479,16358
199479,37644
199479,42132
199479,44302
199479,63136
199854,60
199854,124
199854,1206
199854,1304
199854,16358
199854,39186
199854,45912
199854,48298
199854,50268
199854,50724
199854,50968
199854,50970
199854,51316
199854,52620
199854,52918
199854,53386
199854,54096
199854,54864
199854,55632
199854,55638
199854,56484
199854,56714
199854,57804
199854,58504
199854,59394
199854,59822
199854,61280
199854,61348
199854,61540
199854,61560
199854,61672
199854,62276
199854,62376
199854,62616
199854,62618
199854,63136
199854,63218
199854,63538
199860,1304
199860,1372
199860,10808
199860,11262
199860,16358
199860,37644
199860,42132
199860,44302
199860,59396
199860,63136
199860,63220
199860,63510
200259,1372
200259,10808
200259,11490
200259,32496
200259,42132
200259,44302
200259,53046
200259,53406
200259,63136
200364,1304
200364,1372
200364,10808
200364,11262
200364,16358
200364,37644
200364,42132
200364,44302
200364,63136
200502,1372
200502,10808
200502,16358
200502,30500
200502,33886
200502,37644
200502,42132
200502,44302
200502,56714
200502,63136
200508,1304
200508,1372
200508,10808
200508,11262
200508,16358
200508,37644
200508,42132
200508,44302
200508,63136
200964,1370
200964,1372
200964,3382
200964,10652
200964,10790
200964,11262
200964,11490
200964,16358
200964,32496
200964,33534
200964,36762
200964,37644
200964,42132
200964,44302
200964,44644
200964,44660
200964,44662
200964,44664
200964,44914
200964,45912
200964,46632
200964,48298
200964,48574
200964,53048
200964,55798
200964,59394
200964,59396
200964,60522
200964,61280
200964,61672
200964,62274
200964,62376
200964,62616
200964,62618
200964,62860
200964,63220
200964,63360
200964,63538
200964,63540
201030,1304
201030,1372
201030,10808
201030,11262
201030,16358
201030,37644
201030,42132
201030,44302
201030,63136
201282,1372
201282,10808
201282,11490
201282,32496
201282,42132
201282,44302
201282,53046
201282,63136
201522,1372
201522,10808
201522,11490
201522,32496
201522,42132
201522,44302
201522,53046
201522,63136
201564,1304
201564,1372
201564,10808
201564,11262
201564,16358
201564,37644
201564,42132
201564,44302
201564,63136
201741,1304
201741,1372
201741,10808
201741,11262
201741,16358
201741,37644
201741,42132
201741,44302
201741,63136
201798,1304
201798,1372
201798,10808
201798,11262
201798,16358
201798,37644
201798,42132
201798,44302
201798,63136
201837,1304
201837,1372
201837,10808
201837,11262
201837,16358
201837,30500
201837,37644
201837,42132
201837,44302
201837,56714
201837,57414
201837,58504
201837,63136
201852,1304
201852,1372
201852,10808
201852,11262
201852,16358
201852,37644
201852,42132
201852,44302
201852,44664
201852,63136
202638,60
202638,10808
202638,16358
202638,42132
202638,53256
202638,54864
202638,55632
202638,55638
202638,56484
202638,56696
202638,56714
202638,57522
202638,57804
202638,58504
202638,59394
202638,59396
202638,59776
202638,60522
202638,61280
202638,61348
202638,63418
202638,63540
202818,1304
202818,10652
202818,11262
202818,16358
202818,44662
202818,44664
202818,44914
202818,50268
202818,51974
202818,61672
202818,62376
202818,63538
202959,1372
202959,10808
202959,11490
202959,32496
202959,42132
202959,44302
202959,53046
202959,63136
202959,63188
203052,1304
203052,1372
203052,10808
203052,11262
203052,16358
203052,33886
203052,37644
203052,42132
203052,44302
203052,62074
203052,63136
203055,1304
203055,1372
203055,10808
203055,11262
203055,16358
203055,37644
203055,42132
203055,44302
203055,63136
203058,1304
203058,1372
203058,10808
203058,11262
203058,16358
203058,36762
203058,37644
203058,42132
203058,44302
203058,63136
203064,11262
203064,37644
203064,39186
203064,42132
203064,44664
203064,44914
203064,50268
203064,50720
203064,63136
203064,63538
203064,63540
203073,1304
203073,1370
203073,1372
203073,10652
203073,10808
203073,11262
203073,16358
203073,37644
203073,42132
203073,44302
203073,57414
203073,63136
203082,1304
203082,1372
203082,10808
203082,11262
203082,16358
203082,37644
203082,42132
203082,44302
203082,63136
203088,1304
203088,1372
203088,10808
203088,11262
203088,16358
203088,37644
203088,42132
203088,44302
203088,53406
203088,63136
203094,1304
203094,1372
203094,10808
203094,11262
203094,16358
203094,37644
203094,42132
203094,44302
203094,59394
203094,63136
203100,1304
203100,1372
203100,10808
203100,11262
203100,16358
203100,37644
203100,42132
203100,44302
203100,63136
203106,60
203106,1304
203106,10808
203106,16358
203106,42132
203106,53256
203106,54864
203106,55632
203106,55638
203106,56484
203106,56696
203106,56714
203106,57522
203106,57804
203106,58504
203106,59394
203106,59396
203106,59776
203106,60522
203106,61280
203106,61348
203106,63540
203112,1304
203112,1372
203112,10808
203112,11262
203112,16358
203112,37644
203112,42132
203112,44302
203112,63136
203118,11262
203118,37644
203118,39186
203118,42132
203118,44664
203118,44914
203118,50268
203118,63136
203118,63538
203118,63540
203127,1304
203127,1372
203127,10808
203127,11262
203127,16358
203127,37644
203127,42132
203127,44302
203127,63136
203133,1304
203133,1372
203133,10808
203133,11262
203133,16358
203133,37644
203133,42132
203133,44302
203133,53256
203133,63136
203142,1304
203142,1372
203142,10808
203142,11262
203142,16358
203142,37644
203142,42132
203142,44302
203142,63136
203145,1304
203145,1370
203145,1372
203145,10808
203145,16358
203145,37644
203145,42132
203145,44302
203145,63136
203151,11262
203151,37644
203151,39186
203151,42132
203151,44664
203151,44914
203151,50268
203151,63136
203151,63538
203151,63540
203166,30500
203166,33886
203166,37644
203166,39186
203166,42132
203166,44664
203166,44914
203166,50268
203166,63136
203166,63538
203166,63540
203175,60
203175,42132
203175,44664
203175,44914
203175,50270
203175,53386
203175,54864
203175,55632
203175,55638
203175,56484
203175,56696
203175,56714
203175,57522
203175,59394
203175,60522
203175,60978
203175,61280
203175,61348
203175,63540
203178,1304
203178,39186
203178,42132
203178,44664
203178,50268
203178,50270
203178,57522
203178,61552
203178,61558
203178,61560
203178,63136
203178,63538
203178,63540
203181,11262
203181,37644
203181,39186
203181,42132
203181,44664
203181,44914
203181,50268
203181,63136
203181,63538
203181,63540
203184,11262
203184,37644
203184,39186
203184,42132
203184,44664
203184,44914
203184,50268
203184,63136
203184,63538
203184,63540
203199,11262
203199,37644
203199,39186
203199,42132
203199,44664
203199,44914
203199,50268
203199,63136
203199,63538
203199,63540
203214,1304
203214,1372
203214,10808
203214,11262
203214,16358
203214,37644
203214,42132
203214,44302
203214,63136
203232,1372
203232,10808
203232,11262
203232,16358
203232,37644
203232,42132
203232,44302
203232,57414
203232,63136
203241,1304
203241,1372
203241,10808
203241,11262
203241,16358
203241,37644
203241,42132
203241,44302
203241,56484
203241,63136
203247,1304
203247,1372
203247,10808
203247,11262
203247,16358
203247,37644
203247,42132
203247,44302
203247,50274
203247,63136
203256,1304
203256,1372
203256,10808
203256,11262
203256,16358
203256,37644
203256,42132
203256,44302
203256,63136
203259,1304
203259,1370
203259,1372
203259,10652
203259,10808
203259,16358
203259,33886
203259,37644
203259,42132
203259,44302
203259,63136
203268,1304
203268,1372
203268,10808
203268,11262
203268,16358
203268,37644
203268,42132
203268,44302
203268,63136
203271,1304
203271,1372
203271,10808
203271,16358
203271,35732
203271,37644
203271,42132
203271,44302
203271,50962
203271,63136
203274,1304
203274,1372
203274,10808
203274,11262
203274,16358
203274,37644
203274,42132
203274,44302
203274,63136
203277,1304
203277,1372
203277,10808
203277,11262
203277,16358
203277,37644
203277,42132
203277,44302
203277,63136
203280,1304
203280,1372
203280,10808
203280,11262
203280,16358
203280,37644
203280,42132
203280,44302
203280,63136
203295,1304
203295,10808
203295,11262
203295,16358
203295,33886
203295,37644
203295,42132
203295,44302
203295,53258
203295,54864
203295,56714
203295,63136
203301,1304
203301,1372
203301,10808
203301,11262
203301,16358
203301,37644
203301,42132
203301,44302
203301,63136
203310,1304
203310,1372
203310,10808
203310,16358
203310,37644
203310,42132
203310,44302
203310,63136
203310,63510
203316,1304
203316,1372
203316,10808
203316,11262
203316,16358
203316,33886
203316,37644
203316,42132
203316,44302
203316,63136
203322,1304
203322,1372
203322,10808
203322,11262
203322,16358
203322,37644
203322,42132
203322,44302
203322,63136
203328,1304
203328,1372
203328,10808
203328,11262
203328,16358
203328,37644
203328,42132
203328,44302
203328,63136
203388,1304
203388,1372
203388,10808
203388,11262
203388,16358
203388,37644
203388,42132
203388,44302
203388,63136
203439,1304
203439,1372
203439,10808
203439,11262
203439,16358
203439,37644
203439,42132
203439,44302
203439,63136
203445,1304
203445,1372
203445,10808
203445,11262
203445,16358
203445,37644
203445,42132
203445,44302
203445,63136
203451,1304
203451,1372
203451,10808
203451,11262
203451,16358
203451,37644
203451,42132
203451,44302
203451,63136
203454,1304
203454,1372
203454,10808
203454,11262
203454,16358
203454,37644
203454,42132
203454,44302
203454,54864
203454,63136
203460,60
203460,10808
203460,16358
203460,42132
203460,53256
203460,54864
203460,55632
203460,55638
203460,56484
203460,56696
203460,56714
203460,57522
203460,57804
203460,58504
203460,59394
203460,59396
203460,59776
203460,60522
203460,61280
203460,61348
203460,63540
203466,11262
203466,37644
203466,42132
203466,44664
203466,44914
203466,50268
203466,63136
203466,63538
203466,63540
203502,1304
203502,1372
203502,10808
203502,11262
203502,16358
203502,37644
203502,42132
203502,44302
203502,63136
203511,11262
203511,37644
203511,39186
203511,42132
203511,44664
203511,44914
203511,50268
203511,63136
203511,63538
203511,63540
203517,1304
203517,1372
203517,10652
203517,10808
203517,11262
203517,16358
203517,30500
203517,37644
203517,42132
203517,44302
203517,63136
203532,1304
203532,1372
203532,10808
203532,16358
203532,33886
203532,37644
203532,42132
203532,44302
203532,63136
203574,1304
203574,1372
203574,10808
203574,16358
203574,37644
203574,42132
203574,44302
203574,57414
203574,62276
203574,63136
203646,1304
203646,1372
203646,10808
203646,11262
203646,16358
203646,37644
203646,42132
203646,44302
203646,63136
203661,11262
203661,37644
203661,39186
203661,42132
203661,44664
203661,44914
203661,50268
203661,63136
203661,63538
203661,63540
203670,1304
203670,1372
203670,10808
203670,11262
203670,16358
203670,37644
203670,42132
203670,44302
203670,63136
203673,60
203673,124
203673,11262
203673,30500
203673,39186
203673,42132
203673,44664
203673,44914
203673,50270
203673,53386
203673,54864
203673,55632
203673,55638
203673,56484
203673,56696
203673,56714
203673,57522
203673,59394
203673,60522
203673,61280
203673,61348
203673,63540
203700,39186
203700,42132
203700,44664
203700,50268
203700,50270
203700,57522
203700,61552
203700,61558
203700,61560
203700,63136
203700,63538
203700,63540
203706,1304
203706,1372
203706,10808
203706,11262
203706,16358
203706,37644
203706,42132
203706,44302
203706,54096
203706,63136
203709,1304
203709,1372
203709,10808
203709,11262
203709,16358
203709,37644
203709,42132
203709,44302
203709,63136
203724,1372
203724,10808
203724,11490
203724,32496
203724,42132
203724,44302
203724,53046
203724,61028
203724,63136
203727,1304
203727,1372
203727,10808
203727,11262
203727,16358
203727,37644
203727,42132
203727,44302
203727,63136
203733,11262
203733,37644
203733,39186
203733,42132
203733,44664
203733,44914
203733,50268
203733,63136
203733,63538
203733,63540
203736,1304
203736,1372
203736,10808
203736,11262
203736,16358
203736,37644
203736,42132
203736,44302
203736,63136
203775,1304
203775,1372
203775,10808
203775,11262
203775,16358
203775,33886
203775,37644
203775,42132
203775,44302
203775,63136
203784,11262
203784,37644
203784,39186
203784,42132
203784,44664
203784,44914
203784,50268
203784,63136
203784,63538
203784,63540
203790,1372
203790,10808
203790,11490
203790,32496
203790,42132
203790,44302
203790,53046
203790,63136
203796,1372
203796,10808
203796,11490
203796,32496
203796,42132
203796,44302
203796,53046
203796,63136
203811,11262
203811,37644
203811,39186
203811,42132
203811,44664
203811,44914
203811,50268
203811,53046
203811,63136
203811,63538
203811,63540
203820,1304
203820,1372
203820,11262
203820,37644
203820,39186
203820,42132
203820,44664
203820,44914
203820,50268
203820,63136
203820,63538
203820,63540
203829,11262
203829,37644
203829,39186
203829,42132
203829,44664
203829,44914
203829,50268
203829,63136
203829,63538
203829,63540
203868,11262
203868,37644
203868,39186
203868,42132
203868,44664
203868,44914
203868,50268
203868,63136
203868,63538
203868,63540
203871,11262
203871,37644
203871,39186
203871,42132
203871,44644
203871,44664
203871,44914
203871,50268
203871,50962
203871,56714
203871,63136
203871,63538
203871,63540
203889,1304
203889,1372
203889,10808
203889,11262
203889,16358
203889,37644
203889,42132
203889,44302
203889,63136
204054,1304
204054,1372
204054,10808
204054,11262
204054,16358
204054,37644
204054,42132
204054,44302
204054,52620
204054,63136
204057,1304
204057,1372
204057,10808
204057,11262
204057,16358
204057,37644
204057,42132
204057,44302
204057,53258
204057,63136
204093,1304
204093,1372
204093,10808
204093,11262
204093,16358
204093,37644
204093,42132
204093,44302
204093,63136
204141,1304
204141,1372
204141,10808
204141,11262
204141,16358
204141,37644
204141,42132
204141,44302
204141,63136
204144,1304
204144,1372
204144,10808
204144,11262
204144,16358
204144,37644
204144,42132
204144,44302
204189,60
204189,124
204189,1206
204189,1372
204189,10652
204189,44914
204189,48298
204189,51974
204189,56714
204189,57804
204189,58504
204189,59822
204189,61348
204189,61540
204189,62276
204189,62376
204189,63220
204189,63418
204222,1304
204222,1372
204222,10808
204222,11262
204222,16358
204222,37644
204222,42132
204222,44302
204222,63136
204228,1304
204228,1372
204228,10808
204228,11262
204228,16358
204228,37644
204228,42132
204228,44302
204228,44644
204228,63136
204243,60
204243,1304
204243,1372
204243,10808
204243,11262
204243,16358
204243,37644
204243,42132
204243,44302
204243,63136
204276,1304
204276,1372
204276,10808
204276,11262
204276,16358
204276,37644
204276,42132
204276,44302
204276,63136
204375,1304
204375,1372
204375,10808
204375,11262
204375,16358
204375,37644
204375,42132
204375,44302
204375,44662
204375,54096
204375,57414
204375,63136
204411,1304
204411,1372
204411,10652
204411,10808
204411,11262
204411,16358
204411,37644
204411,42132
204411,44302
204411,63136
204480,1304
204480,1372
204480,10808
204480,11262
204480,16358
204480,37644
204480,42132
204480,44302
204480,63136
204483,1304
204483,1372
204483,10808
204483,11262
204483,16358
204483,37644
204483,42132
204483,44302
204483,44644
204483,63136
204519,11262
204519,37644
204519,39186
204519,42132
204519,44664
204519,44914
204519,50268
204519,63136
204519,63538
204522,11262
204522,37644
204522,39186
204522,42132
204522,44664
204522,44914
204522,50268
204522,63136
204522,63538
204522,63540
204654,11262
204654,37644
204654,39186
204654,42132
204654,44664
204654,44914
204654,50268
204654,63136
204654,63538
204654,63540
204657,1304
204657,10808
204657,11262
204657,16358
204657,30500
204657,37644
204657,42132
204657,44302
204657,56714
204657,63136
204717,1304
204717,1372
204717,10808
204717,11262
204717,16358
204717,37644
204717,42132
204717,44302
204717,46632
204717,63136
204759,11262
204759,37644
204759,39186
204759,42132
204759,44664
204759,44914
204759,50268
204759,63136
204759,63538
204759,63540
204762,1304
204762,1372
204762,10808
204762,11262
204762,16358
204762,37644
204762,42132
204762,44302
204762,63136
204768,1304
204768,1372
204768,10808
204768,11262
204768,16358
204768,37644
204768,42132
204768,44302
204768,63136
204771,11262
204771,33534
204771,37644
204771,39186
204771,42132
204771,44664
204771,44914
204771,50268
204771,63136
204771,63538
204771,63540
204774,11262
204774,37644
204774,39186
204774,42132
204774,44664
204774,44914
204774,50268
204774,63136
204774,63538
204774,63540
204780,11262
204780,37644
204780,39186
204780,42132
204780,44664
204780,44914
204780,50268
204780,63136
204780,63538
204780,63540
204795,1372
204795,10808
204795,11262
204795,11490
204795,32496
204795,42132
204795,44302
204795,53046
204795,63136
204924,1304
204924,1370
204924,1372
204924,10652
204924,10808
204924,16358
204924,36720
204924,44662
204924,44914
204924,51974
204924,54864
204924,55638
204924,59822
204924,61672
204924,62376
204924,63188
204924,63538
205107,1304
205107,1372
205107,10808
205107,11262
205107,16358
205107,37644
205107,42132
205107,44302
205107,63136
205122,1304
205122,1372
205122,10808
205122,11262
205122,16358
205122,37644
205122,42132
205122,44302
205122,63136
205188,1304
205188,1372
205188,10808
205188,11262
205188,16358
205188,30500
205188,37644
205188,42132
205188,44302
205188,63136
205191,1372
205191,10808
205191,11490
205191,32496
205191,42132
205191,44302
205191,53046
205191,63136
205332,60
205332,1206
205332,39186
205332,44660
205332,44664
205332,44914
205332,45912
205332,48298
205332,50268
205332,50718
205332,51316
205332,52620
205332,53386
205332,54096
205332,55638
205332,56484
205332,61540
205332,61672
205332,62376
205353,1304
205353,1372
205353,10808
205353,11262
205353,16358
205353,37644
205353,42132
205353,44302
205353,63136
205659,11262
205659,37644
205659,39186
205659,42132
205659,44664
205659,44914
205659,50268
205659,63136
205659,63538
205659,63540
205662,1304
205662,1372
205662,10808
205662,11262
205662,16358
205662,37644
205662,42132
205662,44302
205662,63136
205665,1304
205665,1372
205665,10808
205665,11262
205665,16358
205665,37644
205665,42132
205665,44302
205665,52620
205665,63136
205722,1304
205722,1372
205722,10808
205722,11262
205722,16358
205722,37644
205722,42132
205722,44302
205722,63136
205728,1304
205728,1372
205728,10808
205728,11262
205728,16358
205728,37644
205728,42132
205728,44302
205728,63136
205731,1304
205731,1372
205731,10808
205731,11262
205731,16358
205731,37644
205731,42132
205731,44302
205731,51316
205731,63136
205740,1304
205740,1372
205740,10808
205740,11262
205740,16358
205740,37644
205740,42132
205740,44302
205740,61348
205740,63136
205812,1304
205812,1372
205812,10808
205812,11262
205812,16358
205812,37644
205812,42132
205812,44302
205812,51974
205812,63136
205815,1304
205815,1372
205815,10808
205815,11262
205815,16358
205815,37644
205815,42132
205815,44302
205815,63136
205821,1372
205821,10808
205821,11490
205821,32496
205821,42132
205821,44302
205821,53046
205821,63136
205905,1304
205905,11262
205905,37644
205905,39186
205905,42132
205905,44664
205905,44914
205905,50268
205905,50718
205905,63136
205905,63538
205905,63540
205947,1304
205947,1372
205947,10808
205947,11262
205947,16358
205947,37644
205947,42132
205947,44302
205947,63136
205959,1304
205959,1372
205959,10808
205959,11262
205959,16358
205959,37644
205959,42132
205959,44302
205959,63136
205995,60
205995,1304
205995,30500
205995,42132
205995,44664
205995,44914
205995,50270
205995,53386
205995,54864
205995,55632
205995,55638
205995,56484
205995,56696
205995,56714
205995,57522
205995,59394
205995,60522
205995,61280
205995,61348
205995,63510
205995,63540
206076,1304
206076,1372
206076,10808
206076,11262
206076,16358
206076,37644
206076,42132
206076,44302
206076,57414
206076,63136
206076,63510
206304,1304
206304,1372
206304,10808
206304,11262
206304,37644
206304,42132
206304,44302
206304,57414
206304,63136
206343,39186
206343,42132
206343,44664
206343,50268
206343,50270
206343,57522
206343,61552
206343,61558
206343,61560
206343,63136
206343,63538
206343,63540
206346,1370
206346,1372
206346,10808
206346,11490
206346,32496
206346,39186
206346,42132
206346,44302
206346,53046
206346,56714
206346,61348
206346,63136
206349,1304
206349,37644
206349,39186
206349,42132
206349,44664
206349,44914
206349,50268
206349,56714
206349,63136
206349,63538
206349,63540
206355,1304
206355,1372
206355,10808
206355,11262
206355,16358
206355,37644
206355,42132
206355,44302
206355,63136
206358,1304
206358,1370
206358,1372
206358,10808
206358,16358
206358,37644
206358,42132
206358,44302
206358,56714
206358,63136
206358,63418
206358,63510
206361,1372
206361,10808
206361,11490
206361,32496
206361,42132
206361,44302
206361,53046
206361,63136
206364,1304
206364,1370
206364,1372
206364,10652
206364,10808
206364,16358
206364,33886
206364,36720
206364,44662
206364,44914
206364,51974
206364,54864
206364,55632
206364,55638
206364,59822
206364,61672
206364,62376
206364,63188
206364,63538
206367,1304
206367,1372
206367,10808
206367,11262
206367,16358
206367,37644
206367,42132
206367,44302
206367,56714
206367,63136
206376,1372
206376,10808
206376,11262
206376,11490
206376,32496
206376,42132
206376,44302
206376,53046
206376,59396
206376,63136
206406,1304
206406,1372
206406,10808
206406,16358
206406,37644
206406,42132
206406,44302
206406,61540
206406,63136
206412,1304
206412,1370
206412,1372
206412,10808
206412,16358
206412,37644
206412,42132
206412,44302
206412,63136
206415,1304
206415,1372
206415,10808
206415,11262
206415,16358
206415,37644
206415,42132
206415,44302
206415,61560
206415,63136
206418,60
206418,1206
206418,39186
206418,44660
206418,44664
206418,44914
206418,45912
206418,48298
206418,50268
206418,50718
206418,51316
206418,52620
206418,53386
206418,54096
206418,55638
206418,56484
206418,61540
206418,61672
206418,62376
206421,1304
206421,1372
206421,10808
206421,11262
206421,16358
206421,37644
206421,42132
206421,44302
206421,63136
206427,60
206427,1304
206427,30500
206427,33886
206427,35846
206427,42132
206427,44664
206427,44914
206427,50270
206427,53386
206427,54864
206427,55632
206427,55638
206427,56484
206427,56696
206427,57522
206427,59394
206427,60522
206427,61280
206427,61348
206427,63540
206433,30500
206433,37644
206433,39186
206433,42132
206433,44664
206433,44914
206433,50268
206433,63136
206433,63538
206433,63540
206439,60
206439,11262
206439,30500
206439,33886
206439,42132
206439,44664
206439,44914
206439,50270
206439,53386
206439,54864
206439,55632
206439,55638
206439,56484
206439,56696
206439,56714
206439,57522
206439,59394
206439,60522
206439,61280
206439,61348
206439,63540
206442,11262
206442,37644
206442,39186
206442,42132
206442,44664
206442,44914
206442,50268
206442,63136
206442,63538
206442,63540
206448,11262
206448,33886
206448,37644
206448,39186
206448,42132
206448,44664
206448,44914
206448,50268
206448,63136
206448,63538
206448,63540
206451,11262
206451,37644
206451,39186
206451,42132
206451,44664
206451,44914
206451,50268
206451,63136
206451,63538
206457,11262
206457,37644
206457,39186
206457,42132
206457,44664
206457,44914
206457,50268
206457,63136
206457,63538
206457,63540
206460,11262
206460,37644
206460,39186
206460,42132
206460,44664
206460,44914
206460,50268
206460,63136
206460,63538
206460,63540
206475,1304
206475,1370
206475,1372
206475,10652
206475,10808
206475,16358
206475,36720
206475,44662
206475,44914
206475,51974
206475,54864
206475,55638
206475,59822
206475,61672
206475,62376
206475,63188
206475,63538
206478,1304
206478,1372
206478,10808
206478,11262
206478,16358
206478,37644
206478,42132
206478,44302
206478,50720
206478,63136
206481,1372
206481,10808
206481,11262
206481,11490
206481,32496
206481,33886
206481,42132
206481,44302
206481,53046
206481,63136
206484,1304
206484,1372
206484,10808
206484,11262
206484,16358
206484,37644
206484,42132
206484,44302
206484,63136
206496,1304
206496,1372
206496,10808
206496,11262
206496,16358
206496,37644
206496,42132
206496,44302
206496,60978
206496,63136
206514,1304
206514,1372
206514,10808
206514,11262
206514,16358
206514,37644
206514,42132
206514,44302
206514,63136
206607,1304
206607,1372
206607,10808
206607,11262
206607,16358
206607,37644
206607,42132
206607,44302
206607,63136
206613,1372
206613,10808
206613,11490
206613,32496
206613,42132
206613,44302
206613,53046
206613,53386
206613,63136
206616,1304
206616,1372
206616,10808
206616,11262
206616,16358
206616,42132
206616,44302
206616,53406
206616,63136
206625,1304
206625,1372
206625,10808
206625,11262
206625,16358
206625,37644
206625,42132
206625,44302
206625,56714
206625,63136
206634,1304
206634,1372
206634,10808
206634,11262
206634,16358
206634,37644
206634,42132
206634,44302
206634,63136
206637,1304
206637,1372
206637,10808
206637,11262
206637,16358
206637,30500
206637,37644
206637,42132
206637,44302
206637,63136
206646,1304
206646,1372
206646,10808
206646,11262
206646,16358
206646,37644
206646,42132
206646,44302
206646,50718
206646,63136
206664,1304
206664,1372
206664,10808
206664,11262
206664,16358
206664,37644
206664,42132
206664,44302
206664,63136
206667,1304
206667,1372
206667,10808
206667,11262
206667,16358
206667,37644
206667,42132
206667,44302
206667,63136
206667,63510
206670,1372
206670,10808
206670,11262
206670,16358
206670,35846
206670,37644
206670,42132
206670,44302
206670,63136
206673,1304
206673,1372
206673,10808
206673,11262
206673,16358
206673,37644
206673,42132
206673,44302
206673,63136
206697,1304
206697,1370
206697,1372
206697,10652
206697,10808
206697,16358
206697,36720
206697,44662
206697,44914
206697,51974
206697,54864
206697,55638
206697,59396
206697,59822
206697,61672
206697,62376
206697,63188
206697,63538
206745,1304
206745,1372
206745,10808
206745,11262
206745,16358
206745,37644
206745,42132
206745,44302
206745,63136
206748,1372
206748,10652
206748,10808
206748,11490
206748,33886
206748,42132
206748,44302
206748,50720
206748,53046
206748,56714
206748,59394
206748,59396
206748,62944
206748,63136
206748,63510
206760,1372
206760,10808
206760,11490
206760,32496
206760,42132
206760,44302
206760,53046
206760,63136
206763,1304
206763,1372
206763,10808
206763,11262
206763,16358
206763,37644
206763,42132
206763,44302
206763,63136
206772,1304
206772,1372
206772,10808
206772,11262
206772,16358
206772,37644
206772,42132
206772,44302
206772,63136
206784,1304
206784,1372
206784,10808
206784,11262
206784,16358
206784,37644
206784,42132
206784,44302
206784,52918
206784,63136
206787,1304
206787,1372
206787,10808
206787,11262
206787,16358
206787,37644
206787,42132
206787,44302
206787,63136
206799,1304
206799,1372
206799,10808
206799,11262
206799,16358
206799,37644
206799,42132
206799,44302
206799,63136
206811,1304
206811,1372
206811,10808
206811,11262
206811,16358
206811,37644
206811,42132
206811,44302
206811,63136
206823,1304
206823,10808
206823,16358
206823,30500
206823,37644
206823,42132
206823,44302
206823,63136
206838,1304
206838,1372
206838,10808
206838,11262
206838,16358
206838,37644
206838,44302
206838,63136
206847,1304
206847,1372
206847,10808
206847,11262
206847,16358
206847,37644
206847,42132
206847,44302
206847,63136
206850,1304
206850,1372
206850,10808
206850,11262
206850,16358
206850,37644
206850,42132
206850,44302
206850,63136
206856,1304
206856,1372
206856,10808
206856,11262
206856,16358
206856,37644
206856,42132
206856,44302
206856,63136
206868,60
206868,1304
206868,1372
206868,10808
206868,16358
206868,30500
206868,42132
206868,54864
206868,55632
206868,55638
206868,56484
206868,56696
206868,56714
206868,57414
206868,57522
206868,57804
206868,58504
206868,59394
206868,59396
206868,59776
206868,60522
206868,61280
206868,61348
206868,62074
206868,63540
206928,1304
206928,1372
206928,10808
206928,11262
206928,16358
206928,37644
206928,42132
206928,44302
206928,63136
206937,1304
206937,1370
206937,1372
206937,10652
206937,10808
206937,16358
206937,36720
206937,44662
206937,44914
206937,48694
206937,51974
206937,54864
206937,55638
206937,59822
206937,61540
206937,61672
206937,62376
206937,63188
206937,63538
206940,1372
206940,10652
206940,10808
206940,11490
206940,32496
206940,42132
206940,44302
206940,53046
206940,60522
206940,61560
206940,63136
206943,60
206943,1206
206943,39186
206943,44660
206943,44664
206943,44914
206943,45912
206943,48298
206943,50268
206943,50718
206943,51316
206943,52620
206943,53386
206943,54096
206943,55638
206943,56484
206943,61540
206943,61672
206943,62376
206952,60
206952,124
206952,1206
206952,1304
206952,1372
206952,10652
206952,11262
206952,35732
206952,44914
206952,48298
206952,51974
206952,56714
206952,58504
206952,59394
206952,59396
206952,59822
206952,61348
206952,61540
206952,62376
206952,63220
206952,63418
206955,1304
206955,1372
206955,10808
206955,11262
206955,16358
206955,30500
206955,37644
206955,42132
206955,44302
206955,63136
206958,1304
206958,1372
206958,10808
206958,11262
206958,16358
206958,37644
206958,42132
206958,44302
206958,63136
206964,1304
206964,1372
206964,10808
206964,11262
206964,16358
206964,37644
206964,42132
206964,44302
206964,53160
206964,53406
206964,63136
206979,60
206979,1304
206979,10808
206979,11262
206979,16358
206979,42132
206979,53256
206979,54864
206979,55632
206979,55638
206979,56484
206979,56696
206979,56714
206979,57522
206979,57804
206979,58504
206979,59394
206979,59396
206979,59776
206979,60522
206979,61280
206979,61348
206979,63540
206988,1304
206988,10808
206988,11262
206988,16358
206988,37644
206988,42132
206988,44302
206988,63136
206991,1304
206991,1372
206991,10808
206991,11262
206991,16358
206991,37644
206991,42132
206991,44302
206991,63136
207078,1304
207078,1372
207078,10808
207078,11262
207078,16358
207078,37644
207078,42132
207078,44302
207078,63136
207084,1304
207084,1372
207084,10808
207084,11262
207084,16358
207084,37644
207084,42132
207084,44302
207084,63136
207087,60
207087,1304
207087,1370
207087,1372
207087,10652
207087,10808
207087,16358
207087,36720
207087,44662
207087,44914
207087,51974
207087,54864
207087,55638
207087,56714
207087,59822
207087,61672
207087,62376
207087,63188
207087,63538
207096,1304
207096,1372
207096,10808
207096,11262
207096,16358
207096,37644
207096,42132
207096,44302
207096,56714
207096,63136
207099,1304
207099,1372
207099,10808
207099,11262
207099,16358
207099,37644
207099,42132
207099,44302
207099,63136
207102,1304
207102,1372
207102,10808
207102,11262
207102,16358
207102,37644
207102,42132
207102,44302
207102,44914
207102,63136
207105,1304
207105,1370
207105,1372
207105,10652
207105,10808
207105,16358
207105,36720
207105,44662
207105,44914
207105,51974
207105,54864
207105,55638
207105,59822
207105,61672
207105,62376
207105,63188
207105,63538
207114,1304
207114,1372
207114,10808
207114,11262
207114,16358
207114,37644
207114,42132
207114,44302
207114,63136
207123,11262
207123,37644
207123,39186
207123,42132
207123,44664
207123,44914
207123,50268
207123,63136
207123,63538
207123,63540
207129,1304
207129,1372
207129,10808
207129,11262
207129,16358
207129,37644
207129,42132
207129,44302
207129,50968
207129,63136
207144,1304
207144,1372
207144,10808
207144,11262
207144,16358
207144,37644
207144,42132
207144,44302
207144,63136
207147,1372
207147,10808
207147,11262
207147,16358
207147,37644
207147,42132
207147,44302
207147,56714
207147,63136
207150,1304
207150,1372
207150,10808
207150,11262
207150,16358
207150,37644
207150,42132
207150,44302
207150,63136
207156,1304
207156,1372
207156,10808
207156,11262
207156,16358
207156,37644
207156,42132
207156,44302
207156,63136
207216,1304
207216,1372
207216,10808
207216,11262
207216,16358
207216,37644
207216,42132
207216,44302
207216,63136
207219,1304
207219,1372
207219,10808
207219,11262
207219,16358
207219,37644
207219,42132
207219,44302
207219,63136
207222,1372
207222,10808
207222,11490
207222,32496
207222,42132
207222,44302
207222,53046
207222,56714
207222,57414
207222,59396
207222,63136
207222,63510
207240,1304
207240,1372
207240,10808
207240,11262
207240,16358
207240,37644
207240,42132
207240,44302
207240,63136
207243,1304
207243,1372
207243,10808
207243,11262
207243,16358
207243,37644
207243,42132
207243,44302
207243,63136
207264,1304
207264,1370
207264,1372
207264,10652
207264,10808
207264,16358
207264,36720
207264,44662
207264,44914
207264,50962
207264,51974
207264,52620
207264,54864
207264,55638
207264,59822
207264,61560
207264,61672
207264,62376
207264,63188
207264,63538
207267,1304
207267,1372
207267,10808
207267,11262
207267,16358
207267,37644
207267,42132
207267,44302
207267,63136
207330,1304
207330,1372
207330,10808
207330,11262
207330,16358
207330,37644
207330,42132
207330,44302
207330,57522
207330,63136
207339,10808
207339,11490
207339,30500
207339,32496
207339,42132
207339,44302
207339,56714
207339,63136
207345,11262
207345,37644
207345,39186
207345,42132
207345,44664
207345,44914
207345,50268
207345,63136
207345,63538
207345,63540
207366,1304
207366,1372
207366,10808
207366,11262
207366,16358
207366,37644
207366,42132
207366,44302
207366,45912
207366,63136
207387,1304
207387,1372
207387,10808
207387,11262
207387,16358
207387,37644
207387,42132
207387,44302
207387,63136
207390,1304
207390,1372
207390,10808
207390,11262
207390,16358
207390,37644
207390,42132
207390,44302
207390,63136
207396,11262
207396,37644
207396,39186
207396,42132
207396,44664
207396,44914
207396,50268
207396,63136
207396,63538
207396,63540
207399,60
207399,42132
207399,44664
207399,44914
207399,50270
207399,53386
207399,54864
207399,55632
207399,55638
207399,56484
207399,56696
207399,56714
207399,57522
207399,59394
207399,60522
207399,61280
207399,61348
207399,63540
207465,1304
207465,1372
207465,10808
207465,11262
207465,16358
207465,37644
207465,42132
207465,44302
207465,63136
207498,1304
207498,1372
207498,10808
207498,11262
207498,16358
207498,37644
207498,42132
207498,44302
207498,63136
207582,1304
207582,1372
207582,10808
207582,11262
207582,16358
207582,37644
207582,42132
207582,44302
207582,63136
207588,11262
207588,37644
207588,39186
207588,42132
207588,44664
207588,44914
207588,50268
207588,63136
207588,63538
207588,63540
207597,11262
207597,37644
207597,39186
207597,42132
207597,44664
207597,44914
207597,50268
207597,63136
207597,63538
207597,63540
207600,37644
207600,39186
207600,42132
207600,44664
207600,44914
207600,50268
207600,63136
207600,63538
207600,63540
207618,10652
207618,37644
207618,42132
207618,44664
207618,44914
207618,48980
207618,50268
207618,63136
207618,63538
207618,63540
207822,1304
207822,1372
207822,10808
207822,11262
207822,16358
207822,37644
207822,42132
207822,44302
207822,63136
207822,63510
207828,1304
207828,1372
207828,10808
207828,16358
207828,37644
207828,42132
207828,44302
207828,63136
207927,1304
207927,1372
207927,10808
207927,11262
207927,16358
207927,37644
207927,42132
207927,44302
207927,63136
207993,1304
207993,1372
207993,10808
207993,11262
207993,16358
207993,37644
207993,42132
207993,44302
207993,63136
207996,1304
207996,1372
207996,10808
207996,11262
207996,16358
207996,37644
207996,42132
207996,44302
207996,63136
207999,11262
207999,37644
207999,39186
207999,42132
207999,44664
207999,44914
207999,50268
207999,63136
207999,63538
207999,63540
208053,1304
208053,1372
208053,10808
208053,11262
208053,16358
208053,37644
208053,42132
208053,44302
208053,63136
208068,1304
208068,1372
208068,10808
208068,11262
208068,16358
208068,37644
208068,42132
208068,44302
208068,50962
208068,63136
208080,1304
208080,1372
208080,10808
208080,11262
208080,16358
208080,37644
208080,42132
208080,44302
208080,53394
208080,63136
208092,1304
208092,10652
208092,11262
208092,16358
208092,44662
208092,44664
208092,44914
208092,50268
208092,51974
208092,61672
208092,62376
208092,63186
208092,63538
208116,1304
208116,1372
208116,10808
208116,11262
208116,16358
208116,37644
208116,42132
208116,44302
208116,63136
208206,1304
208206,1372
208206,10808
208206,11262
208206,16358
208206,37644
208206,42132
208206,44302
208206,48574
208206,63136
208209,1304
208209,1372
208209,10808
208209,11262
208209,16358
208209,37644
208209,42132
208209,44302
208209,63136
208341,10808
208341,11490
208341,32496
208341,42132
208341,44302
208341,53046
208341,63136
208347,60
208347,10808
208347,16358
208347,42132
208347,53256
208347,54864
208347,55632
208347,55638
208347,56484
208347,56696
208347,56714
208347,57522
208347,57804
208347,58504
208347,59394
208347,59396
208347,59776
208347,60522
208347,61280
208347,61348
208347,61558
208347,63540
208350,1304
208350,1372
208350,10808
208350,11262
208350,16358
208350,37644
208350,42132
208350,44302
208350,63136
208449,11262
208449,37644
208449,39186
208449,42132
208449,44664
208449,44914
208449,50268
208449,63136
208449,63538
208449,63540
208473,11262
208473,37644
208473,39186
208473,42132
208473,44664
208473,44914
208473,50268
208473,63136
208473,63538
208473,63540
208476,1304
208476,1372
208476,10808
208476,11262
208476,16358
208476,37644
208476,42132
208476,44302
208476,63136
208479,1304
208479,1372
208479,10808
208479,11262
208479,16358
208479,37644
208479,42132
208479,44302
208479,63136
208482,1304
208482,1372
208482,10808
208482,11262
208482,16358
208482,37644
208482,42132
208482,44302
208482,63136
208485,1304
208485,1372
208485,10808
208485,11262
208485,16358
208485,37644
208485,42132
208485,44302
208485,63136
208488,60
208488,10808
208488,16358
208488,42132
208488,53256
208488,54864
208488,55632
208488,55638
208488,56484
208488,56696
208488,56714
208488,57522
208488,57804
208488,58504
208488,59394
208488,59396
208488,59776
208488,60522
208488,61280
208488,61348
208488,63540
208491,1304
208491,1372
208491,10808
208491,11262
208491,16358
208491,37644
208491,42132
208491,44302
208491,63136
208500,1304
208500,1372
208500,10808
208500,11262
208500,16358
208500,37644
208500,42132
208500,44302
208500,63136
208503,1304
208503,1372
208503,10808
208503,11262
208503,16358
208503,37644
208503,42132
208503,44302
208503,63136
208506,1304
208506,1372
208506,10808
208506,11262
208506,16358
208506,37644
208506,42132
208506,44302
208506,63136
208509,11262
208509,37644
208509,39186
208509,42132
208509,44664
208509,44914
208509,50268
208509,63136
208509,63538
208509,63540
208515,1372
208515,10808
208515,11490
208515,32496
208515,42132
208515,44302
208515,53046
208515,61540
208515,63136
208518,60
208518,1206
208518,39186
208518,44660
208518,44664
208518,44914
208518,45912
208518,48298
208518,50268
208518,50718
208518,51316
208518,52620
208518,53386
208518,54096
208518,55638
208518,56484
208518,61540
208518,61672
208518,62376
208521,1304
208521,1372
208521,10808
208521,11262
208521,16358
208521,37644
208521,42132
208521,44302
208521,52918
208521,63136
208524,1304
208524,1372
208524,10808
208524,11262
208524,16358
208524,37644
208524,42132
208524,44302
208524,59396
208524,63136
208524,63510
208533,1304
208533,1372
208533,10808
208533,16358
208533,37644
208533,42132
208533,44302
208533,56714
208533,57414
208533,63136
208536,1304
208536,1372
208536,10808
208536,11262
208536,16358
208536,37644
208536,42132
208536,44302
208536,63136
208539,1304
208539,1372
208539,10808
208539,11262
208539,16358
208539,37644
208539,42132
208539,44302
208539,63136
208545,1304
208545,1372
208545,10808
208545,11262
208545,16358
208545,37644
208545,42132
208545,44302
208545,63136
208554,1304
208554,1372
208554,10808
208554,11262
208554,16358
208554,37644
208554,42132
208554,44302
208554,63136
208560,1304
208560,1372
208560,10808
208560,11262
208560,16358
208560,37644
208560,42132
208560,44302
208560,63136
208566,1304
208566,1372
208566,10808
208566,11262
208566,16358
208566,37644
208566,42132
208566,44302
208566,63136
208572,1304
208572,1372
208572,10808
208572,11262
208572,16358
208572,37644
208572,42132
208572,44302
208572,63136
208575,1372
208575,10808
208575,11490
208575,32496
208575,33886
208575,42132
208575,44302
208575,53046
208575,63136
208584,1372
208584,10808
208584,16358
208584,37644
208584,42132
208584,44302
208584,63136
208590,1304
208590,1372
208590,10808
208590,11262
208590,16358
208590,37644
208590,42132
208590,44302
208590,63136
208599,60
208599,1304
208599,1372
208599,10808
208599,11262
208599,16358
208599,36720
208599,42132
208599,53256
208599,54864
208599,55632
208599,55638
208599,56484
208599,56696
208599,57522
208599,57804
208599,58504
208599,59394
208599,59396
208599,59776
208599,60522
208599,61280
208599,61348
208599,63136
208599,63540
208617,11262
208617,37644
208617,39186
208617,42132
208617,44664
208617,44914
208617,50268
208617,63136
208617,63538
208617,63540
208626,1304
208626,1372
208626,10808
208626,11262
208626,16358
208626,37644
208626,42132
208626,44302
208626,63136
208692,1304
208692,1372
208692,10808
208692,11262
208692,16358
208692,37644
208692,42132
208692,44302
208692,59396
208692,63136
208722,1304
208722,1372
208722,10808
208722,11262
208722,16358
208722,37644
208722,42132
208722,44302
208722,63136
208740,1304
208740,1372
208740,10808
208740,11262
208740,16358
208740,37644
208740,42132
208740,44302
208740,63136
208758,1372
208758,10808
208758,11490
208758,32496
208758,42132
208758,44302
208758,53046
208758,56714
208758,63136
208761,1304
208761,1372
208761,10808
208761,11262
208761,16358
208761,37644
208761,42132
208761,44302
208761,63136
208788,1372
208788,10808
208788,11490
208788,32496
208788,42132
208788,44302
208788,53046
208788,62614
208788,63136
208794,60
208794,10808
208794,16358
208794,42132
208794,53256
208794,54864
208794,55632
208794,55638
208794,56484
208794,56696
208794,56714
208794,57522
208794,57804
208794,58504
208794,59394
208794,59396
208794,59776
208794,60522
208794,61280
208794,61348
208794,63188
208794,63540
208797,1372
208797,10808
208797,11490
208797,32496
208797,42132
208797,44302
208797,53046
208797,63136
208806,1304
208806,1372
208806,10808
208806,11262
208806,16358
208806,37644
208806,42132
208806,44302
208806,63136
208812,60
208812,10808
208812,16358
208812,42132
208812,53256
208812,54864
208812,55632
208812,55638
208812,56484
208812,56696
208812,56714
208812,57522
208812,57804
208812,58504
208812,59394
208812,59396
208812,59776
208812,60522
208812,61280
208812,61348
208812,63540
208821,1304
208821,1372
208821,10808
208821,11262
208821,16358
208821,37644
208821,42132
208821,44302
208821,63136
208872,60
208872,10808
208872,16358
208872,42132
208872,53256
208872,54864
208872,55632
208872,55638
208872,56484
208872,56696
208872,56714
208872,57522
208872,57804
208872,58504
208872,59394
208872,59396
208872,59776
208872,60522
208872,61280
208872,61348
208872,63540
208881,60
208881,10808
208881,16358
208881,42132
208881,53256
208881,54864
208881,55632
208881,55638
208881,56484
208881,56696
208881,56714
208881,57522
208881,57804
208881,58504
208881,59394
208881,59396
208881,59776
208881,60522
208881,61280
208881,61348
208881,63540
208893,1304
208893,1372
208893,10808
208893,11262
208893,16358
208893,37644
208893,42132
208893,44302
208893,63136
208899,1304
208899,1372
208899,10808
208899,11262
208899,16358
208899,37644
208899,42132
208899,44302
208899,63136
208911,11262
208911,37644
208911,39186
208911,42132
208911,44664
208911,44914
208911,50268
208911,55632
208911,63136
208911,63538
208911,63540
209073,11262
209073,37644
209073,39186
209073,42132
209073,44664
209073,44914
209073,50268
209073,63136
209073,63538
209073,63540
209094,1304
209094,1372
209094,10808
209094,11262
209094,16358
209094,37644
209094,42132
209094,44302
209094,63136
209154,1304
209154,1372
209154,10808
209154,11262
209154,16358
209154,37644
209154,42132
209154,44302
209154,63136
209184,11262
209184,37644
209184,39186
209184,42132
209184,44914
209184,50268
209184,63136
209184,63538
209184,63540
209520,11262
209520,37644
209520,39186
209520,42132
209520,44664
209520,44914
209520,50268
209520,50724
209520,63136
209520,63538
209520,63540
209622,1372
209622,10808
209622,11262
209622,11490
209622,16358
209622,32496
209622,42132
209622,44302
209622,53046
209622,63136
209625,1304
209625,10652
209625,11262
209625,44662
209625,44664
209625,44914
209625,50268
209625,51974
209625,54096
209625,61672
209625,62376
209625,63538
209637,1372
209637,10808
209637,11490
209637,32496
209637,42132
209637,44302
209637,53046
209637,63136
209697,1304
209697,1372
209697,10808
209697,11262
209697,16358
209697,35732
209697,37644
209697,42132
209697,44302
209697,63136
209793,1304
209793,1370
209793,1372
209793,10652
209793,10808
209793,16358
209793,36720
209793,44662
209793,44914
209793,51974
209793,54864
209793,55638
209793,59822
209793,61672
209793,62376
209793,63188
209793,63538
209796,1304
209796,1372
209796,10808
209796,11262
209796,16358
209796,37644
209796,42132
209796,44302
209796,44660
209796,63136
209799,1304
209799,1372
209799,10808
209799,11262
209799,16358
209799,37644
209799,42132
209799,44302
209799,63136
209829,1304
209829,1372
209829,10808
209829,11262
209829,16358
209829,37644
209829,42132
209829,44302
209829,63136
209880,1304
209880,1372
209880,10808
209880,11262
209880,16358
209880,37644
209880,42132
209880,44302
209880,63136
209880,63538
209970,11262
209970,37644
209970,39186
209970,42132
209970,44664
209970,44914
209970,50268
209970,63136
209970,63538
209970,63540
209976,1304
209976,1372
209976,10808
209976,11262
209976,16358
209976,37644
209976,42132
209976,44302
209976,63136
209994,11262
209994,35846
209994,37644
209994,42132
209994,44664
209994,44914
209994,50268
209994,61558
209994,63136
209994,63538
209994,63540
210000,11262
210000,37644
210000,39186
210000,42132
210000,44664
210000,44914
210000,50268
210000,63136
210000,63538
210000,63540
210045,11262
210045,37644
210045,39186
210045,42132
210045,44664
210045,44914
210045,50268
210045,62170
210045,63136
210045,63538
210045,63540
210051,11262
210051,37644
210051,39186
210051,42132
210051,44664
210051,44914
210051,50268
210051,63136
210051,63538
210051,63540
210111,1304
210111,1372
210111,10808
210111,11262
210111,16358
210111,37644
210111,42132
210111,44302
210111,63136
210114,1304
210114,1370
210114,1372
210114,10808
210114,11262
210114,16358
210114,37644
210114,42132
210114,44302
210114,59396
210114,63136
210120,1304
210120,1372
210120,10808
210120,11262
210120,16358
210120,37644
210120,42132
210120,44302
210120,63136
210129,1304
210129,1372
210129,10808
210129,11262
210129,16358
210129,37644
210129,42132
210129,44302
210129,56484
210129,63136
210141,1304
210141,1372
210141,10808
210141,11262
210141,16358
210141,37644
210141,42132
210141,44302
210141,63136
210168,11262
210168,37644
210168,39186
210168,42132
210168,44664
210168,44914
210168,50268
210168,63136
210168,63538
210168,63540
210171,1304
210171,1372
210171,10808
210171,11262
210171,16358
210171,37644
210171,42132
210171,44302
210171,50720
210171,59394
210171,63136
210186,1372
210186,10808
210186,11490
210186,32496
210186,42132
210186,44302
210186,53046
210186,63136
210234,1372
210234,10808
210234,11490
210234,32496
210234,42132
210234,44302
210234,53046
210234,63136
210342,1304
210342,1372
210342,10808
210342,11262
210342,16358
210342,37644
210342,42132
210342,44302
210393,60
210393,10808
210393,16358
210393,42132
210393,53256
210393,54864
210393,55632
210393,55638
210393,56484
210393,56696
210393,56714
210393,57522
210393,57804
210393,58504
210393,59394
210393,59396
210393,59776
210393,60522
210393,61280
210393,61348
210393,63540
210408,1304
210408,1372
210408,10808
210408,11262
210408,16358
210408,37644
210408,42132
210408,44302
210408,63136
210441,1304
210441,1372
210441,10808
210441,11262
210441,16358
210441,37644
210441,42132
210441,44302
210441,63136
210585,1304
210585,1372
210585,10808
210585,11262
210585,16358
210585,37644
210585,42132
210585,44302
210585,63136
210615,60
210615,124
210615,1206
210615,1372
210615,10652
210615,44914
210615,48298
210615,51974
210615,56714
210615,57804
210615,58504
210615,59822
210615,61348
210615,61540
210615,62376
210615,63220
210615,63418
210627,1304
210627,1372
210627,10808
210627,11262
210627,16358
210627,37644
210627,42132
210627,44302
210627,63136
210633,1372
210633,10808
210633,11490
210633,32496
210633,42132
210633,44302
210633,53046
210633,63136
210678,1304
210678,1372
210678,10808
210678,11262
210678,16358
210678,37644
210678,42132
210678,44302
210678,63136
210690,1304
210690,1372
210690,10808
210690,11262
210690,16358
210690,37644
210690,42132
210690,44302
210690,44660
210690,63136
210795,1304
210795,1372
210795,10808
210795,11262
210795,16358
210795,37644
210795,42132
210795,44302
210795,63136
210810,1304
210810,1372
210810,10808
210810,11262
210810,16358
210810,37644
210810,42132
210810,44302
210810,63136
210813,1304
210813,1372
210813,10808
210813,11262
210813,16358
210813,37644
210813,42132
210813,44302
210813,63136
210813,63188
210816,1304
210816,1372
210816,10808
210816,11262
210816,16358
210816,37644
210816,42132
210816,44302
210816,63136
210825,11262
210825,37644
210825,39186
210825,42132
210825,44664
210825,44914
210825,50268
210825,63136
210825,63538
210825,63540
210834,1304
210834,1372
210834,10808
210834,11262
210834,16358
210834,37644
210834,42132
210834,44302
210834,63136
210840,1304
210840,1372
210840,10808
210840,11262
210840,16358
210840,37644
210840,42132
210840,44302
210840,55798
210840,63136
210843,1304
210843,1372
210843,10808
210843,11262
210843,16358
210843,37644
210843,42132
210843,44302
210843,63136
210846,1372
210846,10808
210846,11262
210846,16358
210846,37644
210846,42132
210846,44302
210846,50268
210846,52620
210846,63136
210876,1304
210876,1370
210876,1372
210876,10808
210876,11262
210876,16358
210876,37644
210876,42132
210876,44302
210876,63136
210882,1304
210882,1372
210882,10808
210882,11262
210882,16358
210882,37644
210882,42132
210882,44302
210882,63136
210897,1304
210897,1372
210897,10808
210897,11262
210897,16358
210897,37644
210897,42132
210897,44302
210897,63136
210933,1304
210933,1370
210933,1372
210933,10652
210933,10808
210933,16358
210933,36720
210933,44662
210933,44914
210933,50970
210933,51974
210933,54864
210933,55638
210933,59822
210933,61672
210933,62376
210933,63188
210933,63538
210954,1304
210954,1372
210954,10808
210954,11262
210954,16358
210954,37644
210954,42132
210954,44302
210954,50716
210954,63136
210978,1304
210978,1372
210978,10808
210978,11262
210978,16358
210978,37644
210978,42132
210978,44302
210978,57414
210978,59396
210978,63136
210981,1304
210981,1372
210981,10808
210981,16358
210981,37644
210981,42132
210981,44302
210981,44664
210981,61280
210981,63136
211047,1304
211047,1372
211047,10808
211047,11262
211047,16358
211047,37644
211047,42132
211047,44302
211047,63136
211125,60
211125,10808
211125,16358
211125,32496
211125,42132
211125,53256
211125,54864
211125,55632
211125,55638
211125,56484
211125,56696
211125,56714
211125,57522
211125,57804
211125,58504
211125,59394
211125,59396
211125,59776
211125,60522
211125,61280
211125,61348
211125,63540
211140,1304
211140,1370
211140,1372
211140,10652
211140,10808
211140,16358
211140,36720
211140,44662
211140,44914
211140,51974
211140,54864
211140,55638
211140,59396
211140,59822
211140,61672
211140,62376
211140,63188
211140,63538
211236,11262
211236,34092
211236,37644
211236,39186
211236,42132
211236,44664
211236,44914
211236,50268
211236,63136
211236,63538
211236,63540
211344,1370
211344,1372
211344,3382
211344,10652
211344,10790
211344,11262
211344,11490
211344,16358
211344,30500
211344,32496
211344,33534
211344,33886
211344,36762
211344,37644
211344,39186
211344,42132
211344,44302
211344,44644
211344,44660
211344,44662
211344,44664
211344,44914
211344,45912
211344,46632
211344,48298
211344,48574
211344,53048
211344,55798
211344,59394
211344,59396
211344,60522
211344,61280
211344,61672
211344,62274
211344,62376
211344,62616
211344,62618
211344,62860
211344,63220
211344,63360
211344,63510
211344,63538
211344,63540
211383,1304
211383,1372
211383,10808
211383,11262
211383,16358
211383,37644
211383,42132
211383,44302
211383,63136
211386,1304
211386,1372
211386,10808
211386,11262
211386,16358
211386,37644
211386,42132
211386,44302
211386,56696
211386,63136
211407,60
211407,10808
211407,11262
211407,16358
211407,42132
211407,53256
211407,54864
211407,55632
211407,55638
211407,56484
211407,56696
211407,56714
211407,57522
211407,57804
211407,58504
211407,59394
211407,59396
211407,59776
211407,60522
211407,61280
211407,61348
211407,63540
211413,1304
211413,1372
211413,10808
211413,11262
211413,16358
211413,37644
211413,42132
211413,44302
211413,63136
211473,1304
211473,1372
211473,10808
211473,11262
211473,16358
211473,37644
211473,42132
211473,44302
211473,63136
211476,1372
211476,10808
211476,11490
211476,32496
211476,42132
211476,44302
211476,53046
211476,63136
211524,39186
211524,42132
211524,44664
211524,50268
211524,50270
211524,57522
211524,61552
211524,61558
211524,61560
211524,63136
211524,63538
211524,63540
211527,1372
211527,10808
211527,11490
211527,32496
211527,33886
211527,42132
211527,44302
211527,53046
211527,54864
211527,57804
211527,63136
211527,63510
211533,1372
211533,10808
211533,11490
211533,32496
211533,42132
211533,44302
211533,53046
211533,63136
211542,1304
211542,1372
211542,10808
211542,11262
211542,16358
211542,37644
211542,42132
211542,44302
211542,63136
211548,1304
211548,1372
211548,10808
211548,11262
211548,16358
211548,37644
211548,42132
211548,44302
211548,63136
211632,1304
211632,1372
211632,10808
211632,11262
211632,16358
211632,37644
211632,42132
211632,44302
211632,63136
211638,1304
211638,1372
211638,10808
211638,11262
211638,16358
211638,37644
211638,42132
211638,44302
211638,63136
211641,1304
211641,1372
211641,10808
211641,11262
211641,16358
211641,37644
211641,42132
211641,44302
211641,56714
211641,63136
211683,1304
211683,1372
211683,10808
211683,11262
211683,16358
211683,37644
211683,42132
211683,44302
211683,63136
211740,1304
211740,1372
211740,10808
211740,11262
211740,16358
211740,37644
211740,42132
211740,44302
211740,63136
211749,39186
211749,42132
211749,44664
211749,50268
211749,50270
211749,50970
211749,56714
211749,57522
211749,61552
211749,61558
211749,61560
211749,62944
211749,63136
211749,63538
211749,63540
211761,11262
211761,30500
211761,37644
211761,39186
211761,42132
211761,44664
211761,44914
211761,50268
211761,63136
211761,63538
211761,63540
211767,1304
211767,1372
211767,10808
211767,11262
211767,16358
211767,33886
211767,37644
211767,42132
211767,44302
211767,63136
211806,1304
211806,1372
211806,10808
211806,11262
211806,16358
211806,37644
211806,42132
211806,44302
211806,61364
211806,63136
211812,1304
211812,1372
211812,11262
211812,16358
211812,37644
211812,42132
211812,44302
211812,63136
211815,1304
211815,1372
211815,10808
211815,11262
211815,16358
211815,37644
211815,42132
211815,44302
211815,63136
211947,11262
211947,37644
211947,39186
211947,42132
211947,44664
211947,44914
211947,50268
211947,63136
211947,63538
211947,63540
211950,60
211950,10808
211950,16358
211950,42132
211950,53256
211950,54864
211950,55632
211950,55638
211950,56484
211950,56696
211950,56714
211950,57522
211950,57804
211950,58504
211950,59394
211950,59396
211950,59776
211950,60522
211950,61280
211950,61348
211950,61672
211950,63540
211965,1372
211965,10808
211965,11490
211965,16358
211965,32496
211965,42132
211965,44302
211965,53046
211965,63136
211989,1372
211989,10808
211989,16358
211989,37644
211989,42132
211989,44302
211989,63136
212112,1304
212112,1372
212112,10808
212112,11262
212112,16358
212112,37644
212112,42132
212112,44302
212112,55632
212112,63136
212181,1304
212181,1372
212181,10808
212181,11262
212181,16358
212181,37644
212181,42132
212181,44302
212181,63136
212211,11262
212211,39186
212211,42132
212211,44664
212211,50268
212211,50270
212211,57522
212211,61552
212211,61558
212211,61560
212211,63136
212211,63538
212211,63540
212220,1372
212220,10808
212220,11490
212220,32496
212220,42132
212220,44302
212220,53046
212220,63136
212232,1372
212232,10808
212232,11490
212232,32496
212232,44302
212232,53046
212232,63136
212235,39186
212235,42132
212235,44664
212235,50268
212235,50270
212235,57522
212235,61552
212235,61558
212235,61560
212235,63136
212235,63538
212235,63540
212256,1304
212256,1372
212256,10808
212256,11262
212256,16358
212256,37644
212256,42132
212256,44302
212256,63136
212283,1304
212283,1372
212283,10808
212283,16358
212283,37644
212283,42132
212283,44302
212283,63136
212301,1304
212301,1372
212301,10808
212301,11262
212301,16358
212301,37644
212301,42132
212301,44302
212301,63136
212337,1304
212337,1372
212337,10808
212337,11262
212337,16358
212337,37644
212337,42132
212337,44302
212337,63136
212379,39186
212379,42132
212379,44664
212379,50268
212379,50270
212379,57522
212379,61552
212379,61558
212379,61560
212379,63136
212379,63538
212379,63540
212397,1304
212397,1372
212397,10808
212397,11262
212397,16358
212397,37644
212397,42132
212397,44302
212397,63136
212430,1304
212430,1372
212430,10808
212430,11262
212430,16358
212430,37644
212430,42132
212430,44302
212430,63136
212433,1304
212433,1372
212433,10808
212433,11262
212433,16358
212433,37644
212433,42132
212433,44302
212433,63136
212442,1372
212442,10808
212442,11490
212442,32496
212442,42132
212442,44302
212442,53046
212442,63136
212445,1304
212445,1370
212445,1372
212445,10652
212445,10808
212445,16358
212445,36720
212445,44662
212445,44914
212445,51974
212445,54864
212445,55638
212445,59822
212445,61280
212445,61542
212445,61672
212445,62376
212445,63188
212445,63538
212448,1372
212448,10808
212448,11490
212448,32496
212448,42132
212448,44302
212448,53046
212448,63136
212469,1372
212469,10808
212469,11490
212469,32496
212469,42132
212469,44302
212469,53046
212469,56714
212469,63136
212475,1304
212475,1372
212475,10808
212475,11262
212475,16358
212475,37644
212475,42132
212475,44302
212475,63136
212478,11262
212478,37644
212478,39186
212478,42132
212478,44664
212478,44914
212478,50268
212478,63136
212478,63538
212478,63540
212505,1304
212505,1372
212505,10808
212505,11262
212505,16358
212505,37644
212505,42132
212505,44302
212505,63136
212526,1304
212526,1372
212526,10808
212526,11262
212526,16358
212526,37644
212526,42132
212526,44302
212526,63136
212550,1304
212550,1372
212550,10808
212550,11262
212550,16358
212550,37644
212550,42132
212550,44302
212550,61542
212550,63136
212571,1304
212571,1372
212571,10808
212571,11262
212571,16358
212571,37644
212571,42132
212571,44302
212571,63136
212574,1304
212574,1372
212574,10808
212574,11262
212574,16358
212574,37644
212574,42132
212574,44302
212586,1304
212586,1372
212586,10808
212586,11262
212586,16358
212586,37644
212586,42132
212586,44302
212586,60978
212586,63136
212592,11262
212592,37644
212592,39186
212592,42132
212592,44664
212592,44914
212592,50268
212592,63136
212592,63538
212592,63540
212595,10652
212595,11262
212595,30500
212595,37644
212595,39186
212595,42132
212595,44664
212595,44914
212595,50268
212595,63136
212595,63538
212595,63540
212637,1304
212637,1372
212637,10808
212637,11262
212637,16358
212637,37644
212637,42132
212637,44302
212637,63136
212640,1304
212640,1372
212640,10808
212640,11262
212640,16358
212640,37644
212640,42132
212640,44302
212640,63136
212688,1304
212688,1372
212688,10808
212688,11262
212688,16358
212688,37644
212688,42132
212688,44302
212688,59776
212688,63136
212721,1372
212721,10808
212721,11490
212721,32496
212721,34092
212721,42132
212721,44302
212721,53046
212721,63136
212745,1304
212745,1372
212745,10808
212745,11262
212745,16358
212745,37644
212745,42132
212745,44302
212745,63136
212748,1372
212748,10808
212748,11490
212748,32496
212748,42132
212748,44302
212748,50970
212748,53046
212748,63136
212775,1304
212775,1372
212775,10808
212775,11262
212775,16358
212775,37644
212775,42132
212775,44302
212775,63136
212892,11262
212892,37644
212892,39186
212892,42132
212892,44664
212892,44914
212892,50268
212892,63136
212892,63538
212892,63540
213102,1372
213102,10652
213102,10808
213102,11490
213102,32496
213102,42132
213102,44302
213102,53046
213102,63136
213114,1304
213114,1370
213114,1372
213114,10808
213114,11262
213114,16358
213114,37644
213114,42132
213114,44302
213114,63136
213513,1304
213513,1372
213513,10808
213513,11262
213513,16358
213513,37644
213513,42132
213513,44302
213513,63136
213885,124
213885,1370
213885,1372
213885,3382
213885,10652
213885,10808
213885,11262
213885,16358
213885,33534
213885,37644
213885,39186
213885,42132
213885,44302
213885,44644
213885,44660
213885,44662
213885,44664
213885,44914
213885,48574
213885,53048
213885,59816
213885,61364
213885,61672
213885,62074
213885,62170
213885,62376
213885,63220
213885,63538
213885,63540
213978,1372
213978,10808
213978,11490
213978,32496
213978,42132
213978,44302
213978,53046
213978,63136
213987,1372
213987,10808
213987,11490
213987,32496
213987,42132
213987,44302
213987,53046
213987,53394
213987,63136
214194,1304
214194,1372
214194,10808
214194,11262
214194,16358
214194,37644
214194,42132
214194,63136
214506,11262
214506,37644
214506,39186
214506,42132
214506,44664
214506,44914
214506,50268
214506,63136
214506,63538
214506,63540
214968,11262
214968,37644
214968,39186
214968,42132
214968,44664
214968,44914
214968,50268
214968,56714
214968,63136
214968,63538
214968,63540
214998,1304
214998,1372
214998,10808
214998,11262
214998,16358
214998,37644
214998,42132
214998,44302
214998,51316
214998,63136
215112,42132
215112,44664
215112,50268
215112,50270
215112,57522
215112,61552
215112,61558
215112,61560
215112,63136
215112,63538
215112,63540
215247,60
215247,42132
215247,44664
215247,44914
215247,50270
215247,53386
215247,54864
215247,55632
215247,55638
215247,56484
215247,56696
215247,56714
215247,57522
215247,59394
215247,60522
215247,61280
215247,61348
215247,63540
215298,1372
215298,10808
215298,11490
215298,32496
215298,42132
215298,44302
215298,53046
215298,63136
215457,1304
215457,1370
215457,1372
215457,10652
215457,10808
215457,16358
215457,36720
215457,44662
215457,44914
215457,51974
215457,54864
215457,55638
215457,59822
215457,61672
215457,62376
215457,63538
215517,1304
215517,1370
215517,1372
215517,10652
215517,10808
215517,16358
215517,44662
215517,44914
215517,51974
215517,54864
215517,55638
215517,59822
215517,61672
215517,62376
215517,63188
215517,63538
215985,60
215985,1206
215985,39186
215985,44660
215985,44664
215985,44914
215985,45912
215985,48298
215985,50268
215985,50718
215985,51316
215985,52620
215985,53386
215985,54096
215985,55638
215985,56484
215985,61540
215985,61672
215985,62376
216033,11262
216033,37644
216033,39186
216033,42132
216033,44664
216033,44914
216033,50268
216033,63136
216033,63538
216033,63540
216108,1304
216108,1372
216108,10808
216108,11262
216108,16358
216108,37644
216108,42132
216108,44302
216108,63136
216108,63218
216123,1304
216123,1372
216123,10808
216123,11262
216123,16358
216123,37644
216123,42132
216123,44302
216123,63136
216309,1372
216309,10808
216309,11490
216309,32496
216309,42132
216309,44302
216309,53046
216309,63136
216366,60
216366,1206
216366,39186
216366,44660
216366,44664
216366,44914
216366,45912
216366,48298
216366,50268
216366,50718
216366,51316
216366,52620
216366,53386
216366,54096
216366,55638
216366,56484
216366,61540
216366,61672
216366,62074
216366,62376
216495,1372
216495,10808
216495,11490
216495,32496
216495,42132
216495,44302
216495,53046
216495,63136
216498,11262
216498,16358
216498,37644
216498,39186
216498,42132
216498,44664
216498,44914
216498,50268
216498,56714
216498,63136
216498,63538
216498,63540
216564,1304
216564,1370
216564,1372
216564,10652
216564,10808
216564,16358
216564,36720
216564,44662
216564,44914
216564,50716
216564,51974
216564,54864
216564,55638
216564,59822
216564,61672
216564,62376
216564,63188
216564,63538
216648,1304
216648,1372
216648,10808
216648,11262
216648,16358
216648,37644
216648,42132
216648,44302
216648,56696
216648,56714
216648,63136
216822,39186
216822,42132
216822,44664
216822,50268
216822,50270
216822,56714
216822,57522
216822,61552
216822,61558
216822,61560
216822,62276
216822,63136
216822,63510
216822,63538
216822,63540
216948,1304
216948,1372
216948,10808
216948,11262
216948,16358
216948,37644
216948,42132
216948,44302
216948,50962
216948,63136
216981,1304
216981,1372
216981,10808
216981,11262
216981,16358
216981,37644
216981,42132
216981,44302
216981,63136
217002,1304
217002,1372
217002,10808
217002,11262
217002,16358
217002,37644
217002,42132
217002,44302
217002,63136
217293,1304
217293,1372
217293,10808
217293,11262
217293,16358
217293,37644
217293,42132
217293,44302
217293,63136
217380,1304
217380,1372
217380,10808
217380,11262
217380,16358
217380,37644
217380,42132
217380,44302
217380,63136
217494,1304
217494,1372
217494,10808
217494,11262
217494,16358
217494,37644
217494,42132
217494,44302
217494,63136
217536,1304
217536,1370
217536,1372
217536,10652
217536,10808
217536,16358
217536,36720
217536,44662
217536,44914
217536,51974
217536,54864
217536,55638
217536,59822
217536,61672
217536,62376
217536,63188
217536,63538
217620,11262
217620,37644
217620,39186
217620,42132
217620,44664
217620,44914
217620,50268
217620,63136
217620,63538
217620,63540
217752,1372
217752,10808
217752,11490
217752,32496
217752,42132
217752,44302
217752,53046
217752,63136
217782,1372
217782,10808
217782,11490
217782,32496
217782,42132
217782,44302
217782,52620
217782,53046
217782,63136
217848,39186
217848,42132
217848,44664
217848,50268
217848,50270
217848,57522
217848,61558
217848,61560
217848,63136
217848,63538
217848,63540
217872,1304
217872,1372
217872,10808
217872,11262
217872,16358
217872,37644
217872,42132
217872,44302
217872,63136
218061,11262
218061,37644
218061,39186
218061,42132
218061,44664
218061,44914
218061,50268
218061,63136
218061,63538
218061,63540
218121,1372
218121,10808
218121,11490
218121,32496
218121,42132
218121,44302
218121,53046
218121,60978
218121,63136
218265,1304
218265,1372
218265,10808
218265,11262
218265,16358
218265,37644
218265,42132
218265,44302
218265,63136
218673,1304
218673,1372
218673,10808
218673,11262
218673,16358
218673,37644
218673,42132
218673,44302
218673,63136
218958,1304
218958,1372
218958,10808
218958,11262
218958,16358
218958,37644
218958,42132
218958,44302
218958,63136
219021,1304
219021,1372
219021,10808
219021,11262
219021,16358
219021,37644
219021,42132
219021,44302
219021,56714
219021,63136
219030,1304
219030,1372
219030,10808
219030,11262
219030,16358
219030,37644
219030,42132
219030,44302
219030,63136
219048,1304
219048,11262
219048,30500
219048,37644
219048,39186
219048,42132
219048,44664
219048,44914
219048,50268
219048,56696
219048,63136
219048,63538
219048,63540
219132,1304
219132,1372
219132,10808
219132,11262
219132,16358
219132,37644
219132,42132
219132,44302
219132,63136
219231,10790
219231,10808
219231,30500
219231,33886
219231,34092
219231,36720
219231,36722
219231,36762
219231,37644
219231,39186
219231,42132
219231,44302
219231,46632
219231,48298
219231,48574
219231,48694
219231,48980
219231,50274
219231,50716
219231,50718
219231,50724
219231,52620
219231,52918
219231,53046
219231,53048
219231,53160
219231,53256
219231,53258
219231,53394
219231,53406
219231,54096
219231,54290
219231,55798
219231,56714
219231,57414
219231,57804
219231,59394
219231,59396
219231,59776
219231,59816
219231,59822
219231,60522
219231,61028
219231,61348
219231,61364
219231,61542
219231,61552
219231,61560
219231,62074
219231,62170
219231,62274
219231,62276
219231,62400
219231,62614
219231,63136
219231,63218
219231,63220
219231,63360
219231,63510
219381,1304
219381,1372
219381,10808
219381,11262
219381,16358
219381,37644
219381,42132
219381,44302
219381,63136
219420,1304
219420,1372
219420,10808
219420,11262
219420,16358
219420,37644
219420,42132
219420,44302
219420,63136
219450,1304
219450,1372
219450,10808
219450,11262
219450,16358
219450,37644
219450,42132
219450,44302
219450,63136
219456,1304
219456,1372
219456,10808
219456,11262
219456,16358
219456,37644
219456,42132
219456,44302
219456,63136
219522,1304
219522,1372
219522,10808
219522,11262
219522,16358
219522,37644
219522,42132
219522,44302
219522,63136
220011,1304
220011,1372
220011,10808
220011,11262
220011,16358
220011,37644
220011,42132
220011,44302
220011,63136
220047,124
220047,1370
220047,1372
220047,3382
220047,10652
220047,10808
220047,11262
220047,16358
220047,33534
220047,37644
220047,39186
220047,42132
220047,44302
220047,44644
220047,44660
220047,44662
220047,44664
220047,44914
220047,48574
220047,53048
220047,59816
220047,61364
220047,61672
220047,62074
220047,62170
220047,62376
220047,63220
220047,63538
220047,63540
220095,11262
220095,37644
220095,39186
220095,42132
220095,44664
220095,44914
220095,50268
220095,50970
220095,63136
220095,63538
220095,63540
220170,1304
220170,1372
220170,10808
220170,11262
220170,16358
220170,37644
220170,42132
220170,44302
220170,63136
220179,1304
220179,1370
220179,1372
220179,10652
220179,10808
220179,16358
220179,36720
220179,44662
220179,44914
220179,51974
220179,54864
220179,55638
220179,59822
220179,61672
220179,62376
220179,63188
220179,63538
220218,1304
220218,1372
220218,10808
220218,11262
220218,16358
220218,37644
220218,42132
220218,44302
220218,63136
220269,1372
220269,10652
220269,10808
220269,11490
220269,32496
220269,42132
220269,44302
220269,53046
220269,63136
220302,1304
220302,1372
220302,10808
220302,11262
220302,16358
220302,37644
220302,42132
220302,44302
220302,63136
220632,1304
220632,1372
220632,10808
220632,11262
220632,16358
220632,37644
220632,42132
220632,44302
220632,63136
220713,1304
220713,1372
220713,10808
220713,11262
220713,16358
220713,37644
220713,42132
220713,44302
220713,62376
220713,63136
220728,39186
220728,42132
220728,44664
220728,50268
220728,50270
220728,57522
220728,61552
220728,61558
220728,61560
220728,63136
220728,63538
220728,63540
221115,1304
221115,1372
221115,10808
221115,11262
221115,16358
221115,37644
221115,42132
221115,44302
221115,63136
221151,1304
221151,1372
221151,10808
221151,11262
221151,16358
221151,37644
221151,42132
221151,44302
221151,63136
221196,11262
221196,37644
221196,39186
221196,42132
221196,44664
221196,44914
221196,50268
221196,53386
221196,63136
221196,63538
221196,63540
221247,1304
221247,1370
221247,1372
221247,10652
221247,10808
221247,16358
221247,36720
221247,44662
221247,44914
221247,48694
221247,51974
221247,54864
221247,55638
221247,59822
221247,61672
221247,62376
221247,63188
221247,63538
221331,39186
221331,42132
221331,44664
221331,50268
221331,50270
221331,57522
221331,61552
221331,61558
221331,61560
221331,63136
221331,63538
221331,63540
221409,11262
221409,37644
221409,39186
221409,42132
221409,44664
221409,44914
221409,50268
221409,63136
221409,63538
221409,63540
221526,1304
221526,1372
221526,10808
221526,11262
221526,16358
221526,37644
221526,42132
221526,44302
221526,63136
221610,1304
221610,1370
221610,1372
221610,10652
221610,10808
221610,16358
221610,36720
221610,44662
221610,44914
221610,51974
221610,54864
221610,55638
221610,59822
221610,61672
221610,62376
221610,63188
221610,63538
221751,1304
221751,1372
221751,10808
221751,11262
221751,16358
221751,37644
221751,42132
221751,44302
221751,63136
222159,11262
222159,37644
222159,39186
222159,42132
222159,44664
222159,44914
222159,50268
222159,63136
222159,63538
222159,63540
222204,11262
222204,37644
222204,39186
222204,42132
222204,44664
222204,44914
222204,50268
222204,63136
222204,63538
222204,63540
222225,1304
222225,1372
222225,10808
222225,11262
222225,16358
222225,37644
222225,42132
222225,44302
222225,50720
222225,63136
222306,1304
222306,1372
222306,10808
222306,11262
222306,16358
222306,37644
222306,42132
222306,44302
222306,50968
222306,63136
222438,11262
222438,37644
222438,39186
222438,42132
222438,44664
222438,44914
222438,50268
222438,63136
222438,63538
222438,63540
222516,11262
222516,37644
222516,39186
222516,42132
222516,44664
222516,44914
222516,50268
222516,55798
222516,63136
222516,63538
222516,63540
222540,1304
222540,1372
222540,10808
222540,11262
222540,16358
222540,37644
222540,42132
222540,44302
222540,61558
222540,63136
222621,1304
222621,1372
222621,10808
222621,11262
222621,16358
222621,42132
222621,44302
222621,63136
222669,1372
222669,10808
222669,11490
222669,32496
222669,42132
222669,44302
222669,53046
222669,63136
222711,1304
222711,1372
222711,10808
222711,11262
222711,16358
222711,37644
222711,42132
222711,44302
222711,63136
222750,1304
222750,1372
222750,10808
222750,11262
222750,16358
222750,37644
222750,42132
222750,44302
222750,63136
222759,1304
222759,1372
222759,10808
222759,16358
222759,37644
222759,42132
222759,44302
222759,62944
222759,63136
222759,63510
222843,1304
222843,1372
222843,10808
222843,11262
222843,16358
222843,37644
222843,42132
222843,44302
222843,50274
222843,63136
222852,60
222852,124
222852,1206
222852,1304
222852,16358
222852,39186
222852,45912
222852,48298
222852,50268
222852,50724
222852,50968
222852,50970
222852,51316
222852,52620
222852,52918
222852,53386
222852,54096
222852,54864
222852,55632
222852,55638
222852,56484
222852,56714
222852,57804
222852,58504
222852,59394
222852,59822
222852,61280
222852,61348
222852,61540
222852,61560
222852,61672
222852,62276
222852,62376
222852,62616
222852,62618
222852,63136
222852,63218
222852,63538
222894,1304
222894,1372
222894,10790
222894,10808
222894,11262
222894,16358
222894,37644
222894,42132
222894,44302
222894,63136
222906,1372
222906,10808
222906,11490
222906,32496
222906,42132
222906,44302
222906,53046
222906,63136
223071,1304
223071,1372
223071,10808
223071,11262
223071,16358
223071,37644
223071,42132
223071,44302
223071,63136
223089,1304
223089,1370
223089,1372
223089,10652
223089,16358
223089,36720
223089,44662
223089,44914
223089,50274
223089,51974
223089,54864
223089,55638
223089,59822
223089,61672
223089,62376
223089,63188
223089,63538
223104,60
223104,1206
223104,39186
223104,44660
223104,44664
223104,44914
223104,45912
223104,48298
223104,50268
223104,50718
223104,51316
223104,52620
223104,53386
223104,54096
223104,55638
223104,56484
223104,61540
223104,61558
223104,61672
223104,62376
223389,1304
223389,1372
223389,10808
223389,11262
223389,16358
223389,37644
223389,42132
223389,44302
223389,50718
223389,63136
223401,1372
223401,10808
223401,11490
223401,32496
223401,42132
223401,44302
223401,53046
223401,63136
223518,1304
223518,1372
223518,10808
223518,11262
223518,16358
223518,37644
223518,42132
223518,44302
223518,50270
223518,63136
223530,1304
223530,1372
223530,10808
223530,11490
223530,30500
223530,32496
223530,42132
223530,44302
223530,53046
223530,57414
223530,63136
223554,1304
223554,1372
223554,10808
223554,11262
223554,16358
223554,37644
223554,42132
223554,44302
223554,63136
223728,1370
223728,1372
223728,10808
223728,11262
223728,16358
223728,37644
223728,42132
223728,44302
223728,63136
223776,1304
223776,1372
223776,10652
223776,10808
223776,16358
223776,30500
223776,37644
223776,42132
223776,44302
223776,56714
223776,63136
223782,1304
223782,1372
223782,10808
223782,11262
223782,16358
223782,37644
223782,42132
223782,44302
223782,63136
223968,1372
223968,10808
223968,11490
223968,32496
223968,42132
223968,44302
223968,53046
223968,63136
224145,1304
224145,1372
224145,10808
224145,11262
224145,16358
224145,37644
224145,42132
224145,44302
224145,57414
224145,59396
224145,63136
224169,60
224169,10808
224169,11262
224169,16358
224169,42132
224169,53256
224169,54864
224169,55632
224169,55638
224169,56484
224169,56696
224169,56714
224169,57522
224169,57804
224169,58504
224169,59394
224169,59396
224169,59776
224169,60522
224169,61280
224169,61348
224169,63540
224208,1304
224208,1370
224208,1372
224208,10652
224208,10808
224208,16358
224208,36720
224208,44662
224208,44914
224208,51974
224208,54864
224208,55638
224208,59822
224208,61672
224208,62376
224208,63188
224208,63538
224211,1372
224211,10808
224211,11490
224211,32496
224211,42132
224211,44302
224211,53046
224211,63136
224280,1304
224280,1372
224280,10808
224280,11262
224280,16358
224280,37644
224280,42132
224280,44302
224280,63136
224526,1304
224526,1372
224526,10808
224526,11262
224526,16358
224526,37644
224526,42132
224526,44302
224526,63136
224631,1304
224631,1372
224631,10808
224631,11262
224631,16358
224631,37644
224631,42132
224631,44302
224631,63136
224787,1372
224787,10808
224787,11490
224787,32496
224787,42132
224787,44302
224787,53046
224787,63136
224841,1304
224841,1372
224841,10808
224841,11262
224841,16358
224841,37644
224841,42132
224841,44302
224841,63136
224874,1304
224874,1370
224874,1372
224874,10652
224874,10808
224874,16358
224874,36720
224874,44662
224874,44914
224874,51974
224874,54864
224874,55638
224874,59822
224874,61672
224874,62376
224874,63188
224874,63538
224925,1304
224925,1372
224925,10808
224925,11262
224925,16358
224925,37644
224925,42132
224925,44302
224925,62170
224925,63136
224931,1304
224931,1372
224931,10808
224931,11262
224931,16358
224931,37644
224931,42132
224931,44302
224931,63136
225012,1304
225012,1372
225012,10808
225012,11262
225012,16358
225012,37644
225012,42132
225012,44302
225012,63136
225276,11262
225276,37644
225276,39186
225276,42132
225276,44664
225276,44914
225276,50268
225276,63136
225276,63538
225276,63540
225351,1304
225351,1372
225351,10808
225351,11262
225351,16358
225351,33886
225351,37644
225351,42132
225351,44302
225351,57414
225351,63136
225390,1304
225390,1370
225390,1372
225390,10652
225390,10808
225390,16358
225390,36720
225390,44662
225390,44914
225390,51974
225390,54864
225390,55638
225390,59822
225390,61672
225390,62376
225390,63188
225390,63538
225393,10808
225393,11490
225393,30500
225393,32496
225393,35846
225393,36720
225393,42132
225393,44302
225393,53046
225393,63136
225396,1304
225396,1372
225396,10808
225396,11262
225396,16358
225396,37644
225396,42132
225396,44302
225396,50268
225396,63136
225480,11262
225480,37644
225480,39186
225480,42132
225480,44664
225480,44914
225480,50268
225480,63136
225480,63538
225480,63540
225501,1372
225501,10808
225501,11490
225501,32496
225501,42132
225501,44302
225501,53046
225501,56714
225501,59396
225501,63136
225654,1304
225654,1372
225654,10808
225654,11262
225654,16358
225654,37644
225654,42132
225654,44302
225654,63136
225669,1304
225669,1372
225669,10808
225669,11262
225669,16358
225669,37644
225669,42132
225669,44302
225669,63136
225672,39186
225672,42132
225672,44664
225672,50268
225672,50270
225672,57522
225672,61552
225672,61558
225672,61560
225672,63136
225672,63538
225672,63540
225699,11262
225699,37644
225699,39186
225699,42132
225699,44664
225699,44914
225699,50268
225699,63136
225699,63538
225699,63540
225747,1304
225747,1372
225747,10808
225747,11262
225747,16358
225747,37644
225747,42132
225747,44302
225747,63136
225972,1304
225972,1372
225972,10808
225972,11262
225972,37644
225972,42132
225972,44302
225972,63136
225987,60
225987,1304
225987,1370
225987,1372
225987,10790
225987,10808
225987,11490
225987,16358
225987,33534
225987,34092
225987,36720
225987,36722
225987,39186
225987,42132
225987,44662
225987,54096
225987,55638
225987,57522
225987,61348
225987,61364
225987,62074
225987,62170
225987,62276
225987,62400
225987,62614
225987,63186
225987,63188
225987,63418
226140,42132
226140,44664
226140,50268
226140,50270
226140,57522
226140,61552
226140,61558
226140,61560
226140,62944
226140,63136
226140,63510
226140,63538
226140,63540
226623,1304
226623,1372
226623,10808
226623,11262
226623,16358
226623,37644
226623,42132
226623,44302
226623,63136
226662,60
226662,10808
226662,16358
226662,42132
226662,53256
226662,54864
226662,55632
226662,55638
226662,56484
226662,56696
226662,56714
226662,57522
226662,57804
226662,58504
226662,59394
226662,59396
226662,59776
226662,60522
226662,61280
226662,61348
226662,63540
226827,39186
226827,42132
226827,44664
226827,50268
226827,50270
226827,57522
226827,61552
226827,61558
226827,61560
226827,63136
226827,63538
226827,63540
226848,1304
226848,1372
226848,10808
226848,11262
226848,16358
226848,37644
226848,42132
226848,44302
226848,63136
227115,1304
227115,1372
227115,10808
227115,11262
227115,16358
227115,37644
227115,42132
227115,44302
227115,63136
227223,1304
227223,1372
227223,10808
227223,11262
227223,16358
227223,37644
227223,42132
227223,44302
227223,63136
227238,11262
227238,37644
227238,39186
227238,42132
227238,44664
227238,44914
227238,50268
227238,63136
227238,63538
227238,63540
227292,1372
227292,10808
227292,11490
227292,32496
227292,42132
227292,44302
227292,53046
227292,63136
227295,1304
227295,1372
227295,10808
227295,11262
227295,16358
227295,37644
227295,42132
227295,44302
227295,63136
227310,1372
227310,10808
227310,11262
227310,11490
227310,32496
227310,42132
227310,44302
227310,53046
227310,56714
227310,59396
227310,63136
227310,63510
227343,1304
227343,10652
227343,11262
227343,16358
227343,44662
227343,44664
227343,44914
227343,50268
227343,51974
227343,61672
227343,62376
227343,63538
227469,1304
227469,1372
227469,10808
227469,11262
227469,16358
227469,37644
227469,42132
227469,44302
227469,63136
227616,1304
227616,1372
227616,10808
227616,11262
227616,16358
227616,37644
227616,42132
227616,44302
227616,63136
227664,1304
227664,10652
227664,11262
227664,16358
227664,39186
227664,44662
227664,44664
227664,44914
227664,50268
227664,50274
227664,51974
227664,56714
227664,57414
227664,61672
227664,62376
227664,63538
227670,1206
227670,1304
227670,1372
227670,10808
227670,11262
227670,16358
227670,37644
227670,42132
227670,44302
227670,63136
227829,1304
227829,1372
227829,10808
227829,11262
227829,16358
227829,37644
227829,42132
227829,44302
227829,63136
227973,1304
227973,1372
227973,10808
227973,11262
227973,16358
227973,37644
227973,42132
227973,44302
227973,63136
227988,1304
227988,1372
227988,10808
227988,11262
227988,16358
227988,37644
227988,42132
227988,44302
227988,50968
227988,63136
228024,60
228024,124
228024,1206
228024,1304
228024,16358
228024,39186
228024,45912
228024,48298
228024,50268
228024,50724
228024,50968
228024,50970
228024,51316
228024,52620
228024,52918
228024,53386
228024,54096
228024,54864
228024,55632
228024,55638
228024,56484
228024,56714
228024,57804
228024,58504
228024,59394
228024,59822
228024,61280
228024,61348
228024,61540
228024,61560
228024,61672
228024,62276
228024,62376
228024,62616
228024,62618
228024,63136
228024,63218
228024,63538
228060,11262
228060,37644
228060,39186
228060,42132
228060,44664
228060,44914
228060,50268
228060,56714
228060,63136
228060,63510
228060,63538
228060,63540
228315,1304
228315,1372
228315,10808
228315,11262
228315,16358
228315,37644
228315,42132
228315,44302
228315,63136
228438,1304
228438,1372
228438,10808
228438,11262
228438,16358
228438,37644
228438,42132
228438,44302
228438,63136
228564,1304
228564,1372
228564,10808
228564,11262
228564,16358
228564,37644
228564,42132
228564,44302
228564,54864
228564,63136
228687,1304
228687,1370
228687,1372
228687,10652
228687,10808
228687,16358
228687,36720
228687,44662
228687,44914
228687,51974
228687,54864
228687,55638
228687,59822
228687,61672
228687,62376
228687,63188
228687,63538
228729,1304
228729,1372
228729,10808
228729,11262
228729,16358
228729,37644
228729,42132
228729,44302
228729,63136
228741,1304
228741,1372
228741,10808
228741,11262
228741,16358
228741,37644
228741,42132
228741,44302
228741,63136
228741,63220
228753,1304
228753,1372
228753,10808
228753,11262
228753,16358
228753,37644
228753,42132
228753,44302
228753,63136
228948,1372
228948,10808
228948,11490
228948,32496
228948,42132
228948,44302
228948,53046
228948,63136
229263,1304
229263,1372
229263,10808
229263,11262
229263,16358
229263,37644
229263,42132
229263,50968
229263,63136
229341,1304
229341,1372
229341,10808
229341,11262
229341,16358
229341,37644
229341,42132
229341,44302
229341,63136
229473,1304
229473,1372
229473,10808
229473,11262
229473,16358
229473,37644
229473,42132
229473,44302
229473,63136
229521,1304
229521,1372
229521,10808
229521,11262
229521,16358
229521,37644
229521,42132
229521,44302
229521,63136
229527,1372
229527,10808
229527,11490
229527,32496
229527,42132
229527,44302
229527,53046
229527,63136
229536,1372
229536,10808
229536,11490
229536,32496
229536,42132
229536,44302
229536,53046
229536,63136
229539,39186
229539,42132
229539,44664
229539,50268
229539,50270
229539,57522
229539,61552
229539,61558
229539,61560
229539,63136
229539,63538
229539,63540
229620,1304
229620,1370
229620,1372
229620,10652
229620,10808
229620,16358
229620,36720
229620,44662
229620,44914
229620,51974
229620,54864
229620,55638
229620,59822
229620,61672
229620,62376
229620,63188
229620,63538
229737,1304
229737,1372
229737,10808
229737,11262
229737,16358
229737,37644
229737,42132
229737,44302
229737,63136
229812,1304
229812,1372
229812,10808
229812,11262
229812,16358
229812,37644
229812,42132
229812,44302
229812,63136
229977,1304
229977,1372
229977,10652
229977,10808
229977,11262
229977,16358
229977,33886
229977,37644
229977,42132
229977,44302
229977,56714
229977,63136
230010,1304
230010,1372
230010,10808
230010,11262
230010,16358
230010,37644
230010,42132
230010,44302
230010,63136
230028,1372
230028,10808
230028,11490
230028,32496
230028,42132
230028,44302
230028,53046
230028,63136
230073,1372
230073,10808
230073,11490
230073,32496
230073,42132
230073,44302
230073,53046
230073,63136
230091,1372
230091,10808
230091,11490
230091,32496
230091,42132
230091,44302
230091,53046
230091,61560
230091,63136
230178,11262
230178,37644
230178,39186
230178,42132
230178,44664
230178,44914
230178,50268
230178,63136
230178,63538
230178,63540
230286,1304
230286,1372
230286,10808
230286,11262
230286,16358
230286,37644
230286,42132
230286,44302
230286,63136
230331,1304
230331,1372
230331,10808
230331,11262
230331,16358
230331,37644
230331,42132
230331,44302
230331,63136
230604,1304
230604,1372
230604,10808
230604,11262
230604,16358
230604,37644
230604,42132
230604,44302
230604,63136
231057,1372
231057,10808
231057,11490
231057,32496
231057,33886
231057,42132
231057,44302
231057,53046
231057,62276
231057,63136
231096,1304
231096,1372
231096,10808
231096,11262
231096,16358
231096,37644
231096,42132
231096,44302
231096,63136
231102,1304
231102,1372
231102,10808
231102,11262
231102,16358
231102,37644
231102,42132
231102,44302
231102,63136
231144,1304
231144,1372
231144,10808
231144,11262
231144,16358
231144,37644
231144,42132
231144,44302
231144,63136
231162,1372
231162,10808
231162,11490
231162,32496
231162,42132
231162,44302
231162,53046
231162,63136
231225,1304
231225,1372
231225,10808
231225,11262
231225,16358
231225,37644
231225,42132
231225,44302
231225,63136
231282,1372
231282,10808
231282,11490
231282,32496
231282,42132
231282,44302
231282,53046
231282,62616
231282,63136
231414,1304
231414,1372
231414,10808
231414,11262
231414,16358
231414,37644
231414,42132
231414,44302
231414,56696
231414,63136
231459,1372
231459,10808
231459,11262
231459,16358
231459,37644
231459,42132
231459,44302
231459,56714
231459,63136
231663,1206
231663,1304
231663,1370
231663,3382
231663,10790
231663,11262
231663,11490
231663,30500
231663,32496
231663,33886
231663,35732
231663,39186
231663,45912
231663,48298
231663,50268
231663,50270
231663,50716
231663,50718
231663,50724
231663,52918
231663,53386
231663,54096
231663,56484
231663,56696
231663,56714
231663,57414
231663,57522
231663,59394
231663,59396
231663,59776
231663,59822
231663,60522
231663,60978
231663,61028
231663,61280
231663,61348
231663,61540
231663,61542
231663,61552
231663,61558
231663,61560
231663,62274
231663,62400
231663,62616
231663,62860
231663,62944
231663,63136
231663,63188
231663,63418
231708,1304
231708,1372
231708,10808
231708,11262
231708,16358
231708,37644
231708,42132
231708,44302
231708,63136
231876,1304
231876,1370
231876,1372
231876,10652
231876,10808
231876,16358
231876,33886
231876,36720
231876,44662
231876,44914
231876,51974
231876,54864
231876,55638
231876,56714
231876,59822
231876,61672
231876,62376
231876,63188
231876,63538
231900,1304
231900,1372
231900,10808
231900,11262
231900,16358
231900,37644
231900,42132
231900,44302
231900,63136
231909,11262
231909,37644
231909,39186
231909,42132
231909,44664
231909,44914
231909,50268
231909,63136
231909,63538
231909,63540
232029,1304
232029,1372
232029,10808
232029,11262
232029,16358
232029,37644
232029,42132
232029,44302
232029,56714
232029,63136
232035,1370
232035,1372
232035,10808
232035,11490
232035,30500
232035,32496
232035,42132
232035,44302
232035,53046
232035,56714
232035,59396
232035,63136
232065,1372
232065,10808
232065,11490
232065,32496
232065,42132
232065,44302
232065,50268
232065,53046
232065,63136
232068,11262
232068,39186
232068,42132
232068,44664
232068,50268
232068,50270
232068,57522
232068,61552
232068,61558
232068,61560
232068,63136
232068,63510
232068,63538
232068,63540
232266,1304
232266,1370
232266,1372
232266,10652
232266,10808
232266,16358
232266,36720
232266,44662
232266,44914
232266,51974
232266,54864
232266,55638
232266,59822
232266,61672
232266,62376
232266,63188
232266,63538
232269,30500
232269,33886
232269,39186
232269,42132
232269,44664
232269,50268
232269,50270
232269,57522
232269,59396
232269,61552
232269,61558
232269,61560
232269,63136
232269,63510
232269,63538
232269,63540
232404,11262
232404,37644
232404,39186
232404,42132
232404,44664
232404,44914
232404,50268
232404,56714
232404,61558
232404,63136
232404,63538
232404,63540
232410,1372
232410,10808
232410,11490
232410,32496
232410,42132
232410,44302
232410,53046
232410,63136
232452,11262
232452,37644
232452,39186
232452,42132
232452,44664
232452,44914
232452,50268
232452,63136
232452,63538
232452,63540
232455,1372
232455,10808
232455,11490
232455,32496
232455,42132
232455,44302
232455,53046
232455,63136
232503,1372
232503,10808
232503,11490
232503,32496
232503,39186
232503,42132
232503,44302
232503,53046
232503,63136
232503,63218
232614,1304
232614,1372
232614,10808
232614,11262
232614,16358
232614,33534
232614,37644
232614,42132
232614,44302
232614,63136
232656,1304
232656,1372
232656,10808
232656,11262
232656,16358
232656,37644
232656,39186
232656,42132
232656,44302
232656,63136
232665,1304
232665,1372
232665,10808
232665,11262
232665,16358
232665,37644
232665,42132
232665,63136
232788,1304
232788,1372
232788,10808
232788,11262
232788,16358
232788,37644
232788,42132
232788,44302
232788,53160
232788,63136
232827,39186
232827,42132
232827,44664
232827,50268
232827,50270
232827,56714
232827,57522
232827,61552
232827,61558
232827,61560
232827,63136
232827,63538
232827,63540
233040,1304
233040,1372
233040,10808
233040,11262
233040,16358
233040,37644
233040,42132
233040,44302
233040,63136
233091,1304
233091,1372
233091,10808
233091,11262
233091,16358
233091,37644
233091,42132
233091,44302
233091,63136
233163,60
233163,1206
233163,39186
233163,44660
233163,44664
233163,44914
233163,45912
233163,48298
233163,50268
233163,50718
233163,51316
233163,52620
233163,53386
233163,54096
233163,55638
233163,56484
233163,61540
233163,61672
233163,62376
233427,1304
233427,1372
233427,10808
233427,11262
233427,16358
233427,37644
233427,42132
233427,44302
233427,63136
233559,1304
233559,1372
233559,10808
233559,11262
233559,16358
233559,37644
233559,42132
233559,44302
233559,63136
233814,1304
233814,1370
233814,1372
233814,10652
233814,10808
233814,16358
233814,36720
233814,44662
233814,44914
233814,51974
233814,54864
233814,55638
233814,59822
233814,60978
233814,61672
233814,62376
233814,63188
233814,63538
233961,1304
233961,1372
233961,10808
233961,11262
233961,16358
233961,37644
233961,42132
233961,44302
233961,63136
233970,1304
233970,1372
233970,10808
233970,11262
233970,16358
233970,37644
233970,42132
233970,44302
233970,63136
234018,1304
234018,1372
234018,10808
234018,16358
234018,37644
234018,42132
234018,44302
234018,63136
234021,1206
234021,1304
234021,1370
234021,3382
234021,10790
234021,11490
234021,30500
234021,32496
234021,35732
234021,39186
234021,45912
234021,48298
234021,50268
234021,50270
234021,50716
234021,50718
234021,50724
234021,52918
234021,53386
234021,54096
234021,56484
234021,56696
234021,56714
234021,57414
234021,57522
234021,59394
234021,59396
234021,59776
234021,59822
234021,60522
234021,60978
234021,61028
234021,61280
234021,61348
234021,61540
234021,61542
234021,61552
234021,61558
234021,61560
234021,62274
234021,62400
234021,62616
234021,62860
234021,62944
234021,63136
234021,63188
234021,63418
234030,1372
234030,10808
234030,11490
234030,32496
234030,42132
234030,44302
234030,53046
234030,61560
234030,63136
234093,60
234093,10808
234093,16358
234093,42132
234093,53256
234093,54864
234093,55632
234093,55638
234093,56484
234093,56696
234093,56714
234093,57522
234093,57804
234093,58504
234093,59394
234093,59396
234093,59776
234093,60522
234093,61280
234093,61348
234093,63540
234120,60
234120,1304
234120,1370
234120,1372
234120,3382
234120,10790
234120,10808
234120,11262
234120,11490
234120,16358
234120,33534
234120,34092
234120,35846
234120,36720
234120,36722
234120,36762
234120,37644
234120,39186
234120,42132
234120,44662
234120,46632
234120,48298
234120,50270
234120,50272
234120,50274
234120,52620
234120,53386
234120,54096
234120,54290
234120,55638
234120,57522
234120,57804
234120,59816
234120,61028
234120,61348
234120,61364
234120,61540
234120,61560
234120,62074
234120,62170
234120,62274
234120,62276
234120,62376
234120,62400
234120,62614
234120,62616
234120,62618
234120,63186
234120,63188
234120,63418
234129,1304
234129,1370
234129,1372
234129,10652
234129,10808
234129,16358
234129,36720
234129,44662
234129,44914
234129,51974
234129,54864
234129,55638
234129,59822
234129,61672
234129,62376
234129,63188
234129,63538
234156,11262
234156,37644
234156,39186
234156,42132
234156,44664
234156,44914
234156,50268
234156,63136
234156,63538
234156,63540
234297,39186
234297,42132
234297,44664
234297,50268
234297,50270
234297,50962
234297,57522
234297,61552
234297,61558
234297,61560
234297,63136
234297,63538
234297,63540
234555,60
234555,1304
234555,1370
234555,1372
234555,3382
234555,10790
234555,10808
234555,11262
234555,11490
234555,16358
234555,33534
234555,34092
234555,35846
234555,36720
234555,36722
234555,36762
234555,37644
234555,39186
234555,42132
234555,44662
234555,46632
234555,48298
234555,50270
234555,50272
234555,50274
234555,52620
234555,53386
234555,54096
234555,54290
234555,55638
234555,57522
234555,57804
234555,59816
234555,61028
234555,61348
234555,61364
234555,61540
234555,61560
234555,62074
234555,62170
234555,62274
234555,62276
234555,62376
234555,62400
234555,62614
234555,62616
234555,62618
234555,63186
234555,63188
234555,63418
234864,124
234864,1304
234864,1372
234864,10808
234864,11262
234864,16358
234864,37644
234864,42132
234864,44302
234864,63136
234951,1304
234951,1370
234951,1372
234951,10652
234951,16358
234951,36720
234951,44662
234951,44914
234951,50274
234951,51974
234951,54864
234951,55638
234951,56714
234951,57414
234951,59822
234951,61672
234951,62376
234951,63188
234951,63538
234972,1304
234972,1370
234972,1372
234972,10808
234972,11262
234972,16358
234972,37644
234972,42132
234972,44302
234972,63136
234972,63188
235191,1304
235191,1372
235191,10808
235191,16358
235191,37644
235191,42132
235191,44302
235191,53406
235191,57414
235191,63136
235299,1304
235299,1372
235299,10808
235299,11262
235299,16358
235299,37644
235299,42132
235299,44302
235299,63136
235335,60
235335,1206
235335,11262
235335,39186
235335,44660
235335,44664
235335,44914
235335,45912
235335,48298
235335,50268
235335,50718
235335,51316
235335,52620
235335,53386
235335,54096
235335,55638
235335,56484
235335,61540
235335,61672
235335,62376
235380,1304
235380,1372
235380,10808
235380,11262
235380,16358
235380,37644
235380,42132
235380,44302
235380,63136
235458,1304
235458,1372
235458,10808
235458,11262
235458,16358
235458,37644
235458,42132
235458,44302
235458,63136
235842,1304
235842,1372
235842,10808
235842,11262
235842,16358
235842,37644
235842,42132
235842,44302
235932,11262
235932,37644
235932,39186
235932,42132
235932,44664
235932,44914
235932,50268
235932,63136
235932,63538
235932,63540
236115,1304
236115,1372
236115,10808
236115,11262
236115,16358
236115,37644
236115,42132
236115,44302
236115,63136
236226,1372
236226,10808
236226,11490
236226,32496
236226,42132
236226,44302
236226,53046
236226,61672
236226,63136
236490,1304
236490,1372
236490,10808
236490,11262
236490,16358
236490,37644
236490,42132
236490,44302
236490,63136
236520,1304
236520,10652
236520,11262
236520,16358
236520,44662
236520,44664
236520,44914
236520,50268
236520,51974
236520,61672
236520,62376
236520,63538
236655,1304
236655,1372
236655,10808
236655,11262
236655,16358
236655,37644
236655,42132
236655,44302
236655,63136
236766,1372
236766,3382
236766,10790
236766,10808
236766,11262
236766,16358
236766,30500
236766,33886
236766,34092
236766,36720
236766,36722
236766,36762
236766,37644
236766,39186
236766,42132
236766,46632
236766,48298
236766,48980
236766,50274
236766,50716
236766,50718
236766,50724
236766,52620
236766,52918
236766,53046
236766,53048
236766,53160
236766,53256
236766,53258
236766,53394
236766,53406
236766,54096
236766,54290
236766,55798
236766,56696
236766,56714
236766,57414
236766,57804
236766,59394
236766,59396
236766,59776
236766,59816
236766,59822
236766,60522
236766,60978
236766,61028
236766,61348
236766,61364
236766,61542
236766,61552
236766,61560
236766,62074
236766,62170
236766,62274
236766,62276
236766,62376
236766,62400
236766,63136
236766,63218
236766,63220
236766,63360
236766,63418
236766,63510
236766,63538
236766,63540
236775,1304
236775,1372
236775,10808
236775,11262
236775,16358
236775,37644
236775,42132
236775,44302
236775,56714
236775,63136
236823,1304
236823,1372
236823,10808
236823,11262
236823,16358
236823,37644
236823,42132
236823,44302
236823,55638
236823,63136
236973,60
236973,1206
236973,39186
236973,44660
236973,44664
236973,44914
236973,45912
236973,48298
236973,50268
236973,50718
236973,51316
236973,52620
236973,53386
236973,54096
236973,55638
236973,56484
236973,58504
236973,61540
236973,61672
236973,62376
237057,1372
237057,10808
237057,11262
237057,11490
237057,32496
237057,42132
237057,44302
237057,53046
237057,63136
237195,1304
237195,1372
237195,10808
237195,11262
237195,16358
237195,37644
237195,42132
237195,44302
237195,62170
237195,63136
237252,1304
237252,1372
237252,10808
237252,11262
237252,16358
237252,37644
237252,42132
237252,44302
237252,63136
237300,1304
237300,1372
237300,10808
237300,11262
237300,16358
237300,37644
237300,42132
237300,44302
237300,63136
237300,63510
237675,11262
237675,37644
237675,39186
237675,42132
237675,44664
237675,44914
237675,50268
237675,63136
237675,63538
237675,63540
237765,1304
237765,1372
237765,10808
237765,11262
237765,16358
237765,37644
237765,42132
237765,44302
237765,63136
237804,1304
237804,1372
237804,10808
237804,11262
237804,16358
237804,37644
237804,42132
237804,44302
237804,63136
237840,1372
237840,10808
237840,11490
237840,32496
237840,42132
237840,44302
237840,53046
237840,63136
238032,39186
238032,42132
238032,44664
238032,50268
238032,50270
238032,57522
238032,61552
238032,61558
238032,61560
238032,63136
238032,63538
238032,63540
238068,11262
238068,37644
238068,39186
238068,42132
238068,44664
238068,44914
238068,50268
238068,63136
238068,63538
238068,63540
238218,1372
238218,10808
238218,11490
238218,32496
238218,42132
238218,44302
238218,53046
238218,63136
238263,1372
238263,10808
238263,11490
238263,32496
238263,42132
238263,44302
238263,53046
238263,63136
238293,1372
238293,10808
238293,11490
238293,32496
238293,42132
238293,44302
238293,53046
238293,61028
238293,63136
238377,1304
238377,1372
238377,10808
238377,11262
238377,16358
238377,37644
238377,42132
238377,44302
238377,56714
238377,59396
238377,63136
238536,1304
238536,1370
238536,1372
238536,10652
238536,10808
238536,11262
238536,16358
238536,36720
238536,44662
238536,44914
238536,51974
238536,54864
238536,55638
238536,59822
238536,61672
238536,62376
238536,63188
238536,63538
238572,10808
238572,11262
238572,16358
238572,37644
238572,42132
238572,44302
238572,63136
238608,1304
238608,1372
238608,10808
238608,11262
238608,16358
238608,37644
238608,42132
238608,44302
238608,50970
238608,63136
238611,1304
238611,10808
238611,11262
238611,16358
238611,37644
238611,42132
238611,44302
238611,63136
238611,63188
238689,1304
238689,1372
238689,10808
238689,11262
238689,37644
238689,42132
238689,44302
238689,56714
238689,63136
238827,1304
238827,1372
238827,10808
238827,11262
238827,16358
238827,30500
238827,37644
238827,42132
238827,44302
238827,44644
238827,63136
238875,1304
238875,1372
238875,10808
238875,11262
238875,16358
238875,37644
238875,42132
238875,44302
238875,63136
238878,1304
238878,1370
238878,1372
238878,10808
238878,11262
238878,37644
238878,42132
238878,44302
238878,63136
238887,1304
238887,1372
238887,10808
238887,11262
238887,16358
238887,37644
238887,42132
238887,44302
238887,63136
239115,11262
239115,37644
239115,39186
239115,42132
239115,44664
239115,44914
239115,50268
239115,55638
239115,63136
239115,63538
239115,63540
239217,60
239217,1206
239217,39186
239217,44660
239217,44664
239217,44914
239217,45912
239217,48298
239217,50268
239217,50718
239217,51316
239217,52620
239217,53386
239217,54096
239217,55638
239217,56484
239217,61540
239217,61672
239217,62376
239247,11262
239247,37644
239247,39186
239247,42132
239247,44664
239247,44914
239247,50268
239247,63136
239247,63538
239247,63540
239508,1304
239508,1372
239508,10808
239508,11262
239508,16358
239508,37644
239508,42132
239508,44302
239508,63136
239556,11262
239556,37644
239556,39186
239556,42132
239556,44664
239556,44914
239556,50268
239556,63136
239556,63538
239556,63540
239577,1304
239577,1372
239577,10808
239577,11262
239577,16358
239577,37644
239577,42132
239577,44302
239577,63136
239592,60
239592,1206
239592,39186
239592,44660
239592,44664
239592,44914
239592,45912
239592,48298
239592,50268
239592,50718
239592,51316
239592,52620
239592,53386
239592,54096
239592,55638
239592,56484
239592,57414
239592,61540
239592,61672
239592,62276
239592,62376
240852,1304
240852,1372
240852,10808
240852,11262
240852,16358
240852,37644
240852,42132
240852,44302
240852,62276
240852,63136
240912,1304
240912,1372
240912,10808
240912,11262
240912,16358
240912,37644
240912,42132
240912,44302
240912,63136
240918,1304
240918,1372
240918,10808
240918,11262
240918,16358
240918,37644
240918,42132
240918,44302
240918,63136
240924,1304
240924,1372
240924,10808
240924,11262
240924,16358
240924,37644
240924,42132
240924,44302
240924,63136
240939,1370
240939,1372
240939,10652
240939,10808
240939,16358
240939,36720
240939,44662
240939,44914
240939,51974
240939,54864
240939,55638
240939,59822
240939,61672
240939,62376
240939,63188
240939,63538
240990,1304
240990,1372
240990,10808
240990,11262
240990,16358
240990,37644
240990,42132
240990,44302
240990,63136
241026,1304
241026,1372
241026,10808
241026,11262
241026,16358
241026,37644
241026,42132
241026,44302
241026,63136
241203,1304
241203,1372
241203,10808
241203,16358
241203,37644
241203,42132
241203,44302
241203,63136
241218,1304
241218,1370
241218,1372
241218,10652
241218,10808
241218,16358
241218,36720
241218,44662
241218,44914
241218,51974
241218,54864
241218,55638
241218,59822
241218,61672
241218,62376
241218,63188
241218,63538
241263,1304
241263,1372
241263,10808
241263,11262
241263,16358
241263,37644
241263,42132
241263,44302
241263,63136
241305,60
241305,1304
241305,1370
241305,1372
241305,3382
241305,10790
241305,10808
241305,11262
241305,11490
241305,16358
241305,33534
241305,34092
241305,35846
241305,36720
241305,36722
241305,36762
241305,37644
241305,39186
241305,42132
241305,44662
241305,46632
241305,48298
241305,50270
241305,50272
241305,50274
241305,52620
241305,53386
241305,54096
241305,54290
241305,55638
241305,57522
241305,57804
241305,59816
241305,61028
241305,61348
241305,61364
241305,61540
241305,61560
241305,62074
241305,62170
241305,62274
241305,62276
241305,62376
241305,62400
241305,62614
241305,62616
241305,62618
241305,63186
241305,63188
241305,63418
241329,1304
241329,1372
241329,10808
241329,11262
241329,16358
241329,37644
241329,42132
241329,44302
241329,61280
241329,63136
241350,1304
241350,1370
241350,1372
241350,10652
241350,10808
241350,16358
241350,36720
241350,44662
241350,44914
241350,51974
241350,54864
241350,55638
241350,59822
241350,61672
241350,62376
241350,63188
241350,63538
241389,1304
241389,1372
241389,10808
241389,11262
241389,16358
241389,37644
241389,42132
241389,44302
241389,63136
241824,11262
241824,37644
241824,39186
241824,42132
241824,44664
241824,44914
241824,50268
241824,63136
241824,63538
241824,63540
242130,1304
242130,1370
242130,1372
242130,10652
242130,10808
242130,16358
242130,36720
242130,44662
242130,44914
242130,51974
242130,54864
242130,55638
242130,59822
242130,61672
242130,62376
242130,63188
242130,63538
242151,1372
242151,10808
242151,11490
242151,32496
242151,42132
242151,44302
242151,53046
242151,63136
242232,1304
242232,1372
242232,10808
242232,11262
242232,16358
242232,37644
242232,42132
242232,44302
242232,63136
242388,1372
242388,10808
242388,11490
242388,32496
242388,42132
242388,44302
242388,53046
242388,56714
242388,63136
242409,1370
242409,37644
242409,39186
242409,42132
242409,44664
242409,44914
242409,50268
242409,56714
242409,63136
242409,63538
242409,63540
242412,1304
242412,1372
242412,10808
242412,11262
242412,16358
242412,37644
242412,42132
242412,44302
242412,63136
242415,1304
242415,1372
242415,10808
242415,11262
242415,16358
242415,37644
242415,42132
242415,44302
242415,63136
242430,1304
242430,1372
242430,10808
242430,11262
242430,16358
242430,37644
242430,42132
242430,44302
242430,63136
242439,1304
242439,1372
242439,10808
242439,11262
242439,16358
242439,37644
242439,42132
242439,44302
242439,63136
242442,1372
242442,10808
242442,11490
242442,32496
242442,42132
242442,44302
242442,53046
242442,63136
242505,1304
242505,1372
242505,10808
242505,11262
242505,16358
242505,37644
242505,42132
242505,44302
242505,63136
242556,1304
242556,30500
242556,37644
242556,39186
242556,42132
242556,44664
242556,44914
242556,50268
242556,63136
242556,63510
242556,63538
242556,63540
242571,1304
242571,1372
242571,10808
242571,11262
242571,16358
242571,37644
242571,42132
242571,44302
242571,63136
242610,1304
242610,1370
242610,1372
242610,10652
242610,10808
242610,16358
242610,36720
242610,44662
242610,44914
242610,51974
242610,54864
242610,55638
242610,59822
242610,61672
242610,62376
242610,63188
242610,63538
242619,1372
242619,10808
242619,11262
242619,11490
242619,32496
242619,42132
242619,44302
242619,53046
242619,56714
242619,63136
242619,63510
242856,39186
242856,42132
242856,44664
242856,50268
242856,50270
242856,57522
242856,61552
242856,61558
242856,61560
242856,63136
242856,63538
242856,63540
243081,60
243081,1206
243081,39186
243081,44660
243081,44664
243081,44914
243081,45912
243081,48298
243081,50268
243081,50718
243081,51316
243081,52620
243081,53386
243081,54096
243081,55638
243081,56484
243081,61540
243081,61672
243081,62376
243390,1304
243390,1372
243390,10808
243390,11262
243390,16358
243390,37644
243390,42132
243390,44302
243390,63136
243408,1304
243408,1372
243408,10808
243408,11262
243408,16358
243408,33886
243408,37644
243408,42132
243408,44302
243408,61558
243408,63136
243477,1304
243477,1372
243477,10808
243477,11262
243477,16358
243477,37644
243477,42132
243477,44302
243477,62618
243477,63136
243546,1372
243546,10808
243546,11490
243546,32496
243546,42132
243546,44302
243546,53046
243546,63136
243789,1372
243789,10808
243789,11490
243789,32496
243789,42132
243789,44302
243789,53046
243789,63136
243927,1304
243927,1372
243927,10808
243927,11262
243927,16358
243927,37644
243927,42132
243927,44302
243927,63136
243954,1304
243954,1372
243954,10808
243954,11262
243954,16358
243954,37644
243954,42132
243954,44302
243954,48574
243954,63136
243981,1304
243981,1372
243981,10808
243981,11262
243981,16358
243981,37644
243981,42132
243981,44302
243981,63136
244005,1304
244005,1372
244005,10808
244005,11262
244005,16358
244005,37644
244005,42132
244005,44302
244005,63136
244041,1304
244041,1372
244041,10808
244041,11262
244041,16358
244041,37644
244041,42132
244041,44302
244041,63136
244065,1304
244065,1372
244065,10808
244065,11262
244065,16358
244065,37644
244065,42132
244065,44302
244065,63136
244092,1304
244092,1372
244092,10808
244092,11262
244092,16358
244092,37644
244092,42132
244092,44302
244092,63136
244158,1304
244158,1372
244158,10808
244158,11262
244158,16358
244158,37644
244158,42132
244158,44302
244158,63136
244173,1304
244173,1372
244173,10808
244173,11262
244173,16358
244173,37644
244173,42132
244173,44302
244173,63136
244278,1304
244278,1372
244278,10808
244278,11262
244278,16358
244278,30500
244278,37644
244278,42132
244278,44302
244278,63136
244287,1304
244287,1372
244287,10808
244287,11490
244287,32496
244287,42132
244287,44302
244287,53046
244287,56714
244287,59396
244287,61028
244287,63136
244380,1372
244380,10808
244380,11262
244380,11490
244380,30500
244380,32496
244380,44302
244380,53046
244380,63136
244404,39186
244404,42132
244404,44664
244404,50268
244404,50270
244404,57522
244404,61280
244404,61552
244404,61558
244404,61560
244404,63136
244404,63538
244404,63540
244446,1304
244446,1372
244446,10808
244446,11262
244446,16358
244446,37644
244446,42132
244446,44302
244446,63136
244479,1304
244479,1372
244479,10808
244479,11262
244479,16358
244479,37644
244479,42132
244479,44302
244479,63136
244575,11262
244575,37644
244575,39186
244575,42132
244575,44664
244575,44914
244575,50268
244575,63136
244575,63538
244575,63540
244644,11262
244644,37644
244644,39186
244644,42132
244644,44664
244644,44914
244644,50268
244644,63136
244644,63220
244644,63538
244644,63540
244680,11262
244680,37644
244680,39186
244680,42132
244680,44664
244680,44914
244680,50268
244680,63136
244680,63538
244680,63540
244731,1372
244731,11490
244731,32496
244731,42132
244731,44302
244731,53046
244731,63136
244731,63188
244866,1304
244866,1372
244866,10808
244866,11262
244866,16358
244866,37644
244866,42132
244866,44302
244866,63136
244869,1304
244869,1372
244869,11262
244869,16358
244869,37644
244869,42132
244869,44302
244869,63136
244878,1304
244878,1372
244878,10808
244878,11262
244878,16358
244878,37644
244878,42132
244878,44302
244878,63136
244971,1304
244971,1370
244971,1372
244971,10652
244971,10808
244971,16358
244971,36720
244971,44662
244971,44914
244971,51974
244971,54864
244971,55638
244971,59822
244971,61672
244971,62376
244971,63188
244971,63538
245046,1304
245046,1372
245046,10808
245046,11262
245046,16358
245046,37644
245046,42132
245046,44302
245046,63136
245154,1304
245154,1372
245154,10808
245154,11262
245154,16358
245154,37644
245154,42132
245154,44302
245154,61348
245154,63136
245631,1304
245631,10808
245631,11262
245631,16358
245631,37644
245631,42132
245631,44302
245631,63136
245706,1372
245706,10808
245706,11490
245706,32496
245706,42132
245706,44302
245706,53046
245706,63136
245826,1304
245826,1372
245826,10808
245826,11262
245826,16358
245826,37644
245826,42132
245826,44302
245826,63136
245868,1304
245868,1370
245868,1372
245868,10652
245868,10808
245868,16358
245868,36720
245868,44662
245868,44914
245868,51974
245868,54864
245868,55638
245868,59822
245868,61672
245868,62376
245868,63188
245868,63538
245976,1304
245976,1372
245976,10808
245976,11262
245976,16358
245976,37644
245976,42132
245976,44302
245976,63136
246033,1304
246033,1370
246033,1372
246033,10652
246033,10808
246033,16358
246033,36720
246033,44662
246033,44914
246033,51974
246033,54864
246033,55638
246033,59822
246033,61672
246033,62376
246033,63188
246033,63538
246042,1304
246042,10652
246042,11262
246042,16358
246042,44662
246042,44664
246042,44914
246042,50268
246042,51974
246042,61672
246042,62376
246042,63538
246054,1304
246054,1372
246054,10808
246054,11262
246054,16358
246054,33886
246054,37644
246054,42132
246054,44302
246054,48980
246054,63136
246099,39186
246099,42132
246099,44664
246099,50268
246099,50270
246099,57522
246099,61552
246099,61558
246099,61560
246099,63136
246099,63538
246099,63540
246150,1304
246150,1372
246150,10808
246150,11262
246150,16358
246150,37644
246150,42132
246150,44302
246150,63136
246150,63418
246216,1304
246216,1372
246216,10808
246216,11262
246216,16358
246216,37644
246216,42132
246216,44302
246216,63136
246339,1304
246339,1372
246339,10808
246339,11262
246339,16358
246339,37644
246339,42132
246339,44302
246339,63136
246618,1304
246618,1372
246618,10808
246618,16358
246618,35732
246618,37644
246618,42132
246618,44302
246618,63136
246627,1304
246627,1372
246627,10808
246627,11262
246627,16358
246627,37644
246627,42132
246627,44302
246627,63136
246711,60
246711,1304
246711,1372
246711,3382
246711,10790
246711,10808
246711,11262
246711,11490
246711,16358
246711,33534
246711,34092
246711,35846
246711,36720
246711,36722
246711,36762
246711,37644
246711,42132
246711,44662
246711,46632
246711,48298
246711,50270
246711,50272
246711,50274
246711,52620
246711,53386
246711,54096
246711,54290
246711,55638
246711,56714
246711,57522
246711,57804
246711,59394
246711,59396
246711,59816
246711,61028
246711,61348
246711,61364
246711,61540
246711,61560
246711,62074
246711,62170
246711,62274
246711,62276
246711,62376
246711,62400
246711,62614
246711,62616
246711,62618
246711,63186
246711,63188
246711,63418
246720,1304
246720,1372
246720,10808
246720,11262
246720,16358
246720,37644
246720,42132
246720,44302
246720,63136
246804,1304
246804,1372
246804,10808
246804,11262
246804,16358
246804,37644
246804,42132
246804,44302
246804,63136
246858,3382
246858,10652
246858,10790
246858,11262
246858,11490
246858,32496
246858,39186
246858,42132
246858,44302
246858,44662
246858,44914
246858,45912
246858,48298
246858,50716
246858,50724
246858,52918
246858,53386
246858,54096
246858,54864
246858,55632
246858,55638
246858,57522
246858,59394
246858,59396
246858,59776
246858,60522
246858,60978
246858,61280
246858,62274
246858,62276
246858,62376
246858,62378
246858,62400
246858,62614
246858,62616
246858,62618
246858,62860
246858,63186
246870,1304
246870,1372
246870,10808
246870,11262
246870,16358
246870,37644
246870,42132
246870,44302
246870,62378
246870,63136
246915,1304
246915,1372
246915,10808
246915,11262
246915,16358
246915,37644
246915,42132
246915,63136
246963,1372
246963,10808
246963,11490
246963,32496
246963,42132
246963,44302
246963,53046
246963,63136
246987,1372
246987,10808
246987,11490
246987,32496
246987,42132
246987,44302
246987,53046
246987,63136
247002,1372
247002,10808
247002,11490
247002,32496
247002,42132
247002,44302
247002,53046
247002,63136
247029,1304
247029,1372
247029,10808
247029,11262
247029,16358
247029,37644
247029,42132
247029,44302
247029,63136
247134,1304
247134,1372
247134,10808
247134,11262
247134,16358
247134,37644
247134,42132
247134,44302
247134,63136
247239,1304
247239,1372
247239,10808
247239,11262
247239,16358
247239,37644
247239,42132
247239,44302
247239,63136
247260,1304
247260,1370
247260,1372
247260,10652
247260,10808
247260,16358
247260,36720
247260,44662
247260,44914
247260,51974
247260,54864
247260,55638
247260,59822
247260,61672
247260,62376
247260,63188
247260,63538
247374,1304
247374,1372
247374,10808
247374,11262
247374,16358
247374,37644
247374,42132
247374,44302
247374,63136
247548,1304
247548,1372
247548,10808
247548,11262
247548,16358
247548,37644
247548,42132
247548,44302
247548,63136
247632,11262
247632,37644
247632,39186
247632,42132
247632,44664
247632,44914
247632,50268
247632,63136
247632,63538
247632,63540
247878,1304
247878,1372
247878,10808
247878,11262
247878,16358
247878,37644
247878,42132
247878,44302
247878,60522
247878,63136
247956,1304
247956,1372
247956,10808
247956,11262
247956,16358
247956,37644
247956,42132
247956,44302
247956,63136
247962,30500
247962,39186
247962,42132
247962,44664
247962,50268
247962,50270
247962,57522
247962,61552
247962,61558
247962,61560
247962,63136
247962,63538
247962,63540
247974,1304
247974,1372
247974,10808
247974,11262
247974,16358
247974,37644
247974,42132
247974,44302
247974,63136
247983,1372
247983,10808
247983,11490
247983,32496
247983,42132
247983,44302
247983,53046
247983,63136
247986,39186
247986,42132
247986,44664
247986,50268
247986,50270
247986,57522
247986,61552
247986,61558
247986,61560
247986,63136
247986,63538
247986,63540
247989,1304
247989,3382
247989,30500
247989,37644
247989,39186
247989,42132
247989,44664
247989,44914
247989,50268
247989,63136
247989,63538
247989,63540
248013,60
248013,1304
248013,1370
248013,1372
248013,3382
248013,10790
248013,10808
248013,11262
248013,11490
248013,16358
248013,33534
248013,34092
248013,35846
248013,36720
248013,36722
248013,36762
248013,37644
248013,39186
248013,42132
248013,44662
248013,46632
248013,48298
248013,50270
248013,50272
248013,50274
248013,52620
248013,53386
248013,54096
248013,54290
248013,55638
248013,57522
248013,57804
248013,59816
248013,61028
248013,61348
248013,61364
248013,61540
248013,61560
248013,62074
248013,62170
248013,62274
248013,62276
248013,62376
248013,62400
248013,62614
248013,62616
248013,62618
248013,63186
248013,63188
248013,63418
248061,11262
248061,37644
248061,39186
248061,42132
248061,44664
248061,44914
248061,50268
248061,63136
248061,63538
248061,63540
248064,1372
248064,10808
248064,11262
248064,16358
248064,37644
248064,42132
248064,44302
248064,63136
248178,1304
248178,1372
248178,10808
248178,11262
248178,16358
248178,37644
248178,42132
248178,44302
248178,63136
248202,39186
248202,42132
248202,44664
248202,50268
248202,50270
248202,57522
248202,61552
248202,61558
248202,61560
248202,63136
248202,63538
248202,63540
248205,1304
248205,1372
248205,10808
248205,11262
248205,16358
248205,37644
248205,42132
248205,44302
248205,63136
248250,1304
248250,1372
248250,10808
248250,11262
248250,16358
248250,37644
248250,42132
248250,44302
248250,54864
248250,63136
248292,1304
248292,1372
248292,10808
248292,11262
248292,16358
248292,37644
248292,42132
248292,44302
248292,63136
248301,1372
248301,10808
248301,11490
248301,32496
248301,42132
248301,44302
248301,53046
248301,55638
248301,63136
248373,1372
248373,10808
248373,11490
248373,32496
248373,42132
248373,44302
248373,53046
248373,63136
248550,11262
248550,37644
248550,39186
248550,42132
248550,44664
248550,44914
248550,50268
248550,57414
248550,63136
248550,63538
248550,63540
248598,60
248598,1304
248598,1370
248598,1372
248598,3382
248598,10790
248598,10808
248598,11262
248598,11490
248598,16358
248598,33534
248598,34092
248598,35846
248598,36720
248598,36722
248598,36762
248598,37644
248598,39186
248598,42132
248598,44662
248598,46632
248598,48298
248598,50270
248598,50272
248598,50274
248598,52620
248598,53386
248598,54096
248598,54290
248598,55638
248598,57522
248598,57804
248598,59816
248598,61028
248598,61348
248598,61364
248598,61540
248598,61560
248598,62074
248598,62170
248598,62274
248598,62276
248598,62376
248598,62400
248598,62614
248598,62616
248598,62618
248598,63186
248598,63188
248598,63418
248682,1304
248682,1372
248682,10808
248682,11262
248682,16358
248682,37644
248682,42132
248682,44302
248706,1304
248706,1372
248706,10808
248706,16358
248706,37644
248706,42132
248706,44302
248706,63136
248724,11262
248724,37644
248724,39186
248724,42132
248724,44664
248724,44914
248724,50268
248724,58504
248724,63136
248724,63538
248724,63540
248796,60
248796,124
248796,1206
248796,1304
248796,11262
248796,16358
248796,39186
248796,45912
248796,48298
248796,50268
248796,50724
248796,50968
248796,50970
248796,51316
248796,52620
248796,52918
248796,53386
248796,54096
248796,54864
248796,55632
248796,55638
248796,56484
248796,56714
248796,57804
248796,58504
248796,59394
248796,59822
248796,61280
248796,61348
248796,61540
248796,61560
248796,61672
248796,62276
248796,62376
248796,62616
248796,62618
248796,63136
248796,63218
248796,63538
248871,1304
248871,1372
248871,10808
248871,11262
248871,16358
248871,37644
248871,42132
248871,44302
248871,63136
248871,63220
249063,1372
249063,10808
249063,11262
249063,16358
249063,37644
249063,42132
249063,44302
249063,55632
249063,56714
249063,63136
249081,1304
249081,1372
249081,10808
249081,11262
249081,16358
249081,37644
249081,42132
249081,44302
249081,63136
249159,1304
249159,1372
249159,10808
249159,11262
249159,16358
249159,37644
249159,42132
249159,44302
249159,63136
249207,1304
249207,1372
249207,10808
249207,11262
249207,16358
249207,37644
249207,42132
249207,44302
249207,63136
249216,1304
249216,1372
249216,10808
249216,11262
249216,16358
249216,37644
249216,42132
249216,44302
249216,61540
249216,63136
249222,1304
249222,1372
249222,10808
249222,11262
249222,16358
249222,37644
249222,42132
249222,44302
249222,63136
249294,1372
249294,10808
249294,32496
249294,42132
249294,44302
249294,53046
249294,55632
249294,63136
249297,11262
249297,37644
249297,39186
249297,42132
249297,44664
249297,44914
249297,50268
249297,63136
249297,63538
249297,63540
249342,60
249342,1206
249342,11262
249342,39186
249342,44660
249342,44664
249342,44914
249342,45912
249342,48298
249342,50268
249342,50718
249342,51316
249342,52620
249342,53386
249342,54096
249342,55638
249342,56484
249342,59396
249342,61540
249342,61672
249342,62376
249342,63510
249411,1372
249411,10808
249411,11490
249411,32496
249411,42132
249411,44302
249411,53046
249411,63136
249486,60
249486,1304
249486,10808
249486,11262
249486,16358
249486,42132
249486,53256
249486,54864
249486,55632
249486,55638
249486,56484
249486,56696
249486,56714
249486,57522
249486,57804
249486,58504
249486,59394
249486,59396
249486,59776
249486,60522
249486,61280
249486,61348
249486,63540
249513,1372
249513,10808
249513,11490
249513,32496
249513,42132
249513,44302
249513,53046
249513,63136
249567,1304
249567,1372
249567,10808
249567,11262
249567,16358
249567,37644
249567,42132
249567,44302
249567,63136
249573,1304
249573,1370
249573,1372
249573,10652
249573,10808
249573,16358
249573,36720
249573,44662
249573,44914
249573,51974
249573,54864
249573,55638
249573,59822
249573,61672
249573,62376
249573,63188
249573,63538
249579,60
249579,1304
249579,1370
249579,1372
249579,3382
249579,10790
249579,10808
249579,11262
249579,11490
249579,16358
249579,33534
249579,34092
249579,35846
249579,36720
249579,36722
249579,36762
249579,37644
249579,39186
249579,42132
249579,44662
249579,46632
249579,48298
249579,50270
249579,50272
249579,50274
249579,52620
249579,52918
249579,53386
249579,54096
249579,54290
249579,55638
249579,57522
249579,57804
249579,59816
249579,61028
249579,61348
249579,61364
249579,61540
249579,61560
249579,62074
249579,62170
249579,62274
249579,62276
249579,62376
249579,62400
249579,62614
249579,62616
249579,62618
249579,63186
249579,63188
249579,63220
249579,63418
249633,1304
249633,1372
249633,10808
249633,11262
249633,30500
249633,35846
249633,37644
249633,42132
249633,44302
249633,63136
249687,1304
249687,1372
249687,10808
249687,11262
249687,16358
249687,37644
249687,42132
249687,44302
249687,63136
249795,11262
249795,37644
249795,39186
249795,42132
249795,44664
249795,44914
249795,50268
249795,63136
249795,63538
249795,63540
249843,1304
249843,1372
249843,10808
249843,16358
249843,37644
249843,42132
249843,44302
249843,63136
249855,1304
249855,1372
249855,10808
249855,11262
249855,16358
249855,37644
249855,42132
249855,44302
249855,63136
249930,1304
249930,1370
249930,1372
249930,10808
249930,11262
249930,16358
249930,37644
249930,42132
249930,44302
249930,63136
249981,1304
249981,1370
249981,1372
249981,10652
249981,10808
249981,16358
249981,36720
249981,44662
249981,44914
249981,51974
249981,54864
249981,55638
249981,59822
249981,61672
249981,62376
249981,63188
249981,63538
250020,1304
250020,1372
250020,10808
250020,11262
250020,16358
250020,37644
250020,42132
250020,44302
250020,63136
250221,1372
250221,10808
250221,11490
250221,32496
250221,42132
250221,44302
250221,53046
250221,63136
250275,1304
250275,1372
250275,10808
250275,11262
250275,16358
250275,37644
250275,42132
250275,44302
250275,63136
250284,1304
250284,1370
250284,1372
250284,10652
250284,10808
250284,16358
250284,36720
250284,44662
250284,44914
250284,51974
250284,54864
250284,55638
250284,59822
250284,61672
250284,62376
250284,63188
250284,63538
250344,1304
250344,1372
250344,10808
250344,11262
250344,16358
250344,37644
250344,42132
250344,44302
250344,63136
250362,1304
250362,1372
250362,10808
250362,11262
250362,16358
250362,37644
250362,42132
250362,44302
250362,50270
250362,63136
250434,60
250434,1304
250434,1370
250434,10808
250434,11262
250434,16358
250434,42132
250434,53256
250434,54864
250434,55632
250434,55638
250434,56484
250434,56696
250434,56714
250434,57522
250434,57804
250434,58504
250434,59394
250434,59396
250434,59776
250434,60522
250434,61280
250434,61348
250434,62276
250434,62944
250434,63510
250434,63540
250629,1304
250629,1372
250629,10808
250629,11262
250629,16358
250629,37644
250629,42132
250629,44302
250629,63136
250653,1372
250653,10808
250653,11490
250653,30500
250653,32496
250653,42132
250653,44302
250653,53046
250653,62074
250653,63136
250668,1304
250668,1372
250668,10808
250668,11262
250668,16358
250668,37644
250668,42132
250668,44302
250668,63136
250749,1304
250749,1372
250749,10808
250749,11262
250749,16358
250749,37644
250749,42132
250749,44302
250749,54864
250749,63136
250782,1304
250782,1372
250782,10808
250782,11262
250782,16358
250782,37644
250782,42132
250782,44302
250782,63136
250947,1372
250947,10808
250947,11490
250947,32496
250947,42132
250947,44302
250947,53046
250947,63136
250974,1304
250974,1372
250974,10808
250974,11262
250974,16358
250974,37644
250974,42132
250974,44302
250974,56714
250974,63136
250977,1304
250977,10808
250977,11262
250977,16358
250977,35732
250977,37644
250977,42132
250977,44302
250977,56714
250977,63136
251085,1372
251085,10808
251085,11262
251085,16358
251085,37644
251085,42132
251085,44302
251085,55638
251085,63136
251106,60
251106,1304
251106,1370
251106,1372
251106,3382
251106,10790
251106,10808
251106,11262
251106,11490
251106,16358
251106,33534
251106,34092
251106,35846
251106,36720
251106,36722
251106,36762
251106,37644
251106,39186
251106,42132
251106,44662
251106,46632
251106,48298
251106,50270
251106,50272
251106,50274
251106,52620
251106,53386
251106,54096
251106,54290
251106,55638
251106,57522
251106,57804
251106,59816
251106,61028
251106,61348
251106,61364
251106,61540
251106,61560
251106,62074
251106,62170
251106,62274
251106,62276
251106,62376
251106,62400
251106,62614
251106,62616
251106,62618
251106,63186
251106,63188
251106,63418
251121,60
251121,1304
251121,1370
251121,1372
251121,3382
251121,10790
251121,10808
251121,11262
251121,11490
251121,16358
251121,33534
251121,34092
251121,35846
251121,36720
251121,36722
251121,36762
251121,37644
251121,39186
251121,42132
251121,44662
251121,46632
251121,48298
251121,50270
251121,50272
251121,50274
251121,52620
251121,53386
251121,54096
251121,54290
251121,55638
251121,57522
251121,57804
251121,59816
251121,61028
251121,61348
251121,61364
251121,61540
251121,61560
251121,62074
251121,62170
251121,62274
251121,62276
251121,62376
251121,62400
251121,62614
251121,62616
251121,62618
251121,63186
251121,63188
251121,63418
251142,60
251142,1304
251142,1370
251142,1372
251142,3382
251142,10790
251142,10808
251142,11262
251142,11490
251142,16358
251142,33534
251142,34092
251142,35846
251142,36720
251142,36722
251142,36762
251142,37644
251142,39186
251142,42132
251142,44662
251142,46632
251142,48298
251142,50270
251142,50272
251142,50274
251142,52620
251142,53386
251142,54096
251142,54290
251142,55638
251142,57522
251142,57804
251142,59816
251142,61028
251142,61348
251142,61364
251142,61540
251142,61560
251142,62074
251142,62170
251142,62274
251142,62276
251142,62376
251142,62400
251142,62614
251142,62616
251142,62618
251142,63186
251142,63188
251142,63418
251169,60
251169,1304
251169,1370
251169,1372
251169,3382
251169,10790
251169,10808
251169,11262
251169,11490
251169,16358
251169,33534
251169,34092
251169,35846
251169,36720
251169,36722
251169,36762
251169,37644
251169,39186
251169,42132
251169,44662
251169,46632
251169,48298
251169,50270
251169,50272
251169,50274
251169,52620
251169,53386
251169,54096
251169,54290
251169,55638
251169,57522
251169,57804
251169,59816
251169,61028
251169,61348
251169,61364
251169,61540
251169,61560
251169,62074
251169,62170
251169,62274
251169,62276
251169,62376
251169,62400
251169,62614
251169,62616
251169,62618
251169,63186
251169,63188
251169,63418
251202,1304
251202,1372
251202,10808
251202,11262
251202,16358
251202,37644
251202,42132
251202,44302
251202,63136
251235,1304
251235,1372
251235,10808
251235,11262
251235,16358
251235,37644
251235,42132
251235,44302
251235,63136
251253,60
251253,1304
251253,1370
251253,1372
251253,3382
251253,10790
251253,10808
251253,11262
251253,11490
251253,16358
251253,33534
251253,34092
251253,35846
251253,36720
251253,36722
251253,36762
251253,37644
251253,39186
251253,42132
251253,44662
251253,46632
251253,48298
251253,50270
251253,50272
251253,50274
251253,52620
251253,53386
251253,54096
251253,54290
251253,55638
251253,57522
251253,57804
251253,59816
251253,61028
251253,61348
251253,61364
251253,61540
251253,61560
251253,62074
251253,62170
251253,62274
251253,62276
251253,62376
251253,62400
251253,62614
251253,62616
251253,62618
251253,63186
251253,63188
251253,63418
251382,1304
251382,1372
251382,10808
251382,11262
251382,16358
251382,37644
251382,42132
251382,44302
251382,61540
251382,63136
251391,1304
251391,1372
251391,3382
251391,10808
251391,16358
251391,30500
251391,33886
251391,34092
251391,36720
251391,39186
251391,42132
251391,46632
251391,48980
251391,50718
251391,54096
251391,55638
251391,56714
251391,57522
251391,59816
251391,61364
251391,61540
251391,62170
251391,62400
251391,63186
251391,63188
251391,63218
251391,63220
251391,63418
251391,63538
251442,60
251442,1304
251442,1372
251442,10790
251442,10808
251442,11490
251442,16358
251442,30500
251442,33534
251442,34092
251442,36720
251442,36722
251442,39186
251442,42132
251442,44662
251442,54096
251442,55638
251442,57522
251442,61348
251442,61364
251442,62074
251442,62170
251442,62276
251442,62400
251442,62614
251442,63186
251442,63188
251442,63418
251493,1304
251493,1372
251493,10808
251493,11262
251493,16358
251493,37644
251493,42132
251493,44302
251493,57522
251493,63136
251493,63218
251610,1304
251610,1372
251610,10808
251610,11262
251610,16358
251610,37644
251610,42132
251610,44302
251610,44664
251610,48980
251610,63136
251619,60
251619,1304
251619,1370
251619,1372
251619,10790
251619,10808
251619,11490
251619,16358
251619,33534
251619,34092
251619,36720
251619,36722
251619,39186
251619,42132
251619,44662
251619,45912
251619,54096
251619,55638
251619,57522
251619,61348
251619,61364
251619,62074
251619,62170
251619,62276
251619,62400
251619,62614
251619,63186
251619,63188
251619,63418
251625,1372
251625,10808
251625,11490
251625,32496
251625,42132
251625,44302
251625,53046
251625,63136
251631,1304
251631,1372
251631,10808
251631,11262
251631,16358
251631,37644
251631,42132
251631,44302
251631,63136
251643,60
251643,1304
251643,1370
251643,1372
251643,3382
251643,10790
251643,10808
251643,11490
251643,16358
251643,33534
251643,34092
251643,35846
251643,36720
251643,36722
251643,36762
251643,37644
251643,39186
251643,42132
251643,44662
251643,46632
251643,48298
251643,50270
251643,50272
251643,50274
251643,52620
251643,53386
251643,54096
251643,54290
251643,55638
251643,57522
251643,57804
251643,59816
251643,61028
251643,61348
251643,61364
251643,61540
251643,61560
251643,62074
251643,62170
251643,62274
251643,62276
251643,62376
251643,62400
251643,62614
251643,62616
251643,62618
251643,63186
251643,63188
251643,63418
251721,1304
251721,1372
251721,10808
251721,11262
251721,16358
251721,37644
251721,42132
251721,44302
251721,50968
251721,63136
251766,60
251766,1304
251766,1370
251766,1372
251766,3382
251766,10790
251766,10808
251766,11262
251766,11490
251766,16358
251766,33534
251766,34092
251766,35846
251766,36720
251766,36722
251766,36762
251766,37644
251766,39186
251766,42132
251766,44662
251766,46632
251766,48298
251766,50270
251766,50272
251766,50274
251766,52620
251766,53386
251766,54096
251766,54290
251766,55638
251766,57522
251766,57804
251766,59816
251766,61028
251766,61348
251766,61364
251766,61540
251766,61560
251766,62074
251766,62170
251766,62274
251766,62276
251766,62376
251766,62400
251766,62614
251766,62616
251766,62618
251766,63186
251766,63188
251766,63418
251817,1304
251817,1370
251817,1372
251817,10652
251817,10808
251817,16358
251817,36720
251817,44662
251817,44914
251817,51974
251817,54864
251817,55638
251817,59822
251817,61672
251817,62376
251817,63188
251817,63538
251829,1372
251829,10808
251829,11490
251829,32496
251829,42132
251829,44302
251829,53046
251829,63136
251967,1372
251967,10808
251967,11490
251967,32496
251967,42132
251967,44302
251967,53046
251967,63136
252057,1304
252057,1370
252057,1372
252057,10652
252057,10808
252057,16358
252057,36720
252057,44662
252057,44914
252057,51974
252057,54864
252057,55638
252057,59822
252057,61672
252057,62376
252057,63188
252057,63538
252066,60
252066,1304
252066,1370
252066,1372
252066,3382
252066,10790
252066,10808
252066,11262
252066,11490
252066,16358
252066,33534
252066,34092
252066,35846
252066,36720
252066,36722
252066,36762
252066,37644
252066,39186
252066,42132
252066,44662
252066,46632
252066,48298
252066,50270
252066,50272
252066,50274
252066,52620
252066,53386
252066,54096
252066,54290
252066,55638
252066,57522
252066,57804
252066,59816
252066,61028
252066,61348
252066,61364
252066,61540
252066,61560
252066,62074
252066,62170
252066,62274
252066,62276
252066,62376
252066,62400
252066,62614
252066,62616
252066,62618
252066,63186
252066,63188
252066,63418
252081,1372
252081,10808
252081,11490
252081,32496
252081,42132
252081,44302
252081,53046
252081,63136
252177,1304
252177,1372
252177,10652
252177,10808
252177,11262
252177,16358
252177,37644
252177,42132
252177,44302
252177,48980
252177,63136
252177,63188
252210,1304
252210,1372
252210,10808
252210,11262
252210,16358
252210,37644
252210,42132
252210,44302
252210,63136
252375,1304
252375,1372
252375,10808
252375,11262
252375,16358
252375,30500
252375,37644
252375,42132
252375,44302
252375,63136
252396,60
252396,1304
252396,1370
252396,1372
252396,3382
252396,10790
252396,10808
252396,11262
252396,11490
252396,16358
252396,33534
252396,34092
252396,35846
252396,36720
252396,36722
252396,36762
252396,37644
252396,39186
252396,42132
252396,44662
252396,46632
252396,48298
252396,50270
252396,50272
252396,50274
252396,52620
252396,53386
252396,54096
252396,54290
252396,55638
252396,57522
252396,57804
252396,59816
252396,61028
252396,61348
252396,61364
252396,61540
252396,61560
252396,62074
252396,62170
252396,62274
252396,62276
252396,62376
252396,62400
252396,62614
252396,62616
252396,62618
252396,63186
252396,63188
252396,63418
252405,1304
252405,1372
252405,10808
252405,11262
252405,16358
252405,37644
252405,42132
252405,44302
252405,63136
252480,60
252480,1304
252480,1370
252480,1372
252480,3382
252480,10790
252480,10808
252480,11262
252480,11490
252480,16358
252480,33534
252480,34092
252480,35846
252480,36720
252480,36722
252480,36762
252480,37644
252480,39186
252480,42132
252480,44662
252480,46632
252480,48298
252480,50270
252480,50272
252480,50274
252480,52620
252480,53386
252480,54096
252480,54290
252480,55638
252480,56484
252480,57522
252480,57804
252480,59816
252480,61028
252480,61348
252480,61364
252480,61540
252480,61560
252480,62074
252480,62170
252480,62274
252480,62276
252480,62376
252480,62400
252480,62614
252480,62616
252480,62618
252480,63186
252480,63188
252480,63418
252618,1304
252618,1372
252618,10808
252618,11262
252618,16358
252618,37644
252618,42132
252618,44302
252618,63136
252696,60
252696,1304
252696,1370
252696,1372
252696,3382
252696,10790
252696,10808
252696,11262
252696,11490
252696,16358
252696,33534
252696,34092
252696,35846
252696,36720
252696,36722
252696,36762
252696,37644
252696,39186
252696,42132
252696,44662
252696,46632
252696,48298
252696,50270
252696,50272
252696,50274
252696,52620
252696,53386
252696,54096
252696,54290
252696,55638
252696,57522
252696,57804
252696,59816
252696,61028
252696,61348
252696,61364
252696,61540
252696,61560
252696,62074
252696,62170
252696,62274
252696,62276
252696,62376
252696,62400
252696,62614
252696,62616
252696,62618
252696,63186
252696,63188
252696,63418
252774,1304
252774,1372
252774,10808
252774,11262
252774,16358
252774,37644
252774,42132
252774,44302
252774,63136
253053,1304
253053,1372
253053,10808
253053,11262
253053,16358
253053,37644
253053,42132
253053,44302
253053,62378
253053,63136
253098,1304
253098,1372
253098,10808
253098,11262
253098,16358
253098,37644
253098,42132
253098,44302
253098,63136
253146,1304
253146,1372
253146,10808
253146,11262
253146,16358
253146,37644
253146,42132
253146,44302
253146,54096
253146,63136
253308,1304
253308,1372
253308,10808
253308,11262
253308,16358
253308,37644
253308,42132
253308,44302
253308,63136
253335,1304
253335,1372
253335,10808
253335,11262
253335,16358
253335,32496
253335,37644
253335,42132
253335,44302
253335,50718
253335,63136
253557,124
253557,1372
253557,10808
253557,11262
253557,11490
253557,32496
253557,42132
253557,44302
253557,53046
253557,55638
253557,63136
253557,63418
457455,1304
457455,1370
457455,1372
457455,10652
457455,10808
457455,16358
457455,44662
457455,44914
457455,50274
457455,51974
457455,54864
457455,55638
457455,59822
457455,61672
457455,62376
457455,63188
457455,63538
2061063,1304
2061063,1372
2061063,10808
2061063,11262
2061063,16358
2061063,37644
2061063,42132
2061063,44302
2061063,63136
