customer_id,product_id
61353,30500
61353,11262
61353,39186
61353,62074
61353,44302
61353,11490
61353,52918
61353,60
61353,3382
61353,59816
61353,53160
61353,50968
61353,42132
61353,33534
61353,44914
61353,50970
61353,61028
61353,63188
61353,62944
61353,55632
61353,63220
61353,62614
61353,62400
61353,62378
61353,44644
61353,10790
61353,52620
61353,44662
61353,1206
61899,35732
61899,39186
61899,62074
61899,44302
61899,11490
61899,60
61899,3382
61899,49888
61899,53160
61899,50968
61899,33534
61899,44914
61899,50970
61899,61028
61899,63188
61899,63220
61899,62614
61899,62400
61899,62378
61899,10790
61899,52620
61899,44662
154077,30500
154077,11262
154077,39186
154077,62074
154077,44302
154077,11490
154077,52918
154077,60
154077,3382
154077,59816
154077,1304
154077,49888
154077,53160
154077,50968
154077,60978
154077,46632
154077,42132
154077,33534
154077,44914
154077,50970
154077,61028
154077,63188
154077,62944
154077,63510
154077,32496
154077,55632
154077,59396
154077,63220
154077,53046
154077,62614
154077,62400
154077,62378
154077,44644
154077,10790
154077,52620
154077,44662
154077,1206
164337,35732
164337,39186
164337,16358
164337,44914
164337,61028
164337,59394
164337,63510
164337,32496
164337,55632
164337,63360
164337,63220
164337,63186
164337,48980
164337,62614
164337,62400
172056,35732
172056,39186
172056,62074
172056,44302
172056,11490
172056,60
172056,3382
172056,59816
172056,53160
172056,50968
172056,33534
172056,44914
172056,50970
172056,61028
172056,63188
172056,55632
172056,63220
172056,62614
172056,62400
172056,62378
172056,10790
172056,52620
172056,44662
172056,1206
176643,30500
176643,11262
176643,35732
176643,39186
176643,62074
176643,44302
176643,11490
176643,60
176643,3382
176643,59816
176643,49888
176643,53160
176643,50968
176643,42132
176643,33534
176643,44914
176643,50970
176643,61028
176643,63188
176643,62944
176643,63510
176643,32496
176643,55632
176643,63220
176643,48980
176643,62614
176643,62400
176643,62378
176643,44644
176643,10790
176643,52620
176643,44662
176643,1206
181593,11262
181593,39186
181593,62074
181593,44302
181593,11490
181593,60
181593,3382
181593,59816
181593,53160
181593,50968
181593,33534
181593,44914
181593,50970
181593,61028
181593,63188
181593,55632
181593,63220
181593,62614
181593,62400
181593,62378
181593,10790
181593,52620
181593,44662
181593,1206
183213,11262
183213,39186
183213,62074
183213,44302
183213,11490
183213,60
183213,3382
183213,59816
183213,49888
183213,53160
183213,50968
183213,33534
183213,44914
183213,50970
183213,61028
183213,63188
183213,63220
183213,62614
183213,62400
183213,62378
183213,10790
183213,52620
183213,44662
183213,1206
183912,61364
183912,30500
183912,56714
183912,61348
183912,11262
183912,35732
183912,39186
183912,62074
183912,16358
183912,44302
183912,11490
183912,52918
183912,60
183912,3382
183912,59816
183912,49888
183912,53160
183912,50968
183912,35846
183912,42132
183912,33534
183912,51974
183912,50724
183912,44914
183912,61560
183912,50970
183912,36722
183912,61028
183912,63188
183912,62944
183912,63510
183912,32496
183912,55632
183912,63220
183912,63186
183912,62170
183912,63136
183912,53046
183912,54864
183912,48980
183912,55798
183912,62614
183912,62400
183912,62378
183912,44644
183912,10790
183912,52620
183912,50962
183912,62276
183912,44662
183912,1206
184698,35732
184698,39186
184698,62074
184698,44302
184698,11490
184698,60
184698,3382
184698,59816
184698,53160
184698,50968
184698,33534
184698,44914
184698,50970
184698,61028
184698,63188
184698,55632
184698,63220
184698,62614
184698,62400
184698,62378
184698,10790
184698,52620
184698,44662
184698,1206
187101,11262
187101,35732
187101,39186
187101,62074
187101,44302
187101,11490
187101,52918
187101,60
187101,3382
187101,59816
187101,49888
187101,53160
187101,50968
187101,35846
187101,33534
187101,44914
187101,50970
187101,61028
187101,63188
187101,63510
187101,32496
187101,55632
187101,63220
187101,48980
187101,62614
187101,62400
187101,62378
187101,44644
187101,10790
187101,52620
187101,44662
187806,11262
187806,35732
187806,39186
187806,62074
187806,44302
187806,11490
187806,60
187806,3382
187806,59816
187806,53160
187806,50968
187806,33534
187806,44914
187806,50970
187806,61028
187806,63188
187806,63510
187806,32496
187806,55632
187806,63220
187806,48980
187806,62614
187806,62400
187806,62378
187806,10790
187806,52620
187806,44662
187806,1206
188787,61364
188787,30500
188787,61348
188787,11262
188787,35732
188787,39186
188787,62074
188787,44302
188787,11490
188787,52918
188787,60
188787,3382
188787,59816
188787,49888
188787,53160
188787,50968
188787,42132
188787,33534
188787,50724
188787,44914
188787,50970
188787,36722
188787,61028
188787,63188
188787,62944
188787,63510
188787,32496
188787,55632
188787,63220
188787,63186
188787,54864
188787,48980
188787,62614
188787,62400
188787,62378
188787,44644
188787,10790
188787,52620
188787,62276
188787,44662
188787,1206
194082,35732
194082,39186
194082,62074
194082,60
194082,1304
194082,53160
194082,60978
194082,33534
194082,44914
194082,50970
194082,61028
194082,63188
194082,63510
194082,32496
194082,55632
194082,63220
194082,48980
194082,62400
194082,62378
194082,44644
194082,10790
194082,44662
194082,1206
205353,39186
205353,44302
205353,11490
205353,60
205353,3382
205353,59816
205353,53160
205353,50968
205353,33534
205353,44914
205353,50970
205353,61028
205353,63188
205353,63220
205353,62614
205353,62378
205353,10790
205353,52620
205353,44662
206787,39186
206787,44302
206787,60
206787,3382
206787,59816
206787,53160
206787,33534
206787,44914
206787,50970
206787,61028
206787,63188
206787,63220
206787,62614
206787,62378
206787,10790
206787,44662
207222,61364
207222,30500
207222,56714
207222,61348
207222,11262
207222,35732
207222,39186
207222,62074
207222,16358
207222,44302
207222,11490
207222,52918
207222,60
207222,3382
207222,59816
207222,49888
207222,53160
207222,50968
207222,35846
207222,42132
207222,33534
207222,51974
207222,50724
207222,44914
207222,61560
207222,50970
207222,36722
207222,61028
207222,63188
207222,62944
207222,63510
207222,32496
207222,55632
207222,63220
207222,63186
207222,62170
207222,63136
207222,53046
207222,54864
207222,48980
207222,55798
207222,62614
207222,62400
207222,62378
207222,44644
207222,10790
207222,52620
207222,50962
207222,62276
207222,44662
207222,1206
209697,61364
209697,30500
209697,56714
209697,61348
209697,11262
209697,35732
209697,39186
209697,62074
209697,44302
209697,11490
209697,52918
209697,60
209697,3382
209697,59816
209697,59822
209697,49888
209697,53160
209697,50968
209697,42132
209697,33534
209697,44914
209697,50970
209697,61028
209697,63188
209697,62944
209697,63510
209697,32496
209697,55632
209697,63220
209697,63136
209697,54864
209697,48980
209697,55798
209697,62614
209697,62400
209697,62378
209697,44644
209697,10790
209697,52620
209697,62276
209697,44662
209697,1206
217848,61364
217848,30500
217848,61348
217848,61542
217848,54096
217848,11262
217848,35732
217848,39186
217848,34092
217848,57804
217848,61280
217848,60522
217848,62074
217848,16358
217848,44302
217848,11490
217848,124
217848,52918
217848,60
217848,3382
217848,1372
217848,54290
217848,59816
217848,1304
217848,37644
217848,49888
217848,53160
217848,50968
217848,35846
217848,42132
217848,33534
217848,53406
217848,51974
217848,50724
217848,44914
217848,61560
217848,50970
217848,36722
217848,61028
217848,53386
217848,62944
217848,59394
217848,63510
217848,32496
217848,55632
217848,57414
217848,63220
217848,63186
217848,56696
217848,63418
217848,44660
217848,62170
217848,61540
217848,53046
217848,63538
217848,36762
217848,54864
217848,48980
217848,62614
217848,62618
217848,62400
217848,62378
217848,63540
217848,53256
217848,55638
217848,10790
217848,52620
217848,50962
217848,62276
217848,62860
217848,44662
217848,56484
217848,1206
217848,48694
217848,53258
229527,11262
229527,35732
229527,39186
229527,62074
229527,44302
229527,11490
229527,60
229527,3382
229527,59816
229527,49888
229527,53160
229527,50968
229527,33534
229527,44914
229527,50970
229527,61028
229527,63188
229527,63510
229527,32496
229527,55632
229527,63220
229527,48980
229527,62614
229527,62400
229527,62378
229527,10790
229527,52620
229527,44662
229527,1206
230286,39186
230286,11490
230286,124
230286,60
230286,3382
230286,1304
230286,53160
230286,50968
230286,33534
230286,44914
230286,50970
230286,61028
230286,63188
230286,55632
230286,62614
230286,62378
230286,10790
230286,52620
230286,44662
230286,1206
230331,11262
230331,39186
230331,62074
230331,44302
230331,11490
230331,60
230331,3382
230331,59816
230331,49888
230331,53160
230331,50968
230331,33534
230331,44914
230331,50970
230331,61028
230331,63188
230331,63220
230331,62400
230331,63540
230331,10790
230331,52620
230331,44662
230331,1206
232410,30500
232410,11262
232410,35732
232410,39186
232410,62074
232410,44302
232410,11490
232410,60
232410,3382
232410,59816
232410,49888
232410,53160
232410,50968
232410,42132
232410,33534
232410,44914
232410,50970
232410,61028
232410,63188
232410,62944
232410,63510
232410,32496
232410,55632
232410,63220
232410,48980
232410,62614
232410,62400
232410,62378
232410,44644
232410,57522
232410,10790
232410,52620
232410,44662
232410,1206
236115,61364
236115,30500
236115,61348
236115,11262
236115,35732
236115,39186
236115,62074
236115,44302
236115,11490
236115,60
236115,3382
236115,59816
236115,49888
236115,53160
236115,50968
236115,35846
236115,42132
236115,33534
236115,50724
236115,44914
236115,50970
236115,36722
236115,61028
236115,63188
236115,62944
236115,63510
236115,32496
236115,55632
236115,63220
236115,63186
236115,54864
236115,48980
236115,62614
236115,62400
236115,62378
236115,44644
236115,10790
236115,52620
236115,62276
236115,44662
236115,1206
236226,35732
236226,39186
236226,62074
236226,44302
236226,11490
236226,60
236226,3382
236226,59816
236226,49888
236226,53160
236226,50968
236226,33534
236226,44914
236226,50970
236226,61028
236226,63188
236226,63510
236226,32496
236226,55632
236226,63220
236226,48980
236226,62614
236226,62400
236226,62378
236226,10790
236226,52620
236226,44662
238068,11262
238068,35732
238068,39186
238068,62074
238068,44302
238068,11490
238068,52918
238068,60
238068,3382
238068,59816
238068,49888
238068,53160
238068,50968
238068,33534
238068,44914
238068,50970
238068,61028
238068,63188
238068,63510
238068,32496
238068,55632
238068,63220
238068,48980
238068,62614
238068,62400
238068,62378
238068,10790
238068,52620
238068,44662
238068,1206
56868,11262
56868,39186
56868,62074
56868,44302
56868,11490
56868,52918
56868,60
56868,3382
56868,59816
56868,49888
56868,53160
56868,50968
56868,33534
56868,44914
56868,50970
56868,61028
56868,63188
56868,63220
56868,62400
56868,63540
56868,10790
56868,52620
56868,44662
56868,1206
70890,11262
70890,35732
70890,39186
70890,62074
70890,44302
70890,11490
70890,52918
70890,60
70890,59816
70890,53160
70890,50968
70890,33534
70890,44914
70890,50970
70890,61028
70890,63188
70890,62944
70890,63510
70890,32496
70890,55632
70890,63220
70890,48980
70890,62614
70890,62400
70890,62378
70890,44644
70890,10790
70890,52620
70890,44662
70890,1206
71274,11262
71274,35732
71274,39186
71274,62074
71274,44302
71274,11490
71274,52918
71274,60
71274,3382
71274,59816
71274,49888
71274,53160
71274,50968
71274,33534
71274,44914
71274,50970
71274,61028
71274,63188
71274,63510
71274,32496
71274,55632
71274,63220
71274,48980
71274,62614
71274,62400
71274,62378
71274,10790
71274,52620
71274,44662
71274,1206
88920,30500
88920,11262
88920,35732
88920,39186
88920,62074
88920,44302
88920,11490
88920,60
88920,3382
88920,59816
88920,49888
88920,53160
88920,50968
88920,35846
88920,42132
88920,33534
88920,44914
88920,50970
88920,61028
88920,63188
88920,62944
88920,63510
88920,32496
88920,55632
88920,63220
88920,48980
88920,62614
88920,62400
88920,62378
88920,44644
88920,10790
88920,52620
88920,44662
88920,1206
154797,11262
154797,35732
154797,39186
154797,62074
154797,44302
154797,11490
154797,60
154797,3382
154797,59816
154797,49888
154797,53160
154797,50968
154797,33534
154797,44914
154797,50970
154797,61028
154797,63188
154797,63510
154797,32496
154797,55632
154797,63220
154797,48980
154797,62614
154797,62400
154797,62378
154797,10790
154797,52620
154797,44662
154797,1206
154887,35732
154887,39186
154887,62074
154887,44302
154887,11490
154887,60
154887,3382
154887,59816
154887,49888
154887,53160
154887,50968
154887,33534
154887,44914
154887,50970
154887,61028
154887,63188
154887,63510
154887,32496
154887,55632
154887,63220
154887,48980
154887,62614
154887,62400
154887,62378
154887,10790
154887,52620
154887,44662
155556,35732
155556,39186
155556,62074
155556,44302
155556,11490
155556,60
155556,3382
155556,53160
155556,50968
155556,33534
155556,44914
155556,50970
155556,61028
155556,63188
155556,63510
155556,32496
155556,55632
155556,63220
155556,48980
155556,62614
155556,62400
155556,62378
155556,10790
155556,52620
155556,44662
155556,1206
165687,61364
165687,30500
165687,61348
165687,11262
165687,35732
165687,39186
165687,62074
165687,44302
165687,11490
165687,52918
165687,60
165687,3382
165687,59816
165687,49888
165687,53160
165687,50968
165687,60978
165687,42132
165687,33534
165687,50724
165687,44914
165687,50970
165687,36722
165687,61028
165687,63188
165687,62944
165687,63510
165687,32496
165687,55632
165687,63220
165687,63186
165687,54864
165687,48980
165687,62614
165687,62400
165687,62378
165687,44644
165687,10790
165687,52620
165687,62276
165687,44662
165687,1206
171939,35732
171939,39186
171939,62074
171939,44302
171939,11490
171939,60
171939,3382
171939,59816
171939,49888
171939,53160
171939,50968
171939,33534
171939,44914
171939,50970
171939,61028
171939,63188
171939,63510
171939,32496
171939,55632
171939,63220
171939,48980
171939,62614
171939,62400
171939,62378
171939,10790
171939,52620
171939,44662
183195,11262
183195,35732
183195,39186
183195,62074
183195,44302
183195,11490
183195,60
183195,3382
183195,59816
183195,53160
183195,50968
183195,33534
183195,44914
183195,50970
183195,61028
183195,63188
183195,63510
183195,32496
183195,55632
183195,63220
183195,48980
183195,62614
183195,62400
183195,62378
183195,10790
183195,52620
183195,44662
183195,1206
186384,61364
186384,30500
186384,61348
186384,11262
186384,39186
186384,62074
186384,44302
186384,11490
186384,52918
186384,3382
186384,59816
186384,49888
186384,53160
186384,50968
186384,35846
186384,42132
186384,33534
186384,44914
186384,50970
186384,61028
186384,63188
186384,62944
186384,63510
186384,32496
186384,55632
186384,63220
186384,63186
186384,54864
186384,62614
186384,62400
186384,62378
186384,44644
186384,10790
186384,62276
188331,61364
188331,30500
188331,56714
188331,61672
188331,61348
188331,11262
188331,35732
188331,39186
188331,62074
188331,16358
188331,44302
188331,124
188331,52918
188331,60
188331,3382
188331,1372
188331,59816
188331,1304
188331,37644
188331,49888
188331,53160
188331,50968
188331,35846
188331,42132
188331,33534
188331,53406
188331,51974
188331,50724
188331,44914
188331,61560
188331,50970
188331,36722
188331,61028
188331,63188
188331,62944
188331,59394
188331,63510
188331,32496
188331,55632
188331,57414
188331,63220
188331,63186
188331,56696
188331,44660
188331,62170
188331,63136
188331,61540
188331,63538
188331,54864
188331,48980
188331,55798
188331,62614
188331,62618
188331,62400
188331,62378
188331,63540
188331,44644
188331,10790
188331,52620
188331,50962
188331,62276
188331,44662
188331,1206
188331,48694
203502,11262
203502,35732
203502,39186
203502,62074
203502,44302
203502,11490
203502,60
203502,3382
203502,59816
203502,53160
203502,50968
203502,33534
203502,44914
203502,50970
203502,61028
203502,63188
203502,63510
203502,32496
203502,55632
203502,63220
203502,48980
203502,62614
203502,62400
203502,62378
203502,10790
203502,52620
203502,44662
203502,1206
206433,30500
206433,11262
206433,35732
206433,39186
206433,62074
206433,44302
206433,11490
206433,60
206433,3382
206433,59816
206433,49888
206433,53160
206433,50968
206433,42132
206433,33534
206433,44914
206433,50970
206433,61028
206433,63188
206433,62944
206433,63510
206433,32496
206433,55632
206433,63220
206433,48980
206433,62614
206433,62400
206433,62378
206433,44644
206433,10790
206433,52620
206433,44662
206433,1206
207996,11262
207996,35732
207996,39186
207996,62074
207996,44302
207996,11490
207996,60
207996,3382
207996,59816
207996,53160
207996,50968
207996,33534
207996,44914
207996,50970
207996,61028
207996,63188
207996,55632
207996,63220
207996,62400
207996,63540
207996,10790
207996,52620
207996,44662
207996,1206
210141,35732
210141,39186
210141,62074
210141,44302
210141,11490
210141,60
210141,3382
210141,49888
210141,53160
210141,50968
210141,33534
210141,44914
210141,50970
210141,61028
210141,63188
210141,63510
210141,32496
210141,55632
210141,63220
210141,48980
210141,62614
210141,62400
210141,62378
210141,10790
210141,52620
210141,44662
217782,35732
217782,39186
217782,16358
217782,49888
217782,53160
217782,33534
217782,50720
217782,44914
217782,61028
217782,59394
217782,63510
217782,32496
217782,55632
217782,63220
217782,48980
217782,62614
217782,62400
217782,62378
217782,10790
217782,44662
217782,1206
218265,35732
218265,39186
218265,16358
218265,44914
218265,61028
218265,59394
218265,63510
218265,32496
218265,55632
218265,63360
218265,63220
218265,63186
218265,62614
218265,62400
218265,62378
220713,35732
220713,39186
220713,44914
220713,61028
220713,59394
220713,63510
220713,32496
220713,55632
220713,63360
220713,63220
220713,63186
220713,62614
220713,62400
220713,62378
222906,61364
222906,30500
222906,61348
222906,11262
222906,35732
222906,39186
222906,62074
222906,44302
222906,11490
222906,52918
222906,60
222906,3382
222906,53160
222906,50968
222906,60978
222906,42132
222906,33534
222906,50724
222906,44914
222906,50970
222906,36722
222906,61028
222906,63188
222906,62944
222906,63510
222906,32496
222906,55632
222906,63220
222906,63186
222906,54864
222906,48980
222906,62614
222906,62400
222906,62378
222906,44644
222906,10790
222906,52620
222906,62276
231663,35732
231663,39186
231663,62074
231663,44302
231663,11490
231663,60
231663,3382
231663,49888
231663,53160
231663,50968
231663,33534
231663,44914
231663,50970
231663,61028
231663,63188
231663,63220
231663,62614
231663,62400
231663,62378
231663,10790
231663,52620
231663,44662
231900,11262
231900,39186
231900,62074
231900,44302
231900,11490
231900,52918
231900,60
231900,3382
231900,59816
231900,49888
231900,53160
231900,50968
231900,33534
231900,44914
231900,50970
231900,61028
231900,63188
231900,63220
231900,62400
231900,63540
231900,10790
231900,52620
231900,44662
231900,1206
232035,11262
232035,35732
232035,39186
232035,62074
232035,44302
232035,11490
232035,60
232035,3382
232035,59816
232035,53160
232035,50968
232035,33534
232035,44914
232035,50970
232035,61028
232035,63188
232035,63510
232035,32496
232035,55632
232035,63220
232035,48980
232035,62614
232035,62400
232035,62378
232035,10790
232035,52620
232035,44662
232035,1206
234018,30500
234018,11262
234018,35732
234018,39186
234018,62074
234018,44302
234018,11490
234018,52918
234018,60
234018,3382
234018,59816
234018,49888
234018,53160
234018,50968
234018,60978
234018,42132
234018,33534
234018,44914
234018,50970
234018,61028
234018,63188
234018,62944
234018,63510
234018,32496
234018,55632
234018,63220
234018,48980
234018,62614
234018,62400
234018,62378
234018,44644
234018,10790
234018,52620
234018,44662
234018,1206
234297,11262
234297,35732
234297,39186
234297,62074
234297,44302
234297,11490
234297,60
234297,3382
234297,59816
234297,49888
234297,53160
234297,50968
234297,33534
234297,44914
234297,50970
234297,61028
234297,63188
234297,63510
234297,32496
234297,55632
234297,63220
234297,48980
234297,62614
234297,62400
234297,62378
234297,10790
234297,52620
234297,44662
234297,1206
244404,30500
244404,11262
244404,35732
244404,39186
244404,62074
244404,44302
244404,11490
244404,60
244404,3382
244404,59816
244404,49888
244404,53160
244404,50968
244404,42132
244404,33534
244404,44914
244404,50970
244404,61028
244404,63188
244404,62944
244404,63510
244404,32496
244404,55632
244404,63220
244404,48980
244404,62614
244404,62400
244404,62378
244404,44644
244404,10790
244404,52620
244404,44662
244404,1206
244479,11262
244479,39186
244479,62074
244479,44302
244479,11490
244479,60
244479,3382
244479,59816
244479,53160
244479,50968
244479,33534
244479,44914
244479,50970
244479,61028
244479,63188
244479,55632
244479,63220
244479,62614
244479,62400
244479,62378
244479,10790
244479,52620
244479,44662
244479,1206
244575,39186
244575,62074
244575,44302
244575,11490
244575,52918
244575,60
244575,59816
244575,53160
244575,50968
244575,33534
244575,44914
244575,50970
244575,61028
244575,63188
244575,62614
244575,62378
244575,10790
244575,52620
244575,50962
244575,44662
244575,1206
60864,30500
60864,11262
60864,39186
60864,62074
60864,44302
60864,11490
60864,60
60864,3382
60864,59816
60864,49888
60864,53160
60864,50968
60864,35846
60864,42132
60864,33534
60864,44914
60864,50970
60864,61028
60864,63188
60864,62944
60864,63510
60864,32496
60864,55632
60864,63220
60864,62614
60864,62400
60864,62378
60864,44644
60864,10790
60864,52620
60864,44662
60864,1206
72645,30500
72645,11262
72645,35732
72645,39186
72645,62074
72645,44302
72645,11490
72645,60
72645,3382
72645,59816
72645,49888
72645,53160
72645,50968
72645,42132
72645,33534
72645,44914
72645,50970
72645,61028
72645,63188
72645,62944
72645,63510
72645,32496
72645,55632
72645,63220
72645,48980
72645,62614
72645,62400
72645,62378
72645,44644
72645,10790
72645,52620
72645,44662
72645,1206
165717,61364
165717,30500
165717,61348
165717,61542
165717,54096
165717,11262
165717,35732
165717,39186
165717,34092
165717,57804
165717,61280
165717,60522
165717,62074
165717,16358
165717,44302
165717,11490
165717,124
165717,52918
165717,60
165717,3382
165717,1372
165717,54290
165717,59816
165717,1304
165717,37644
165717,49888
165717,53160
165717,50968
165717,35846
165717,42132
165717,33534
165717,53406
165717,51974
165717,50724
165717,44914
165717,61560
165717,50970
165717,36722
165717,61028
165717,53386
165717,62944
165717,59394
165717,63510
165717,32496
165717,55632
165717,57414
165717,63220
165717,63186
165717,56696
165717,63418
165717,44660
165717,62170
165717,61540
165717,53046
165717,63538
165717,36762
165717,54864
165717,48980
165717,62614
165717,62618
165717,62400
165717,62378
165717,63540
165717,53256
165717,55638
165717,10790
165717,52620
165717,50962
165717,62276
165717,62860
165717,44662
165717,56484
165717,1206
165717,48694
165717,53258
173940,30500
173940,11262
173940,35732
173940,39186
173940,62074
173940,44302
173940,11490
173940,52918
173940,60
173940,3382
173940,59816
173940,49888
173940,53160
173940,50968
173940,60978
173940,35846
173940,42132
173940,33534
173940,44914
173940,50970
173940,61028
173940,63188
173940,62944
173940,63510
173940,32496
173940,55632
173940,63220
173940,48980
173940,62614
173940,62400
173940,62378
173940,44644
173940,10790
173940,52620
173940,44662
173940,1206
175266,30500
175266,11262
175266,39186
175266,62074
175266,44302
175266,11490
175266,60
175266,3382
175266,59816
175266,49888
175266,53160
175266,50968
175266,35846
175266,42132
175266,33534
175266,44914
175266,50970
175266,61028
175266,63188
175266,62944
175266,63510
175266,32496
175266,55632
175266,63220
175266,63186
175266,62614
175266,62400
175266,62378
175266,44644
175266,10790
175266,52620
175266,44662
175266,1206
189045,11262
189045,39186
189045,62074
189045,44302
189045,11490
189045,60
189045,3382
189045,59816
189045,53160
189045,50968
189045,33534
189045,44914
189045,50970
189045,61028
189045,63188
189045,55632
189045,63220
189045,62614
189045,62400
189045,62378
189045,10790
189045,52620
189045,44662
189045,1206
198945,30500
198945,11262
198945,35732
198945,39186
198945,62074
198945,44302
198945,11490
198945,60
198945,3382
198945,1304
198945,49888
198945,53160
198945,50968
198945,35846
198945,42132
198945,33534
198945,44914
198945,50970
198945,61028
198945,63188
198945,62944
198945,63510
198945,32496
198945,55632
198945,63220
198945,63186
198945,62614
198945,62400
198945,62378
198945,44644
198945,10790
198945,52620
198945,44662
198945,1206
204093,30500
204093,11262
204093,35732
204093,39186
204093,62074
204093,44302
204093,11490
204093,52918
204093,60
204093,3382
204093,59816
204093,49888
204093,53160
204093,50968
204093,60978
204093,42132
204093,33534
204093,44914
204093,50970
204093,61028
204093,63188
204093,62944
204093,63510
204093,32496
204093,55632
204093,63220
204093,48980
204093,62614
204093,62400
204093,62378
204093,44644
204093,10790
204093,52620
204093,44662
204093,1206
205107,30500
205107,11262
205107,39186
205107,62074
205107,44302
205107,11490
205107,52918
205107,60
205107,3382
205107,59816
205107,49888
205107,53160
205107,50968
205107,35846
205107,42132
205107,33534
205107,44914
205107,50970
205107,61028
205107,63188
205107,62944
205107,63510
205107,32496
205107,55632
205107,63220
205107,62614
205107,62400
205107,62378
205107,44644
205107,10790
205107,52620
205107,44662
205107,1206
205959,11262
205959,39186
205959,62074
205959,44302
205959,11490
205959,60
205959,3382
205959,59816
205959,49888
205959,53160
205959,50968
205959,33534
205959,44914
205959,50970
205959,61028
205959,63188
205959,63220
205959,62400
205959,63540
205959,10790
205959,52620
205959,44662
205959,1206
211047,35732
211047,39186
211047,44302
211047,52918
211047,60
211047,59816
211047,53160
211047,33534
211047,44914
211047,50970
211047,61028
211047,63188
211047,63510
211047,32496
211047,55632
211047,63220
211047,48980
211047,62614
211047,62400
211047,62378
211047,10790
211047,52620
211047,50962
211047,44662
212397,35732
212397,39186
212397,62074
212397,44302
212397,11490
212397,60
212397,3382
212397,49888
212397,53160
212397,50968
212397,33534
212397,44914
212397,50970
212397,61028
212397,63188
212397,63510
212397,32496
212397,55632
212397,63220
212397,48980
212397,62614
212397,62400
212397,62378
212397,10790
212397,52620
212397,44662
212550,61364
212550,30500
212550,56714
212550,61348
212550,11262
212550,35732
212550,39186
212550,62074
212550,16358
212550,44302
212550,124
212550,52918
212550,60
212550,3382
212550,1372
212550,59816
212550,1304
212550,37644
212550,49888
212550,53160
212550,50968
212550,35846
212550,42132
212550,33534
212550,53406
212550,51974
212550,50724
212550,44914
212550,61560
212550,50970
212550,36722
212550,61028
212550,63188
212550,62944
212550,59394
212550,63510
212550,32496
212550,55632
212550,57414
212550,63220
212550,63186
212550,56696
212550,44660
212550,62170
212550,63136
212550,61540
212550,63538
212550,54864
212550,48980
212550,55798
212550,62618
212550,62400
212550,62378
212550,63540
212550,44644
212550,10790
212550,52620
212550,50962
212550,62276
212550,44662
212550,1206
212550,48694
220047,11262
220047,35732
220047,39186
220047,62074
220047,44302
220047,11490
220047,52918
220047,60
220047,3382
220047,49888
220047,53160
220047,50968
220047,33534
220047,44914
220047,50970
220047,61028
220047,63188
220047,63510
220047,32496
220047,55632
220047,63220
220047,48980
220047,62614
220047,62400
220047,62378
220047,10790
220047,52620
220047,44662
220047,1206
234093,30500
234093,11262
234093,35732
234093,39186
234093,62074
234093,44302
234093,11490
234093,52918
234093,60
234093,3382
234093,59816
234093,53160
234093,50968
234093,42132
234093,33534
234093,44914
234093,50970
234093,61028
234093,63188
234093,62944
234093,63510
234093,32496
234093,55632
234093,63220
234093,48980
234093,62614
234093,62400
234093,62378
234093,44644
234093,10790
234093,52620
234093,1206
234120,35732
234120,39186
234120,62074
234120,44302
234120,11490
234120,60
234120,3382
234120,59816
234120,53160
234120,50968
234120,33534
234120,44914
234120,50970
234120,61028
234120,63188
234120,55632
234120,63220
234120,62400
234120,63540
234120,10790
234120,52620
234120,44662
234120,1206
60888,61364
60888,30500
60888,61348
60888,11262
60888,35732
60888,39186
60888,62074
60888,44302
60888,11490
60888,60
60888,3382
60888,59816
60888,49888
60888,53160
60888,50968
60888,42132
60888,33534
60888,50724
60888,44914
60888,50970
60888,36722
60888,61028
60888,63188
60888,62944
60888,63510
60888,32496
60888,55632
60888,63220
60888,63186
60888,54864
60888,48980
60888,62614
60888,62400
60888,62378
60888,44644
60888,10790
60888,52620
60888,62276
60888,44662
60888,1206
61482,11262
61482,39186
61482,62074
61482,44302
61482,11490
61482,52918
61482,60
61482,3382
61482,59816
61482,49888
61482,53160
61482,50968
61482,33534
61482,44914
61482,50970
61482,61028
61482,63188
61482,63220
61482,62614
61482,62400
61482,62378
61482,10790
61482,52620
61482,44662
61482,1206
64299,11262
64299,39186
64299,62074
64299,44302
64299,11490
64299,60
64299,3382
64299,59816
64299,49888
64299,53160
64299,50968
64299,33534
64299,44914
64299,50970
64299,61028
64299,63188
64299,55632
64299,63220
64299,62614
64299,62400
64299,62378
64299,10790
64299,52620
64299,44662
64299,1206
154041,30500
154041,11262
154041,35732
154041,39186
154041,62074
154041,44302
154041,11490
154041,60
154041,3382
154041,59816
154041,1304
154041,49888
154041,53160
154041,50968
154041,42132
154041,33534
154041,44914
154041,50970
154041,61028
154041,63188
154041,62944
154041,63510
154041,32496
154041,55632
154041,63220
154041,48980
154041,62614
154041,62400
154041,62378
154041,44644
154041,10790
154041,52620
154041,44662
154041,1206
154167,35732
154167,39186
154167,62074
154167,44302
154167,11490
154167,60
154167,3382
154167,59816
154167,49888
154167,53160
154167,50968
154167,33534
154167,44914
154167,50970
154167,61028
154167,63188
154167,55632
154167,63220
154167,62614
154167,62400
154167,62378
154167,10790
154167,52620
154167,44662
154167,1206
164541,30500
164541,11262
164541,35732
164541,39186
164541,62074
164541,44302
164541,11490
164541,60
164541,3382
164541,59816
164541,1304
164541,49888
164541,53160
164541,50968
164541,42132
164541,33534
164541,44914
164541,50970
164541,61028
164541,63188
164541,62944
164541,63510
164541,32496
164541,55632
164541,63220
164541,48980
164541,62614
164541,62400
164541,62378
164541,44644
164541,10790
164541,52620
164541,44662
164541,1206
164640,30500
164640,11262
164640,35732
164640,39186
164640,62074
164640,44302
164640,11490
164640,52918
164640,60
164640,3382
164640,59816
164640,49888
164640,53160
164640,50968
164640,60978
164640,42132
164640,33534
164640,44914
164640,50970
164640,61028
164640,63188
164640,62944
164640,63510
164640,32496
164640,55632
164640,63220
164640,48980
164640,62614
164640,62400
164640,62378
164640,44644
164640,10790
164640,52620
164640,44662
164640,1206
172419,35732
172419,39186
172419,62074
172419,44302
172419,11490
172419,60
172419,3382
172419,59816
172419,53160
172419,50968
172419,33534
172419,44914
172419,50970
172419,61028
172419,63188
172419,63510
172419,32496
172419,55632
172419,63220
172419,48980
172419,62614
172419,62400
172419,62378
172419,10790
172419,52620
172419,44662
172419,1206
178230,35732
178230,39186
178230,62074
178230,44302
178230,11490
178230,60
178230,3382
178230,49888
178230,53160
178230,50968
178230,33534
178230,44914
178230,50970
178230,61028
178230,63188
178230,63510
178230,32496
178230,55632
178230,63220
178230,48980
178230,62614
178230,62400
178230,62378
178230,10790
178230,52620
178230,44662
178458,35732
178458,39186
178458,62074
178458,44302
178458,11490
178458,60
178458,3382
178458,59816
178458,53160
178458,50968
178458,33534
178458,44914
178458,50970
178458,61028
178458,63188
178458,63510
178458,32496
178458,55632
178458,63220
178458,48980
178458,62614
178458,62400
178458,62378
178458,10790
178458,52620
178458,44662
178458,1206
178830,11262
178830,39186
178830,62074
178830,44302
178830,11490
178830,60
178830,3382
178830,59816
178830,53160
178830,50968
178830,33534
178830,44914
178830,50970
178830,61028
178830,63188
178830,55632
178830,63220
178830,62614
178830,62400
178830,62378
178830,10790
178830,52620
178830,44662
178830,1206
183105,11262
183105,39186
183105,62074
183105,44302
183105,11490
183105,60
183105,3382
183105,59816
183105,49888
183105,53160
183105,50968
183105,33534
183105,44914
183105,50970
183105,61028
183105,63188
183105,55632
183105,63220
183105,62614
183105,62400
183105,62378
183105,10790
183105,52620
183105,44662
183105,1206
183450,35732
183450,39186
183450,62074
183450,44302
183450,11490
183450,52918
183450,60
183450,3382
183450,59816
183450,49888
183450,53160
183450,50968
183450,46632
183450,33534
183450,44914
183450,50970
183450,61028
183450,63188
183450,63510
183450,32496
183450,55632
183450,63220
183450,48980
183450,62614
183450,62400
183450,62378
183450,10790
183450,52620
183450,44662
191232,61364
191232,30500
191232,56714
191232,61348
191232,11262
191232,35732
191232,39186
191232,62074
191232,44302
191232,11490
191232,52918
191232,60
191232,3382
191232,48298
191232,59816
191232,59822
191232,49888
191232,53160
191232,50968
191232,35846
191232,42132
191232,33534
191232,50724
191232,44914
191232,50970
191232,36722
191232,61028
191232,63188
191232,62944
191232,63510
191232,32496
191232,55632
191232,62274
191232,63220
191232,63186
191232,63136
191232,54864
191232,48980
191232,55798
191232,62614
191232,62400
191232,62378
191232,44644
191232,10790
191232,62276
191250,61364
191250,30500
191250,61348
191250,11262
191250,35732
191250,39186
191250,62074
191250,16358
191250,44302
191250,60
191250,3382
191250,1304
191250,49888
191250,53160
191250,50968
191250,35846
191250,42132
191250,33534
191250,51974
191250,44914
191250,50970
191250,61028
191250,63188
191250,62944
191250,63510
191250,32496
191250,55632
191250,63220
191250,63186
191250,54864
191250,48980
191250,62400
191250,62378
191250,63540
191250,44644
191250,10790
191250,62276
191250,44662
191250,1206
197673,30500
197673,11262
197673,39186
197673,62074
197673,44302
197673,11490
197673,52918
197673,60
197673,3382
197673,59816
197673,1304
197673,49888
197673,53160
197673,50968
197673,60978
197673,42132
197673,33534
197673,44914
197673,50970
197673,61028
197673,63188
197673,62944
197673,63510
197673,32496
197673,55632
197673,63220
197673,62614
197673,62400
197673,62378
197673,44644
197673,10790
197673,52620
197673,44662
197673,1206
201837,39186
201837,16358
201837,53160
201837,61028
201837,59394
201837,63220
201837,63186
201837,62614
201837,44662
203259,11262
203259,35732
203259,39186
203259,62074
203259,44302
203259,11490
203259,60
203259,3382
203259,59816
203259,49888
203259,53160
203259,50968
203259,35846
203259,33534
203259,44914
203259,50970
203259,61028
203259,63188
203259,62944
203259,63510
203259,32496
203259,55632
203259,63220
203259,48980
203259,62614
203259,62400
203259,62378
203259,10790
203259,52620
203259,44662
203259,1206
211383,61364
211383,30500
211383,61348
211383,11262
211383,35732
211383,39186
211383,62074
211383,44302
211383,11490
211383,52918
211383,60
211383,3382
211383,59816
211383,53160
211383,50968
211383,60978
211383,42132
211383,33534
211383,44914
211383,50970
211383,61028
211383,63188
211383,62944
211383,63510
211383,32496
211383,55632
211383,63220
211383,63186
211383,54864
211383,48980
211383,62614
211383,62400
211383,62378
211383,44644
211383,10790
211383,52620
211383,62276
211383,44662
211383,1206
212211,61364
212211,30500
212211,56714
212211,61348
212211,11262
212211,39186
212211,62074
212211,44302
212211,11490
212211,60
212211,3382
212211,48298
212211,59816
212211,59822
212211,53160
212211,50968
212211,35846
212211,46632
212211,42132
212211,33534
212211,44914
212211,50970
212211,61028
212211,63188
212211,62944
212211,63220
212211,63136
212211,54864
212211,55798
212211,62614
212211,62400
212211,62378
212211,44644
212211,10790
212211,52620
212211,62276
212211,44662
212211,1206
212748,30500
212748,54096
212748,11262
212748,39186
212748,44302
212748,11490
212748,52918
212748,59816
212748,53160
212748,35846
212748,46632
212748,33534
212748,44914
212748,50970
212748,61028
212748,63188
212748,62944
212748,63220
212748,62614
212748,62400
212748,62378
212748,10790
216981,39186
216981,16358
216981,61028
216981,59394
216981,63360
216981,63220
222540,35732
222540,39186
222540,16358
222540,44914
222540,61028
222540,59394
222540,63510
222540,32496
222540,55632
222540,63360
222540,63220
222540,63186
222540,62614
222540,62378
59691,30500
59691,11262
59691,39186
59691,62074
59691,44302
59691,11490
59691,52918
59691,60
59691,3382
59691,59816
59691,53160
59691,50968
59691,42132
59691,33534
59691,44914
59691,50970
59691,61028
59691,63188
59691,62944
59691,55632
59691,63220
59691,62614
59691,62400
59691,62378
59691,44644
59691,10790
59691,52620
59691,44662
59691,1206
61908,11262
61908,39186
61908,62074
61908,44302
61908,11490
61908,3382
61908,59816
61908,49888
61908,53160
61908,50968
61908,35846
61908,33534
61908,44914
61908,50970
61908,61028
61908,63188
61908,62944
61908,63510
61908,32496
61908,55632
61908,63220
61908,62400
61908,62378
61908,63540
61908,44644
61908,10790
61908,52620
61908,44662
61908,1206
179790,11262
179790,35732
179790,39186
179790,62074
179790,44302
179790,11490
179790,52918
179790,60
179790,3382
179790,59816
179790,49888
179790,53160
179790,50968
179790,33534
179790,44914
179790,50970
179790,61028
179790,63188
179790,63510
179790,32496
179790,55632
179790,63220
179790,48980
179790,62614
179790,62400
179790,62378
179790,10790
179790,52620
179790,44662
179790,1206
186174,11262
186174,39186
186174,62074
186174,44302
186174,11490
186174,60
186174,3382
186174,59816
186174,49888
186174,53160
186174,50968
186174,33534
186174,44914
186174,50970
186174,61028
186174,63188
186174,55632
186174,63220
186174,62614
186174,62400
186174,62378
186174,10790
186174,52620
186174,44662
186174,1206
188937,61364
188937,30500
188937,56714
188937,61348
188937,11262
188937,35732
188937,39186
188937,62074
188937,16358
188937,44302
188937,11490
188937,52918
188937,3382
188937,59816
188937,53160
188937,50968
188937,60978
188937,35846
188937,46632
188937,42132
188937,33534
188937,50724
188937,44914
188937,61560
188937,50970
188937,36722
188937,61028
188937,63188
188937,62944
188937,63510
188937,32496
188937,55632
188937,63220
188937,63186
188937,63136
188937,54864
188937,48980
188937,55798
188937,62614
188937,62400
188937,62378
188937,44644
188937,10790
188937,62276
198867,61364
198867,30500
198867,56714
198867,61348
198867,11262
198867,39186
198867,62074
198867,44302
198867,11490
198867,60
198867,3382
198867,48298
198867,59816
198867,59822
198867,49888
198867,53160
198867,50968
198867,35846
198867,46632
198867,42132
198867,33534
198867,44914
198867,50970
198867,61028
198867,63188
198867,62944
198867,63220
198867,63136
198867,54864
198867,55798
198867,62400
198867,62378
198867,63540
198867,44644
198867,10790
198867,52620
198867,62276
198867,44662
198867,1206
205659,61364
205659,30500
205659,61348
205659,11262
205659,35732
205659,39186
205659,62074
205659,16358
205659,44302
205659,11490
205659,52918
205659,60
205659,3382
205659,59816
205659,49888
205659,53160
205659,50968
205659,35846
205659,42132
205659,33534
205659,50724
205659,44914
205659,61560
205659,50970
205659,36722
205659,61028
205659,63188
205659,62944
205659,63510
205659,32496
205659,55632
205659,63220
205659,63186
205659,62170
205659,53046
205659,54864
205659,48980
205659,62614
205659,62400
205659,62378
205659,44644
205659,10790
205659,52620
205659,50962
205659,62276
205659,44662
205659,1206
206940,61364
206940,30500
206940,56714
206940,61348
206940,11262
206940,35732
206940,39186
206940,62074
206940,44302
206940,11490
206940,52918
206940,60
206940,3382
206940,48298
206940,59816
206940,59822
206940,49888
206940,53160
206940,50968
206940,35846
206940,42132
206940,33534
206940,50724
206940,44914
206940,50970
206940,36722
206940,61028
206940,63188
206940,62944
206940,63510
206940,32496
206940,55632
206940,62274
206940,63220
206940,63186
206940,63136
206940,54864
206940,48980
206940,55798
206940,62614
206940,62400
206940,62378
206940,63540
206940,44644
206940,10790
206940,62276
206940,58504
207339,61364
207339,61348
207339,11262
207339,39186
207339,62074
207339,44302
207339,11490
207339,60
207339,3382
207339,59816
207339,53160
207339,50968
207339,35846
207339,33534
207339,44914
207339,50970
207339,61028
207339,63188
207339,62944
207339,63220
207339,54864
207339,62400
207339,62378
207339,63540
207339,10790
207339,52620
207339,62276
207339,44662
207339,1206
212256,61364
212256,61348
212256,11262
212256,39186
212256,62074
212256,44302
212256,11490
212256,60
212256,3382
212256,59816
212256,53160
212256,50968
212256,33534
212256,44914
212256,50970
212256,61028
212256,63188
212256,62944
212256,54864
212256,62614
212256,62400
212256,62378
212256,10790
212256,52620
212256,62276
212256,44662
212256,1206
213978,61364
213978,61348
213978,11262
213978,35732
213978,39186
213978,62074
213978,44302
213978,11490
213978,60
213978,3382
213978,59816
213978,53160
213978,50968
213978,33534
213978,44914
213978,50970
213978,61028
213978,63188
213978,62944
213978,63510
213978,32496
213978,55632
213978,63220
213978,54864
213978,48980
213978,62614
213978,62400
213978,62378
213978,10790
213978,52620
213978,62276
213978,44662
213978,1206
216123,30500
216123,11262
216123,35732
216123,39186
216123,62074
216123,44302
216123,11490
216123,52918
216123,60
216123,3382
216123,59816
216123,49888
216123,53160
216123,50968
216123,60978
216123,42132
216123,33534
216123,44914
216123,50970
216123,61028
216123,63188
216123,62944
216123,63510
216123,32496
216123,55632
216123,63220
216123,48980
216123,62614
216123,62400
216123,62378
216123,44644
216123,10790
216123,52620
216123,44662
216123,1206
225501,30500
225501,11262
225501,35732
225501,39186
225501,62074
225501,44302
225501,11490
225501,60
225501,3382
225501,59816
225501,49888
225501,53160
225501,50968
225501,42132
225501,33534
225501,44914
225501,50970
225501,61028
225501,63188
225501,62944
225501,63510
225501,32496
225501,55632
225501,63220
225501,48980
225501,62614
225501,62400
225501,62378
225501,44644
225501,10790
225501,52620
225501,44662
225501,1206
227115,35732
227115,39186
227115,62074
227115,44302
227115,11490
227115,60
227115,3382
227115,49888
227115,53160
227115,50968
227115,46632
227115,33534
227115,44914
227115,50970
227115,61028
227115,63188
227115,63510
227115,32496
227115,55632
227115,63220
227115,48980
227115,62614
227115,62400
227115,62378
227115,10790
227115,52620
227115,44662
63873,61364
63873,30500
63873,61348
63873,11262
63873,35732
63873,39186
63873,62074
63873,16358
63873,44302
63873,60
63873,3382
63873,59816
63873,1304
63873,49888
63873,53160
63873,50968
63873,35846
63873,33534
63873,51974
63873,50724
63873,44914
63873,50970
63873,36722
63873,61028
63873,63188
63873,62944
63873,63510
63873,32496
63873,55632
63873,63220
63873,63186
63873,54864
63873,48980
63873,62400
63873,62378
63873,63540
63873,44644
63873,10790
63873,62276
63873,44662
63873,1206
66879,30500
66879,11262
66879,35732
66879,39186
66879,62074
66879,44302
66879,11490
66879,52918
66879,60
66879,3382
66879,59816
66879,53160
66879,50968
66879,46632
66879,42132
66879,33534
66879,44914
66879,50970
66879,61028
66879,63188
66879,62944
66879,63510
66879,32496
66879,55632
66879,63220
66879,48980
66879,62614
66879,62400
66879,62378
66879,44644
66879,10790
66879,52620
66879,44662
66879,1206
153303,61364
153303,30500
153303,56714
153303,61348
153303,11262
153303,35732
153303,39186
153303,62074
153303,44302
153303,11490
153303,52918
153303,60
153303,3382
153303,59816
153303,59822
153303,49888
153303,53160
153303,50968
153303,42132
153303,33534
153303,44914
153303,50970
153303,61028
153303,63188
153303,62944
153303,63510
153303,32496
153303,55632
153303,63220
153303,63136
153303,54864
153303,48980
153303,55798
153303,62614
153303,62400
153303,62378
153303,44644
153303,10790
153303,52620
153303,62276
153303,44662
153303,1206
154578,30500
154578,11262
154578,35732
154578,39186
154578,62074
154578,44302
154578,11490
154578,52918
154578,60
154578,3382
154578,59816
154578,49888
154578,53160
154578,50968
154578,35846
154578,42132
154578,33534
154578,44914
154578,50970
154578,61028
154578,63188
154578,62944
154578,63510
154578,32496
154578,55632
154578,63220
154578,48980
154578,62614
154578,62400
154578,62378
154578,44644
154578,10790
154578,52620
154578,44662
154578,1206
164007,30500
164007,11262
164007,35732
164007,39186
164007,62074
164007,44302
164007,11490
164007,60
164007,3382
164007,59816
164007,49888
164007,53160
164007,50968
164007,35846
164007,42132
164007,33534
164007,44914
164007,50970
164007,61028
164007,63188
164007,62944
164007,63510
164007,32496
164007,55632
164007,63220
164007,63186
164007,48980
164007,62614
164007,62400
164007,62378
164007,44644
164007,10790
164007,52620
164007,44662
164007,1206
172161,35732
172161,39186
172161,62074
172161,60
172161,3382
172161,1304
172161,53160
172161,33534
172161,44914
172161,50970
172161,61028
172161,63188
172161,63510
172161,32496
172161,55632
172161,63220
172161,48980
172161,62400
172161,62378
172161,44644
172161,10790
172161,44662
172161,1206
179838,61364
179838,30500
179838,61348
179838,11262
179838,35732
179838,39186
179838,62074
179838,16358
179838,44302
179838,11490
179838,60
179838,3382
179838,59816
179838,1304
179838,49888
179838,53160
179838,50968
179838,35846
179838,46632
179838,42132
179838,33534
179838,51974
179838,44914
179838,50970
179838,61028
179838,63188
179838,62944
179838,63510
179838,32496
179838,55632
179838,59396
179838,63220
179838,63186
179838,53046
179838,54864
179838,48980
179838,62400
179838,62378
179838,63540
179838,44644
179838,10790
179838,62276
179838,44662
179838,1206
194229,61364
194229,30500
194229,61348
194229,11262
194229,35732
194229,39186
194229,62074
194229,16358
194229,44302
194229,60
194229,3382
194229,1304
194229,49888
194229,53160
194229,50968
194229,35846
194229,42132
194229,33534
194229,51974
194229,44914
194229,50970
194229,61028
194229,63188
194229,62944
194229,63510
194229,32496
194229,55632
194229,63220
194229,63186
194229,54864
194229,48980
194229,62400
194229,62378
194229,63540
194229,44644
194229,10790
194229,62276
194229,44662
194229,1206
194790,35732
194790,39186
194790,62074
194790,60
194790,3382
194790,59816
194790,1304
194790,49888
194790,53160
194790,50968
194790,35846
194790,33534
194790,44914
194790,50970
194790,61028
194790,63188
194790,63510
194790,32496
194790,55632
194790,63220
194790,48980
194790,62400
194790,62378
194790,10790
194790,44662
194790,1206
197286,35732
197286,39186
197286,62074
197286,60
197286,3382
197286,59816
197286,1304
197286,49888
197286,53160
197286,50968
197286,35846
197286,33534
197286,44914
197286,50970
197286,61028
197286,63188
197286,62944
197286,63510
197286,32496
197286,55632
197286,63220
197286,48980
197286,62400
197286,62378
197286,10790
197286,44662
197286,1206
198552,35732
198552,39186
198552,62074
198552,60
198552,3382
198552,59816
198552,1304
198552,49888
198552,53160
198552,50968
198552,35846
198552,33534
198552,44914
198552,50970
198552,61028
198552,63188
198552,63510
198552,32496
198552,55632
198552,63220
198552,62400
198552,62378
198552,10790
198552,44662
198552,1206
203700,61364
203700,30500
203700,61348
203700,11262
203700,35732
203700,39186
203700,62074
203700,16358
203700,44302
203700,60
203700,3382
203700,59816
203700,1304
203700,49888
203700,53160
203700,50968
203700,35846
203700,33534
203700,51974
203700,50724
203700,44914
203700,50970
203700,36722
203700,61028
203700,62944
203700,63510
203700,32496
203700,55632
203700,63220
203700,63186
203700,54864
203700,48980
203700,62400
203700,62378
203700,63540
203700,44644
203700,10790
203700,62276
203700,44662
203700,1206
210120,61364
210120,30500
210120,56714
210120,61672
210120,61348
210120,11262
210120,35732
210120,39186
210120,62074
210120,16358
210120,44302
210120,124
210120,52918
210120,60
210120,3382
210120,1372
210120,59816
210120,1304
210120,37644
210120,49888
210120,53160
210120,50968
210120,35846
210120,42132
210120,33534
210120,53406
210120,51974
210120,50724
210120,44914
210120,61560
210120,50970
210120,36722
210120,61028
210120,63188
210120,62944
210120,59394
210120,63510
210120,32496
210120,55632
210120,57414
210120,63220
210120,63186
210120,56696
210120,44660
210120,62170
210120,63136
210120,61540
210120,63538
210120,54864
210120,48980
210120,55798
210120,62618
210120,62400
210120,62378
210120,63540
210120,44644
210120,10790
210120,52620
210120,50962
210120,62276
210120,44662
210120,1206
210120,48694
220269,30500
220269,11262
220269,35732
220269,39186
220269,62074
220269,44302
220269,11490
220269,60
220269,3382
220269,59816
220269,1304
220269,49888
220269,53160
220269,50968
220269,42132
220269,33534
220269,44914
220269,50970
220269,61028
220269,63188
220269,62944
220269,63510
220269,32496
220269,55632
220269,63220
220269,48980
220269,62614
220269,62400
220269,62378
220269,44644
220269,10790
220269,52620
220269,44662
220269,1206
239577,30500
239577,11262
239577,39186
239577,62074
239577,44302
239577,11490
239577,60
239577,3382
239577,59816
239577,49888
239577,53160
239577,50968
239577,35846
239577,42132
239577,33534
239577,44914
239577,50970
239577,61028
239577,63188
239577,62944
239577,63510
239577,32496
239577,55632
239577,63220
239577,62614
239577,62400
239577,62378
239577,44644
239577,10790
239577,52620
239577,44662
239577,1206
72483,61364
72483,30500
72483,56714
72483,61348
72483,11262
72483,35732
72483,39186
72483,62074
72483,16358
72483,44302
72483,124
72483,52918
72483,60
72483,3382
72483,1372
72483,59816
72483,1304
72483,37644
72483,49888
72483,53160
72483,50968
72483,35846
72483,42132
72483,33534
72483,53406
72483,51974
72483,50724
72483,44914
72483,61560
72483,50970
72483,36722
72483,61028
72483,63188
72483,62944
72483,59394
72483,63510
72483,32496
72483,55632
72483,57414
72483,63220
72483,63186
72483,56696
72483,44660
72483,62170
72483,63136
72483,61540
72483,63538
72483,54864
72483,48980
72483,55798
72483,62618
72483,62400
72483,62378
72483,63540
72483,44644
72483,10790
72483,50962
72483,62276
72483,44662
72483,1206
72483,48694
154707,30500
154707,11262
154707,35732
154707,39186
154707,62074
154707,44302
154707,11490
154707,60
154707,3382
154707,59816
154707,49888
154707,53160
154707,50968
154707,42132
154707,33534
154707,44914
154707,50970
154707,61028
154707,63188
154707,62944
154707,63510
154707,32496
154707,55632
154707,63220
154707,48980
154707,62614
154707,62400
154707,62378
154707,44644
154707,10790
154707,52620
154707,44662
154707,1206
163131,30500
163131,11262
163131,35732
163131,39186
163131,62074
163131,44302
163131,11490
163131,60
163131,3382
163131,59816
163131,49888
163131,53160
163131,50968
163131,35846
163131,42132
163131,33534
163131,44914
163131,50970
163131,61028
163131,63188
163131,62944
163131,63510
163131,32496
163131,55632
163131,63220
163131,63186
163131,48980
163131,62614
163131,62400
163131,62378
163131,44644
163131,10790
163131,52620
163131,44662
163131,1206
165744,30500
165744,11262
165744,35732
165744,39186
165744,62074
165744,44302
165744,11490
165744,60
165744,3382
165744,59816
165744,1304
165744,49888
165744,53160
165744,50968
165744,42132
165744,33534
165744,44914
165744,50970
165744,61028
165744,63188
165744,62944
165744,63510
165744,32496
165744,55632
165744,63220
165744,48980
165744,62614
165744,62400
165744,62378
165744,44644
165744,10790
165744,52620
165744,44662
165744,1206
186990,11262
186990,35732
186990,39186
186990,62074
186990,44302
186990,11490
186990,52918
186990,60
186990,3382
186990,59816
186990,49888
186990,53160
186990,50968
186990,33534
186990,44914
186990,50970
186990,61028
186990,63188
186990,63510
186990,32496
186990,55632
186990,63220
186990,48980
186990,62614
186990,62400
186990,62378
186990,10790
186990,52620
186990,44662
186990,1206
196845,30500
196845,11262
196845,35732
196845,39186
196845,62074
196845,44302
196845,11490
196845,60
196845,3382
196845,59816
196845,1304
196845,49888
196845,53160
196845,50968
196845,42132
196845,33534
196845,44914
196845,50970
196845,61028
196845,63188
196845,62944
196845,63510
196845,32496
196845,55632
196845,63220
196845,48980
196845,62614
196845,62400
196845,62378
196845,44644
196845,10790
196845,52620
196845,44662
196845,1206
198573,61364
198573,61348
198573,11262
198573,35732
198573,39186
198573,62074
198573,44302
198573,11490
198573,60
198573,3382
198573,59816
198573,53160
198573,50968
198573,33534
198573,44914
198573,50970
198573,61028
198573,63188
198573,62944
198573,63510
198573,32496
198573,55632
198573,63220
198573,54864
198573,48980
198573,62614
198573,62400
198573,62378
198573,10790
198573,52620
198573,62276
198573,44662
198573,1206
203175,61364
203175,30500
203175,56714
203175,61348
203175,11262
203175,35732
203175,39186
203175,62074
203175,16358
203175,44302
203175,11490
203175,52918
203175,3382
203175,59816
203175,59822
203175,49888
203175,53160
203175,50968
203175,60978
203175,35846
203175,42132
203175,33534
203175,51974
203175,50724
203175,44914
203175,61560
203175,50970
203175,36722
203175,61028
203175,63188
203175,62944
203175,63510
203175,32496
203175,55632
203175,63220
203175,63186
203175,63136
203175,54864
203175,48980
203175,55798
203175,62614
203175,62400
203175,62378
203175,44644
203175,10790
203175,62276
205815,35732
205815,39186
205815,16358
205815,44914
205815,61028
205815,59394
205815,63510
205815,32496
205815,55632
205815,63220
205815,63186
205815,48980
205815,62614
205815,62400
205815,62378
206367,35732
206367,39186
206367,62074
206367,44302
206367,11490
206367,60
206367,3382
206367,59816
206367,49888
206367,53160
206367,50968
206367,33534
206367,44914
206367,50970
206367,61028
206367,63188
206367,63510
206367,32496
206367,55632
206367,63220
206367,48980
206367,62614
206367,62400
206367,62378
206367,10790
206367,52620
206367,44662
206418,61364
206418,30500
206418,56714
206418,61348
206418,61542
206418,50270
206418,54096
206418,11262
206418,35732
206418,48574
206418,50716
206418,36720
206418,39186
206418,34092
206418,57804
206418,61280
206418,60522
206418,62074
206418,16358
206418,44302
206418,11490
206418,124
206418,52918
206418,33886
206418,50274
206418,60
206418,3382
206418,10808
206418,1372
206418,54290
206418,48298
206418,59816
206418,59822
206418,1304
206418,37644
206418,49888
206418,53160
206418,50968
206418,60978
206418,35846
206418,10652
206418,42132
206418,51316
206418,33534
206418,53406
206418,51974
206418,50720
206418,50724
206418,44914
206418,61560
206418,50970
206418,36722
206418,61028
206418,53386
206418,62944
206418,59394
206418,63510
206418,32496
206418,55632
206418,57414
206418,63218
206418,63220
206418,63186
206418,56696
206418,63418
206418,44660
206418,62170
206418,63136
206418,61540
206418,53046
206418,63538
206418,36762
206418,54864
206418,48980
206418,55798
206418,62614
206418,53394
206418,62618
206418,62616
206418,62400
206418,62378
206418,63540
206418,53256
206418,55638
206418,10790
206418,44664
206418,59776
206418,53048
206418,52620
206418,50962
206418,62276
206418,62860
206418,44662
206418,56484
206418,1206
206418,48694
206418,53258
210678,35732
210678,39186
210678,62074
210678,44302
210678,11490
210678,52918
210678,60
210678,3382
210678,49888
210678,53160
210678,50968
210678,33534
210678,44914
210678,50970
210678,61028
210678,63188
210678,63220
210678,62614
210678,62400
210678,62378
210678,10790
210678,52620
210678,44662
242439,35732
242439,39186
242439,16358
242439,44914
242439,61028
242439,59394
242439,63510
242439,32496
242439,55632
242439,63360
242439,63220
242439,63186
242439,48980
242439,62614
242439,62400
242439,62378
25749,11262
25749,35732
25749,39186
25749,62074
25749,44302
25749,11490
25749,60
25749,3382
25749,59816
25749,49888
25749,53160
25749,50968
25749,33534
25749,44914
25749,50970
25749,61028
25749,63188
25749,63510
25749,32496
25749,55632
25749,63220
25749,48980
25749,62614
25749,62400
25749,62378
25749,10790
25749,52620
25749,44662
25749,1206
154551,35732
154551,39186
154551,44302
154551,52918
154551,60
154551,59816
154551,53160
154551,33534
154551,44914
154551,50970
154551,61028
154551,63510
154551,32496
154551,55632
154551,63220
154551,48980
154551,62400
154551,62378
154551,10790
154551,52620
154551,50962
183573,61364
183573,1370
183573,30500
183573,56714
183573,61672
183573,61348
183573,61542
183573,50270
183573,54096
183573,11262
183573,35732
183573,48574
183573,61552
183573,36720
183573,39186
183573,34092
183573,57804
183573,61280
183573,60522
183573,62074
183573,16358
183573,44302
183573,11490
183573,124
183573,52918
183573,33886
183573,50274
183573,60
183573,3382
183573,10808
183573,1372
183573,54290
183573,48298
183573,59816
183573,59822
183573,1304
183573,37644
183573,49888
183573,53160
183573,50968
183573,60978
183573,35846
183573,10652
183573,42132
183573,51316
183573,33534
183573,53406
183573,51974
183573,50720
183573,50724
183573,44914
183573,61560
183573,50970
183573,36722
183573,61028
183573,53386
183573,62944
183573,59394
183573,63510
183573,32496
183573,55632
183573,57414
183573,63218
183573,63220
183573,63186
183573,56696
183573,63418
183573,44660
183573,62170
183573,63136
183573,61540
183573,53046
183573,63538
183573,36762
183573,54864
183573,48980
183573,55798
183573,62614
183573,53394
183573,62618
183573,62616
183573,62400
183573,62378
183573,63540
183573,53256
183573,45912
183573,44644
183573,55638
183573,10790
183573,44664
183573,59776
183573,53048
183573,50962
183573,62276
183573,62860
183573,44662
183573,56484
183573,1206
183573,48694
183573,53258
201522,11262
201522,39186
201522,62074
201522,44302
201522,11490
201522,60
201522,3382
201522,59816
201522,49888
201522,53160
201522,50968
201522,33534
201522,44914
201522,50970
201522,61028
201522,63188
201522,55632
201522,63220
201522,62614
201522,62400
201522,62378
201522,10790
201522,52620
201522,44662
201522,1206
204144,11262
204144,35732
204144,39186
204144,62074
204144,44302
204144,11490
204144,60
204144,3382
204144,59816
204144,49888
204144,53160
204144,50968
204144,35846
204144,33534
204144,44914
204144,50970
204144,61028
204144,63188
204144,62944
204144,63510
204144,32496
204144,55632
204144,63220
204144,48980
204144,62614
204144,62400
204144,62378
204144,44644
204144,10790
204144,52620
204144,44662
204144,1206
206772,35732
206772,39186
206772,62074
206772,44302
206772,11490
206772,52918
206772,60
206772,59816
206772,53160
206772,50968
206772,33534
206772,44914
206772,50970
206772,61028
206772,63188
206772,63510
206772,32496
206772,55632
206772,63220
206772,48980
206772,62614
206772,62400
206772,62378
206772,10790
206772,52620
206772,50962
206772,44662
206772,1206
237300,11262
237300,39186
237300,62074
237300,44302
237300,11490
237300,60
237300,3382
237300,59816
237300,53160
237300,50968
237300,33534
237300,44914
237300,50970
237300,61028
237300,63188
237300,55632
237300,63220
237300,62614
237300,62400
237300,62378
237300,10790
237300,52620
237300,44662
237300,1206
88821,61364
88821,30500
88821,61348
88821,11262
88821,35732
88821,39186
88821,62074
88821,16358
88821,44302
88821,60
88821,3382
88821,1304
88821,49888
88821,53160
88821,50968
88821,35846
88821,42132
88821,33534
88821,51974
88821,44914
88821,50970
88821,61028
88821,63188
88821,62944
88821,63510
88821,32496
88821,55632
88821,63220
88821,63186
88821,54864
88821,48980
88821,62400
88821,62378
88821,63540
88821,44644
88821,10790
88821,62276
88821,44662
88821,1206
128502,11262
128502,35732
128502,39186
128502,62074
128502,44302
128502,11490
128502,60
128502,3382
128502,59816
128502,49888
128502,53160
128502,50968
128502,35846
128502,33534
128502,44914
128502,50970
128502,61028
128502,63188
128502,62944
128502,63510
128502,32496
128502,55632
128502,63220
128502,48980
128502,62614
128502,62400
128502,62378
128502,44644
128502,10790
128502,52620
128502,44662
128502,1206
155055,39186
155055,44302
155055,11490
155055,124
155055,60
155055,3382
155055,59816
155055,53160
155055,50968
155055,33534
155055,44914
155055,50970
155055,61028
155055,63188
155055,55632
155055,62614
155055,62378
155055,10790
155055,52620
155055,44662
155055,1206
157398,11262
157398,39186
157398,62074
157398,44302
157398,11490
157398,60
157398,3382
157398,59816
157398,53160
157398,50968
157398,33534
157398,44914
157398,50970
157398,61028
157398,63188
157398,55632
157398,63220
157398,62614
157398,62400
157398,62378
157398,10790
157398,52620
157398,44662
157398,1206
183492,61364
183492,30500
183492,56714
183492,61672
183492,61348
183492,11262
183492,35732
183492,39186
183492,62074
183492,16358
183492,44302
183492,124
183492,52918
183492,60
183492,3382
183492,1372
183492,59816
183492,1304
183492,37644
183492,49888
183492,53160
183492,50968
183492,35846
183492,42132
183492,33534
183492,53406
183492,51974
183492,50724
183492,44914
183492,61560
183492,50970
183492,36722
183492,61028
183492,63188
183492,62944
183492,59394
183492,63510
183492,32496
183492,55632
183492,57414
183492,63220
183492,63186
183492,56696
183492,44660
183492,62170
183492,63136
183492,61540
183492,63538
183492,54864
183492,48980
183492,55798
183492,62618
183492,62400
183492,62378
183492,63540
183492,44644
183492,10790
183492,52620
183492,50962
183492,62276
183492,44662
183492,1206
183492,48694
188637,30500
188637,11262
188637,35732
188637,39186
188637,62074
188637,44302
188637,11490
188637,52918
188637,60
188637,3382
188637,59816
188637,49888
188637,53160
188637,50968
188637,60978
188637,42132
188637,33534
188637,44914
188637,50970
188637,61028
188637,63188
188637,62944
188637,63510
188637,32496
188637,55632
188637,63220
188637,48980
188637,62614
188637,62400
188637,62378
188637,44644
188637,10790
188637,52620
188637,44662
188637,1206
188961,30500
188961,11262
188961,35732
188961,39186
188961,62074
188961,44302
188961,11490
188961,52918
188961,60
188961,3382
188961,59816
188961,49888
188961,53160
188961,50968
188961,60978
188961,42132
188961,33534
188961,44914
188961,50970
188961,61028
188961,63188
188961,62944
188961,63510
188961,32496
188961,55632
188961,63220
188961,48980
188961,62614
188961,62400
188961,62378
188961,44644
188961,57522
188961,10790
188961,52620
188961,44662
188961,1206
192735,11262
192735,39186
192735,62074
192735,44302
192735,11490
192735,52918
192735,60
192735,3382
192735,59816
192735,49888
192735,53160
192735,50968
192735,33534
192735,44914
192735,50970
192735,61028
192735,63188
192735,63220
192735,62614
192735,62400
192735,62378
192735,10790
192735,52620
192735,44662
192735,1206
195063,30500
195063,11262
195063,39186
195063,62074
195063,44302
195063,11490
195063,60
195063,3382
195063,59816
195063,49888
195063,53160
195063,50968
195063,35846
195063,42132
195063,33534
195063,44914
195063,50970
195063,61028
195063,63188
195063,62944
195063,63510
195063,32496
195063,55632
195063,63220
195063,63186
195063,62614
195063,62400
195063,62378
195063,44644
195063,10790
195063,52620
195063,44662
195063,1206
203673,61364
203673,30500
203673,56714
203673,61348
203673,11262
203673,35732
203673,39186
203673,62074
203673,16358
203673,44302
203673,11490
203673,52918
203673,3382
203673,59816
203673,59822
203673,49888
203673,53160
203673,50968
203673,60978
203673,35846
203673,42132
203673,33534
203673,51974
203673,50724
203673,44914
203673,61560
203673,50970
203673,36722
203673,61028
203673,63188
203673,62944
203673,63510
203673,32496
203673,55632
203673,63220
203673,63186
203673,63136
203673,54864
203673,48980
203673,55798
203673,62614
203673,62400
203673,62378
203673,44644
203673,10790
203673,62276
204759,61364
204759,30500
204759,56714
204759,61672
204759,61348
204759,11262
204759,35732
204759,39186
204759,62074
204759,16358
204759,44302
204759,124
204759,52918
204759,60
204759,3382
204759,1372
204759,59816
204759,1304
204759,37644
204759,49888
204759,53160
204759,50968
204759,35846
204759,42132
204759,33534
204759,53406
204759,51974
204759,50724
204759,44914
204759,61560
204759,50970
204759,36722
204759,61028
204759,62944
204759,59394
204759,63510
204759,32496
204759,55632
204759,57414
204759,63220
204759,63186
204759,56696
204759,44660
204759,62170
204759,63136
204759,61540
204759,63538
204759,54864
204759,48980
204759,55798
204759,62618
204759,62400
204759,62378
204759,63540
204759,44644
204759,10790
204759,52620
204759,50962
204759,62276
204759,44662
204759,1206
204759,48694
207150,11262
207150,39186
207150,62074
207150,44302
207150,11490
207150,60
207150,3382
207150,59816
207150,49888
207150,53160
207150,50968
207150,33534
207150,44914
207150,50970
207150,61028
207150,63188
207150,55632
207150,63220
207150,62614
207150,62400
207150,62378
207150,10790
207150,52620
207150,44662
207150,1206
207387,30500
207387,11262
207387,35732
207387,39186
207387,62074
207387,44302
207387,11490
207387,60
207387,3382
207387,59816
207387,49888
207387,53160
207387,50968
207387,42132
207387,33534
207387,44914
207387,50970
207387,61028
207387,63188
207387,62944
207387,63510
207387,32496
207387,55632
207387,63220
207387,48980
207387,62614
207387,62400
207387,62378
207387,44644
207387,10790
207387,52620
207387,44662
207387,1206
210168,61364
210168,30500
210168,61348
210168,11262
210168,35732
210168,39186
210168,62074
210168,44302
210168,11490
210168,52918
210168,60
210168,3382
210168,59816
210168,1304
210168,53160
210168,50968
210168,60978
210168,42132
210168,33534
210168,50724
210168,44914
210168,50970
210168,36722
210168,61028
210168,63188
210168,62944
210168,63510
210168,32496
210168,55632
210168,63220
210168,63186
210168,54864
210168,48980
210168,62400
210168,62378
210168,44644
210168,10790
210168,52620
210168,62276
210168,1206
238887,11262
238887,35732
238887,39186
238887,62074
238887,44302
238887,11490
238887,60
238887,3382
238887,49888
238887,53160
238887,50968
238887,35846
238887,33534
238887,44914
238887,50970
238887,61028
238887,63188
238887,62944
238887,63510
238887,32496
238887,55632
238887,63220
238887,48980
238887,62614
238887,62400
238887,62378
238887,44644
238887,10790
238887,52620
238887,44662
238887,1206
62817,11262
62817,35732
62817,39186
62817,62074
62817,44302
62817,11490
62817,60
62817,3382
62817,59816
62817,53160
62817,50968
62817,33534
62817,44914
62817,50970
62817,61028
62817,63188
62817,63510
62817,32496
62817,55632
62817,63220
62817,48980
62817,62614
62817,62400
62817,62378
62817,10790
62817,52620
62817,44662
62817,1206
154146,61364
154146,30500
154146,56714
154146,61348
154146,11262
154146,35732
154146,39186
154146,62074
154146,16358
154146,44302
154146,11490
154146,52918
154146,3382
154146,59816
154146,53160
154146,50968
154146,60978
154146,35846
154146,46632
154146,42132
154146,33534
154146,50724
154146,44914
154146,61560
154146,50970
154146,36722
154146,61028
154146,63188
154146,62944
154146,63510
154146,32496
154146,55632
154146,63220
154146,63186
154146,63136
154146,54864
154146,55798
154146,62614
154146,62400
154146,62378
154146,44644
154146,10790
154146,62276
159831,30500
159831,11262
159831,35732
159831,39186
159831,62074
159831,44302
159831,11490
159831,52918
159831,60
159831,3382
159831,59816
159831,53160
159831,50968
159831,42132
159831,33534
159831,44914
159831,50970
159831,61028
159831,63188
159831,62944
159831,55632
159831,63220
159831,62614
159831,62400
159831,62378
159831,44644
159831,10790
159831,52620
192771,30500
192771,11262
192771,35732
192771,39186
192771,62074
192771,44302
192771,11490
192771,52918
192771,60
192771,3382
192771,59816
192771,53160
192771,50968
192771,42132
192771,33534
192771,44914
192771,50970
192771,61028
192771,63188
192771,62944
192771,63510
192771,32496
192771,55632
192771,63220
192771,48980
192771,62614
192771,62400
192771,62378
192771,44644
192771,10790
192771,52620
193323,61364
193323,30500
193323,56714
193323,61348
193323,11262
193323,39186
193323,62074
193323,16358
193323,44302
193323,11490
193323,52918
193323,3382
193323,48298
193323,59816
193323,59822
193323,49888
193323,53160
193323,50968
193323,35846
193323,42132
193323,33534
193323,50724
193323,44914
193323,50970
193323,36722
193323,61028
193323,63188
193323,62944
193323,62274
193323,63220
193323,63186
193323,63136
193323,54864
193323,55798
193323,62400
193323,62378
193323,44644
193323,10790
193323,62276
203820,61364
203820,1370
203820,30500
203820,56714
203820,61672
203820,61348
203820,61542
203820,50270
203820,54096
203820,11262
203820,35732
203820,48574
203820,61552
203820,50716
203820,36720
203820,39186
203820,34092
203820,57804
203820,61280
203820,60522
203820,62074
203820,16358
203820,44302
203820,11490
203820,124
203820,52918
203820,33886
203820,50274
203820,60
203820,3382
203820,10808
203820,61558
203820,1372
203820,54290
203820,48298
203820,59816
203820,59822
203820,50272
203820,1304
203820,37644
203820,49888
203820,53160
203820,50968
203820,60978
203820,35846
203820,46632
203820,10652
203820,42132
203820,51316
203820,33534
203820,50268
203820,53406
203820,51974
203820,50720
203820,50724
203820,44914
203820,61560
203820,50970
203820,36722
203820,61028
203820,53386
203820,63188
203820,62944
203820,59394
203820,63510
203820,32496
203820,55632
203820,57414
203820,63360
203820,63218
203820,59396
203820,62274
203820,63220
203820,63186
203820,50718
203820,56696
203820,63418
203820,44660
203820,62170
203820,63136
203820,61540
203820,62376
203820,53046
203820,63538
203820,36762
203820,54864
203820,48980
203820,55798
203820,62614
203820,53394
203820,62618
203820,62616
203820,62400
203820,62378
203820,63540
203820,53256
203820,45912
203820,44644
203820,55638
203820,10790
203820,44664
203820,59776
203820,53048
203820,52620
203820,50962
203820,62276
203820,62860
203820,44662
203820,56484
203820,1206
203820,48694
203820,53258
222894,61364
222894,30500
222894,61348
222894,11262
222894,39186
222894,62074
222894,44302
222894,11490
222894,52918
222894,60
222894,3382
222894,1304
222894,53160
222894,50968
222894,60978
222894,42132
222894,33534
222894,50724
222894,44914
222894,50970
222894,36722
222894,61028
222894,63188
222894,62944
222894,63510
222894,32496
222894,55632
222894,63220
222894,63186
222894,54864
222894,62614
222894,62400
222894,62378
222894,44644
222894,10790
222894,52620
222894,62276
242409,30500
242409,11262
242409,35732
242409,39186
242409,62074
242409,44302
242409,11490
242409,52918
242409,60
242409,3382
242409,59816
242409,1304
242409,49888
242409,53160
242409,50968
242409,42132
242409,33534
242409,44914
242409,50970
242409,61028
242409,63188
242409,62944
242409,63510
242409,32496
242409,55632
242409,63220
242409,48980
242409,62614
242409,62400
242409,62378
242409,44644
242409,10790
242409,52620
242409,44662
242409,1206
71271,30500
71271,11262
71271,39186
71271,62074
71271,44302
71271,11490
71271,52918
71271,60
71271,3382
71271,59816
71271,49888
71271,53160
71271,50968
71271,35846
71271,42132
71271,33534
71271,44914
71271,50970
71271,61028
71271,63188
71271,62944
71271,63510
71271,32496
71271,55632
71271,63220
71271,62614
71271,62400
71271,62378
71271,44644
71271,10790
71271,52620
71271,44662
71271,1206
154245,61364
154245,30500
154245,56714
154245,61348
154245,11262
154245,35732
154245,39186
154245,62074
154245,16358
154245,44302
154245,11490
154245,52918
154245,3382
154245,59816
154245,59822
154245,49888
154245,53160
154245,50968
154245,60978
154245,35846
154245,42132
154245,33534
154245,51974
154245,50724
154245,44914
154245,61560
154245,50970
154245,36722
154245,61028
154245,63188
154245,62944
154245,63510
154245,32496
154245,55632
154245,63220
154245,63186
154245,63136
154245,54864
154245,48980
154245,55798
154245,62614
154245,62400
154245,62378
154245,44644
154245,10790
154245,62276
160029,61364
160029,30500
160029,61348
160029,11262
160029,35732
160029,39186
160029,62074
160029,44302
160029,11490
160029,52918
160029,60
160029,3382
160029,1304
160029,53160
160029,50968
160029,60978
160029,42132
160029,33534
160029,50724
160029,44914
160029,50970
160029,36722
160029,61028
160029,63188
160029,62944
160029,63510
160029,32496
160029,55632
160029,63220
160029,63186
160029,54864
160029,48980
160029,62614
160029,62400
160029,62378
160029,44644
160029,10790
160029,52620
160029,62276
187650,30500
187650,11262
187650,35732
187650,39186
187650,62074
187650,44302
187650,11490
187650,60
187650,3382
187650,59816
187650,49888
187650,53160
187650,50968
187650,42132
187650,33534
187650,44914
187650,50970
187650,61028
187650,63188
187650,62944
187650,63510
187650,32496
187650,55632
187650,63220
187650,48980
187650,62614
187650,62400
187650,62378
187650,44644
187650,10790
187650,52620
187650,44662
187650,1206
191256,30500
191256,11262
191256,35732
191256,39186
191256,62074
191256,44302
191256,11490
191256,52918
191256,60
191256,3382
191256,59816
191256,1304
191256,49888
191256,53160
191256,50968
191256,60978
191256,42132
191256,33534
191256,44914
191256,50970
191256,61028
191256,63188
191256,62944
191256,63510
191256,32496
191256,55632
191256,63220
191256,48980
191256,62614
191256,62400
191256,62378
191256,44644
191256,10790
191256,52620
191256,44662
191256,1206
192549,50270
192549,54096
192549,61552
192549,57804
192549,61280
192549,124
192549,50274
192549,60
192549,10652
192549,33534
192549,53386
192549,32496
192549,59396
192549,63220
192549,63186
192549,62170
192549,63136
192549,62618
192549,62616
192549,62400
192549,55638
192549,50962
192549,62860
192549,56484
192549,48694
207216,61364
207216,1370
207216,30500
207216,54096
207216,44302
207216,124
207216,60
207216,3382
207216,59822
207216,49888
207216,35846
207216,10652
207216,61028
207216,53386
207216,32496
207216,59396
207216,63220
207216,63186
207216,62170
207216,63136
207216,54864
207216,62616
207216,62400
207216,55638
207216,50962
207216,62860
207216,56484
207216,48694
207219,61364
207219,1370
207219,30500
207219,54096
207219,44302
207219,124
207219,60
207219,3382
207219,59822
207219,49888
207219,35846
207219,10652
207219,53386
207219,32496
207219,59396
207219,63220
207219,63186
207219,62170
207219,63136
207219,62618
207219,62616
207219,62400
207219,55638
207219,50962
207219,62860
207219,56484
207219,48694
210876,54096
210876,124
210876,60
210876,3382
210876,59822
210876,49888
210876,35846
210876,53386
210876,32496
210876,59396
210876,63220
210876,63186
210876,56696
210876,62170
210876,63136
210876,54864
210876,62618
210876,62616
210876,62400
210876,55638
210876,50962
210876,62860
210876,56484
210876,48694
227988,61364
227988,1370
227988,30500
227988,54096
227988,44302
227988,124
227988,60
227988,3382
227988,59822
227988,49888
227988,35846
227988,53386
227988,32496
227988,59396
227988,63220
227988,63186
227988,62170
227988,63136
227988,62618
227988,62616
227988,62400
227988,55638
227988,50962
227988,62860
227988,56484
227988,48694
241263,61364
241263,1370
241263,30500
241263,54096
241263,44302
241263,124
241263,60
241263,3382
241263,59822
241263,49888
241263,35846
241263,50268
241263,51974
241263,50720
241263,44914
241263,61028
241263,53386
241263,32496
241263,59396
241263,63220
241263,63186
241263,56696
241263,62170
241263,63136
241263,36762
241263,54864
241263,48980
241263,62618
241263,62616
241263,62400
241263,63540
241263,44644
241263,55638
241263,52620
241263,50962
241263,62860
241263,44662
241263,56484
241263,48694
241263,53258
67827,61364
67827,1370
67827,30500
67827,50270
67827,54096
67827,11262
67827,39186
67827,16358
67827,44302
67827,11490
67827,124
67827,60
67827,3382
67827,10808
67827,54290
67827,59822
67827,50968
67827,33534
67827,50268
67827,44914
67827,61028
67827,53386
67827,32496
67827,59396
67827,63220
67827,63186
67827,62170
67827,63136
67827,54864
67827,62616
67827,62400
67827,55638
67827,50962
67827,62860
67827,56484
67827,48694
67827,53258
153312,61364
153312,1370
153312,30500
153312,54096
153312,16358
153312,44302
153312,124
153312,60
153312,3382
153312,59822
153312,49888
153312,50968
153312,35846
153312,10652
153312,53386
153312,32496
153312,59396
153312,63220
153312,63186
153312,56696
153312,62170
153312,63136
153312,54864
153312,62618
153312,62616
153312,62400
153312,53256
153312,55638
153312,50962
153312,62860
153312,56484
153312,48694
162843,61364
162843,1370
162843,30500
162843,54096
162843,44302
162843,124
162843,60
162843,3382
162843,59822
162843,49888
162843,35846
162843,53386
162843,32496
162843,59396
162843,62170
162843,63136
162843,54864
162843,62614
162843,62618
162843,62616
162843,62400
162843,63540
162843,55638
162843,50962
162843,62860
162843,56484
162843,48694
162843,53258
184485,61364
184485,1370
184485,30500
184485,54096
184485,44302
184485,60
184485,3382
184485,59822
184485,35846
184485,10652
184485,61028
184485,32496
184485,59396
184485,63220
184485,63186
184485,62170
184485,63136
184485,54864
184485,62616
184485,62400
184485,55638
184485,50962
184485,62860
184485,56484
184485,48694
187707,30500
187707,54096
187707,124
187707,60
187707,3382
187707,59822
187707,49888
187707,35846
187707,10652
187707,61028
187707,53386
187707,32496
187707,59396
187707,63220
187707,63186
187707,62170
187707,63136
187707,54864
187707,62616
187707,62400
187707,55638
187707,50962
187707,62860
187707,56484
187707,48694
204795,61364
204795,1370
204795,30500
204795,54096
204795,44302
204795,124
204795,60
204795,3382
204795,59822
204795,49888
204795,35846
204795,10652
204795,51974
204795,61028
204795,53386
204795,32496
204795,59396
204795,63220
204795,63186
204795,62170
204795,63136
204795,54864
204795,62618
204795,62616
204795,62400
204795,63540
204795,44644
204795,55638
204795,50962
204795,62860
204795,56484
204795,48694
204795,53258
208449,61364
208449,1370
208449,30500
208449,54096
208449,11262
208449,44302
208449,124
208449,60
208449,3382
208449,54290
208449,59822
208449,49888
208449,35846
208449,10652
208449,53386
208449,32496
208449,59396
208449,63220
208449,63186
208449,62170
208449,63136
208449,62618
208449,62616
208449,62400
208449,55638
208449,50962
208449,62860
208449,56484
208449,48694
210171,61364
210171,1370
210171,30500
210171,54096
210171,44302
210171,124
210171,60
210171,3382
210171,59822
210171,49888
210171,35846
210171,50268
210171,51974
210171,50720
210171,44914
210171,61028
210171,53386
210171,32496
210171,59396
210171,63220
210171,63186
210171,56696
210171,62170
210171,63136
210171,36762
210171,54864
210171,48980
210171,62618
210171,62616
210171,62400
210171,63540
210171,44644
210171,55638
210171,52620
210171,50962
210171,62860
210171,44662
210171,56484
210171,48694
210171,53258
234972,61364
234972,1370
234972,30500
234972,50270
234972,54096
234972,11262
234972,39186
234972,16358
234972,44302
234972,11490
234972,124
234972,60
234972,3382
234972,54290
234972,59822
234972,50968
234972,51974
234972,61028
234972,53386
234972,32496
234972,59396
234972,63220
234972,63186
234972,56696
234972,62170
234972,63136
234972,54864
234972,62614
234972,62618
234972,62616
234972,62400
234972,44644
234972,55638
234972,50962
234972,62860
234972,56484
234972,48694
234972,53258
167571,61364
167571,1370
167571,30500
167571,54096
167571,44302
167571,60
167571,3382
167571,54290
167571,59822
167571,49888
167571,35846
167571,10652
167571,51974
167571,61028
167571,53386
167571,32496
167571,59396
167571,63220
167571,63186
167571,56696
167571,62170
167571,63136
167571,54864
167571,62618
167571,62616
167571,62400
167571,62378
167571,44644
167571,55638
167571,50962
167571,62860
167571,56484
167571,48694
167571,53258
179853,61364
179853,1370
179853,30500
179853,54096
179853,44302
179853,124
179853,60
179853,3382
179853,54290
179853,48298
179853,59822
179853,49888
179853,35846
179853,10652
179853,51974
179853,61028
179853,53386
179853,32496
179853,59396
179853,63220
179853,63186
179853,62170
179853,63136
179853,54864
179853,62618
179853,62616
179853,62400
179853,44644
179853,55638
179853,50962
179853,62860
179853,56484
179853,48694
179853,53258
185067,61364
185067,1370
185067,30500
185067,54096
185067,44302
185067,124
185067,60
185067,3382
185067,54290
185067,59822
185067,49888
185067,35846
185067,10652
185067,61028
185067,53386
185067,32496
185067,59396
185067,63220
185067,63186
185067,62170
185067,63136
185067,54864
185067,62618
185067,62616
185067,62400
185067,55638
185067,50962
185067,62860
185067,56484
185067,48694
188265,61364
188265,1370
188265,30500
188265,54096
188265,44302
188265,124
188265,60
188265,3382
188265,54290
188265,59822
188265,49888
188265,35846
188265,61028
188265,32496
188265,59396
188265,63220
188265,63186
188265,56696
188265,62170
188265,63136
188265,54864
188265,62618
188265,62616
188265,62400
188265,55638
188265,50962
188265,62860
188265,56484
188265,48694
207078,54096
207078,124
207078,60
207078,3382
207078,59822
207078,49888
207078,35846
207078,10652
207078,53386
207078,32496
207078,59396
207078,63220
207078,63186
207078,62170
207078,63136
207078,54864
207078,62618
207078,62616
207078,62400
207078,55638
207078,50962
207078,62860
207078,56484
207078,48694
219381,61364
219381,1370
219381,30500
219381,54096
219381,44302
219381,124
219381,60
219381,3382
219381,59822
219381,49888
219381,35846
219381,10652
219381,53386
219381,32496
219381,59396
219381,63220
219381,63186
219381,62170
219381,63136
219381,54864
219381,62616
219381,62400
219381,55638
219381,50962
219381,62860
219381,56484
219381,48694
231096,61364
231096,1370
231096,30500
231096,54096
231096,44302
231096,124
231096,60
231096,3382
231096,59822
231096,49888
231096,35846
231096,10652
231096,51974
231096,61028
231096,53386
231096,32496
231096,59396
231096,63220
231096,63186
231096,56696
231096,62170
231096,63136
231096,54864
231096,62618
231096,62616
231096,62400
231096,63540
231096,44644
231096,55638
231096,50962
231096,62860
231096,56484
231096,48694
231096,53258
241824,61364
241824,1370
241824,30500
241824,54096
241824,44302
241824,124
241824,60
241824,3382
241824,54290
241824,59822
241824,49888
241824,35846
241824,10652
241824,50268
241824,51974
241824,44914
241824,61028
241824,53386
241824,32496
241824,59396
241824,63220
241824,63186
241824,56696
241824,62170
241824,63136
241824,54864
241824,62614
241824,62616
241824,62400
241824,62378
241824,44644
241824,55638
241824,52620
241824,50962
241824,62860
241824,44662
241824,56484
241824,48694
241824,53258
128469,61364
128469,1370
128469,30500
128469,54096
128469,11262
128469,16358
128469,44302
128469,124
128469,60
128469,3382
128469,54290
128469,59822
128469,49888
128469,50968
128469,61028
128469,32496
128469,59396
128469,63220
128469,63186
128469,62170
128469,63136
128469,54864
128469,62618
128469,62616
128469,62400
128469,63540
128469,55638
128469,50962
128469,62860
128469,56484
128469,48694
128469,53258
179496,61364
179496,1370
179496,30500
179496,54096
179496,124
179496,60
179496,3382
179496,54290
179496,59822
179496,49888
179496,35846
179496,10652
179496,61028
179496,53386
179496,32496
179496,59396
179496,63220
179496,63186
179496,56696
179496,62170
179496,63136
179496,54864
179496,62618
179496,62616
179496,62400
179496,55638
179496,50962
179496,62860
179496,56484
179496,48694
183789,61364
183789,1370
183789,30500
183789,54096
183789,44302
183789,124
183789,60
183789,3382
183789,59822
183789,49888
183789,35846
183789,10652
183789,50268
183789,51974
183789,44914
183789,61028
183789,53386
183789,32496
183789,59396
183789,63220
183789,63186
183789,56696
183789,62170
183789,63136
183789,54864
183789,62618
183789,62616
183789,62400
183789,44644
183789,55638
183789,52620
183789,50962
183789,62860
183789,44662
183789,56484
183789,48694
183789,53258
192300,61364
192300,1370
192300,30500
192300,54096
192300,11262
192300,16358
192300,44302
192300,124
192300,60
192300,3382
192300,54290
192300,59822
192300,49888
192300,50968
192300,35846
192300,10652
192300,51974
192300,61028
192300,53386
192300,32496
192300,59396
192300,63220
192300,63186
192300,56696
192300,62170
192300,63136
192300,54864
192300,62618
192300,62616
192300,62400
192300,62378
192300,44644
192300,55638
192300,50962
192300,62860
192300,56484
192300,48694
192300,53258
203094,61364
203094,1370
203094,30500
203094,54096
203094,44302
203094,124
203094,60
203094,3382
203094,54290
203094,48298
203094,59822
203094,49888
203094,35846
203094,10652
203094,51974
203094,61028
203094,53386
203094,32496
203094,59396
203094,63220
203094,63186
203094,56696
203094,62170
203094,63136
203094,54864
203094,62618
203094,62616
203094,62400
203094,62378
203094,63540
203094,44644
203094,55638
203094,50962
203094,62860
203094,56484
203094,48694
203094,53258
204222,61364
204222,1370
204222,30500
204222,54096
204222,44302
204222,124
204222,60
204222,3382
204222,54290
204222,59822
204222,49888
204222,35846
204222,10652
204222,51974
204222,61028
204222,53386
204222,32496
204222,59396
204222,63220
204222,63186
204222,62170
204222,63136
204222,54864
204222,62618
204222,62616
204222,62400
204222,63540
204222,44644
204222,55638
204222,50962
204222,62860
204222,56484
204222,48694
204222,53258
204762,61364
204762,1370
204762,30500
204762,54096
204762,11262
204762,44302
204762,124
204762,60
204762,3382
204762,54290
204762,59822
204762,49888
204762,35846
204762,10652
204762,51974
204762,61028
204762,53386
204762,32496
204762,59396
204762,63220
204762,63186
204762,62170
204762,63136
204762,54864
204762,62618
204762,62616
204762,62400
204762,63540
204762,44644
204762,55638
204762,50962
204762,62860
204762,56484
204762,48694
204762,53258
210840,61364
210840,1370
210840,30500
210840,54096
210840,11262
210840,44302
210840,124
210840,60
210840,3382
210840,54290
210840,59822
210840,49888
210840,35846
210840,10652
210840,53386
210840,32496
210840,59396
210840,63220
210840,63186
210840,62170
210840,63136
210840,62618
210840,62616
210840,62400
210840,55638
210840,50962
210840,62860
210840,56484
210840,48694
211950,61364
211950,1370
211950,30500
211950,54096
211950,44302
211950,124
211950,60
211950,3382
211950,59822
211950,49888
211950,35846
211950,61028
211950,53386
211950,32496
211950,59396
211950,63220
211950,63186
211950,56696
211950,62170
211950,63136
211950,54864
211950,62618
211950,62616
211950,62400
211950,55638
211950,50962
211950,62860
211950,56484
211950,48694
216648,61364
216648,1370
216648,30500
216648,54096
216648,44302
216648,124
216648,60
216648,3382
216648,59822
216648,49888
216648,35846
216648,10652
216648,61028
216648,32496
216648,59396
216648,63220
216648,63186
216648,62170
216648,63136
216648,54864
216648,62618
216648,62616
216648,62400
216648,55638
216648,50962
216648,62860
216648,56484
216648,48694
225669,30500
225669,54096
225669,124
225669,60
225669,3382
225669,59822
225669,49888
225669,35846
225669,10652
225669,50268
225669,51974
225669,44914
225669,61028
225669,32496
225669,59396
225669,63220
225669,63186
225669,56696
225669,62170
225669,63136
225669,62618
225669,62616
225669,62400
225669,62378
225669,44644
225669,55638
225669,52620
225669,50962
225669,62860
225669,44662
225669,56484
225669,48694
225669,53258
242388,61364
242388,1370
242388,30500
242388,54096
242388,11262
242388,16358
242388,124
242388,60
242388,3382
242388,54290
242388,59822
242388,49888
242388,50968
242388,35846
242388,10652
242388,53386
242388,32496
242388,59396
242388,63220
242388,63186
242388,62170
242388,63136
242388,62616
242388,62400
242388,55638
242388,50962
242388,62860
242388,56484
242388,48694
71409,61364
71409,1370
71409,30500
71409,54096
71409,44302
71409,124
71409,60
71409,3382
71409,59822
71409,49888
71409,35846
71409,10652
71409,61028
71409,53386
71409,32496
71409,59396
71409,63220
71409,63186
71409,56696
71409,62170
71409,63136
71409,54864
71409,62618
71409,62616
71409,62400
71409,63540
71409,55638
71409,50962
71409,62860
71409,56484
71409,48694
186657,61364
186657,1370
186657,30500
186657,54096
186657,44302
186657,124
186657,60
186657,3382
186657,54290
186657,59822
186657,49888
186657,35846
186657,51974
186657,61028
186657,53386
186657,32496
186657,59396
186657,63220
186657,63186
186657,56696
186657,62170
186657,63136
186657,54864
186657,62618
186657,62616
186657,62400
186657,62378
186657,63540
186657,44644
186657,55638
186657,50962
186657,62860
186657,56484
186657,48694
186657,53258
203100,61364
203100,1370
203100,30500
203100,54096
203100,44302
203100,124
203100,60
203100,3382
203100,54290
203100,59822
203100,49888
203100,35846
203100,10652
203100,51974
203100,61028
203100,53386
203100,32496
203100,59396
203100,63220
203100,63186
203100,56696
203100,62170
203100,63136
203100,54864
203100,62618
203100,62616
203100,62400
203100,62378
203100,44644
203100,55638
203100,50962
203100,62860
203100,56484
203100,48694
203100,53258
203460,61364
203460,1370
203460,30500
203460,54096
203460,44302
203460,124
203460,60
203460,3382
203460,54290
203460,59822
203460,49888
203460,35846
203460,10652
203460,53386
203460,32496
203460,59396
203460,63220
203460,63186
203460,62170
203460,63136
203460,54864
203460,62618
203460,62616
203460,62400
203460,53256
203460,55638
203460,50962
203460,62860
203460,56484
203460,48694
203790,61364
203790,1370
203790,30500
203790,54096
203790,44302
203790,124
203790,60
203790,3382
203790,59822
203790,49888
203790,35846
203790,53386
203790,32496
203790,59396
203790,63220
203790,63186
203790,56696
203790,62170
203790,63136
203790,54864
203790,62618
203790,62616
203790,62400
203790,53256
203790,55638
203790,50962
203790,62860
203790,56484
203790,48694
207243,61364
207243,1370
207243,30500
207243,54096
207243,44302
207243,124
207243,60
207243,3382
207243,59822
207243,49888
207243,35846
207243,50268
207243,51974
207243,50720
207243,50724
207243,44914
207243,61028
207243,53386
207243,32496
207243,59396
207243,62274
207243,63220
207243,63186
207243,56696
207243,62170
207243,63136
207243,54864
207243,48980
207243,62616
207243,62400
207243,62378
207243,63540
207243,44644
207243,55638
207243,59776
207243,52620
207243,50962
207243,62276
207243,62860
207243,44662
207243,56484
207243,48694
207243,53258
209994,61364
209994,1370
209994,30500
209994,54096
209994,11262
209994,39186
209994,16358
209994,44302
209994,11490
209994,124
209994,60
209994,3382
209994,54290
209994,59822
209994,49888
209994,50968
209994,35846
209994,10652
209994,61028
209994,32496
209994,59396
209994,63220
209994,63186
209994,56696
209994,62170
209994,63136
209994,54864
209994,62618
209994,62616
209994,62400
209994,55638
209994,50962
209994,62860
209994,56484
209994,48694
219021,54096
219021,60
219021,10808
219021,59822
219021,49888
219021,35846
219021,10652
219021,53386
219021,32496
219021,62274
219021,62618
219021,62616
219021,55638
219021,53048
219021,50962
219021,56484
219021,58504
231909,61364
231909,1370
231909,30500
231909,54096
231909,44302
231909,124
231909,60
231909,3382
231909,59822
231909,35846
231909,10652
231909,51974
231909,61028
231909,53386
231909,32496
231909,59396
231909,63220
231909,63186
231909,56696
231909,62170
231909,63136
231909,54864
231909,62614
231909,62618
231909,62616
231909,62400
231909,44644
231909,55638
231909,50962
231909,62860
231909,56484
231909,48694
231909,53258
59703,61364
59703,1370
59703,30500
59703,54096
59703,44302
59703,124
59703,60
59703,3382
59703,54290
59703,59822
59703,49888
59703,35846
59703,10652
59703,51974
59703,61028
59703,53386
59703,32496
59703,59396
59703,63220
59703,63186
59703,62170
59703,63136
59703,54864
59703,62614
59703,62618
59703,62616
59703,62400
59703,44644
59703,55638
59703,50962
59703,62860
59703,56484
59703,48694
59703,53258
66777,61364
66777,1370
66777,30500
66777,54096
66777,44302
66777,124
66777,60
66777,3382
66777,54290
66777,59822
66777,49888
66777,35846
66777,10652
66777,51974
66777,61028
66777,53386
66777,32496
66777,59396
66777,63220
66777,63186
66777,62170
66777,63136
66777,54864
66777,62618
66777,62616
66777,62400
66777,44644
66777,55638
66777,50962
66777,62860
66777,56484
66777,48694
66777,53258
154542,61364
154542,1370
154542,30500
154542,54096
154542,44302
154542,124
154542,60
154542,3382
154542,54290
154542,48298
154542,59822
154542,49888
154542,35846
154542,10652
154542,51974
154542,61028
154542,53386
154542,32496
154542,59396
154542,63220
154542,63186
154542,62170
154542,63136
154542,54864
154542,62618
154542,62616
154542,62400
154542,44644
154542,55638
154542,50962
154542,62860
154542,56484
154542,48694
154542,53258
161526,61364
161526,1370
161526,30500
161526,54096
161526,44302
161526,124
161526,60
161526,3382
161526,54290
161526,48298
161526,59822
161526,49888
161526,35846
161526,10652
161526,51974
161526,61028
161526,53386
161526,32496
161526,59396
161526,63220
161526,63186
161526,62170
161526,63136
161526,54864
161526,62618
161526,62616
161526,62400
161526,63540
161526,44644
161526,55638
161526,50962
161526,62860
161526,56484
161526,48694
161526,53258
188700,61364
188700,1370
188700,30500
188700,54096
188700,11262
188700,44302
188700,124
188700,60
188700,3382
188700,54290
188700,59822
188700,49888
188700,35846
188700,10652
188700,53386
188700,32496
188700,59396
188700,63220
188700,63186
188700,56696
188700,62170
188700,63136
188700,62618
188700,62616
188700,62400
188700,55638
188700,50962
188700,62860
188700,56484
188700,48694
191892,54096
191892,60
191892,59822
191892,49888
191892,35846
191892,51974
191892,61028
191892,32496
191892,59396
191892,63220
191892,63186
191892,62170
191892,63136
191892,54864
191892,62618
191892,62616
191892,62400
191892,63540
191892,44644
191892,55638
191892,50962
191892,62860
191892,56484
191892,48694
191892,53258
232455,61364
232455,1370
232455,30500
232455,54096
232455,11262
232455,124
232455,60
232455,3382
232455,54290
232455,59822
232455,49888
232455,35846
232455,10652
232455,53386
232455,32496
232455,59396
232455,63220
232455,63186
232455,62170
232455,63136
232455,62618
232455,62616
232455,62400
232455,55638
232455,50962
232455,62860
232455,56484
232455,48694
232827,61364
232827,1370
232827,30500
232827,54096
232827,44302
232827,124
232827,60
232827,3382
232827,59822
232827,49888
232827,35846
232827,61028
232827,32496
232827,59396
232827,63220
232827,63186
232827,56696
232827,62170
232827,63136
232827,62618
232827,62616
232827,62400
232827,55638
232827,50962
232827,62860
232827,56484
232827,48694
242430,54096
242430,124
242430,60
242430,3382
242430,59822
242430,49888
242430,35846
242430,10652
242430,61028
242430,53386
242430,32496
242430,59396
242430,63220
242430,63186
242430,62170
242430,63136
242430,54864
242430,62616
242430,62400
242430,55638
242430,50962
242430,62860
242430,56484
242430,48694
242556,61364
242556,1370
242556,30500
242556,54096
242556,44302
242556,124
242556,60
242556,3382
242556,59822
242556,49888
242556,35846
242556,10652
242556,53386
242556,32496
242556,59396
242556,63220
242556,63186
242556,56696
242556,62170
242556,63136
242556,62618
242556,62616
242556,62400
242556,55638
242556,50962
242556,62860
242556,56484
242556,48694
167652,61364
167652,1370
167652,30500
167652,54096
167652,44302
167652,124
167652,60
167652,3382
167652,59822
167652,49888
167652,35846
167652,36722
167652,59394
167652,63360
167652,59396
167652,62274
167652,63418
167652,62376
167652,48980
167652,55798
167652,62378
167652,55638
167652,10790
167652,59776
167652,62860
167652,53258
187734,61552
187734,34092
187734,57804
187734,11490
187734,33886
187734,10808
187734,1372
187734,1304
187734,46632
187734,53406
187734,61560
187734,36722
187734,61028
187734,63510
187734,32496
187734,62274
187734,63418
187734,44660
187734,62170
187734,61540
187734,63538
187734,54864
187734,62616
187734,62378
187734,53256
187734,44644
187734,57522
187734,10790
187734,44664
187734,59776
187734,44662
207399,35732
207399,36720
207399,39186
207399,60522
207399,44302
207399,33886
207399,10808
207399,1372
207399,1304
207399,46632
207399,53406
207399,61560
207399,36722
207399,61028
207399,63188
207399,63510
207399,32496
207399,62274
207399,63418
207399,44660
207399,62170
207399,63136
207399,63538
207399,54864
207399,62616
207399,62378
207399,53256
207399,44644
207399,57522
207399,10790
207399,44664
207399,59776
207399,44662
203112,36720
203112,60522
203112,44302
203112,33886
203112,10808
203112,1372
203112,46632
203112,10652
203112,53406
203112,61560
203112,36722
203112,61028
203112,63510
203112,32496
203112,62274
203112,44660
203112,62170
203112,54864
203112,62616
203112,62378
203112,53256
203112,44644
203112,10790
203112,44664
203112,59776
203112,44662
207102,54096
207102,35732
207102,36720
207102,39186
207102,44302
207102,33886
207102,10808
207102,1372
207102,46632
207102,10652
207102,53406
207102,61560
207102,36722
207102,61028
207102,63510
207102,32496
207102,62274
207102,44660
207102,62170
207102,54864
207102,62616
207102,62378
207102,53256
207102,44644
207102,10790
207102,44664
207102,59776
207102,44662
219048,54096
219048,35732
219048,36720
219048,39186
219048,44302
219048,33886
219048,10808
219048,1372
219048,10652
219048,53406
219048,50970
219048,36722
219048,63510
219048,63418
219048,44660
219048,61540
219048,54864
219048,53394
219048,62616
219048,62378
219048,53256
219048,55638
219048,10790
219048,44664
219048,59776
219048,44662
219048,56484
165927,54096
165927,35732
165927,36720
165927,39186
165927,34092
165927,44302
165927,33886
165927,10808
165927,1372
165927,10652
165927,53406
165927,61560
165927,36722
165927,61028
165927,63188
165927,63510
165927,32496
165927,62274
165927,63418
165927,44660
165927,62170
165927,62376
165927,54864
165927,62616
165927,62378
165927,53256
165927,44644
165927,10790
165927,44664
165927,59776
165927,44662
182292,54096
182292,35732
182292,36720
182292,39186
182292,44302
182292,33886
182292,10808
182292,10652
182292,53406
182292,50970
182292,44660
182292,63538
182292,53394
182292,62616
182292,53256
182292,55638
182292,10790
182292,44664
182292,59776
182292,44662
182292,56484
198801,54096
198801,35732
198801,36720
198801,10808
198801,59822
198801,1304
198801,53160
198801,46632
198801,10652
198801,53406
198801,61560
198801,36722
198801,61028
198801,63188
198801,63510
198801,32496
198801,62274
198801,44660
198801,62170
198801,63136
198801,63538
198801,54864
198801,62616
198801,62378
198801,53256
198801,44644
198801,57522
198801,10790
198801,44664
198801,59776
198801,44662
198801,56484
204657,50270
204657,54096
204657,35732
204657,36720
204657,39186
204657,60522
204657,44302
204657,33886
204657,60
204657,10808
204657,1372
204657,59822
204657,1304
204657,53160
204657,46632
204657,10652
204657,53406
204657,61560
204657,36722
204657,61028
204657,63510
204657,32496
204657,62274
204657,63418
204657,44660
204657,62170
204657,61540
204657,63538
204657,54864
204657,62618
204657,62616
204657,62378
204657,63540
204657,53256
204657,44644
204657,57522
204657,10790
204657,44664
204657,59776
204657,44662
204657,56484
206670,50270
206670,35732
206670,36720
206670,39186
206670,60522
206670,44302
206670,33886
206670,60
206670,10808
206670,1372
206670,46632
206670,53406
206670,61560
206670,36722
206670,61028
206670,63188
206670,63510
206670,32496
206670,62274
206670,63418
206670,44660
206670,62170
206670,54864
206670,62616
206670,62378
206670,53256
206670,44644
206670,44662
216498,35732
216498,36720
216498,39186
216498,44302
216498,33886
216498,10808
216498,1372
216498,1304
216498,46632
216498,10652
216498,53406
216498,61560
216498,36722
216498,61028
216498,63510
216498,32496
216498,62274
216498,63418
216498,44660
216498,62170
216498,63538
216498,54864
216498,62616
216498,62378
216498,53256
216498,44644
216498,57522
216498,10790
216498,44664
216498,59776
216498,44662
238689,54096
238689,35732
238689,36720
238689,39186
238689,60522
238689,44302
238689,33886
238689,10808
238689,1372
238689,10652
238689,53406
238689,61560
238689,36722
238689,61028
238689,63510
238689,32496
238689,63418
238689,44660
238689,62170
238689,54864
238689,62616
238689,62378
238689,53256
238689,44644
238689,44662
241329,35732
241329,36720
241329,39186
241329,44302
241329,33886
241329,10808
241329,59822
241329,50272
241329,1304
241329,37644
241329,49888
241329,53160
241329,60978
241329,46632
241329,10652
241329,51316
241329,53406
241329,61560
241329,50970
241329,36722
241329,53386
241329,63188
241329,63510
241329,32496
241329,63360
241329,62274
241329,50718
241329,56696
241329,63418
241329,44660
241329,62170
241329,61540
241329,63538
241329,54864
241329,55798
241329,62614
241329,62618
241329,62616
241329,62400
241329,62378
241329,63540
241329,53256
241329,57522
241329,55638
241329,10790
241329,44664
241329,59776
241329,53048
241329,44662
241329,56484
241329,48694
241329,58504
154698,61364
154698,1370
154698,30500
154698,61348
154698,50270
154698,54096
154698,11262
154698,35732
154698,61552
154698,50716
154698,36720
154698,39186
154698,34092
154698,60522
154698,44302
154698,33886
154698,50274
154698,60
154698,10808
154698,1372
154698,54290
154698,10652
154698,53406
154698,61560
154698,36722
154698,61028
154698,63510
154698,32496
154698,63418
154698,44660
154698,62170
154698,54864
154698,62616
154698,62378
154698,53256
154698,44644
154698,10790
154698,44664
154698,59776
154698,44662
187797,54096
187797,35732
187797,36720
187797,39186
187797,44302
187797,33886
187797,10808
187797,10652
187797,53406
187797,61560
187797,36722
187797,61028
187797,63510
187797,32496
187797,63418
187797,44660
187797,62170
187797,54864
187797,62616
187797,62378
187797,53256
187797,44644
187797,10790
187797,44664
187797,59776
187797,44662
210981,54096
210981,35732
210981,36720
210981,39186
210981,44302
210981,33886
210981,10808
210981,10652
210981,53406
210981,61560
210981,36722
210981,61028
210981,63510
210981,32496
210981,63418
210981,44660
210981,62170
210981,54864
210981,62616
210981,62378
210981,53256
210981,44644
210981,10790
210981,44664
210981,59776
210981,44662
129135,54096
129135,35732
129135,36720
129135,39186
129135,44302
129135,33886
129135,10808
129135,10652
129135,53406
129135,50970
129135,62616
129135,53256
129135,55638
129135,10790
129135,44664
129135,59776
129135,44662
129135,56484
183489,54096
183489,35732
183489,36720
183489,39186
183489,10652
183489,53406
183489,61560
183489,36722
183489,61028
183489,63510
183489,32496
183489,63418
183489,44660
183489,62170
183489,54864
183489,62616
183489,62378
183489,53256
183489,44644
183489,10790
183489,44664
183489,59776
183489,44662
194883,54096
194883,35732
194883,36720
194883,39186
194883,44302
194883,33886
194883,10808
194883,46632
194883,53406
194883,61560
194883,36722
194883,61028
194883,63510
194883,32496
194883,62274
194883,63418
194883,44660
194883,62170
194883,54864
194883,62616
194883,62378
194883,53256
194883,44644
194883,59776
194883,44662
204522,35732
204522,36720
204522,39186
204522,44302
204522,33886
204522,10808
204522,1372
204522,46632
204522,10652
204522,53406
204522,61560
204522,36722
204522,61028
204522,63510
204522,32496
204522,62274
204522,63418
204522,44660
204522,62170
204522,61540
204522,54864
204522,62616
204522,62378
204522,53256
204522,44644
204522,57522
204522,10790
204522,44664
204522,59776
204522,44662
209622,54096
209622,35732
209622,36720
209622,39186
209622,60522
209622,44302
209622,33886
209622,10808
209622,1372
209622,46632
209622,10652
209622,53406
209622,61560
209622,36722
209622,61028
209622,63188
209622,63510
209622,32496
209622,62274
209622,63418
209622,44660
209622,62170
209622,54864
209622,62616
209622,62378
209622,53256
209622,44644
209622,10790
209622,44664
209622,59776
209622,44662
212283,54096
212283,35732
212283,36720
212283,39186
212283,44302
212283,33886
212283,10808
212283,1372
212283,10652
212283,53406
212283,50970
212283,62616
212283,53256
212283,55638
212283,10790
212283,44664
212283,59776
212283,52620
212283,44662
212283,56484
214506,54096
214506,35732
214506,36720
214506,39186
214506,53406
214506,61560
214506,36722
214506,61028
214506,63510
214506,32496
214506,63418
214506,44660
214506,62170
214506,54864
214506,62616
214506,62378
214506,53256
214506,44644
214506,44662
221115,35732
221115,36720
221115,39186
221115,44302
221115,33886
221115,10808
221115,1304
221115,46632
221115,53406
221115,61560
221115,36722
221115,61028
221115,63188
221115,63510
221115,32496
221115,62274
221115,63418
221115,44660
221115,62170
221115,63538
221115,54864
221115,62616
221115,62378
221115,53256
221115,44644
221115,57522
221115,10790
221115,44664
221115,59776
221115,44662
232665,36720
232665,34092
232665,60522
232665,44302
232665,33886
232665,10808
232665,1372
232665,1304
232665,46632
232665,10652
232665,53406
232665,61560
232665,36722
232665,61028
232665,63510
232665,32496
232665,62274
232665,63418
232665,44660
232665,62170
232665,61540
232665,63538
232665,54864
232665,62616
232665,62378
232665,53256
232665,44644
232665,57522
232665,10790
232665,44664
232665,59776
232665,44662
219522,54096
219522,35732
219522,36720
219522,39186
219522,60522
219522,44302
219522,33886
219522,10808
219522,1372
219522,46632
219522,10652
219522,53406
219522,61560
219522,36722
219522,63510
219522,32496
219522,50718
219522,63418
219522,44660
219522,63136
219522,61540
219522,54864
219522,62616
219522,62378
219522,53256
219522,57522
219522,10790
219522,44664
219522,59776
219522,44662
64734,54096
64734,36720
64734,39186
64734,34092
64734,60522
64734,44302
64734,10808
64734,1372
64734,1304
64734,46632
64734,10652
64734,53406
64734,61560
64734,36722
64734,61028
64734,63188
64734,32496
64734,62274
64734,44660
64734,62170
64734,61540
64734,63538
64734,54864
64734,62616
64734,62378
64734,53256
64734,44644
64734,57522
64734,10790
64734,44664
64734,59776
64734,44662
65631,54096
65631,35732
65631,36720
65631,39186
65631,60522
65631,44302
65631,10652
65631,53406
65631,61560
65631,36722
65631,61028
65631,63188
65631,63510
65631,62274
65631,44660
65631,62170
65631,54864
65631,62616
65631,62378
65631,53256
65631,44644
65631,10790
65631,44664
65631,59776
65631,44662
155481,54096
155481,35732
155481,36720
155481,39186
155481,44302
155481,33886
155481,50274
155481,10808
155481,1372
155481,1304
155481,46632
155481,53406
155481,61560
155481,36722
155481,61028
155481,63188
155481,63510
155481,32496
155481,62274
155481,44660
155481,62170
155481,61540
155481,63538
155481,54864
155481,62616
155481,62378
155481,53256
155481,44644
155481,57522
155481,59776
155481,44662
217494,35732
217494,36720
217494,39186
217494,60522
217494,44302
217494,46632
217494,10652
217494,53406
217494,61560
217494,36722
217494,61028
217494,63510
217494,32496
217494,62274
217494,63418
217494,44660
217494,62170
217494,61540
217494,54864
217494,62616
217494,62378
217494,53256
217494,44644
217494,57522
217494,10790
217494,44664
217494,59776
217494,44662
224925,54096
224925,35732
224925,36720
224925,39186
224925,60522
224925,44302
224925,33886
224925,10808
224925,1372
224925,46632
224925,10652
224925,53406
224925,61560
224925,36722
224925,61028
224925,63510
224925,32496
224925,62274
224925,63418
224925,44660
224925,62170
224925,61540
224925,54864
224925,62616
224925,62378
224925,53256
224925,44644
224925,57522
224925,10790
224925,44664
224925,59776
224925,44662
229539,54096
229539,35732
229539,36720
229539,39186
229539,60522
229539,44302
229539,33886
229539,10808
229539,1372
229539,59822
229539,1304
229539,37644
229539,53160
229539,46632
229539,10652
229539,53406
229539,61560
229539,36722
229539,61028
229539,63188
229539,63510
229539,32496
229539,59396
229539,62274
229539,63220
229539,63418
229539,44660
229539,62170
229539,61540
229539,63538
229539,54864
229539,62618
229539,62616
229539,62378
229539,63540
229539,53256
229539,44644
229539,57522
229539,10790
229539,44664
229539,59776
229539,62860
229539,44662
229539,56484
72045,1370
72045,50270
72045,54096
72045,11262
72045,35732
72045,36720
72045,39186
72045,34092
72045,60522
72045,44302
72045,60
72045,59816
72045,59822
72045,1304
72045,37644
72045,53160
72045,46632
72045,10652
72045,53406
72045,61560
72045,36722
72045,61028
72045,63188
72045,63510
72045,32496
72045,59396
72045,62274
72045,63220
72045,63418
72045,44660
72045,62170
72045,61540
72045,63538
72045,54864
72045,62618
72045,62616
72045,62378
72045,63540
72045,53256
72045,44644
72045,57522
72045,10790
72045,44664
72045,59776
72045,62860
72045,44662
72045,56484
129081,1370
129081,50270
129081,54096
129081,11262
129081,35732
129081,36720
129081,39186
129081,60522
129081,44302
129081,60
129081,59822
129081,1304
129081,37644
129081,53160
129081,46632
129081,53406
129081,61560
129081,36722
129081,61028
129081,63510
129081,32496
129081,59396
129081,62274
129081,63220
129081,63418
129081,44660
129081,62170
129081,61540
129081,62376
129081,63538
129081,54864
129081,62616
129081,62378
129081,53256
129081,44644
129081,57522
129081,44662
159033,1370
159033,50270
159033,11262
159033,35732
159033,36720
159033,39186
159033,60522
159033,44302
159033,33886
159033,60
159033,10808
159033,1372
159033,59822
159033,1304
159033,37644
159033,53160
159033,46632
159033,10652
159033,53406
159033,61560
159033,50970
159033,36722
159033,61028
159033,63188
159033,63510
159033,32496
159033,62274
159033,63418
159033,44660
159033,62170
159033,61540
159033,63538
159033,54864
159033,62614
159033,62618
159033,62616
159033,62400
159033,62378
159033,63540
159033,53256
159033,44644
159033,57522
159033,10790
159033,44664
159033,59776
159033,44662
159033,56484
180495,61364
180495,1370
180495,61672
180495,50270
180495,54096
180495,11262
180495,35732
180495,36720
180495,39186
180495,60522
180495,44302
180495,33886
180495,50274
180495,60
180495,10808
180495,1372
180495,59822
180495,53160
180495,46632
180495,53406
180495,61560
180495,36722
180495,61028
180495,63510
180495,32496
180495,62274
180495,44660
180495,62170
180495,61540
180495,54864
180495,62616
180495,62378
180495,53256
180495,44644
180495,57522
180495,44662
203082,50270
203082,36720
203082,39186
203082,34092
203082,44302
203082,33886
203082,60
203082,10808
203082,1372
203082,46632
203082,10652
203082,53406
203082,61560
203082,36722
203082,61028
203082,63510
203082,32496
203082,62274
203082,63418
203082,44660
203082,62170
203082,61540
203082,54864
203082,62616
203082,62378
203082,53256
203082,44644
203082,57522
203082,10790
203082,44664
203082,59776
203082,44662
156225,54096
156225,35732
156225,36720
156225,39186
156225,60522
156225,44302
156225,33886
156225,10808
156225,1372
156225,59822
156225,53160
156225,46632
156225,53406
156225,61560
156225,36722
156225,61028
156225,63510
156225,32496
156225,62274
156225,44660
156225,62170
156225,61540
156225,54864
156225,62616
156225,62378
156225,53256
156225,44644
156225,57522
156225,44662
158742,50270
158742,35732
158742,36720
158742,39186
158742,44302
158742,33886
158742,60
158742,10808
158742,1372
158742,46632
158742,10652
158742,53406
158742,61560
158742,36722
158742,61028
158742,63510
158742,32496
158742,62274
158742,44660
158742,62170
158742,54864
158742,62616
158742,62378
158742,53256
158742,44644
158742,10790
158742,44664
158742,59776
158742,44662
222669,54096
222669,35732
222669,36720
222669,39186
222669,44302
222669,33886
222669,10808
222669,1372
222669,10652
222669,53406
222669,61560
222669,36722
222669,61028
222669,63188
222669,63510
222669,32496
222669,62274
222669,63418
222669,44660
222669,62170
222669,54864
222669,62616
222669,62378
222669,53256
222669,44644
222669,10790
222669,44664
222669,59776
222669,44662
224631,54096
224631,35732
224631,36720
224631,39186
224631,44302
224631,33886
224631,10808
224631,10652
224631,53406
224631,61560
224631,36722
224631,61028
224631,63510
224631,32496
224631,44660
224631,62170
224631,54864
224631,62616
224631,62378
224631,53256
224631,44644
224631,10790
224631,44664
224631,59776
224631,44662
161403,54096
161403,35732
161403,36720
161403,39186
161403,44302
161403,33886
161403,10808
161403,1372
161403,46632
161403,10652
161403,53406
161403,61560
161403,36722
161403,61028
161403,63510
161403,32496
161403,62274
161403,44660
161403,62170
161403,54864
161403,62616
161403,62378
161403,53256
161403,44644
161403,10790
161403,44664
161403,59776
161403,44662
184104,54096
184104,35732
184104,36720
184104,39186
184104,44302
184104,33886
184104,10808
184104,1372
184104,46632
184104,10652
184104,53406
184104,61560
184104,36722
184104,61028
184104,63510
184104,32496
184104,62274
184104,63418
184104,44660
184104,62170
184104,61540
184104,54864
184104,62616
184104,62378
184104,53256
184104,44644
184104,57522
184104,10790
184104,44664
184104,59776
184104,44662
204228,54096
204228,35732
204228,36720
204228,39186
204228,60522
204228,44302
204228,33886
204228,10808
204228,1372
204228,59822
204228,50272
204228,1304
204228,37644
204228,49888
204228,53160
204228,50968
204228,60978
204228,35846
204228,46632
204228,10652
204228,42132
204228,51316
204228,53406
204228,51974
204228,50720
204228,50724
204228,44914
204228,61560
204228,50970
204228,36722
204228,61028
204228,53386
204228,63188
204228,63510
204228,32496
204228,63360
204228,63218
204228,62274
204228,50718
204228,56696
204228,63418
204228,44660
204228,62170
204228,61540
204228,63538
204228,54864
204228,55798
204228,62614
204228,62618
204228,62616
204228,62400
204228,62378
204228,63540
204228,53256
204228,45912
204228,57522
204228,55638
204228,10790
204228,44664
204228,59776
204228,53048
204228,44662
204228,56484
204228,1206
204228,48694
204228,53258
204228,58504
211806,61364
211806,1370
211806,30500
211806,61672
211806,61348
211806,61542
211806,50270
211806,54096
211806,11262
211806,35732
211806,61552
211806,50716
211806,36720
211806,39186
211806,34092
211806,57804
211806,60522
211806,16358
211806,44302
211806,33886
211806,50274
211806,60
211806,3382
211806,10808
211806,61558
211806,1372
211806,54290
211806,48298
211806,1304
211806,46632
211806,53406
211806,61560
211806,36722
211806,61028
211806,63188
211806,32496
211806,62274
211806,44660
211806,62170
211806,61540
211806,63538
211806,54864
211806,62616
211806,62378
211806,53256
211806,44644
211806,57522
211806,10790
211806,44664
211806,59776
211806,44662
239556,35732
239556,36720
239556,39186
239556,60522
239556,44302
239556,10652
239556,53406
239556,61560
239556,63510
239556,32496
239556,50718
239556,44660
239556,54864
239556,62616
239556,62378
239556,53256
239556,44644
239556,10790
239556,44664
239556,59776
239556,44662
89013,54096
89013,36720
89013,39186
89013,60522
89013,44302
89013,10808
89013,1372
89013,46632
89013,10652
89013,53406
89013,61560
89013,36722
89013,63510
89013,32496
89013,62274
89013,50718
89013,63418
89013,44660
89013,61540
89013,54864
89013,62616
89013,62378
89013,53256
89013,44644
89013,57522
89013,10790
89013,44664
89013,59776
89013,44662
153048,54096
153048,36720
153048,39186
153048,60522
153048,44302
153048,10808
153048,1372
153048,10652
153048,53406
153048,61560
153048,63510
153048,32496
153048,50718
153048,44660
153048,54864
153048,62616
153048,62378
153048,53256
153048,44644
209637,36720
209637,39186
209637,60522
209637,44302
209637,10808
209637,1372
209637,59822
209637,1304
209637,37644
209637,53160
209637,50968
209637,60978
209637,35846
209637,46632
209637,10652
209637,42132
209637,33534
209637,50268
209637,53406
209637,51974
209637,50720
209637,50724
209637,44914
209637,61560
209637,50970
209637,36722
209637,61028
209637,53386
209637,63188
209637,62944
209637,59394
209637,63510
209637,32496
209637,55632
209637,63360
209637,63218
209637,59396
209637,62274
209637,63220
209637,50718
209637,56696
209637,63418
209637,44660
209637,62170
209637,63136
209637,61540
209637,53046
209637,63538
209637,36762
209637,54864
209637,55798
209637,62614
209637,53394
209637,62618
209637,62616
209637,62400
209637,62378
209637,63540
209637,53256
209637,45912
209637,57522
209637,55638
209637,10790
209637,44664
209637,59776
209637,53048
209637,50962
209637,44662
209637,56484
209637,48694
209637,53258
209637,58504
210816,61364
210816,1370
210816,30500
210816,61672
210816,61348
210816,61542
210816,50270
210816,54096
210816,11262
210816,35732
210816,48574
210816,61552
210816,50716
210816,36720
210816,39186
210816,34092
210816,57804
210816,16358
210816,44302
210816,11490
210816,124
210816,52918
210816,33886
210816,50274
210816,60
210816,3382
210816,10808
210816,61558
210816,1372
210816,54290
210816,48298
210816,1304
210816,46632
210816,10652
210816,53406
210816,61560
210816,36722
210816,61028
210816,63510
210816,32496
210816,62274
210816,50718
210816,63418
210816,44660
210816,62170
210816,61540
210816,63538
210816,54864
210816,62616
210816,62378
210816,53256
210816,44644
210816,57522
210816,10790
210816,44664
210816,59776
210816,44662
210816,56484
61977,54096
61977,36720
61977,39186
61977,60522
61977,44302
61977,33886
61977,10808
61977,1372
61977,59822
61977,1304
61977,37644
61977,49888
61977,53160
61977,46632
61977,10652
61977,53406
61977,61560
61977,50970
61977,36722
61977,53386
61977,63188
61977,63510
61977,32496
61977,63360
61977,62274
61977,50718
61977,56696
61977,63418
61977,44660
61977,62170
61977,61540
61977,63538
61977,54864
61977,55798
61977,62614
61977,62618
61977,62616
61977,62400
61977,62378
61977,63540
61977,53256
61977,57522
61977,55638
61977,10790
61977,44664
61977,59776
61977,53048
61977,44662
61977,56484
61977,48694
61977,58504
62337,61364
62337,1370
62337,30500
62337,61348
62337,50270
62337,54096
62337,11262
62337,61552
62337,36720
62337,39186
62337,34092
62337,60522
62337,44302
62337,50274
62337,60
62337,10808
62337,1372
62337,54290
62337,10652
62337,53406
62337,61560
62337,63510
62337,32496
62337,62274
62337,50718
62337,63418
62337,44660
62337,62170
62337,61540
62337,54864
62337,62616
62337,62378
62337,53256
62337,44644
62337,57522
62337,10790
62337,44664
62337,59776
62337,44662
66378,54096
66378,36720
66378,39186
66378,44302
66378,10808
66378,1372
66378,1304
66378,46632
66378,10652
66378,53406
66378,61560
66378,36722
66378,63510
66378,32496
66378,62274
66378,50718
66378,63418
66378,44660
66378,62170
66378,61540
66378,63538
66378,54864
66378,62616
66378,62378
66378,53256
66378,44644
66378,57522
66378,10790
66378,44664
66378,59776
66378,44662
66378,56484
175293,54096
175293,36720
175293,39186
175293,60522
175293,44302
175293,33886
175293,10808
175293,1372
175293,46632
175293,10652
175293,53406
175293,61560
175293,36722
175293,61028
175293,63510
175293,32496
175293,62274
175293,50718
175293,63418
175293,44660
175293,61540
175293,54864
175293,62616
175293,62378
175293,53256
175293,44644
175293,57522
175293,10790
175293,44664
175293,59776
175293,44662
197595,54096
197595,36720
197595,39186
197595,60522
197595,44302
197595,10808
197595,1372
197595,1304
197595,46632
197595,10652
197595,53406
197595,61560
197595,36722
197595,61028
197595,63510
197595,32496
197595,62274
197595,63418
197595,44660
197595,62170
197595,61540
197595,63538
197595,54864
197595,62616
197595,62378
197595,53256
197595,44644
197595,57522
197595,10790
197595,44664
197595,59776
197595,44662
201852,54096
201852,35732
201852,36720
201852,39186
201852,60522
201852,44302
201852,33886
201852,10808
201852,1372
201852,1304
201852,46632
201852,10652
201852,53406
201852,61560
201852,36722
201852,61028
201852,63510
201852,32496
201852,62274
201852,50718
201852,63418
201852,44660
201852,62170
201852,61540
201852,63538
201852,54864
201852,62616
201852,62378
201852,53256
201852,44644
201852,57522
201852,10790
201852,44664
201852,59776
201852,44662
201852,56484
227343,54096
227343,36720
227343,39186
227343,60522
227343,44302
227343,33886
227343,10808
227343,1372
227343,59822
227343,1304
227343,37644
227343,53160
227343,46632
227343,53406
227343,61560
227343,36722
227343,61028
227343,63188
227343,63510
227343,32496
227343,59396
227343,62274
227343,63220
227343,63418
227343,44660
227343,62170
227343,61540
227343,63538
227343,54864
227343,62618
227343,62616
227343,62378
227343,63540
227343,53256
227343,44644
227343,57522
227343,62860
227343,44662
227343,56484
239247,1370
239247,50270
239247,11262
239247,35732
239247,36720
239247,39186
239247,60522
239247,44302
239247,33886
239247,60
239247,59822
239247,1304
239247,37644
239247,49888
239247,53160
239247,60978
239247,46632
239247,10652
239247,53406
239247,44914
239247,61560
239247,50970
239247,36722
239247,53386
239247,63188
239247,63510
239247,32496
239247,63360
239247,62274
239247,50718
239247,56696
239247,63418
239247,44660
239247,62170
239247,61540
239247,63538
239247,54864
239247,55798
239247,62614
239247,62618
239247,62616
239247,62400
239247,62378
239247,63540
239247,53256
239247,44644
239247,57522
239247,55638
239247,10790
239247,44664
239247,59776
239247,53048
239247,44662
239247,56484
239247,48694
239247,58504
176403,61364
176403,1370
176403,30500
176403,61348
176403,50270
176403,54096
176403,11262
176403,61552
176403,50716
176403,36720
176403,39186
176403,34092
176403,60522
176403,16358
176403,44302
176403,50274
176403,60
176403,10808
176403,1372
176403,54290
176403,46632
176403,10652
176403,53406
176403,61560
176403,36722
176403,61028
176403,63510
176403,32496
176403,62274
176403,44660
176403,62170
176403,54864
176403,62616
176403,62378
176403,53256
176403,44644
176403,10790
176403,44664
176403,59776
176403,44662
186378,54096
186378,35732
186378,36720
186378,39186
186378,44302
186378,33886
186378,10808
186378,1372
186378,10652
186378,53406
186378,61560
186378,36722
186378,61028
186378,63510
186378,32496
186378,63418
186378,44660
186378,62170
186378,54864
186378,62616
186378,62378
186378,53256
186378,44644
186378,10790
186378,44664
186378,59776
186378,44662
212721,54096
212721,35732
212721,36720
212721,39186
212721,44302
212721,33886
212721,10808
212721,59822
212721,1304
212721,53160
212721,35846
212721,46632
212721,10652
212721,53406
212721,36722
212721,61028
212721,63188
212721,62274
212721,44660
212721,62170
212721,61540
212721,62376
212721,54864
212721,62618
212721,62616
212721,62378
212721,63540
212721,53256
212721,44644
212721,57522
212721,10790
212721,44664
212721,59776
212721,44662
216108,50270
216108,54096
216108,35732
216108,36720
216108,39186
216108,44302
216108,60
216108,59822
216108,1304
216108,37644
216108,53160
216108,46632
216108,10652
216108,53406
216108,61560
216108,50970
216108,36722
216108,61028
216108,63188
216108,32496
216108,62274
216108,44660
216108,62170
216108,63136
216108,61540
216108,62376
216108,63538
216108,54864
216108,62618
216108,62616
216108,62400
216108,62378
216108,63540
216108,53256
216108,44644
216108,57522
216108,10790
216108,44664
216108,59776
216108,44662
216108,56484
234021,1370
234021,50270
234021,54096
234021,11262
234021,35732
234021,36720
234021,39186
234021,60522
234021,44302
234021,60
234021,53406
234021,50970
234021,63418
234021,44660
234021,54864
234021,53394
234021,62616
234021,53256
234021,55638
234021,44662
202959,35732
202959,44302
202959,10808
202959,1372
202959,59822
202959,1304
202959,53160
202959,46632
202959,53406
202959,61560
202959,36722
202959,61028
202959,63188
202959,63510
202959,32496
202959,62274
202959,63418
202959,44660
202959,62170
202959,63136
202959,63538
202959,54864
202959,62618
202959,62616
202959,62378
202959,63540
202959,53256
202959,44644
202959,57522
202959,10790
202959,44664
202959,59776
202959,44662
202959,56484
203445,50270
203445,35732
203445,36720
203445,39186
203445,60522
203445,44302
203445,33886
203445,60
203445,10808
203445,1372
203445,10652
203445,53406
203445,61560
203445,36722
203445,61028
203445,63510
203445,32496
203445,44660
203445,62170
203445,54864
203445,62616
203445,62378
203445,53256
203445,44644
203445,10790
203445,44664
203445,59776
203445,44662
212775,54096
212775,35732
212775,36720
212775,39186
212775,44302
212775,33886
212775,10808
212775,1372
212775,1304
212775,46632
212775,10652
212775,53406
212775,61560
212775,36722
212775,61028
212775,63510
212775,32496
212775,62274
212775,63418
212775,44660
212775,62170
212775,63538
212775,54864
212775,62616
212775,62378
212775,53256
212775,44644
212775,57522
212775,10790
212775,44664
212775,59776
212775,44662
231102,54096
231102,35732
231102,36720
231102,39186
231102,60522
231102,44302
231102,33886
231102,10808
231102,1372
231102,59822
231102,1304
231102,53160
231102,46632
231102,10652
231102,53406
231102,61560
231102,36722
231102,61028
231102,63188
231102,63510
231102,32496
231102,62274
231102,44660
231102,62170
231102,63136
231102,63538
231102,54864
231102,62618
231102,62616
231102,62378
231102,63540
231102,53256
231102,44644
231102,57522
231102,10790
231102,44664
231102,59776
231102,44662
231102,56484
244380,50270
244380,54096
244380,35732
244380,36720
244380,39186
244380,60522
244380,44302
244380,33886
244380,60
244380,1372
244380,1304
244380,46632
244380,10652
244380,53406
244380,61560
244380,36722
244380,63510
244380,32496
244380,62274
244380,50718
244380,63418
244380,44660
244380,62170
244380,61540
244380,63538
244380,54864
244380,62616
244380,62378
244380,53256
244380,44644
244380,57522
244380,10790
244380,44664
244380,59776
244380,44662
244380,56484
206955,54096
206955,36720
206955,39186
206955,60522
206955,44302
206955,10808
206955,1372
206955,59822
206955,1304
206955,37644
206955,49888
206955,53160
206955,46632
206955,10652
206955,53406
206955,61560
206955,50970
206955,36722
206955,53386
206955,63188
206955,63510
206955,32496
206955,63360
206955,62274
206955,50718
206955,56696
206955,63418
206955,44660
206955,62170
206955,61540
206955,63538
206955,54864
206955,55798
206955,62614
206955,62618
206955,62616
206955,62400
206955,62378
206955,63540
206955,53256
206955,44644
206955,57522
206955,55638
206955,10790
206955,44664
206955,59776
206955,53048
206955,44662
206955,56484
206955,48694
206955,58504
230604,61364
230604,1370
230604,30500
230604,61348
230604,50270
230604,54096
230604,11262
230604,35732
230604,61552
230604,36720
230604,39186
230604,34092
230604,60522
230604,44302
230604,33886
230604,50274
230604,60
230604,10808
230604,1372
230604,54290
230604,59822
230604,1304
230604,37644
230604,49888
230604,53160
230604,46632
230604,10652
230604,53406
230604,61560
230604,50970
230604,36722
230604,53386
230604,63188
230604,63510
230604,32496
230604,63360
230604,62274
230604,50718
230604,63418
230604,44660
230604,62170
230604,61540
230604,63538
230604,54864
230604,55798
230604,62614
230604,62618
230604,62616
230604,62400
230604,62378
230604,63540
230604,53256
230604,57522
230604,55638
230604,10790
230604,44664
230604,59776
230604,53048
230604,44662
230604,56484
230604,48694
230604,58504
165750,61364
165750,1370
165750,30500
165750,61348
165750,50270
165750,54096
165750,11262
165750,36720
165750,39186
165750,34092
165750,60522
165750,44302
165750,50274
165750,60
165750,10808
165750,1372
165750,54290
165750,59822
165750,1304
165750,53160
165750,46632
165750,10652
165750,53406
165750,61560
165750,50970
165750,36722
165750,61028
165750,63510
165750,32496
165750,62274
165750,63418
165750,44660
165750,62170
165750,61540
165750,63538
165750,54864
165750,62614
165750,62618
165750,62616
165750,62378
165750,63540
165750,53256
165750,44644
165750,57522
165750,10790
165750,44664
165750,59776
165750,44662
165750,56484
183576,50270
183576,54096
183576,35732
183576,36720
183576,39186
183576,60522
183576,44302
183576,33886
183576,60
183576,10808
183576,1372
183576,1304
183576,35846
183576,46632
183576,53406
183576,36722
183576,61028
183576,63188
183576,62274
183576,63418
183576,44660
183576,62170
183576,61540
183576,62376
183576,54864
183576,62616
183576,62378
183576,53256
183576,44644
183576,57522
183576,44662
188343,36720
188343,39186
188343,44302
188343,53406
188343,54864
188343,62616
188343,53256
188343,44662
211641,35732
211641,36720
211641,39186
211641,59822
211641,1304
211641,53160
211641,46632
211641,10652
211641,53406
211641,61560
211641,50970
211641,36722
211641,61028
211641,63188
211641,63510
211641,32496
211641,62274
211641,63418
211641,44660
211641,62170
211641,61540
211641,63538
211641,54864
211641,62618
211641,62616
211641,62400
211641,62378
211641,63540
211641,53256
211641,44644
211641,57522
211641,10790
211641,44664
211641,59776
211641,44662
211641,56484
213114,61364
213114,61672
213114,50270
213114,54096
213114,35732
213114,36720
213114,39186
213114,60522
213114,44302
213114,33886
213114,50274
213114,60
213114,10808
213114,1372
213114,10652
213114,53406
213114,61560
213114,36722
213114,61028
213114,63188
213114,63510
213114,32496
213114,62274
213114,63418
213114,44660
213114,62170
213114,54864
213114,62616
213114,62378
213114,53256
213114,44644
213114,10790
213114,44664
213114,59776
213114,44662
66054,54096
66054,35732
66054,36720
66054,39186
66054,44302
66054,33886
66054,10808
66054,1304
66054,46632
66054,53406
66054,61560
66054,36722
66054,61028
66054,63510
66054,32496
66054,62274
66054,63418
66054,44660
66054,62170
66054,61540
66054,63538
66054,54864
66054,62616
66054,62378
66054,53256
66054,44644
66054,57522
66054,10790
66054,44664
66054,59776
66054,44662
66054,56484
71766,35732
71766,36720
71766,39186
71766,60522
71766,44302
71766,33886
71766,10808
71766,1372
71766,59822
71766,1304
71766,53160
71766,46632
71766,10652
71766,53406
71766,61560
71766,36722
71766,61028
71766,63188
71766,63510
71766,32496
71766,62274
71766,44660
71766,62170
71766,63136
71766,63538
71766,54864
71766,62618
71766,62616
71766,62378
71766,63540
71766,53256
71766,44644
71766,57522
71766,10790
71766,44664
71766,59776
71766,44662
71766,56484
154098,50270
154098,54096
154098,35732
154098,36720
154098,39186
154098,60522
154098,62074
154098,44302
154098,33886
154098,60
154098,59822
154098,1304
154098,37644
154098,53160
154098,46632
154098,10652
154098,53406
154098,61560
154098,50970
154098,36722
154098,53386
154098,63188
154098,63510
154098,32496
154098,63360
154098,62274
154098,50718
154098,56696
154098,63418
154098,44660
154098,62170
154098,61540
154098,63538
154098,54864
154098,55798
154098,62614
154098,62618
154098,62616
154098,62400
154098,62378
154098,63540
154098,53256
154098,44644
154098,57522
154098,55638
154098,10790
154098,44664
154098,59776
154098,53048
154098,44662
154098,56484
154098,48694
154098,58504
187659,61364
187659,1370
187659,30500
187659,61348
187659,50270
187659,54096
187659,11262
187659,35732
187659,61552
187659,36720
187659,39186
187659,34092
187659,60522
187659,44302
187659,33886
187659,50274
187659,60
187659,10808
187659,1372
187659,54290
187659,1304
187659,46632
187659,10652
187659,53406
187659,61560
187659,36722
187659,61028
187659,63510
187659,32496
187659,62274
187659,63418
187659,44660
187659,62170
187659,61540
187659,63538
187659,54864
187659,62616
187659,62378
187659,53256
187659,44644
187659,57522
187659,10790
187659,44664
187659,59776
187659,44662
187659,56484
201564,54096
201564,35732
201564,36720
201564,39186
201564,60522
201564,44302
201564,33886
201564,10808
201564,1372
201564,1304
201564,46632
201564,10652
201564,53406
201564,61560
201564,36722
201564,63510
201564,32496
201564,62274
201564,50718
201564,63418
201564,44660
201564,62170
201564,61540
201564,63538
201564,54864
201564,62616
201564,62378
201564,53256
201564,44644
201564,57522
201564,10790
201564,44664
201564,59776
201564,44662
201564,56484
212112,54096
212112,36720
212112,39186
212112,34092
212112,60522
212112,44302
212112,33886
212112,10808
212112,1372
212112,54290
212112,10652
212112,53406
212112,61560
212112,36722
212112,61028
212112,63510
212112,32496
212112,63418
212112,44660
212112,62170
212112,54864
212112,62616
212112,62378
212112,53256
212112,44644
212112,10790
212112,44664
212112,59776
212112,44662
203775,54096
203775,35732
203775,36720
203775,39186
203775,44302
203775,33886
203775,10808
203775,1304
203775,46632
203775,10652
203775,53406
203775,61560
203775,36722
203775,61028
203775,63188
203775,63510
203775,32496
203775,62274
203775,50718
203775,63418
203775,44660
203775,62170
203775,63538
203775,54864
203775,62616
203775,62378
203775,53256
203775,44644
203775,57522
203775,10790
203775,44664
203775,59776
203775,44662
212379,54096
212379,35732
212379,36720
212379,39186
212379,60522
212379,44302
212379,33886
212379,10808
212379,1372
212379,59822
212379,1304
212379,37644
212379,53160
212379,50968
212379,35846
212379,46632
212379,10652
212379,42132
212379,33534
212379,50268
212379,53406
212379,51974
212379,50720
212379,50724
212379,44914
212379,61560
212379,50970
212379,36722
212379,61028
212379,53386
212379,63188
212379,62944
212379,59394
212379,63510
212379,32496
212379,55632
212379,63360
212379,63218
212379,59396
212379,62274
212379,63220
212379,50718
212379,56696
212379,63418
212379,44660
212379,62170
212379,63136
212379,61540
212379,53046
212379,63538
212379,36762
212379,54864
212379,55798
212379,62614
212379,53394
212379,62618
212379,62616
212379,62400
212379,62378
212379,63540
212379,53256
212379,45912
212379,57522
212379,55638
212379,10790
212379,44664
212379,59776
212379,53048
212379,50962
212379,44662
212379,56484
212379,48694
212379,53258
212379,58504
187962,61364
187962,1370
187962,30500
187962,61672
187962,61348
187962,61542
187962,50270
187962,54096
187962,11262
187962,35732
187962,48574
187962,61552
187962,36720
187962,39186
187962,34092
187962,57804
187962,16358
187962,44302
187962,11490
187962,124
187962,52918
187962,33886
187962,50274
187962,60
187962,3382
187962,10808
187962,61558
187962,1372
187962,54290
187962,48298
187962,59822
187962,1304
187962,37644
187962,53160
187962,46632
187962,10652
187962,53406
187962,61560
187962,36722
187962,61028
187962,63188
187962,63510
187962,32496
187962,59396
187962,62274
187962,63220
187962,63418
187962,44660
187962,62170
187962,61540
187962,63538
187962,54864
187962,62618
187962,62616
187962,62378
187962,63540
187962,53256
187962,44644
187962,57522
187962,10790
187962,44664
187962,59776
187962,62860
187962,44662
187962,56484
153381,1370
153381,50270
153381,54096
153381,11262
153381,35732
153381,36720
153381,39186
153381,34092
153381,60522
153381,44302
153381,60
153381,59816
153381,1304
153381,46632
153381,10652
153381,53406
153381,61560
153381,36722
153381,61028
153381,63188
153381,63510
153381,32496
153381,62274
153381,44660
153381,62170
153381,63538
153381,54864
153381,62616
153381,62378
153381,53256
153381,44644
153381,57522
153381,10790
153381,44664
153381,59776
153381,44662
172503,54096
172503,35732
172503,36720
172503,39186
172503,60522
172503,44302
172503,33886
172503,46632
172503,10652
172503,53406
172503,61560
172503,36722
172503,61028
172503,63510
172503,32496
172503,62274
172503,44660
172503,62170
172503,54864
172503,62616
172503,62378
172503,53256
172503,44644
172503,10790
172503,44664
172503,59776
172503,44662
212475,54096
212475,35732
212475,36720
212475,39186
212475,44302
212475,33886
212475,10808
212475,1372
212475,46632
212475,10652
212475,53406
212475,61560
212475,36722
212475,61028
212475,63510
212475,32496
212475,62274
212475,44660
212475,62170
212475,54864
212475,62616
212475,62378
212475,53256
212475,44644
212475,10790
212475,44664
212475,59776
212475,44662
228060,54096
228060,35732
228060,36720
228060,39186
228060,44302
228060,33886
228060,10808
228060,1372
228060,10652
228060,53406
228060,61560
228060,36722
228060,61028
228060,63510
228060,32496
228060,63418
228060,44660
228060,62170
228060,54864
228060,62616
228060,62378
228060,53256
228060,44644
228060,10790
228060,44664
228060,59776
228060,44662
235191,54096
235191,35732
235191,36720
235191,39186
235191,44302
235191,33886
235191,10808
235191,1304
235191,46632
235191,10652
235191,53406
235191,61560
235191,36722
235191,61028
235191,63510
235191,32496
235191,62274
235191,63418
235191,44660
235191,62170
235191,63538
235191,54864
235191,62616
235191,62378
235191,53256
235191,44644
235191,57522
235191,10790
235191,44664
235191,59776
235191,44662
61692,54096
61692,35732
61692,36720
61692,39186
61692,60522
61692,44302
61692,33886
61692,10808
61692,1372
61692,46632
61692,10652
61692,53406
61692,61560
61692,36722
61692,61028
61692,63510
61692,32496
61692,62274
61692,63418
61692,44660
61692,62170
61692,61540
61692,54864
61692,62616
61692,62378
61692,53256
61692,44644
61692,57522
61692,10790
61692,44664
61692,59776
61692,44662
207828,54096
207828,35732
207828,36720
207828,39186
207828,60522
207828,44302
207828,33886
207828,10808
207828,1372
207828,1304
207828,46632
207828,10652
207828,53406
207828,61560
207828,36722
207828,61028
207828,63188
207828,63510
207828,32496
207828,62274
207828,50718
207828,63418
207828,44660
207828,62170
207828,63538
207828,54864
207828,62616
207828,62378
207828,53256
207828,44644
207828,57522
207828,10790
207828,44664
207828,59776
207828,44662
191223,54096
191223,36720
191223,39186
191223,60522
191223,44302
191223,33886
191223,10808
191223,1372
191223,46632
191223,10652
191223,53406
191223,61560
191223,36722
191223,63510
191223,32496
191223,50718
191223,63418
191223,44660
191223,63136
191223,61540
191223,54864
191223,62616
191223,62378
191223,53256
191223,44644
191223,57522
191223,10790
191223,44664
191223,59776
191223,44662
203178,54096
203178,36720
203178,39186
203178,34092
203178,60522
203178,44302
203178,10808
203178,1372
203178,59822
203178,1304
203178,53160
203178,46632
203178,10652
203178,53406
203178,61560
203178,50970
203178,36722
203178,63510
203178,32496
203178,62274
203178,50718
203178,63418
203178,44660
203178,62170
203178,61540
203178,54864
203178,62614
203178,62618
203178,62616
203178,62378
203178,63540
203178,53256
203178,44644
203178,57522
203178,10790
203178,44664
203178,59776
203178,44662
203178,56484
236490,50270
236490,54096
236490,36720
236490,39186
236490,34092
236490,60522
236490,44302
236490,60
236490,10808
236490,1372
236490,59822
236490,1304
236490,53160
236490,46632
236490,53406
236490,61560
236490,36722
236490,61028
236490,63188
236490,63510
236490,32496
236490,62274
236490,63418
236490,44660
236490,62170
236490,63538
236490,54864
236490,62618
236490,62616
236490,62378
236490,63540
236490,53256
236490,44644
236490,57522
236490,10790
236490,44664
236490,59776
236490,44662
236490,56484
72558,50270
72558,35732
72558,36720
72558,39186
72558,60522
72558,44302
72558,33886
72558,60
72558,10808
72558,1372
72558,46632
72558,10652
72558,53406
72558,61560
72558,36722
72558,61028
72558,63188
72558,63510
72558,32496
72558,62274
72558,63418
72558,44660
72558,62170
72558,54864
72558,62616
72558,62378
72558,53256
72558,44644
72558,10790
72558,44664
72558,59776
72558,44662
192159,54096
192159,35732
192159,36720
192159,39186
192159,44302
192159,33886
192159,10808
192159,1372
192159,46632
192159,10652
192159,53406
192159,61560
192159,36722
192159,61028
192159,63510
192159,32496
192159,62274
192159,44660
192159,62170
192159,54864
192159,62616
192159,62378
192159,53256
192159,44644
192159,10790
192159,44664
192159,59776
192159,44662
206850,54096
206850,35732
206850,36720
206850,39186
206850,44302
206850,33886
206850,10808
206850,1372
206850,10652
206850,53406
206850,61560
206850,36722
206850,61028
206850,63510
206850,32496
206850,63418
206850,44660
206850,62170
206850,54864
206850,62616
206850,62378
206850,53256
206850,44644
206850,10790
206850,44664
206850,59776
206850,44662
163251,54096
163251,35732
163251,36720
163251,39186
163251,44302
163251,33886
163251,10808
163251,1304
163251,46632
163251,10652
163251,53406
163251,61560
163251,36722
163251,61028
163251,63510
163251,32496
163251,62274
163251,50718
163251,63418
163251,44660
163251,62170
163251,63538
163251,54864
163251,62616
163251,62378
163251,53256
163251,44644
163251,57522
163251,10790
163251,44664
163251,59776
163251,44662
164064,54096
164064,35732
164064,36720
164064,39186
164064,60522
164064,44302
164064,33886
164064,10808
164064,1372
164064,59822
164064,1304
164064,37644
164064,49888
164064,53160
164064,60978
164064,46632
164064,10652
164064,53406
164064,44914
164064,61560
164064,50970
164064,36722
164064,53386
164064,63188
164064,63510
164064,32496
164064,63360
164064,62274
164064,50718
164064,56696
164064,63418
164064,44660
164064,62170
164064,61540
164064,63538
164064,54864
164064,55798
164064,62614
164064,62618
164064,62616
164064,62400
164064,62378
164064,63540
164064,53256
164064,44644
164064,57522
164064,55638
164064,10790
164064,44664
164064,59776
164064,53048
164064,44662
164064,56484
164064,48694
164064,58504
208806,61364
208806,1370
208806,30500
208806,61348
208806,50270
208806,54096
208806,11262
208806,61552
208806,50716
208806,36720
208806,39186
208806,34092
208806,60522
208806,16358
208806,44302
208806,50274
208806,60
208806,10808
208806,1372
208806,54290
208806,59822
208806,1304
208806,53160
208806,46632
208806,10652
208806,53406
208806,61560
208806,36722
208806,61028
208806,63188
208806,63510
208806,32496
208806,50718
208806,44660
208806,62170
208806,63136
208806,63538
208806,54864
208806,62618
208806,62616
208806,62378
208806,63540
208806,53256
208806,44644
208806,57522
208806,10790
208806,44664
208806,59776
208806,44662
208806,56484
225276,50270
225276,54096
225276,35732
225276,36720
225276,39186
225276,60522
225276,44302
225276,33886
225276,60
225276,10652
225276,53406
225276,61560
225276,36722
225276,61028
225276,63510
225276,32496
225276,63418
225276,44660
225276,62170
225276,54864
225276,62616
225276,62378
225276,53256
225276,44644
225276,44662
172587,35732
172587,36720
172587,39186
172587,44302
172587,33886
172587,10808
172587,59822
172587,1304
172587,53160
172587,46632
172587,10652
172587,53406
172587,61560
172587,50970
172587,36722
172587,63510
172587,32496
172587,50718
172587,63418
172587,44660
172587,62170
172587,61540
172587,63538
172587,54864
172587,62614
172587,62616
172587,62378
172587,53256
172587,44644
172587,57522
172587,10790
172587,44664
172587,59776
172587,44662
172587,56484
188196,50270
188196,54096
188196,36720
188196,39186
188196,34092
188196,60522
188196,44302
188196,60
188196,10808
188196,1372
188196,46632
188196,53406
188196,61560
188196,36722
188196,61028
188196,63188
188196,63510
188196,32496
188196,63418
188196,44660
188196,62170
188196,54864
188196,62616
188196,62378
188196,53256
188196,44644
188196,44662
211965,35732
211965,36720
211965,39186
211965,44302
211965,33886
211965,10808
211965,1372
211965,10652
211965,53406
211965,50970
211965,62616
211965,53256
211965,55638
211965,10790
211965,44664
211965,59776
211965,44662
211965,56484
192618,54096
192618,35732
192618,39186
192618,1304
192618,46632
192618,10652
192618,53406
192618,61560
192618,36722
192618,61028
192618,63188
192618,63510
192618,32496
192618,62274
192618,44660
192618,62170
192618,63538
192618,54864
192618,62616
192618,62378
192618,53256
192618,44644
192618,57522
192618,10790
192618,44664
192618,59776
192618,44662
206349,54096
206349,35732
206349,36720
206349,39186
206349,60522
206349,44302
206349,33886
206349,10808
206349,1372
206349,1304
206349,46632
206349,10652
206349,53406
206349,61560
206349,36722
206349,61028
206349,63188
206349,63510
206349,32496
206349,62274
206349,63418
206349,44660
206349,62170
206349,61540
206349,63538
206349,54864
206349,62616
206349,62378
206349,53256
206349,44644
206349,57522
206349,10790
206349,44664
206349,59776
206349,44662
204768,54096
204768,35732
204768,36720
204768,39186
204768,60522
204768,44302
204768,33886
204768,10808
204768,1372
204768,46632
204768,10652
204768,53406
204768,61560
204768,36722
204768,61028
204768,63510
204768,32496
204768,62274
204768,44660
204768,62170
204768,54864
204768,62616
204768,62378
204768,53256
204768,44644
204768,10790
204768,44664
204768,59776
204768,44662
225351,54096
225351,35732
225351,36720
225351,39186
225351,44302
225351,33886
225351,10808
225351,1372
225351,10652
225351,53406
225351,61560
225351,36722
225351,61028
225351,63510
225351,32496
225351,63418
225351,44660
225351,62170
225351,54864
225351,62616
225351,62378
225351,53256
225351,44644
225351,10790
225351,44664
225351,59776
225351,44662
225699,54096
225699,35732
225699,36720
225699,39186
225699,44302
225699,33886
225699,10808
225699,46632
225699,53406
225699,61560
225699,36722
225699,61028
225699,63510
225699,32496
225699,62274
225699,63418
225699,44660
225699,62170
225699,61540
225699,54864
225699,62616
225699,62378
225699,53256
225699,44644
225699,57522
225699,10790
225699,44664
225699,59776
225699,44662
128334,35732
128334,36720
128334,39186
128334,60522
128334,44302
128334,33886
128334,10808
128334,1372
128334,46632
128334,10652
128334,53406
128334,61560
128334,36722
128334,61028
128334,63188
128334,63510
128334,32496
128334,62274
128334,63418
128334,44660
128334,62170
128334,54864
128334,62616
128334,62378
128334,53256
128334,44644
128334,10790
128334,44664
128334,59776
128334,44662
238536,54096
238536,35732
238536,36720
238536,39186
238536,44302
238536,33886
238536,10808
238536,1372
238536,53406
238536,61560
238536,36722
238536,61028
238536,63510
238536,32496
238536,63418
238536,44660
238536,62170
238536,54864
238536,62616
238536,62378
238536,53256
238536,44644
238536,44662
154434,35732
154434,36720
154434,39186
154434,44302
154434,33886
154434,10808
154434,59822
154434,1304
154434,53160
154434,46632
154434,10652
154434,53406
154434,61560
154434,50970
154434,36722
154434,61028
154434,63510
154434,32496
154434,50718
154434,63418
154434,44660
154434,62170
154434,61540
154434,63538
154434,54864
154434,62614
154434,62616
154434,62378
154434,53256
154434,44644
154434,57522
154434,10790
154434,44664
154434,59776
154434,44662
154434,56484
198990,50270
198990,54096
198990,36720
198990,39186
198990,34092
198990,60522
198990,44302
198990,60
198990,10808
198990,1372
198990,1304
198990,46632
198990,10652
198990,53406
198990,61560
198990,36722
198990,61028
198990,63188
198990,63510
198990,32496
198990,62274
198990,44660
198990,62170
198990,63538
198990,54864
198990,62616
198990,62378
198990,53256
198990,44644
198990,57522
198990,10790
198990,44664
198990,59776
198990,44662
208476,54096
208476,35732
208476,36720
208476,39186
208476,60522
208476,44302
208476,33886
208476,10652
208476,53406
208476,54864
208476,62616
208476,53256
208476,10790
208476,44664
208476,59776
208476,44662
231459,54096
231459,35732
231459,36720
231459,39186
231459,46632
231459,10652
231459,53406
231459,61560
231459,36722
231459,61028
231459,63510
231459,32496
231459,62274
231459,44660
231459,62170
231459,54864
231459,62616
231459,62378
231459,53256
231459,44644
231459,10790
231459,44664
231459,59776
231459,44662
206376,54096
206376,35732
206376,36720
206376,39186
206376,44302
206376,33886
206376,10808
206376,1372
206376,10652
206376,53406
206376,61560
206376,36722
206376,61028
206376,63510
206376,32496
206376,62274
206376,63418
206376,44660
206376,62170
206376,62376
206376,54864
206376,62616
206376,62378
206376,53256
206376,44644
206376,44662
223968,35732
223968,36720
223968,39186
223968,44302
223968,33886
223968,10808
223968,1304
223968,46632
223968,10652
223968,53406
223968,61560
223968,36722
223968,61028
223968,63188
223968,63510
223968,32496
223968,62274
223968,44660
223968,62170
223968,61540
223968,63538
223968,54864
223968,62616
223968,62378
223968,53256
223968,44644
223968,57522
223968,10790
223968,44664
223968,59776
223968,44662
207927,54096
207927,35732
207927,36720
207927,39186
207927,60522
207927,44302
207927,59822
207927,1304
207927,53160
207927,46632
207927,10652
207927,53406
207927,61560
207927,50970
207927,36722
207927,61028
207927,63510
207927,32496
207927,50718
207927,63418
207927,44660
207927,62170
207927,61540
207927,63538
207927,54864
207927,62614
207927,62616
207927,62378
207927,53256
207927,44644
207927,57522
207927,10790
207927,44664
207927,59776
207927,44662
207927,56484
207366,50270
207366,54096
207366,36720
207366,39186
207366,34092
207366,60522
207366,44302
207366,60
207366,10808
207366,1372
207366,59822
207366,1304
207366,53160
207366,46632
207366,10652
207366,53406
207366,61560
207366,36722
207366,61028
207366,63188
207366,63510
207366,32496
207366,50718
207366,44660
207366,62170
207366,63136
207366,63538
207366,54864
207366,62618
207366,62616
207366,62378
207366,63540
207366,53256
207366,44644
207366,57522
207366,10790
207366,44664
207366,59776
207366,44662
207366,56484
61902,50270
61902,54096
61902,36720
61902,39186
61902,60522
61902,44302
61902,33886
61902,60
61902,49888
61902,50968
61902,60978
61902,50724
61902,36722
61902,61028
61902,63188
61902,59394
61902,63510
61902,32496
61902,55632
61902,62274
61902,44660
61902,63136
61902,48980
61902,62618
61902,63540
61902,45912
61902,56484
61902,1206
217293,1370
217293,61542
217293,54096
217293,11262
217293,48574
217293,36720
217293,39186
217293,16358
217293,33886
217293,50274
217293,60
217293,59816
217293,53160
217293,60978
217293,46632
217293,42132
217293,50268
217293,53406
217293,51974
217293,36722
217293,63220
217293,50718
217293,62170
217293,63136
217293,48980
217293,62618
217293,63540
217293,45912
217293,10790
217293,59776
217293,50962
217293,56484
217293,1206
154113,1370
154113,61542
154113,50270
154113,54096
154113,11262
154113,36720
154113,39186
154113,124
154113,33886
154113,50274
154113,60
154113,10808
154113,54290
154113,59816
154113,1304
154113,53160
154113,60978
154113,46632
154113,42132
154113,51316
154113,50268
154113,53406
154113,51974
154113,36722
154113,61028
154113,62274
154113,63220
154113,62170
154113,63136
154113,61540
154113,63538
154113,48980
154113,62400
154113,63540
154113,45912
154113,10790
154113,59776
154113,50962
154113,56484
154113,1206
206358,1370
206358,61542
206358,50270
206358,54096
206358,36720
206358,39186
206358,16358
206358,124
206358,33886
206358,50274
206358,60
206358,10808
206358,54290
206358,59816
206358,1304
206358,53160
206358,60978
206358,46632
206358,42132
206358,51316
206358,50268
206358,53406
206358,51974
206358,36722
206358,61028
206358,62274
206358,63220
206358,62170
206358,63136
206358,61540
206358,63538
206358,48980
206358,62400
206358,63540
206358,45912
206358,10790
206358,59776
206358,50962
206358,56484
206358,1206
206496,1370
206496,61542
206496,50270
206496,54096
206496,11262
206496,36720
206496,39186
206496,16358
206496,33886
206496,50274
206496,60
206496,10808
206496,54290
206496,59816
206496,1304
206496,49888
206496,53160
206496,60978
206496,35846
206496,46632
206496,42132
206496,51316
206496,50268
206496,53406
206496,51974
206496,36722
206496,61028
206496,62274
206496,63220
206496,50718
206496,62170
206496,63136
206496,63538
206496,48980
206496,62618
206496,62400
206496,63540
206496,45912
206496,10790
206496,59776
206496,50962
206496,56484
206496,1206
221751,1370
221751,61542
221751,54096
221751,11262
221751,48574
221751,36720
221751,39186
221751,124
221751,50274
221751,60
221751,3382
221751,54290
221751,59816
221751,49888
221751,53160
221751,60978
221751,35846
221751,46632
221751,42132
221751,51316
221751,50268
221751,53406
221751,51974
221751,36722
221751,61028
221751,62274
221751,63220
221751,50718
221751,62170
221751,63136
221751,63538
221751,48980
221751,62618
221751,62400
221751,1206
183363,1370
183363,61542
183363,36720
183363,39186
183363,16358
183363,124
183363,33886
183363,50274
183363,60
183363,10808
183363,59816
183363,53160
183363,60978
183363,46632
183363,42132
183363,51316
183363,50268
183363,53406
183363,51974
183363,36722
183363,62170
183363,63136
183363,48980
183363,63540
183363,45912
183363,10790
183363,59776
183363,50962
183363,56484
227664,1370
227664,61542
227664,54096
227664,11262
227664,48574
227664,36720
227664,39186
227664,16358
227664,33886
227664,50274
227664,60
227664,54290
227664,59816
227664,49888
227664,53160
227664,60978
227664,35846
227664,46632
227664,42132
227664,51316
227664,50268
227664,53406
227664,51974
227664,36722
227664,61028
227664,62274
227664,50718
227664,62170
227664,63136
227664,63538
227664,48980
227664,62618
227664,62400
227664,63540
227664,45912
227664,10790
227664,59776
227664,53048
227664,50962
227664,56484
227664,1206
244446,1370
244446,61542
244446,50270
244446,54096
244446,11262
244446,48574
244446,39186
244446,16358
244446,50274
244446,60
244446,3382
244446,10808
244446,61558
244446,54290
244446,59816
244446,49888
244446,53160
244446,50968
244446,60978
244446,35846
244446,46632
244446,42132
244446,51316
244446,50268
244446,53406
244446,51974
244446,36722
244446,61028
244446,32496
244446,62274
244446,63220
244446,63186
244446,50718
244446,62170
244446,63136
244446,63538
244446,48980
244446,62400
244446,10790
244446,59776
244446,53048
244446,50962
244446,56484
244446,1206
203088,1370
203088,61542
203088,50270
203088,54096
203088,35732
203088,48574
203088,36720
203088,39186
203088,61280
203088,16358
203088,124
203088,52918
203088,33886
203088,50274
203088,60
203088,10808
203088,54290
203088,59816
203088,50272
203088,1304
203088,49888
203088,53160
203088,50968
203088,60978
203088,35846
203088,46632
203088,51316
203088,33534
203088,50268
203088,53406
203088,51974
203088,50720
203088,36722
203088,61028
203088,63188
203088,59394
203088,63510
203088,32496
203088,55632
203088,63218
203088,62274
203088,63220
203088,63186
203088,63418
203088,62170
203088,63136
203088,61540
203088,63538
203088,48980
203088,62618
203088,62616
203088,62400
203088,63540
203088,45912
203088,44644
203088,10790
203088,59776
203088,53048
203088,50962
203088,56484
207618,1370
207618,61542
207618,54096
207618,11262
207618,48574
207618,36720
207618,39186
207618,16358
207618,44302
207618,33886
207618,50274
207618,60
207618,54290
207618,59816
207618,53160
207618,60978
207618,46632
207618,42132
207618,51316
207618,36722
207618,32496
207618,62274
207618,63186
207618,50718
207618,62170
207618,63136
207618,63538
207618,48980
207618,62618
207618,62400
207618,63540
207618,45912
207618,56484
207618,1206
163377,1370
163377,61542
163377,54096
163377,36720
163377,39186
163377,16358
163377,33886
163377,50274
163377,60
163377,10808
163377,59816
163377,53160
163377,60978
163377,46632
163377,42132
163377,51316
163377,50268
163377,53406
163377,51974
163377,36722
163377,63220
163377,50718
163377,62170
163377,63136
163377,63538
163377,48980
163377,62618
163377,63540
163377,45912
163377,59776
163377,56484
163377,1206
217380,1370
217380,61542
217380,54096
217380,11262
217380,36720
217380,39186
217380,16358
217380,33886
217380,50274
217380,60
217380,54290
217380,59816
217380,53160
217380,60978
217380,46632
217380,42132
217380,51316
217380,50268
217380,53406
217380,51974
217380,36722
217380,63220
217380,50718
217380,62170
217380,63136
217380,63538
217380,48980
217380,62618
217380,63540
217380,45912
217380,59776
217380,56484
208572,1370
208572,61542
208572,54096
208572,11262
208572,36720
208572,39186
208572,16358
208572,33886
208572,50274
208572,60
208572,54290
208572,59816
208572,53160
208572,60978
208572,46632
208572,42132
208572,51316
208572,50268
208572,53406
208572,51974
208572,36722
208572,50718
208572,62170
208572,63136
208572,63538
208572,48980
208572,62618
208572,63540
208572,45912
208572,10790
208572,59776
208572,50962
208572,56484
176607,1370
176607,61542
176607,54096
176607,11262
176607,48574
176607,36720
176607,39186
176607,16358
176607,33886
176607,50274
176607,60
176607,3382
176607,54290
176607,59816
176607,49888
176607,53160
176607,60978
176607,35846
176607,46632
176607,42132
176607,51316
176607,50268
176607,53406
176607,51974
176607,36722
176607,61028
176607,62274
176607,50718
176607,62170
176607,63136
176607,63538
176607,48980
176607,62618
176607,62400
176607,63540
176607,45912
176607,10790
176607,59776
176607,50962
176607,56484
176607,1206
231162,1370
231162,61542
231162,54096
231162,11262
231162,48574
231162,36720
231162,39186
231162,16358
231162,124
231162,50274
231162,60
231162,3382
231162,54290
231162,59816
231162,49888
231162,53160
231162,60978
231162,35846
231162,46632
231162,42132
231162,51316
231162,50268
231162,53406
231162,51974
231162,36722
231162,61028
231162,62274
231162,63220
231162,50718
231162,62170
231162,63136
231162,63538
231162,48980
231162,62618
231162,62400
231162,1206
211767,1370
211767,61542
211767,54096
211767,11262
211767,36720
211767,39186
211767,33886
211767,50274
211767,60
211767,59816
211767,53160
211767,60978
211767,46632
211767,42132
211767,36722
211767,50718
211767,62170
211767,63136
211767,48980
211767,62618
211767,63540
211767,10790
211767,59776
211767,53048
211767,50962
211767,56484
211767,1206
204141,1370
204141,61542
204141,50270
204141,54096
204141,11262
204141,48574
204141,36720
204141,39186
204141,16358
204141,33886
204141,50274
204141,60
204141,10808
204141,54290
204141,59816
204141,1304
204141,49888
204141,53160
204141,50968
204141,60978
204141,35846
204141,46632
204141,42132
204141,51316
204141,50268
204141,53406
204141,51974
204141,36722
204141,61028
204141,63510
204141,32496
204141,63360
204141,62274
204141,63220
204141,63186
204141,50718
204141,62170
204141,63136
204141,63538
204141,48980
204141,62618
204141,62616
204141,62400
204141,63540
204141,45912
204141,56484
204141,1206
203232,1370
203232,61542
203232,54096
203232,11262
203232,36720
203232,39186
203232,16358
203232,50274
203232,60
203232,59816
203232,53160
203232,60978
203232,46632
203232,42132
203232,51974
203232,36722
203232,50718
203232,62170
203232,63136
203232,48980
203232,62618
203232,63540
203232,45912
203232,56484
154473,1370
154473,61542
154473,54096
154473,11262
154473,36720
154473,39186
154473,16358
154473,33886
154473,50274
154473,60
154473,59816
154473,53160
154473,60978
154473,46632
154473,42132
154473,51974
154473,36722
154473,50718
154473,62170
154473,63136
154473,48980
154473,62618
154473,63540
154473,45912
154473,59776
154473,56484
154473,1206
211989,1370
211989,61542
211989,36720
211989,39186
211989,16358
211989,124
211989,33886
211989,50274
211989,60
211989,10808
211989,59816
211989,53160
211989,60978
211989,46632
211989,42132
211989,51316
211989,50268
211989,53406
211989,51974
211989,36722
211989,61028
211989,63220
211989,50718
211989,62170
211989,63136
211989,61540
211989,48980
211989,63540
211989,45912
211989,56484
211989,1206
241389,1370
241389,61542
241389,54096
241389,11262
241389,36720
241389,39186
241389,16358
241389,33886
241389,50274
241389,60
241389,59816
241389,53160
241389,60978
241389,46632
241389,42132
241389,50268
241389,53406
241389,51974
241389,36722
241389,63220
241389,50718
241389,62170
241389,63136
241389,48980
241389,62618
241389,63540
241389,45912
241389,56484
241389,1206
205728,1370
205728,61542
205728,54096
205728,11262
205728,36720
205728,39186
205728,16358
205728,33886
205728,50274
205728,60
205728,59816
205728,53160
205728,60978
205728,46632
205728,42132
205728,50268
205728,53406
205728,51974
205728,36722
205728,63220
205728,50718
205728,62170
205728,63136
205728,48980
205728,62618
205728,63540
205728,45912
205728,10790
205728,44664
205728,59776
205728,53048
205728,52620
205728,50962
205728,62276
205728,62860
205728,44662
205728,56484
205728,1206
205728,48694
205728,53258
205728,58504
227973,61364
227973,1370
227973,30500
227973,56714
227973,61672
227973,61348
227973,61542
227973,50270
227973,54096
227973,11262
227973,35732
227973,48574
227973,61552
227973,50716
227973,36720
227973,39186
227973,34092
227973,57804
227973,61280
227973,60522
227973,62074
227973,16358
227973,44302
227973,11490
227973,124
227973,52918
227973,33886
227973,50274
227973,60
227973,3382
227973,10808
227973,61558
227973,1372
227973,54290
227973,48298
227973,59816
227973,59822
227973,50272
227973,1304
227973,37644
227973,49888
227973,53160
227973,50968
227973,60978
227973,35846
227973,46632
227973,10652
227973,42132
227973,51316
227973,33534
227973,50268
227973,53406
227973,51974
227973,50720
227973,50724
227973,44914
227973,61560
227973,50970
227973,36722
227973,61028
227973,53386
227973,63188
227973,62944
227973,59394
227973,63510
227973,32496
227973,55632
227973,57414
227973,63360
227973,63218
227973,59396
227973,62274
227973,63220
227973,63186
227973,50718
227973,56696
227973,63418
227973,44660
227973,62170
227973,63136
227973,61540
227973,62376
227973,53046
227973,63538
227973,54864
227973,48980
227973,55798
227973,62614
227973,53394
227973,62618
227973,62616
227973,62400
227973,62378
227973,63540
227973,53256
227973,45912
227973,44644
227973,57522
227973,56484
227973,1206
235299,1370
235299,61542
235299,54096
235299,11262
235299,36720
235299,39186
235299,16358
235299,50274
235299,60
235299,59816
235299,53160
235299,60978
235299,46632
235299,42132
235299,50268
235299,53406
235299,51974
235299,36722
235299,63220
235299,50718
235299,62170
235299,63136
235299,48980
235299,62618
235299,63540
235299,45912
235299,59776
235299,56484
235299,1206
195507,1370
195507,61542
195507,54096
195507,11262
195507,36720
195507,39186
195507,16358
195507,33886
195507,50274
195507,60
195507,54290
195507,59816
195507,53160
195507,60978
195507,46632
195507,42132
195507,51316
195507,50268
195507,53406
195507,51974
195507,36722
195507,63220
195507,50718
195507,62170
195507,63136
195507,63538
195507,48980
195507,62618
195507,63540
195507,45912
195507,59776
195507,56484
195507,1206
201282,1370
201282,61542
201282,54096
201282,11262
201282,36720
201282,39186
201282,16358
201282,33886
201282,50274
201282,60
201282,54290
201282,59816
201282,53160
201282,60978
201282,46632
201282,42132
201282,51316
201282,50268
201282,53406
201282,51974
201282,36722
201282,63220
201282,50718
201282,62170
201282,63136
201282,63538
201282,36762
201282,48980
201282,62618
201282,63540
201282,45912
201282,56484
243408,1370
243408,61542
243408,54096
243408,11262
243408,48574
243408,36720
243408,39186
243408,33886
243408,50274
243408,60
243408,59816
243408,53160
243408,60978
243408,46632
243408,42132
243408,36722
243408,62170
243408,61540
243408,48980
243408,62618
243408,63540
243408,45912
243408,1206
174513,1370
174513,61542
174513,54096
174513,11262
174513,48574
174513,36720
174513,39186
174513,16358
174513,33886
174513,50274
174513,60
174513,61558
174513,59816
174513,53160
174513,60978
174513,46632
174513,42132
174513,50268
174513,53406
174513,51974
174513,36722
174513,63220
174513,50718
174513,62170
174513,63136
174513,48980
174513,62618
174513,63540
174513,1206
188730,1370
188730,61542
188730,54096
188730,11262
188730,36720
188730,39186
188730,16358
188730,33886
188730,50274
188730,60
188730,61558
188730,59816
188730,53160
188730,60978
188730,46632
188730,42132
188730,50268
188730,53406
188730,51974
188730,36722
188730,63220
188730,50718
188730,62170
188730,63136
188730,48980
188730,62618
188730,63540
188730,56484
198882,1370
198882,61542
198882,54096
198882,11262
198882,48574
198882,36720
198882,39186
198882,33886
198882,50274
198882,60
198882,59816
198882,53160
198882,60978
198882,46632
198882,42132
198882,36722
198882,50718
198882,62170
198882,63136
198882,48980
198882,62618
198882,63540
198882,45912
198882,56484
206442,1370
206442,61542
206442,54096
206442,11262
206442,36720
206442,39186
206442,16358
206442,33886
206442,50274
206442,60
206442,59816
206442,53160
206442,60978
206442,46632
206442,42132
206442,36722
206442,50718
206442,62170
206442,63136
206442,48980
206442,62618
206442,63540
206442,45912
206442,1206
212220,1370
212220,61542
212220,54096
212220,11262
212220,36720
212220,39186
212220,16358
212220,33886
212220,50274
212220,60
212220,59816
212220,53160
212220,60978
212220,46632
212220,42132
212220,36722
212220,62170
212220,61540
212220,48980
212220,62618
212220,63540
212220,1206
212430,1370
212430,61542
212430,54096
212430,11262
212430,36720
212430,39186
212430,50274
212430,60
212430,59816
212430,53160
212430,60978
212430,46632
212430,42132
212430,50268
212430,53406
212430,51974
212430,36722
212430,63220
212430,50718
212430,62170
212430,63136
212430,48980
212430,62618
212430,63540
212430,45912
212430,56484
212526,1370
212526,61542
212526,54096
212526,11262
212526,36720
212526,39186
212526,16358
212526,33886
212526,50274
212526,60
212526,59816
212526,53160
212526,60978
212526,46632
212526,42132
212526,51974
212526,36722
212526,50718
212526,62170
212526,63136
212526,48980
212526,62618
212526,63540
212526,45912
212526,56484
212526,1206
220728,1370
220728,61542
220728,54096
220728,11262
220728,48574
220728,36720
220728,39186
220728,33886
220728,50274
220728,60
220728,59816
220728,53160
220728,60978
220728,46632
220728,42132
220728,50268
220728,53406
220728,51974
220728,36722
220728,63220
220728,50718
220728,62170
220728,63136
220728,48980
220728,62618
220728,63540
220728,45912
220728,59776
220728,56484
220728,1206
153756,1370
153756,61542
153756,54096
153756,11262
153756,36720
153756,39186
153756,16358
153756,33886
153756,50274
153756,60
153756,54290
153756,59816
153756,53160
153756,60978
153756,46632
153756,42132
153756,51316
153756,50268
153756,53406
153756,51974
153756,36722
153756,63220
153756,50718
153756,62170
153756,63136
153756,63538
153756,48980
153756,62618
153756,63540
153756,45912
153756,1206
177903,1370
177903,59816
177903,53160
177903,46632
177903,50268
177903,53406
177903,51974
177903,36722
177903,63220
177903,50718
177903,62170
177903,63136
177903,59776
177903,56484
177903,1206
194424,1370
194424,61542
194424,54096
194424,11262
194424,48574
194424,36720
194424,39186
194424,16358
194424,33886
194424,50274
194424,60
194424,54290
194424,59816
194424,53160
194424,60978
194424,46632
194424,42132
194424,51316
194424,50268
194424,53406
194424,51974
194424,36722
194424,63220
194424,50718
194424,62170
194424,63136
194424,63538
194424,48980
194424,62618
194424,63540
194424,45912
194424,10790
194424,59776
194424,50962
194424,56484
194424,1206
203133,1370
203133,61542
203133,54096
203133,11262
203133,48574
203133,36720
203133,39186
203133,124
203133,50274
203133,60
203133,3382
203133,54290
203133,59816
203133,49888
203133,53160
203133,60978
203133,35846
203133,46632
203133,42132
203133,51316
203133,50268
203133,53406
203133,51974
203133,36722
203133,61028
203133,62274
203133,63220
203133,50718
203133,62170
203133,63136
203133,63538
203133,48980
203133,62618
203133,62400
203133,10790
203133,59776
203133,50962
203133,56484
203133,1206
203796,1370
203796,61542
203796,54096
203796,11262
203796,48574
203796,36720
203796,39186
203796,16358
203796,50274
203796,60
203796,3382
203796,54290
203796,59816
203796,49888
203796,53160
203796,60978
203796,35846
203796,46632
203796,42132
203796,51316
203796,50268
203796,53406
203796,51974
203796,36722
203796,61028
203796,62274
203796,63220
203796,50718
203796,62170
203796,63136
203796,63538
203796,48980
203796,62400
203796,1206
206460,1370
206460,54096
206460,48574
206460,36720
206460,16358
206460,50274
206460,59816
206460,53160
206460,60978
206460,46632
206460,50268
206460,53406
206460,51974
206460,36722
206460,63220
206460,62170
206460,63136
206460,48980
206460,62618
206460,62616
206460,1206
207129,1370
207129,61542
207129,54096
207129,11262
207129,36720
207129,39186
207129,50274
207129,60
207129,59816
207129,53160
207129,60978
207129,46632
207129,42132
207129,50268
207129,53406
207129,51974
207129,36722
207129,63220
207129,50718
207129,62170
207129,63136
207129,48980
207129,62618
207129,63540
207129,45912
207129,56484
207129,1206
156057,1370
156057,61542
156057,54096
156057,11262
156057,36720
156057,39186
156057,16358
156057,50274
156057,60
156057,59816
156057,53160
156057,60978
156057,46632
156057,42132
156057,50268
156057,53406
156057,51974
156057,36722
156057,63220
156057,50718
156057,62170
156057,63136
156057,48980
156057,62618
156057,63540
156057,45912
156489,1370
156489,50270
156489,46632
156489,33534
156489,36722
156489,61028
156489,50718
156489,56484
167316,1370
167316,61542
167316,54096
167316,11262
167316,36720
167316,39186
167316,16358
167316,33886
167316,50274
167316,60
167316,59816
167316,53160
167316,60978
167316,46632
167316,42132
167316,36722
167316,62170
167316,61540
167316,48980
167316,62618
167316,63540
167316,45912
167316,56484
167316,1206
208341,1370
208341,61542
208341,54096
208341,11262
208341,48574
208341,36720
208341,39186
208341,16358
208341,33886
208341,50274
208341,60
208341,59816
208341,53160
208341,60978
208341,46632
208341,42132
208341,50268
208341,53406
208341,51974
208341,36722
208341,63220
208341,50718
208341,62170
208341,63136
208341,48980
208341,62618
208341,63540
208341,45912
208341,56484
208509,1370
208509,61542
208509,54096
208509,11262
208509,48574
208509,36720
208509,39186
208509,16358
208509,33886
208509,50274
208509,60
208509,59816
208509,53160
208509,60978
208509,46632
208509,42132
208509,36722
208509,50718
208509,62170
208509,63136
208509,48980
208509,62618
208509,63540
208509,45912
208509,1206
158499,1370
158499,61542
158499,54096
158499,11262
158499,36720
158499,39186
158499,16358
158499,33886
158499,50274
158499,60
158499,61558
158499,59816
158499,53160
158499,60978
158499,46632
158499,42132
158499,50268
158499,53406
158499,51974
158499,36722
158499,63220
158499,50718
158499,62170
158499,63136
158499,48980
158499,62618
158499,63540
158499,59776
158499,56484
158499,1206
206361,1370
206361,61542
206361,54096
206361,11262
206361,48574
206361,36720
206361,39186
206361,16358
206361,124
206361,33886
206361,50274
206361,60
206361,54290
206361,59816
206361,53160
206361,60978
206361,46632
206361,42132
206361,51316
206361,50268
206361,53406
206361,51974
206361,36722
206361,63220
206361,62170
206361,63136
206361,63538
206361,48980
206361,62618
206361,63540
206361,45912
206361,1206
206667,1370
206667,61542
206667,54096
206667,11262
206667,36720
206667,39186
206667,33886
206667,50274
206667,60
206667,61558
206667,59816
206667,53160
206667,60978
206667,46632
206667,42132
206667,36722
206667,50718
206667,62170
206667,63136
206667,48980
206667,62618
206667,63540
206667,59776
206667,56484
226662,1370
226662,61542
226662,54096
226662,11262
226662,48574
226662,36720
226662,39186
226662,16358
226662,33886
226662,50274
226662,60
226662,10808
226662,54290
226662,59816
226662,53160
226662,60978
226662,46632
226662,42132
226662,51316
226662,50268
226662,53406
226662,51974
226662,36722
226662,62170
226662,61540
226662,63538
226662,48980
226662,62618
226662,63540
226662,45912
226662,59776
226662,56484
226662,1206
61215,1370
61215,61542
61215,54096
61215,11262
61215,36720
61215,39186
61215,16358
61215,124
61215,33886
61215,50274
61215,60
61215,54290
61215,59816
61215,53160
61215,60978
61215,46632
61215,42132
61215,51316
61215,50268
61215,53406
61215,51974
61215,36722
61215,63220
61215,50718
61215,62170
61215,63136
61215,63538
61215,48980
61215,62618
61215,63540
61215,45912
61215,59776
61215,56484
61215,1206
154011,1370
154011,61542
154011,54096
154011,11262
154011,36720
154011,39186
154011,33886
154011,50274
154011,60
154011,54290
154011,59816
154011,53160
154011,60978
154011,46632
154011,42132
154011,51316
154011,50268
154011,53406
154011,51974
154011,36722
154011,63220
154011,50718
154011,62170
154011,63136
154011,63538
154011,48980
154011,62618
154011,63540
154011,45912
154011,59776
154011,56484
154011,1206
174468,1370
174468,61542
174468,54096
174468,11262
174468,36720
174468,39186
174468,16358
174468,33886
174468,50274
174468,60
174468,54290
174468,59816
174468,53160
174468,60978
174468,46632
174468,42132
174468,51316
174468,50268
174468,53406
174468,51974
174468,36722
174468,63220
174468,50718
174468,62170
174468,63136
174468,63538
174468,48980
174468,62618
174468,63540
174468,45912
174468,56484
174468,1206
203052,1370
203052,61542
203052,54096
203052,11262
203052,48574
203052,36720
203052,39186
203052,16358
203052,33886
203052,50274
203052,60
203052,59816
203052,53160
203052,60978
203052,46632
203052,42132
203052,50268
203052,53406
203052,51974
203052,36722
203052,63220
203052,50718
203052,62170
203052,63136
203052,48980
203052,62618
203052,63540
203052,45912
203052,1206
204780,1370
204780,61542
204780,54096
204780,11262
204780,36720
204780,39186
204780,16358
204780,50274
204780,60
204780,59816
204780,53160
204780,60978
204780,46632
204780,42132
204780,51974
204780,36722
204780,62170
204780,61540
204780,48980
204780,62618
204780,63540
204780,45912
204780,59776
204780,62860
208788,30500
208788,11262
208788,39186
208788,62074
208788,44302
208788,11490
208788,60
208788,3382
208788,59816
208788,49888
208788,53160
208788,50968
208788,35846
208788,42132
208788,33534
208788,44914
208788,50970
208788,61028
208788,63188
208788,62944
208788,63510
208788,32496
208788,55632
208788,63220
208788,62614
208788,62400
208788,62378
208788,44644
208788,10790
208788,52620
208788,44662
208788,1206
211527,35732
211527,39186
211527,62074
211527,44302
211527,11490
211527,52918
211527,60
211527,3382
211527,59816
211527,49888
211527,53160
211527,50968
211527,33534
211527,44914
211527,50970
211527,61028
211527,63188
211527,63510
211527,32496
211527,55632
211527,63220
211527,48980
211527,62614
211527,62400
211527,62378
211527,10790
211527,52620
211527,44662
211749,11262
211749,39186
211749,62074
211749,44302
211749,11490
211749,60
211749,3382
211749,59816
211749,49888
211749,53160
211749,50968
211749,33534
211749,44914
211749,50970
211749,61028
211749,63188
211749,55632
211749,63220
211749,62614
211749,62400
211749,62378
211749,10790
211749,52620
211749,44662
211749,1206
234030,30500
234030,11262
234030,39186
234030,62074
234030,44302
234030,11490
234030,52918
234030,60
234030,3382
234030,59816
234030,53160
234030,50968
234030,42132
234030,33534
234030,44914
234030,50970
234030,61028
234030,63188
234030,62944
234030,55632
234030,63220
234030,62400
234030,62378
234030,44644
234030,10790
234030,52620
72930,11262
72930,35732
72930,39186
72930,62074
72930,44302
72930,11490
72930,52918
72930,60
72930,3382
72930,59816
72930,49888
72930,53160
72930,50968
72930,33534
72930,44914
72930,50970
72930,61028
72930,63188
72930,63510
72930,32496
72930,55632
72930,63220
72930,48980
72930,62614
72930,62400
72930,62378
72930,10790
72930,52620
72930,44662
72930,1206
186177,35732
186177,39186
186177,62074
186177,44302
186177,11490
186177,60
186177,3382
186177,59816
186177,53160
186177,50968
186177,33534
186177,44914
186177,50970
186177,61028
186177,63188
186177,55632
186177,63220
186177,62614
186177,62400
186177,62378
186177,10790
186177,52620
186177,44662
186177,1206
191226,30500
191226,11262
191226,35732
191226,39186
191226,62074
191226,44302
191226,11490
191226,60
191226,3382
191226,59816
191226,1304
191226,49888
191226,53160
191226,50968
191226,42132
191226,33534
191226,44914
191226,50970
191226,61028
191226,63188
191226,62944
191226,63510
191226,32496
191226,55632
191226,63220
191226,48980
191226,62614
191226,62400
191226,62378
191226,44644
191226,10790
191226,52620
191226,44662
191226,1206
203829,35732
203829,39186
203829,62074
203829,44302
203829,11490
203829,60
203829,3382
203829,49888
203829,53160
203829,50968
203829,33534
203829,44914
203829,50970
203829,61028
203829,63188
203829,63510
203829,32496
203829,55632
203829,63220
203829,48980
203829,62614
203829,62400
203829,62378
203829,10790
203829,52620
203829,44662
211125,11262
211125,35732
211125,39186
211125,62074
211125,44302
211125,11490
211125,52918
211125,60
211125,3382
211125,59816
211125,49888
211125,53160
211125,50968
211125,33534
211125,44914
211125,50970
211125,61028
211125,63188
211125,63510
211125,32496
211125,55632
211125,63220
211125,48980
211125,62614
211125,62400
211125,62378
211125,10790
211125,52620
211125,44662
211125,1206
224145,61364
224145,61348
224145,11262
224145,39186
224145,62074
224145,44302
224145,11490
224145,60
224145,3382
224145,59816
224145,53160
224145,50968
224145,33534
224145,44914
224145,50970
224145,61028
224145,63188
224145,62944
224145,54864
224145,62614
224145,62400
224145,62378
224145,10790
224145,52620
224145,62276
224145,44662
224145,1206
237195,11262
237195,35732
237195,39186
237195,62074
237195,44302
237195,11490
237195,60
237195,3382
237195,59816
237195,53160
237195,50968
237195,33534
237195,44914
237195,50970
237195,61028
237195,63188
237195,63510
237195,32496
237195,55632
237195,63220
237195,48980
237195,62614
237195,62400
237195,62378
237195,10790
237195,52620
237195,44662
237195,1206
172704,11262
172704,35732
172704,39186
172704,62074
172704,44302
172704,11490
172704,60
172704,3382
172704,59816
172704,49888
172704,53160
172704,50968
172704,35846
172704,33534
172704,44914
172704,50970
172704,61028
172704,63188
172704,62944
172704,63510
172704,32496
172704,55632
172704,63220
172704,48980
172704,62614
172704,62400
172704,62378
172704,44644
172704,10790
172704,52620
172704,44662
172704,1206
211140,61364
211140,30500
211140,61348
211140,11262
211140,35732
211140,39186
211140,62074
211140,44302
211140,11490
211140,52918
211140,60
211140,3382
211140,59816
211140,1304
211140,53160
211140,50968
211140,60978
211140,42132
211140,33534
211140,50724
211140,44914
211140,50970
211140,36722
211140,61028
211140,63188
211140,62944
211140,63510
211140,32496
211140,55632
211140,63220
211140,63186
211140,54864
211140,48980
211140,62400
211140,62378
211140,44644
211140,10790
211140,52620
211140,62276
72108,61364
72108,30500
72108,56714
72108,61348
72108,11262
72108,39186
72108,62074
72108,44302
72108,11490
72108,52918
72108,60
72108,3382
72108,59816
72108,59822
72108,49888
72108,53160
72108,50968
72108,42132
72108,33534
72108,44914
72108,50970
72108,61028
72108,63188
72108,62944
72108,63220
72108,63136
72108,54864
72108,55798
72108,62614
72108,62400
72108,62378
72108,44644
72108,10790
72108,52620
72108,62276
72108,44662
72108,1206
166437,61364
166437,30500
166437,56714
166437,61348
166437,11262
166437,35732
166437,39186
166437,62074
166437,16358
166437,44302
166437,11490
166437,52918
166437,3382
166437,59816
166437,53160
166437,50968
166437,60978
166437,35846
166437,42132
166437,33534
166437,50724
166437,44914
166437,61560
166437,50970
166437,36722
166437,61028
166437,63188
166437,62944
166437,63510
166437,32496
166437,55632
166437,63220
166437,63186
166437,63136
166437,54864
166437,55798
166437,62614
166437,62400
166437,62378
166437,44644
166437,10790
166437,62276
184950,39186
184950,62074
184950,44302
184950,11490
184950,60
184950,3382
184950,49888
184950,53160
184950,50968
184950,33534
184950,44914
184950,50970
184950,61028
184950,63188
184950,63220
184950,62614
184950,62400
184950,62378
184950,10790
184950,52620
184950,44662
210186,30500
210186,11262
210186,39186
210186,62074
210186,44302
210186,11490
210186,60
210186,3382
210186,59816
210186,49888
210186,53160
210186,50968
210186,46632
210186,42132
210186,33534
210186,44914
210186,50970
210186,61028
210186,63188
210186,62944
210186,63510
210186,32496
210186,55632
210186,59396
210186,63220
210186,53046
210186,62614
210186,62400
210186,62378
210186,44644
210186,10790
210186,52620
210186,44662
210186,1206
232065,30500
232065,11262
232065,35732
232065,39186
232065,62074
232065,44302
232065,11490
232065,52918
232065,3382
232065,59816
232065,53160
232065,50968
232065,35846
232065,42132
232065,33534
232065,44914
232065,50970
232065,61028
232065,63188
232065,62944
232065,63510
232065,32496
232065,55632
232065,63220
232065,48980
232065,62614
232065,62400
232065,62378
232065,44644
232065,10790
65640,61364
65640,30500
65640,61348
65640,54096
65640,11262
65640,35732
65640,39186
65640,44302
65640,11490
65640,52918
65640,59816
65640,53160
65640,50968
65640,35846
65640,46632
65640,33534
65640,50724
65640,44914
65640,50970
65640,36722
65640,61028
65640,63188
65640,62944
65640,63510
65640,32496
65640,55632
65640,63220
65640,54864
65640,48980
65640,62614
65640,62400
65640,62378
65640,10790
65640,62276
154275,61364
154275,30500
154275,56714
154275,61348
154275,11262
154275,35732
154275,39186
154275,62074
154275,16358
154275,44302
154275,11490
154275,52918
154275,60
154275,3382
154275,59816
154275,49888
154275,53160
154275,50968
154275,35846
154275,42132
154275,33534
154275,51974
154275,50724
154275,44914
154275,61560
154275,50970
154275,36722
154275,61028
154275,63188
154275,62944
154275,63510
154275,32496
154275,55632
154275,63220
154275,63186
154275,62170
154275,63136
154275,53046
154275,54864
154275,48980
154275,55798
154275,62614
154275,62400
154275,62378
154275,44644
154275,10790
154275,52620
154275,50962
154275,62276
154275,44662
154275,1206
161667,11262
161667,35732
161667,39186
161667,62074
161667,44302
161667,11490
161667,60
161667,3382
161667,59816
161667,49888
161667,53160
161667,50968
161667,35846
161667,33534
161667,44914
161667,50970
161667,61028
161667,63188
161667,62944
161667,63510
161667,32496
161667,55632
161667,63220
161667,48980
161667,62614
161667,62400
161667,62378
161667,44644
161667,10790
161667,52620
161667,44662
161667,1206
188844,11262
188844,39186
188844,62074
188844,44302
188844,11490
188844,52918
188844,60
188844,3382
188844,59816
188844,49888
188844,53160
188844,50968
188844,33534
188844,44914
188844,50970
188844,61028
188844,63188
188844,63220
188844,62614
188844,62400
188844,62378
188844,10790
188844,52620
188844,44662
188844,1206
203709,39186
203709,33534
203709,61028
203709,63220
203709,62614
203709,62400
203709,62378
210834,30500
210834,54096
210834,11262
210834,35732
210834,39186
210834,44302
210834,11490
210834,52918
210834,59816
210834,53160
210834,35846
210834,46632
210834,33534
210834,44914
210834,50970
210834,61028
210834,63188
210834,62944
210834,63510
210834,32496
210834,55632
210834,63220
210834,48980
210834,62614
210834,62400
210834,62378
210834,10790
224169,61364
224169,30500
224169,61348
224169,11262
224169,39186
224169,62074
224169,44302
224169,11490
224169,52918
224169,60
224169,3382
224169,59816
224169,53160
224169,50968
224169,60978
224169,42132
224169,33534
224169,50724
224169,44914
224169,50970
224169,36722
224169,61028
224169,63188
224169,62944
224169,63510
224169,32496
224169,55632
224169,63220
224169,63186
224169,54864
224169,62614
224169,62400
224169,62378
224169,44644
224169,10790
224169,62276
195372,11262
195372,35732
195372,39186
195372,62074
195372,44302
195372,11490
195372,60
195372,3382
195372,59816
195372,49888
195372,53160
195372,50968
195372,35846
195372,33534
195372,44914
195372,50970
195372,61028
195372,63188
195372,62944
195372,63510
195372,32496
195372,55632
195372,63220
195372,48980
195372,62614
195372,62400
195372,62378
195372,44644
195372,10790
195372,52620
195372,44662
195372,1206
198210,61364
198210,30500
198210,56714
198210,61348
198210,11262
198210,35732
198210,39186
198210,62074
198210,44302
198210,11490
198210,52918
198210,60
198210,3382
198210,48298
198210,59816
198210,59822
198210,49888
198210,53160
198210,50968
198210,35846
198210,42132
198210,33534
198210,50724
198210,44914
198210,50970
198210,36722
198210,61028
198210,63188
198210,62944
198210,63510
198210,32496
198210,55632
198210,62274
198210,63220
198210,63186
198210,63136
198210,54864
198210,48980
198210,55798
198210,62614
198210,62400
198210,62378
198210,44644
198210,10790
198210,62276
211524,11262
211524,35732
211524,39186
211524,62074
211524,44302
211524,11490
211524,60
211524,3382
211524,59816
211524,49888
211524,53160
211524,50968
211524,35846
211524,33534
211524,44914
211524,50970
211524,61028
211524,63188
211524,62944
211524,63510
211524,32496
211524,55632
211524,63220
211524,48980
211524,62614
211524,62400
211524,62378
211524,44644
211524,10790
211524,52620
211524,44662
211524,1206
231282,11262
231282,35732
231282,39186
231282,62074
231282,44302
231282,11490
231282,60
231282,3382
231282,59816
231282,49888
231282,53160
231282,50968
231282,35846
231282,33534
231282,44914
231282,50970
231282,61028
231282,63188
231282,62944
231282,63510
231282,32496
231282,55632
231282,63220
231282,48980
231282,62614
231282,62400
231282,62378
231282,44644
231282,10790
231282,52620
231282,44662
231282,1206
66465,61364
66465,30500
66465,56714
66465,61348
66465,11262
66465,35732
66465,39186
66465,62074
66465,44302
66465,11490
66465,60
66465,3382
66465,48298
66465,59816
66465,59822
66465,49888
66465,53160
66465,50968
66465,35846
66465,46632
66465,42132
66465,33534
66465,44914
66465,50970
66465,61028
66465,63188
66465,62944
66465,63510
66465,32496
66465,55632
66465,63220
66465,63136
66465,54864
66465,48980
66465,55798
66465,62614
66465,62400
66465,62378
66465,44644
66465,10790
66465,52620
66465,62276
66465,44662
66465,1206
96444,11262
96444,35732
96444,39186
96444,62074
96444,44302
96444,11490
96444,60
96444,3382
96444,59816
96444,49888
96444,53160
96444,50968
96444,35846
96444,33534
96444,44914
96444,50970
96444,61028
96444,63188
96444,62944
96444,63510
96444,32496
96444,55632
96444,63220
96444,48980
96444,62614
96444,62400
96444,62378
96444,44644
96444,10790
96444,52620
96444,44662
96444,1206
155085,61364
155085,30500
155085,61348
155085,11262
155085,35732
155085,39186
155085,62074
155085,44302
155085,11490
155085,52918
155085,3382
155085,59816
155085,49888
155085,53160
155085,50968
155085,35846
155085,42132
155085,33534
155085,44914
155085,50970
155085,61028
155085,63188
155085,62944
155085,63510
155085,32496
155085,55632
155085,63220
155085,63186
155085,54864
155085,48980
155085,62614
155085,62400
155085,62378
155085,44644
155085,10790
155085,62276
208797,30500
208797,11262
208797,35732
208797,39186
208797,62074
208797,44302
208797,11490
208797,52918
208797,60
208797,3382
208797,59816
208797,53160
208797,50968
208797,35846
208797,42132
208797,33534
208797,44914
208797,50970
208797,61028
208797,63188
208797,62944
208797,63510
208797,32496
208797,55632
208797,63220
208797,48980
208797,62614
208797,62400
208797,62378
208797,44644
208797,10790
239592,30500
239592,11262
239592,35732
239592,39186
239592,62074
239592,44302
239592,11490
239592,52918
239592,60
239592,3382
239592,59816
239592,53160
239592,50968
239592,35846
239592,42132
239592,33534
239592,44914
239592,50970
239592,61028
239592,63188
239592,62944
239592,63510
239592,32496
239592,55632
239592,63220
239592,48980
239592,62614
239592,62400
239592,62378
239592,44644
239592,10790
196722,30500
196722,11262
196722,35732
196722,39186
196722,62074
196722,44302
196722,11490
196722,52918
196722,60
196722,3382
196722,59816
196722,53160
196722,50968
196722,35846
196722,42132
196722,33534
196722,44914
196722,50970
196722,61028
196722,63188
196722,62944
196722,63510
196722,32496
196722,55632
196722,63220
196722,48980
196722,62614
196722,62400
196722,62378
196722,44644
196722,10790
203388,61364
203388,30500
203388,56714
203388,61348
203388,11262
203388,35732
203388,39186
203388,62074
203388,16358
203388,44302
203388,11490
203388,52918
203388,60
203388,3382
203388,59816
203388,49888
203388,53160
203388,50968
203388,35846
203388,42132
203388,33534
203388,51974
203388,50724
203388,44914
203388,61560
203388,50970
203388,36722
203388,61028
203388,63188
203388,62944
203388,63510
203388,32496
203388,55632
203388,63220
203388,63186
203388,62170
203388,63136
203388,53046
203388,54864
203388,48980
203388,55798
203388,62614
203388,62400
203388,62378
203388,44644
203388,10790
203388,52620
203388,50962
203388,62276
203388,44662
203388,1206
220170,61364
220170,30500
220170,56714
220170,61348
220170,11262
220170,35732
220170,39186
220170,62074
220170,44302
220170,11490
220170,60
220170,3382
220170,59816
220170,59822
220170,49888
220170,53160
220170,50968
220170,46632
220170,42132
220170,33534
220170,44914
220170,50970
220170,61028
220170,63188
220170,62944
220170,63510
220170,32496
220170,55632
220170,63220
220170,63136
220170,54864
220170,48980
220170,55798
220170,62614
220170,62400
220170,62378
220170,44644
220170,10790
220170,52620
220170,62276
220170,44662
220170,1206
128538,61364
128538,56714
128538,61348
128538,61542
128538,50716
128538,57804
128538,61280
128538,60522
128538,44302
128538,10808
128538,61558
128538,1372
128538,59816
128538,59822
128538,1304
128538,37644
128538,53160
128538,46632
128538,10652
128538,53406
128538,61560
128538,36722
128538,61028
128538,63188
128538,63510
128538,32496
128538,59396
128538,62274
128538,63220
128538,63418
128538,44660
128538,62170
128538,61540
128538,63538
128538,54864
128538,62618
128538,62616
128538,62378
128538,63540
128538,53256
128538,44644
128538,57522
128538,10790
128538,44664
128538,59776
128538,62860
128538,44662
128538,56484
196455,1370
196455,50270
196455,54096
196455,11262
196455,35732
196455,36720
196455,39186
196455,34092
196455,60522
196455,44302
196455,60
196455,59816
196455,1304
196455,46632
196455,10652
196455,53406
196455,61560
196455,36722
196455,61028
196455,63510
196455,32496
196455,62274
196455,63418
196455,44660
196455,62170
196455,63538
196455,54864
196455,62616
196455,62378
196455,53256
196455,44644
196455,57522
196455,10790
196455,44664
196455,59776
196455,44662
208053,54096
208053,35732
208053,36720
208053,39186
208053,60522
208053,44302
208053,33886
208053,10808
208053,1372
208053,10652
208053,53406
208053,61560
208053,36722
208053,61028
208053,63510
208053,32496
208053,63418
208053,44660
208053,62170
208053,54864
208053,62616
208053,62378
208053,53256
208053,44644
208053,10790
208053,44664
208053,59776
208053,44662
225747,54096
225747,35732
225747,36720
225747,39186
225747,44302
225747,33886
225747,10808
225747,59822
225747,1304
225747,37644
225747,53160
225747,46632
225747,10652
225747,53406
225747,61560
225747,36722
225747,61028
225747,63188
225747,63510
225747,32496
225747,62274
225747,63220
225747,63418
225747,44660
225747,62170
225747,63538
225747,54864
225747,62616
225747,62378
225747,53256
225747,44644
225747,57522
225747,10790
225747,44664
225747,59776
225747,44662
228741,1370
228741,50270
228741,54096
228741,11262
228741,35732
228741,36720
228741,39186
228741,60522
228741,44302
228741,33886
228741,60
228741,10808
228741,1372
228741,59822
228741,1304
228741,37644
228741,53160
228741,46632
228741,10652
228741,53406
228741,61560
228741,36722
228741,61028
228741,63188
228741,63510
228741,32496
228741,62274
228741,63220
228741,63418
228741,44660
228741,62170
228741,63538
228741,54864
228741,62616
228741,62378
228741,53256
228741,44644
228741,57522
228741,10790
228741,44664
228741,59776
228741,44662
61824,1370
61824,50270
61824,54096
61824,11262
61824,35732
61824,36720
61824,39186
61824,60522
61824,44302
61824,33886
61824,60
61824,10808
61824,1372
61824,59822
61824,1304
61824,37644
61824,53160
61824,46632
61824,10652
61824,53406
61824,61560
61824,36722
61824,61028
61824,63188
61824,63510
61824,32496
61824,59396
61824,62274
61824,63220
61824,63418
61824,44660
61824,62170
61824,61540
61824,63538
61824,54864
61824,62618
61824,62616
61824,62378
61824,63540
61824,53256
61824,44644
61824,57522
61824,10790
61824,44664
61824,59776
61824,62860
61824,44662
61824,56484
165726,1370
165726,50270
165726,54096
165726,11262
165726,35732
165726,36720
165726,39186
165726,34092
165726,60522
165726,44302
165726,60
165726,59816
165726,10652
165726,53406
165726,54864
165726,62616
165726,53256
165726,10790
165726,44664
165726,59776
165726,44662
166128,54096
166128,35732
166128,36720
166128,39186
166128,44302
166128,59822
166128,1304
166128,37644
166128,53160
166128,46632
166128,10652
166128,53406
166128,61560
166128,36722
166128,61028
166128,63188
166128,63510
166128,32496
166128,59396
166128,62274
166128,63220
166128,63418
166128,44660
166128,62170
166128,61540
166128,63538
166128,54864
166128,62618
166128,62616
166128,62378
166128,63540
166128,53256
166128,44644
166128,57522
166128,10790
166128,44664
166128,59776
166128,62860
166128,44662
166128,56484
194904,1370
194904,50270
194904,54096
194904,11262
194904,35732
194904,36720
194904,39186
194904,60522
194904,44302
194904,33886
194904,60
194904,10652
194904,53406
194904,61560
194904,63510
194904,50718
194904,44660
194904,63136
194904,54864
194904,62616
194904,62378
194904,53256
194904,44644
194904,44662
197529,39186
197529,60522
197529,44302
197529,10808
197529,1372
197529,59822
197529,1304
197529,53160
197529,46632
197529,10652
197529,53406
197529,61560
197529,50970
197529,36722
197529,63510
197529,32496
197529,50718
197529,63418
197529,44660
197529,62170
197529,61540
197529,63538
197529,54864
197529,62614
197529,62616
197529,62378
197529,53256
197529,44644
197529,57522
197529,10790
197529,44664
197529,59776
197529,44662
197529,56484
203322,50270
203322,54096
203322,36720
203322,39186
203322,34092
203322,60522
203322,44302
203322,60
203322,10808
203322,1372
203322,59822
203322,1304
203322,53160
203322,46632
203322,10652
203322,53406
203322,61560
203322,50970
203322,36722
203322,63510
203322,32496
203322,50718
203322,63418
203322,44660
203322,62170
203322,61540
203322,63538
203322,54864
203322,62614
203322,62616
203322,62378
203322,53256
203322,44644
203322,57522
203322,10790
203322,44664
203322,59776
203322,44662
203322,56484
207993,50270
207993,54096
207993,36720
207993,39186
207993,34092
207993,60522
207993,44302
207993,60
207993,10808
207993,1372
207993,59822
207993,1304
207993,53160
207993,46632
207993,10652
207993,53406
207993,61560
207993,50970
207993,36722
207993,63510
207993,32496
207993,50718
207993,63418
207993,44660
207993,62170
207993,61540
207993,63538
207993,54864
207993,62614
207993,62616
207993,62378
207993,53256
207993,44644
207993,57522
207993,10790
207993,44664
207993,59776
207993,44662
207993,56484
208722,50270
208722,54096
208722,36720
208722,39186
208722,34092
208722,60522
208722,44302
208722,60
208722,10808
208722,1372
208722,59822
208722,1304
208722,53160
208722,46632
208722,10652
208722,53406
208722,61560
208722,50970
208722,36722
208722,63510
208722,32496
208722,50718
208722,63418
208722,44660
208722,62170
208722,61540
208722,63538
208722,54864
208722,62614
208722,62616
208722,62378
208722,53256
208722,44644
208722,57522
208722,10790
208722,44664
208722,59776
208722,44662
208722,56484
154743,50270
154743,54096
154743,36720
154743,39186
154743,34092
154743,60522
154743,44302
154743,60
154743,10808
154743,1372
154743,59822
154743,1304
154743,53160
154743,46632
154743,10652
154743,53406
154743,61560
154743,50970
154743,36722
154743,63510
154743,32496
154743,50718
154743,63418
154743,44660
154743,62170
154743,61540
154743,63538
154743,54864
154743,62614
154743,62616
154743,62378
154743,53256
154743,44644
154743,57522
154743,10790
154743,44664
154743,59776
154743,44662
154743,56484
181101,50270
181101,54096
181101,36720
181101,39186
181101,34092
181101,60522
181101,44302
181101,60
181101,10808
181101,1372
181101,59822
181101,50272
181101,1304
181101,37644
181101,49888
181101,53160
181101,60978
181101,46632
181101,10652
181101,51316
181101,53406
181101,61560
181101,50970
181101,36722
181101,53386
181101,63188
181101,63510
181101,32496
181101,63360
181101,62274
181101,50718
181101,56696
181101,63418
181101,44660
181101,62170
181101,61540
181101,63538
181101,54864
181101,55798
181101,62614
181101,62618
181101,62616
181101,62400
181101,62378
181101,63540
181101,53256
181101,57522
181101,55638
181101,10790
181101,44664
181101,59776
181101,53048
181101,44662
181101,56484
181101,48694
181101,58504
206427,61364
206427,1370
206427,30500
206427,61348
206427,50270
206427,54096
206427,11262
206427,35732
206427,61552
206427,50716
206427,36720
206427,39186
206427,34092
206427,60522
206427,44302
206427,50274
206427,60
206427,10808
206427,1372
206427,54290
206427,1304
206427,46632
206427,10652
206427,53406
206427,61560
206427,36722
206427,61028
206427,63510
206427,32496
206427,62274
206427,50718
206427,63418
206427,44660
206427,62170
206427,61540
206427,63538
206427,54864
206427,62616
206427,62378
206427,53256
206427,44644
206427,57522
206427,10790
206427,44664
206427,59776
206427,44662
206427,56484
225393,54096
225393,36720
225393,39186
225393,60522
225393,44302
225393,33886
225393,10808
225393,1372
225393,1304
225393,46632
225393,10652
225393,53406
225393,61560
225393,36722
225393,61028
225393,63510
225393,32496
225393,62274
225393,50718
225393,63418
225393,44660
225393,62170
225393,61540
225393,63538
225393,54864
225393,62616
225393,62378
225393,53256
225393,44644
225393,57522
225393,10790
225393,44664
225393,59776
225393,44662
225393,56484
154890,54096
154890,36720
154890,39186
154890,60522
154890,44302
154890,10808
154890,1372
154890,1304
154890,46632
154890,10652
154890,53406
154890,61560
154890,63510
154890,32496
154890,62274
154890,50718
154890,63418
154890,44660
154890,62170
154890,61540
154890,63538
154890,54864
154890,62616
154890,62400
154890,62378
154890,53256
154890,44644
154890,57522
154890,10790
154890,44664
154890,59776
154890,44662
154890,56484
206697,54096
206697,35732
206697,36720
206697,39186
206697,34092
206697,60522
206697,44302
206697,33886
206697,10808
206697,1372
206697,54290
206697,59822
206697,1304
206697,37644
206697,53160
206697,50968
206697,35846
206697,46632
206697,10652
206697,42132
206697,50268
206697,53406
206697,51974
206697,50720
206697,50724
206697,44914
206697,61560
206697,50970
206697,36722
206697,61028
206697,53386
206697,63188
206697,62944
206697,59394
206697,63510
206697,32496
206697,55632
206697,63360
206697,63218
206697,59396
206697,62274
206697,50718
206697,56696
206697,63418
206697,44660
206697,62170
206697,63136
206697,61540
206697,53046
206697,63538
206697,36762
206697,54864
206697,55798
206697,62614
206697,53394
206697,62618
206697,62616
206697,62400
206697,62378
206697,63540
206697,53256
206697,45912
206697,57522
206697,55638
206697,10790
206697,44664
206697,59776
206697,53048
206697,50962
206697,44662
206697,56484
206697,48694
206697,53258
206697,58504
210114,61364
210114,1370
210114,30500
210114,61672
210114,61348
210114,61542
210114,50270
210114,54096
210114,11262
210114,35732
210114,48574
210114,61552
210114,36720
210114,39186
210114,34092
210114,57804
210114,16358
210114,44302
210114,124
210114,52918
210114,50274
210114,60
210114,3382
210114,10808
210114,61558
210114,1372
210114,54290
210114,48298
210114,10652
210114,53406
210114,61560
210114,63510
210114,32496
210114,62274
210114,50718
210114,63418
210114,44660
210114,62170
210114,61540
210114,62376
210114,54864
210114,62616
210114,62378
210114,53256
210114,44644
210114,10790
210114,44664
210114,59776
210114,62276
210114,44662
211548,61672
211548,36720
211548,39186
211548,44302
211548,10808
211548,1372
211548,1304
211548,46632
211548,10652
211548,53406
211548,61560
211548,36722
211548,61028
211548,63510
211548,32496
211548,62274
211548,50718
211548,63418
211548,44660
211548,62170
211548,61540
211548,63538
211548,54864
211548,62616
211548,62378
211548,53256
211548,44644
211548,57522
211548,10790
211548,44664
211548,59776
211548,44662
211548,56484
232404,54096
232404,36720
232404,39186
232404,60522
232404,44302
232404,10808
232404,1372
232404,10652
232404,53406
232404,61560
232404,36722
232404,61028
232404,63510
232404,32496
232404,63418
232404,44660
232404,62170
232404,54864
232404,62616
232404,62378
232404,53256
232404,44644
232404,10790
232404,44664
232404,59776
232404,44662
212301,54096
212301,35732
212301,36720
212301,39186
212301,44302
212301,33886
212301,10808
212301,1304
212301,46632
212301,10652
212301,53406
212301,61560
212301,36722
212301,61028
212301,63510
212301,32496
212301,62274
212301,63418
212301,44660
212301,62170
212301,63538
212301,54864
212301,62616
212301,62378
212301,53256
212301,44644
212301,57522
212301,10790
212301,44664
212301,59776
212301,44662
154032,54096
154032,35732
154032,36720
154032,39186
154032,60522
154032,44302
154032,33886
154032,10808
154032,1372
154032,1304
154032,46632
154032,10652
154032,53406
154032,61560
154032,36722
154032,61028
154032,63510
154032,32496
154032,62274
154032,63418
154032,44660
154032,62170
154032,63538
154032,54864
154032,62616
154032,62378
154032,53256
154032,44644
154032,57522
154032,10790
154032,44664
154032,59776
154032,44662
153669,54096
153669,35732
153669,36720
153669,39186
153669,60522
153669,44302
153669,33886
153669,10808
153669,1372
153669,59822
153669,1304
153669,53160
153669,46632
153669,10652
153669,53406
153669,61560
153669,36722
153669,61028
153669,63188
153669,63510
153669,32496
153669,62274
153669,44660
153669,62170
153669,63136
153669,63538
153669,54864
153669,62618
153669,62616
153669,62378
153669,63540
153669,53256
153669,44644
153669,57522
153669,10790
153669,44664
153669,59776
153669,44662
153669,56484
194718,50270
194718,54096
194718,35732
194718,36720
194718,39186
194718,60522
194718,44302
194718,33886
194718,60
194718,1372
194718,59822
194718,1304
194718,37644
194718,53160
194718,46632
194718,10652
194718,53406
194718,61560
194718,50970
194718,36722
194718,61028
194718,63188
194718,63510
194718,32496
194718,62274
194718,63418
194718,44660
194718,62170
194718,61540
194718,63538
194718,54864
194718,62614
194718,62618
194718,62616
194718,62400
194718,62378
194718,63540
194718,53256
194718,44644
194718,57522
194718,10790
194718,44664
194718,59776
194718,44662
194718,56484
208350,61364
208350,1370
208350,61672
208350,50270
208350,54096
208350,11262
208350,35732
208350,36720
208350,39186
208350,60522
208350,44302
208350,33886
208350,50274
208350,60
208350,10808
208350,1372
208350,46632
208350,10652
208350,53406
208350,61560
208350,36722
208350,61028
208350,63510
208350,32496
208350,62274
208350,63418
208350,44660
208350,62170
208350,61540
208350,54864
208350,62616
208350,62378
208350,53256
208350,44644
208350,57522
208350,10790
208350,44664
208350,59776
208350,44662
238293,54096
238293,35732
238293,36720
238293,39186
238293,60522
238293,44302
238293,33886
238293,10808
238293,1372
238293,59822
238293,1304
238293,37644
238293,53160
238293,46632
238293,10652
238293,53406
238293,61560
238293,50970
238293,36722
238293,61028
238293,63188
238293,32496
238293,62274
238293,44660
238293,62170
238293,63136
238293,61540
238293,62376
238293,63538
238293,54864
238293,62618
238293,62616
238293,62400
238293,62378
238293,63540
238293,53256
238293,44644
238293,57522
238293,10790
238293,44664
238293,59776
238293,44662
238293,56484
157938,1370
157938,50270
157938,54096
157938,11262
157938,35732
157938,36720
157938,39186
157938,60522
157938,44302
157938,60
157938,59822
157938,1304
157938,53160
157938,46632
157938,10652
157938,53406
157938,61560
157938,36722
157938,61028
157938,63188
157938,63510
157938,32496
157938,44660
157938,62170
157938,63136
157938,63538
157938,54864
157938,62618
157938,62616
157938,62378
157938,63540
157938,53256
157938,44644
157938,57522
157938,10790
157938,44664
157938,59776
157938,44662
157938,56484
200502,50270
200502,54096
200502,35732
200502,36720
200502,39186
200502,60522
200502,44302
200502,60
200502,59822
200502,1304
200502,53160
200502,46632
200502,10652
200502,53406
200502,36722
200502,61028
200502,63188
200502,62274
200502,44660
200502,62170
200502,61540
200502,62376
200502,54864
200502,62616
200502,62378
200502,53256
200502,44644
200502,57522
200502,10790
200502,44664
200502,59776
200502,44662
208590,50270
208590,54096
208590,35732
208590,36720
208590,39186
208590,44302
208590,60
208590,10652
208590,53406
208590,54864
208590,62616
208590,53256
208590,10790
208590,44664
208590,59776
208590,44662
201798,54096
201798,35732
201798,36720
201798,39186
201798,10652
201798,53406
201798,54864
201798,62616
201798,53256
201798,10790
201798,44664
201798,59776
201798,44662
208209,54096
208209,35732
208209,36720
208209,39186
208209,10652
208209,53406
208209,54864
208209,62616
208209,53256
208209,10790
208209,44664
208209,59776
208209,44662
227310,54096
227310,35732
227310,36720
227310,39186
227310,10652
227310,53406
227310,54864
227310,62616
227310,53256
227310,10790
227310,44664
227310,59776
227310,44662
60882,54096
60882,35732
60882,36720
60882,39186
60882,59822
60882,1304
60882,37644
60882,53160
60882,35846
60882,46632
60882,10652
60882,53406
60882,61560
60882,50970
60882,36722
60882,61028
60882,63188
60882,32496
60882,62274
60882,63220
60882,44660
60882,62170
60882,63136
60882,61540
60882,62376
60882,63538
60882,54864
60882,62614
60882,62618
60882,62616
60882,62400
60882,62378
60882,63540
60882,53256
60882,44644
60882,57522
60882,10790
60882,44664
60882,59776
60882,44662
60882,56484
66843,1370
66843,50270
66843,54096
66843,11262
66843,35732
66843,36720
66843,39186
66843,60522
66843,44302
66843,60
66843,59822
66843,1304
66843,37644
66843,53160
66843,35846
66843,46632
66843,10652
66843,53406
66843,61560
66843,50970
66843,36722
66843,61028
66843,63188
66843,32496
66843,62274
66843,63220
66843,44660
66843,62170
66843,63136
66843,61540
66843,62376
66843,63538
66843,54864
66843,62614
66843,62618
66843,62616
66843,62400
66843,62378
66843,63540
66843,53256
66843,44644
66843,57522
66843,10790
66843,44664
66843,59776
66843,44662
66843,56484
154758,1370
154758,50270
154758,11262
154758,35732
154758,36720
154758,39186
154758,60522
154758,44302
154758,60
154758,53406
154758,54864
154758,62616
154758,53256
154758,44662
203706,35732
203706,36720
203706,39186
203706,10652
203706,53406
203706,54864
203706,62616
203706,53256
203706,10790
203706,44664
203706,59776
203706,44662
212892,54096
212892,35732
212892,36720
212892,39186
212892,59822
212892,1304
212892,53160
212892,46632
212892,10652
212892,53406
212892,61560
212892,36722
212892,61028
212892,63188
212892,63510
212892,32496
212892,62274
212892,44660
212892,62170
212892,63136
212892,63538
212892,54864
212892,62618
212892,62616
212892,62378
212892,63540
212892,53256
212892,44644
212892,57522
212892,10790
212892,44664
212892,59776
212892,44662
212892,56484
236520,50270
236520,54096
236520,35732
236520,36720
236520,39186
236520,60522
236520,44302
236520,33886
236520,60
236520,59822
236520,1304
236520,37644
236520,53160
236520,50968
236520,35846
236520,46632
236520,10652
236520,42132
236520,50268
236520,53406
236520,51974
236520,50720
236520,50724
236520,44914
236520,61560
236520,50970
236520,36722
236520,61028
236520,53386
236520,63188
236520,62944
236520,59394
236520,63510
236520,32496
236520,55632
236520,63360
236520,63218
236520,59396
236520,62274
236520,63220
236520,50718
236520,56696
236520,63418
236520,44660
236520,62170
236520,63136
236520,61540
236520,53046
236520,63538
236520,36762
236520,54864
236520,55798
236520,62614
236520,53394
236520,62618
236520,62616
236520,62400
236520,62378
236520,63540
236520,53256
236520,45912
236520,57522
236520,55638
236520,10790
236520,44664
236520,59776
236520,53048
236520,50962
236520,44662
236520,56484
236520,48694
236520,53258
236520,58504
128526,61364
128526,1370
128526,30500
128526,61672
128526,61348
128526,61542
128526,50270
128526,54096
128526,11262
128526,35732
128526,48574
128526,61552
128526,36720
128526,39186
128526,34092
128526,57804
128526,16358
128526,44302
128526,11490
128526,124
128526,52918
128526,33886
128526,50274
128526,60
128526,3382
128526,10808
128526,61558
128526,1372
128526,54290
128526,48298
128526,46632
128526,10652
128526,53406
128526,61560
128526,36722
128526,61028
128526,63510
128526,32496
128526,62274
128526,63418
128526,44660
128526,62170
128526,61540
128526,54864
128526,62616
128526,62378
128526,53256
128526,44644
128526,57522
128526,10790
128526,44664
128526,59776
128526,44662
153765,54096
153765,35732
153765,36720
153765,39186
153765,60522
153765,44302
153765,33886
153765,10808
153765,1372
153765,46632
153765,53406
153765,61560
153765,36722
153765,61028
153765,63188
153765,63510
153765,32496
153765,62274
153765,63418
153765,44660
153765,62170
153765,54864
153765,62616
153765,62378
153765,53256
153765,44644
153765,44662
203889,36720
203889,34092
203889,44302
203889,33886
203889,10808
203889,1372
203889,46632
203889,53406
203889,61560
203889,36722
203889,61028
203889,63510
203889,32496
203889,62274
203889,44660
203889,62170
203889,54864
203889,62616
203889,62378
203889,53256
203889,44644
203889,59776
203889,44662
204519,35732
204519,36720
204519,39186
204519,44302
204519,33886
204519,10808
204519,1372
204519,1304
204519,46632
204519,53406
204519,61560
204519,36722
204519,61028
204519,63510
204519,32496
204519,62274
204519,63418
204519,44660
204519,62170
204519,63538
204519,54864
204519,62616
204519,62378
204519,53256
204519,44644
204519,57522
204519,10790
204519,44664
204519,59776
204519,44662
192627,35732
192627,36720
192627,39186
192627,60522
192627,62074
192627,44302
192627,33886
192627,10808
192627,1372
192627,59822
192627,1304
192627,53160
192627,46632
192627,10652
192627,53406
192627,61560
192627,50970
192627,36722
192627,63510
192627,32496
192627,50718
192627,63418
192627,44660
192627,62170
192627,61540
192627,63538
192627,54864
192627,62614
192627,62616
192627,62378
192627,53256
192627,44644
192627,57522
192627,10790
192627,44664
192627,59776
192627,44662
192627,56484
208893,50270
208893,54096
208893,36720
208893,39186
208893,34092
208893,60522
208893,44302
208893,60
208893,10808
208893,1372
208893,59822
208893,1304
208893,37644
208893,53160
208893,50968
208893,35846
208893,46632
208893,10652
208893,42132
208893,50268
208893,53406
208893,51974
208893,50720
208893,50724
208893,44914
208893,61560
208893,50970
208893,36722
208893,61028
208893,53386
208893,63188
208893,62944
208893,59394
208893,63510
208893,32496
208893,55632
208893,63360
208893,63218
208893,59396
208893,62274
208893,63220
208893,50718
208893,56696
208893,63418
208893,44660
208893,62170
208893,63136
208893,61540
208893,53046
208893,63538
208893,36762
208893,54864
208893,55798
208893,62614
208893,53394
208893,62618
208893,62616
208893,62400
208893,62378
208893,63540
208893,53256
208893,45912
208893,57522
208893,55638
208893,10790
208893,44664
208893,59776
208893,53048
208893,50962
208893,44662
208893,56484
208893,48694
208893,53258
208893,58504
223554,61364
223554,1370
223554,30500
223554,61672
223554,61348
223554,61542
223554,50270
223554,54096
223554,11262
223554,35732
223554,48574
223554,61552
223554,36720
223554,39186
223554,34092
223554,57804
223554,16358
223554,44302
223554,11490
223554,124
223554,52918
223554,33886
223554,50274
223554,60
223554,3382
223554,10808
223554,61558
223554,1372
223554,54290
223554,48298
223554,10652
223554,53406
223554,54864
223554,62616
223554,53256
223554,10790
223554,44664
223554,59776
223554,44662
234156,54096
234156,35732
234156,36720
234156,39186
234156,46632
234156,53406
234156,61560
234156,36722
234156,61028
234156,63188
234156,63510
234156,32496
234156,63418
234156,44660
234156,62170
234156,54864
234156,62616
234156,62378
234156,53256
234156,44644
234156,44662
167256,35732
167256,36720
167256,39186
167256,44302
167256,33886
167256,10808
167256,1372
167256,1304
167256,46632
167256,10652
167256,53406
167256,61560
167256,36722
167256,61028
167256,63188
167256,63510
167256,32496
167256,62274
167256,44660
167256,62170
167256,63538
167256,54864
167256,62616
167256,62378
167256,53256
167256,44644
167256,57522
167256,10790
167256,44664
167256,59776
167256,44662
239217,54096
239217,35732
239217,36720
239217,39186
239217,60522
239217,44302
239217,33886
239217,10808
239217,1372
239217,1304
239217,46632
239217,10652
239217,53406
239217,61560
239217,36722
239217,61028
239217,63188
239217,32496
239217,62274
239217,44660
239217,62170
239217,61540
239217,63538
239217,54864
239217,62616
239217,62378
239217,53256
239217,44644
239217,57522
239217,10790
239217,44664
239217,59776
239217,44662
160770,54096
160770,35732
160770,36720
160770,39186
160770,60522
160770,44302
160770,1304
160770,46632
160770,53406
160770,61560
160770,36722
160770,61028
160770,63510
160770,32496
160770,62274
160770,63418
160770,44660
160770,62170
160770,61540
160770,63538
160770,54864
160770,62616
160770,62378
160770,53256
160770,44644
160770,57522
160770,10790
160770,44664
160770,59776
160770,44662
160770,56484
184605,35732
184605,36720
184605,39186
184605,60522
184605,44302
184605,33886
184605,10808
184605,1372
184605,46632
184605,53406
184605,61560
184605,36722
184605,61028
184605,63510
184605,32496
184605,62274
184605,63418
184605,44660
184605,62170
184605,61540
184605,54864
184605,62616
184605,62378
184605,53256
184605,44644
184605,57522
184605,10790
184605,44664
184605,59776
184605,44662
206664,35732
206664,36720
206664,39186
206664,60522
206664,44302
206664,33886
206664,10808
206664,1372
206664,1304
206664,46632
206664,10652
206664,53406
206664,61560
206664,36722
206664,63510
206664,32496
206664,62274
206664,50718
206664,63418
206664,44660
206664,62170
206664,61540
206664,54864
206664,62616
206664,62378
206664,53256
206664,44644
206664,57522
206664,10790
206664,44664
206664,59776
206664,44662
206664,56484
206760,54096
206760,36720
206760,39186
206760,34092
206760,44302
206760,10808
206760,1372
206760,1304
206760,46632
206760,10652
206760,53406
206760,61560
206760,36722
206760,61028
206760,63188
206760,63510
206760,32496
206760,62274
206760,63418
206760,44660
206760,62170
206760,63538
206760,54864
206760,62616
206760,62378
206760,53256
206760,44644
206760,57522
206760,10790
206760,44664
206760,59776
206760,44662
61344,54096
61344,35732
61344,36720
61344,39186
61344,60522
61344,44302
61344,33886
61344,10808
61344,1372
61344,46632
61344,10652
61344,53406
61344,61560
61344,36722
61344,61028
61344,63510
61344,32496
61344,62274
61344,44660
61344,62170
61344,54864
61344,62616
61344,62378
61344,53256
61344,44644
61344,10790
61344,44664
61344,59776
61344,44662
205188,54096
205188,35732
205188,36720
205188,39186
205188,44302
205188,33886
205188,10808
205188,1372
205188,59822
205188,1304
205188,37644
205188,53160
205188,46632
205188,10652
205188,53406
205188,61560
205188,36722
205188,61028
205188,63510
205188,32496
205188,59396
205188,62274
205188,63220
205188,63418
205188,44660
205188,62170
205188,61540
205188,62376
205188,63538
205188,54864
205188,62616
205188,62378
205188,53256
205188,44644
205188,57522
205188,10790
205188,44664
205188,59776
205188,44662
238263,1370
238263,50270
238263,54096
238263,11262
238263,35732
238263,36720
238263,39186
238263,60522
238263,44302
238263,33886
238263,60
238263,10808
238263,1372
238263,46632
238263,10652
238263,53406
238263,61560
238263,36722
238263,61028
238263,63510
238263,32496
238263,62274
238263,63418
238263,44660
238263,62170
238263,61540
238263,54864
238263,62616
238263,62378
238263,53256
238263,44644
238263,57522
238263,10790
238263,44664
238263,59776
238263,44662
184635,54096
184635,35732
184635,36720
184635,39186
184635,60522
184635,44302
184635,33886
184635,10808
184635,1372
184635,59822
184635,1304
184635,37644
184635,53160
184635,46632
184635,10652
184635,53406
184635,61560
184635,36722
184635,61028
184635,63188
184635,63510
184635,32496
184635,59396
184635,62274
184635,63220
184635,63418
184635,44660
184635,62170
184635,61540
184635,63538
184635,54864
184635,62618
184635,62616
184635,62378
184635,63540
184635,53256
184635,44644
184635,57522
184635,10790
184635,44664
184635,59776
184635,62860
184635,44662
184635,56484
206607,1370
206607,50270
206607,54096
206607,11262
206607,35732
206607,36720
206607,39186
206607,60522
206607,44302
206607,60
206607,59822
206607,1304
206607,53160
206607,46632
206607,10652
206607,53406
206607,61560
206607,50970
206607,36722
206607,61028
206607,63510
206607,32496
206607,50718
206607,63418
206607,44660
206607,62170
206607,61540
206607,63538
206607,54864
206607,62614
206607,62616
206607,62378
206607,53256
206607,44644
206607,57522
206607,10790
206607,44664
206607,59776
206607,44662
206607,56484
224526,50270
224526,54096
224526,36720
224526,39186
224526,34092
224526,60522
224526,44302
224526,60
224526,10808
224526,1372
224526,1304
224526,46632
224526,10652
224526,53406
224526,61560
224526,36722
224526,61028
224526,63510
224526,32496
224526,62274
224526,63418
224526,44660
224526,62170
224526,63538
224526,54864
224526,62616
224526,62378
224526,53256
224526,44644
224526,57522
224526,10790
224526,44664
224526,59776
224526,44662
212232,54096
212232,35732
212232,36720
212232,39186
212232,60522
212232,44302
212232,33886
212232,10808
212232,1372
212232,59822
212232,1304
212232,37644
212232,53160
212232,46632
212232,10652
212232,53406
212232,61560
212232,36722
212232,61028
212232,63188
212232,63510
212232,32496
212232,59396
212232,62274
212232,63220
212232,63418
212232,44660
212232,62170
212232,61540
212232,63538
212232,54864
212232,62618
212232,62616
212232,62378
212232,63540
212232,53256
212232,44644
212232,57522
212232,10790
212232,44664
212232,59776
212232,62860
212232,44662
212232,56484
153726,1370
153726,50270
153726,54096
153726,11262
153726,35732
153726,36720
153726,39186
153726,34092
153726,60522
153726,44302
153726,60
153726,59816
153726,59822
153726,1304
153726,37644
153726,53160
153726,46632
153726,10652
153726,53406
153726,61560
153726,36722
153726,61028
153726,63188
153726,63510
153726,32496
153726,59396
153726,62274
153726,63220
153726,63418
153726,44660
153726,62170
153726,61540
153726,63538
153726,54864
153726,62618
153726,62616
153726,62378
153726,63540
153726,53256
153726,44644
153726,57522
153726,10790
153726,44664
153726,59776
153726,62860
153726,44662
153726,56484
208533,1370
208533,50270
208533,54096
208533,11262
208533,35732
208533,36720
208533,39186
208533,34092
208533,60522
208533,44302
208533,60
208533,59816
208533,46632
208533,53406
208533,61560
208533,36722
208533,61028
208533,63188
208533,63510
208533,32496
208533,62274
208533,63418
208533,44660
208533,62170
208533,54864
208533,62616
208533,62378
208533,53256
208533,44644
208533,44662
211476,36720
211476,34092
211476,44302
211476,33886
211476,10808
211476,1372
211476,1304
211476,46632
211476,10652
211476,53406
211476,61560
211476,36722
211476,61028
211476,63188
211476,63510
211476,32496
211476,62274
211476,44660
211476,62170
211476,63538
211476,54864
211476,62616
211476,62378
211476,53256
211476,44644
211476,57522
211476,10790
211476,44664
211476,59776
211476,44662
222711,54096
222711,35732
222711,36720
222711,39186
222711,60522
222711,44302
222711,33886
222711,1372
222711,59822
222711,50272
222711,1304
222711,37644
222711,49888
222711,53160
222711,50968
222711,60978
222711,35846
222711,46632
222711,10652
222711,42132
222711,51316
222711,50268
222711,53406
222711,51974
222711,50720
222711,50724
222711,44914
222711,61560
222711,50970
222711,36722
222711,61028
222711,53386
222711,63188
222711,62944
222711,59394
222711,63510
222711,32496
222711,55632
222711,63360
222711,63218
222711,59396
222711,62274
222711,63220
222711,50718
222711,56696
222711,63418
222711,44660
222711,62170
222711,63136
222711,61540
222711,53046
222711,63538
222711,36762
222711,54864
222711,55798
222711,62614
222711,53394
222711,62618
222711,62616
222711,62400
222711,62378
222711,63540
222711,53256
222711,45912
222711,57522
222711,55638
222711,10790
222711,44664
222711,59776
222711,53048
222711,50962
222711,44662
222711,56484
222711,48694
222711,53258
222711,58504
128700,61364
128700,1370
128700,30500
128700,61672
128700,61348
128700,61542
128700,50270
128700,54096
128700,11262
128700,35732
128700,48574
128700,61552
128700,50716
128700,36720
128700,39186
128700,34092
128700,57804
128700,61280
128700,60522
128700,16358
128700,44302
128700,11490
128700,124
128700,52918
128700,33886
128700,50274
128700,60
128700,3382
128700,10808
128700,61558
128700,1372
128700,54290
128700,48298
128700,46632
128700,10652
128700,53406
128700,61560
128700,36722
128700,61028
128700,63510
128700,32496
128700,62274
128700,63418
128700,44660
128700,62170
128700,54864
128700,62616
128700,62378
128700,53256
128700,44644
128700,10790
128700,44664
128700,59776
128700,44662
192564,54096
192564,35732
192564,36720
192564,39186
192564,44302
192564,33886
192564,10808
192564,1372
192564,46632
192564,53406
192564,61560
192564,36722
192564,61028
192564,32496
192564,62274
192564,63418
192564,44660
192564,62170
192564,61540
192564,54864
192564,62616
192564,62378
192564,53256
192564,44644
192564,57522
192564,10790
192564,44664
192564,59776
192564,44662
194388,36720
194388,39186
194388,34092
194388,60522
194388,44302
194388,33886
194388,10808
194388,1372
194388,53406
194388,54864
194388,62616
194388,53256
194388,44662
63867,35732
63867,36720
63867,39186
63867,59822
63867,1304
63867,37644
63867,53160
63867,46632
63867,53406
63867,61560
63867,36722
63867,61028
63867,63188
63867,63510
63867,32496
63867,62274
63867,63220
63867,63418
63867,44660
63867,62170
63867,63538
63867,54864
63867,62616
63867,62378
63867,53256
63867,44644
63867,57522
63867,44662
208524,1370
208524,50270
208524,11262
208524,35732
208524,36720
208524,39186
208524,60522
208524,44302
208524,33886
208524,60
208524,10808
208524,1372
208524,59822
208524,1304
208524,53160
208524,46632
208524,10652
208524,53406
208524,61560
208524,50970
208524,36722
208524,61028
208524,63188
208524,63510
208524,32496
208524,62274
208524,63418
208524,44660
208524,62170
208524,61540
208524,63538
208524,54864
208524,62618
208524,62616
208524,62400
208524,62378
208524,63540
208524,53256
208524,44644
208524,57522
208524,10790
208524,44664
208524,59776
208524,44662
208524,56484
157224,61364
157224,61672
157224,50270
157224,54096
157224,35732
157224,36720
157224,39186
157224,60522
157224,44302
157224,33886
157224,50274
157224,60
157224,10808
157224,1372
157224,59822
157224,1304
157224,53160
157224,46632
157224,10652
157224,53406
157224,61560
157224,36722
157224,61028
157224,63188
157224,63510
157224,32496
157224,62274
157224,44660
157224,62170
157224,63136
157224,63538
157224,54864
157224,62618
157224,62616
157224,62378
157224,63540
157224,53256
157224,44644
157224,57522
157224,10790
157224,44664
157224,59776
157224,44662
157224,56484
204771,50270
204771,54096
204771,35732
204771,36720
204771,39186
204771,60522
204771,62074
204771,44302
204771,60
204771,59822
204771,1304
204771,53160
204771,46632
204771,53406
204771,61560
204771,36722
204771,61028
204771,63188
204771,63510
204771,32496
204771,62274
204771,63418
204771,44660
204771,62170
204771,63538
204771,54864
204771,62618
204771,62616
204771,62378
204771,63540
204771,53256
204771,44644
204771,57522
204771,10790
204771,44664
204771,59776
204771,44662
204771,56484
205122,50270
205122,35732
205122,36720
205122,39186
205122,60522
205122,44302
205122,33886
205122,60
205122,10808
205122,1372
205122,59822
205122,1304
205122,37644
205122,53160
205122,46632
205122,10652
205122,53406
205122,61560
205122,50970
205122,36722
205122,61028
205122,63188
205122,32496
205122,62274
205122,44660
205122,62170
205122,63136
205122,61540
205122,62376
205122,63538
205122,54864
205122,62618
205122,62616
205122,62400
205122,62378
205122,63540
205122,53256
205122,44644
205122,57522
205122,10790
205122,44664
205122,59776
205122,44662
205122,56484
161283,1370
161283,50270
161283,11262
161283,35732
161283,36720
161283,39186
161283,60522
161283,44302
161283,60
161283,46632
161283,53406
161283,61560
161283,36722
161283,61028
161283,63510
161283,32496
161283,62274
161283,44660
161283,62170
161283,54864
161283,62616
161283,62378
161283,53256
161283,44644
161283,59776
161283,44662
154779,35732
154779,36720
154779,39186
154779,44302
154779,33886
154779,10808
154779,1372
154779,59822
154779,1304
154779,53160
154779,46632
154779,10652
154779,53406
154779,61560
154779,50970
154779,36722
154779,63510
154779,32496
154779,50718
154779,63418
154779,44660
154779,62170
154779,61540
154779,63538
154779,54864
154779,62614
154779,62616
154779,62378
154779,53256
154779,44644
154779,57522
154779,10790
154779,44664
154779,59776
154779,44662
154779,56484
208506,50270
208506,54096
208506,36720
208506,39186
208506,34092
208506,60522
208506,44302
208506,60
208506,10808
208506,1372
208506,53406
208506,54864
208506,62616
208506,53256
208506,44662
175899,35732
175899,36720
175899,39186
175899,10652
175899,53406
175899,61560
175899,63510
175899,32496
175899,62274
175899,50718
175899,63418
175899,44660
175899,62170
175899,61540
175899,54864
175899,62616
175899,62378
175899,53256
175899,44644
175899,10790
175899,44664
175899,59776
175899,44662
185244,35732
185244,36720
185244,39186
185244,44302
185244,10808
185244,1372
185244,59822
185244,1304
185244,53160
185244,46632
185244,10652
185244,53406
185244,61560
185244,50970
185244,36722
185244,61028
185244,63510
185244,32496
185244,50718
185244,63418
185244,44660
185244,62170
185244,61540
185244,63538
185244,54864
185244,62614
185244,62616
185244,62378
185244,53256
185244,44644
185244,57522
185244,10790
185244,44664
185244,59776
185244,44662
185244,56484
206439,50270
206439,54096
206439,36720
206439,39186
206439,34092
206439,60522
206439,44302
206439,60
206439,10808
206439,1372
206439,1304
206439,46632
206439,10652
206439,53406
206439,61560
206439,36722
206439,61028
206439,63188
206439,63510
206439,32496
206439,62274
206439,50718
206439,63418
206439,44660
206439,62170
206439,63136
206439,63538
206439,54864
206439,62616
206439,62378
206439,53256
206439,44644
206439,57522
206439,10790
206439,44664
206439,59776
206439,44662
234129,54096
234129,36720
234129,39186
234129,60522
234129,44302
234129,33886
234129,10808
234129,1372
234129,59822
234129,1304
234129,53160
234129,46632
234129,53406
234129,61560
234129,61028
234129,63188
234129,63510
234129,32496
234129,50718
234129,44660
234129,62170
234129,63136
234129,63538
234129,54864
234129,62618
234129,62616
234129,62378
234129,63540
234129,53256
234129,44644
234129,57522
234129,10790
234129,44664
234129,59776
234129,44662
234129,56484
167082,50270
167082,35732
167082,36720
167082,39186
167082,60522
167082,44302
167082,33886
167082,60
167082,59822
167082,1304
167082,53160
167082,46632
167082,10652
167082,53406
167082,61560
167082,36722
167082,61028
167082,63188
167082,63510
167082,32496
167082,62274
167082,44660
167082,62170
167082,63136
167082,63538
167082,54864
167082,62618
167082,62616
167082,62378
167082,63540
167082,53256
167082,44644
167082,57522
167082,10790
167082,44664
167082,59776
167082,44662
167082,56484
157680,50270
157680,54096
157680,35732
157680,36720
157680,39186
157680,60522
157680,44302
157680,33886
157680,60
157680,59822
157680,1304
157680,37644
157680,53160
157680,46632
157680,53406
157680,61560
157680,36722
157680,61028
157680,63188
157680,63510
157680,32496
157680,59396
157680,62274
157680,63220
157680,63418
157680,44660
157680,62170
157680,61540
157680,63538
157680,54864
157680,62618
157680,62616
157680,62378
157680,63540
157680,53256
157680,44644
157680,57522
157680,62860
157680,44662
157680,56484
206943,1370
206943,50270
206943,11262
206943,35732
206943,36720
206943,39186
206943,60522
206943,44302
206943,60
206943,46632
206943,53406
206943,61560
206943,36722
206943,61028
206943,63510
206943,32496
206943,62274
206943,63418
206943,44660
206943,62170
206943,54864
206943,62616
206943,62378
206943,53256
206943,44644
206943,59776
206943,44662
184863,35732
184863,36720
184863,39186
184863,44302
184863,33886
184863,10808
184863,1372
184863,59822
184863,1304
184863,37644
184863,53160
184863,35846
184863,46632
184863,10652
184863,53406
184863,61560
184863,50970
184863,36722
184863,61028
184863,63188
184863,32496
184863,62274
184863,63418
184863,44660
184863,62170
184863,63136
184863,61540
184863,62376
184863,63538
184863,54864
184863,55798
184863,62618
184863,62616
184863,62378
184863,63540
184863,53256
184863,44644
184863,57522
184863,10790
184863,44664
184863,59776
184863,62276
184863,44662
184863,56484
192714,61364
192714,1370
192714,61672
192714,50270
192714,11262
192714,35732
192714,36720
192714,39186
192714,60522
192714,44302
192714,50274
192714,60
192714,46632
192714,53406
192714,61560
192714,36722
192714,61028
192714,63510
192714,32496
192714,62274
192714,63418
192714,44660
192714,62170
192714,62376
192714,54864
192714,62616
192714,62378
192714,53256
192714,44644
192714,62276
192714,44662
206451,61672
206451,35732
206451,36720
206451,39186
206451,44302
206451,33886
206451,10808
206451,1372
206451,1304
206451,46632
206451,10652
206451,53406
206451,61560
206451,36722
206451,61028
206451,63510
206451,32496
206451,62274
206451,63418
206451,44660
206451,62170
206451,63538
206451,54864
206451,62616
206451,62378
206451,53256
206451,44644
206451,57522
206451,10790
206451,44664
206451,59776
206451,44662
208539,54096
208539,35732
208539,36720
208539,39186
208539,60522
208539,44302
208539,33886
208539,10808
208539,1372
208539,46632
208539,10652
208539,53406
208539,61560
208539,36722
208539,61028
208539,63510
208539,32496
208539,62274
208539,44660
208539,62170
208539,54864
208539,62616
208539,62378
208539,53256
208539,44644
208539,10790
208539,44664
208539,59776
208539,44662
203199,54096
203199,35732
203199,36720
203199,39186
203199,44302
203199,33886
203199,10808
203199,1372
203199,46632
203199,10652
203199,53406
203199,61560
203199,36722
203199,61028
203199,63188
203199,63510
203199,32496
203199,62274
203199,63418
203199,44660
203199,62170
203199,54864
203199,62616
203199,62378
203199,53256
203199,44644
203199,10790
203199,44664
203199,59776
203199,44662
203871,54096
203871,35732
203871,36720
203871,39186
203871,44302
203871,33886
203871,10808
203871,1372
203871,59822
203871,1304
203871,53160
203871,46632
203871,53406
203871,61560
203871,36722
203871,61028
203871,63188
203871,63510
203871,32496
203871,62274
203871,44660
203871,62170
203871,63136
203871,61540
203871,63538
203871,54864
203871,62618
203871,62616
203871,62378
203871,63540
203871,53256
203871,44644
203871,57522
203871,10790
203871,44664
203871,59776
203871,44662
203871,56484
216948,50270
216948,36720
216948,39186
216948,60522
216948,44302
216948,33886
216948,60
216948,1372
216948,59822
216948,1304
216948,37644
216948,53160
216948,46632
216948,10652
216948,53406
216948,61560
216948,36722
216948,61028
216948,63188
216948,63510
216948,32496
216948,59396
216948,62274
216948,63220
216948,63418
216948,44660
216948,62170
216948,61540
216948,63538
216948,54864
216948,62618
216948,62616
216948,62378
216948,63540
216948,53256
216948,44644
216948,57522
216948,10790
216948,44664
216948,59776
216948,62860
216948,44662
216948,56484
232269,1370
232269,50270
232269,54096
232269,11262
232269,35732
232269,36720
232269,39186
232269,60522
232269,44302
232269,60
232269,46632
232269,10652
232269,53406
232269,61560
232269,36722
232269,61028
232269,63510
232269,32496
232269,62274
232269,63418
232269,44660
232269,62170
232269,61540
232269,54864
232269,62616
232269,62378
232269,53256
232269,44644
232269,57522
232269,10790
232269,44664
232269,59776
232269,44662
72312,54096
72312,35732
72312,36720
72312,39186
72312,44302
72312,33886
72312,10808
72312,1372
72312,46632
72312,10652
72312,53406
72312,61560
72312,36722
72312,61028
72312,63510
72312,32496
72312,62274
72312,44660
72312,62170
72312,54864
72312,62616
72312,62378
72312,53256
72312,44644
72312,10790
72312,44664
72312,59776
72312,44662
204411,54096
204411,35732
204411,36720
204411,39186
204411,44302
204411,33886
204411,10808
204411,1372
204411,10652
204411,53406
204411,61560
204411,36722
204411,61028
204411,63510
204411,32496
204411,44660
204411,62170
204411,54864
204411,62616
204411,62378
204411,53256
204411,44644
204411,10790
204411,44664
204411,59776
204411,44662
75723,54096
75723,35732
75723,36720
75723,39186
75723,44302
75723,33886
75723,10808
75723,1372
75723,59822
75723,1304
75723,53160
75723,46632
75723,10652
75723,53406
75723,61560
75723,36722
75723,61028
75723,63510
75723,32496
75723,62274
75723,63418
75723,44660
75723,62170
75723,63538
75723,54864
75723,62618
75723,62616
75723,62378
75723,63540
75723,53256
75723,44644
75723,57522
75723,10790
75723,44664
75723,59776
75723,44662
75723,56484
223104,50270
223104,54096
223104,35732
223104,36720
223104,39186
223104,60522
223104,44302
223104,33886
223104,60
223104,10808
223104,1372
223104,59822
223104,1304
223104,53160
223104,46632
223104,10652
223104,53406
223104,61560
223104,36722
223104,61028
223104,63188
223104,63510
223104,32496
223104,50718
223104,44660
223104,62170
223104,63136
223104,63538
223104,54864
223104,62618
223104,62616
223104,62378
223104,63540
223104,53256
223104,44644
223104,57522
223104,10790
223104,44664
223104,59776
223104,44662
223104,56484
154119,50270
154119,54096
154119,35732
154119,36720
154119,39186
154119,60522
154119,44302
154119,33886
154119,60
154119,59822
154119,1304
154119,53160
154119,46632
154119,53406
154119,61560
154119,36722
154119,61028
154119,63188
154119,32496
154119,62274
154119,63418
154119,44660
154119,62170
154119,61540
154119,63538
154119,54864
154119,62616
154119,62378
154119,53256
154119,44644
154119,57522
154119,10790
154119,44664
154119,59776
154119,44662
154119,56484
165786,50270
165786,36720
165786,39186
165786,60522
165786,44302
165786,60
165786,46632
165786,10652
165786,53406
165786,61560
165786,36722
165786,61028
165786,63510
165786,32496
165786,62274
165786,63418
165786,44660
165786,62170
165786,61540
165786,54864
165786,62616
165786,62378
165786,53256
165786,44644
165786,57522
165786,10790
165786,44664
165786,59776
165786,44662
209520,54096
209520,35732
209520,36720
209520,39186
209520,44302
209520,33886
209520,10808
209520,1372
209520,59822
209520,1304
209520,53160
209520,46632
209520,10652
209520,53406
209520,61560
209520,36722
209520,61028
209520,63188
209520,63510
209520,32496
209520,62274
209520,63418
209520,44660
209520,62170
209520,63538
209520,54864
209520,62618
209520,62616
209520,62378
209520,63540
209520,53256
209520,44644
209520,57522
209520,10790
209520,44664
209520,59776
209520,44662
209520,56484
203073,50270
203073,54096
203073,35732
203073,36720
203073,39186
203073,60522
203073,44302
203073,33886
203073,60
203073,10808
203073,1372
203073,1304
203073,46632
203073,53406
203073,61560
203073,36722
203073,61028
203073,63188
203073,63510
203073,32496
203073,62274
203073,50718
203073,63418
203073,44660
203073,62170
203073,63136
203073,63538
203073,54864
203073,62616
203073,62378
203073,53256
203073,44644
203073,57522
203073,10790
203073,44664
203073,59776
203073,44662
182442,36720
182442,39186
182442,60522
182442,44302
182442,33886
182442,10808
182442,1372
182442,59822
182442,1304
182442,37644
182442,53160
182442,46632
182442,10652
182442,53406
182442,61560
182442,36722
182442,61028
182442,63188
182442,63510
182442,32496
182442,59396
182442,62274
182442,63220
182442,63418
182442,44660
182442,62170
182442,61540
182442,63538
182442,54864
182442,62618
182442,62616
182442,62378
182442,63540
182442,53256
182442,44644
182442,57522
182442,10790
182442,44664
182442,59776
182442,62860
182442,44662
182442,56484
223518,1370
223518,50270
223518,54096
223518,11262
223518,35732
223518,36720
223518,39186
223518,34092
223518,60522
223518,44302
223518,60
223518,59816
223518,59822
223518,1304
223518,37644
223518,53160
223518,35846
223518,46632
223518,10652
223518,53406
223518,61560
223518,50970
223518,36722
223518,61028
223518,63188
223518,32496
223518,62274
223518,63220
223518,63418
223518,44660
223518,62170
223518,63136
223518,61540
223518,62376
223518,63538
223518,54864
223518,62614
223518,62618
223518,62616
223518,62400
223518,62378
223518,63540
223518,53256
223518,44644
223518,57522
223518,10790
223518,44664
223518,59776
223518,44662
223518,56484
208872,1370
208872,50270
208872,54096
208872,11262
208872,35732
208872,36720
208872,39186
208872,60522
208872,44302
208872,60
208872,1304
208872,46632
208872,10652
208872,53406
208872,61560
208872,36722
208872,61028
208872,63510
208872,32496
208872,62274
208872,50718
208872,63418
208872,44660
208872,62170
208872,61540
208872,63538
208872,54864
208872,62616
208872,62378
208872,53256
208872,44644
208872,57522
208872,10790
208872,44664
208872,59776
208872,44662
208872,56484
215298,54096
215298,36720
215298,39186
215298,60522
215298,44302
215298,33886
215298,10808
215298,1372
215298,59822
215298,1304
215298,37644
215298,49888
215298,53160
215298,46632
215298,10652
215298,53406
215298,61560
215298,50970
215298,36722
215298,53386
215298,63188
215298,63510
215298,32496
215298,63360
215298,62274
215298,50718
215298,56696
215298,63418
215298,44660
215298,62170
215298,61540
215298,63538
215298,54864
215298,55798
215298,62614
215298,62618
215298,62616
215298,62400
215298,62378
215298,63540
215298,53256
215298,44644
215298,57522
215298,55638
215298,10790
215298,44664
215298,59776
215298,53048
215298,44662
215298,56484
215298,48694
215298,58504
197034,61364
197034,1370
197034,30500
197034,61348
197034,50270
197034,54096
197034,11262
197034,61552
197034,36720
197034,39186
197034,34092
197034,60522
197034,44302
197034,33886
197034,50274
197034,60
197034,10808
197034,1372
197034,54290
197034,46632
197034,10652
197034,53406
197034,61560
197034,36722
197034,61028
197034,63510
197034,32496
197034,62274
197034,63418
197034,44660
197034,62170
197034,61540
197034,54864
197034,62616
197034,62378
197034,53256
197034,44644
197034,57522
197034,10790
197034,44664
197034,59776
197034,44662
212469,54096
212469,35732
212469,36720
212469,39186
212469,60522
212469,44302
212469,33886
212469,10808
212469,1372
212469,59822
212469,1304
212469,53160
212469,46632
212469,10652
212469,53406
212469,61560
212469,36722
212469,61028
212469,63188
212469,63510
212469,32496
212469,62274
212469,63418
212469,44660
212469,62170
212469,63538
212469,54864
212469,62618
212469,62616
212469,62378
212469,63540
212469,53256
212469,44644
212469,57522
212469,10790
212469,44664
212469,59776
212469,44662
212469,56484
239115,50270
239115,54096
239115,35732
239115,36720
239115,39186
239115,60522
239115,44302
239115,33886
239115,60
239115,10808
239115,1372
239115,1304
239115,46632
239115,10652
239115,53406
239115,61560
239115,36722
239115,61028
239115,63188
239115,63510
239115,32496
239115,62274
239115,63418
239115,44660
239115,62170
239115,63538
239115,54864
239115,62616
239115,62378
239115,53256
239115,44644
239115,57522
239115,10790
239115,44664
239115,59776
239115,44662
216309,54096
216309,35732
216309,36720
216309,39186
216309,60522
216309,44302
216309,33886
216309,10808
216309,1372
216309,59822
216309,1304
216309,53160
216309,46632
216309,10652
216309,53406
216309,61560
216309,36722
216309,61028
216309,63510
216309,32496
216309,62274
216309,63418
216309,44660
216309,62170
216309,61540
216309,63538
216309,54864
216309,62618
216309,62616
216309,62378
216309,63540
216309,53256
216309,44644
216309,57522
216309,10790
216309,44664
216309,59776
216309,44662
216309,56484
66033,50270
66033,54096
66033,35732
66033,36720
66033,39186
66033,60522
66033,44302
66033,33886
66033,60
66033,10808
66033,1372
66033,59822
66033,1304
66033,53160
66033,46632
66033,10652
66033,53406
66033,61560
66033,36722
66033,61028
66033,63510
66033,32496
66033,62274
66033,63418
66033,44660
66033,62170
66033,61540
66033,63538
66033,54864
66033,62618
66033,62616
66033,62378
66033,63540
66033,53256
66033,44644
66033,57522
66033,10790
66033,44664
66033,59776
66033,44662
66033,56484
208566,50270
208566,54096
208566,35732
208566,36720
208566,39186
208566,60522
208566,44302
208566,33886
208566,60
208566,10808
208566,1372
208566,46632
208566,10652
208566,53406
208566,61560
208566,36722
208566,61028
208566,63188
208566,63510
208566,32496
208566,62274
208566,63418
208566,44660
208566,62170
208566,54864
208566,62616
208566,62378
208566,53256
208566,44644
208566,10790
208566,44664
208566,59776
208566,44662
159027,54096
159027,35732
159027,36720
159027,39186
159027,44302
159027,33886
159027,10808
159027,1372
159027,10652
159027,53406
159027,61560
159027,36722
159027,61028
159027,63188
159027,63510
159027,32496
159027,62274
159027,63418
159027,44660
159027,62170
159027,62376
159027,54864
159027,62616
159027,62378
159027,53256
159027,44644
159027,10790
159027,44664
159027,59776
159027,44662
232266,54096
232266,35732
232266,36720
232266,39186
232266,44302
232266,33886
232266,10808
232266,10652
232266,53406
232266,61560
232266,36722
232266,61028
232266,63510
232266,32496
232266,63418
232266,44660
232266,62170
232266,54864
232266,62616
232266,62378
232266,53256
232266,44644
232266,10790
232266,44664
232266,59776
232266,44662
154869,54096
154869,35732
154869,36720
154869,39186
154869,44302
154869,33886
154869,10808
154869,10652
154869,53406
154869,61560
154869,36722
154869,61028
154869,63510
154869,32496
154869,63418
154869,44660
154869,62170
154869,54864
154869,62616
154869,62378
154869,53256
154869,44644
154869,10790
154869,44664
154869,59776
154869,44662
166995,54096
166995,35732
166995,36720
166995,39186
166995,44302
166995,33886
166995,10808
166995,10652
166995,53406
166995,61560
166995,36722
166995,61028
166995,63510
166995,32496
166995,62274
166995,44660
166995,62170
166995,54864
166995,62616
166995,62378
166995,53256
166995,44644
166995,10790
166995,44664
166995,59776
166995,44662
182565,54096
182565,35732
182565,36720
182565,39186
182565,44302
182565,33886
182565,10808
182565,1372
182565,10652
182565,53406
182565,61560
182565,36722
182565,61028
182565,63510
182565,32496
182565,44660
182565,62170
182565,54864
182565,62616
182565,62378
182565,53256
182565,44644
182565,10790
182565,44664
182565,59776
182565,44662
203268,54096
203268,35732
203268,36720
203268,39186
203268,44302
203268,33886
203268,10808
203268,1372
203268,46632
203268,10652
203268,53406
203268,61560
203268,36722
203268,61028
203268,63510
203268,32496
203268,62274
203268,44660
203268,62170
203268,54864
203268,62616
203268,62378
203268,53256
203268,44644
203268,10790
203268,44664
203268,59776
203268,44662
153960,54096
153960,35732
153960,36720
153960,39186
153960,44302
153960,33886
153960,10808
153960,1372
153960,1304
153960,46632
153960,53406
153960,61560
153960,36722
153960,61028
153960,63510
153960,32496
153960,62274
153960,63418
153960,44660
153960,62170
153960,63538
153960,54864
153960,62616
153960,62378
153960,53256
153960,44644
153960,57522
153960,10790
153960,44664
153960,59776
153960,44662
188604,35732
188604,36720
188604,39186
188604,60522
188604,44302
188604,33886
188604,10808
188604,1372
188604,59822
188604,1304
188604,37644
188604,53160
188604,46632
188604,10652
188604,53406
188604,61560
188604,36722
188604,61028
188604,63188
188604,63510
188604,32496
188604,59396
188604,62274
188604,63220
188604,63418
188604,44660
188604,62170
188604,61540
188604,63538
188604,54864
188604,62618
188604,62616
188604,62378
188604,63540
188604,53256
188604,44644
188604,57522
188604,10790
188604,44664
188604,59776
188604,62860
188604,44662
188604,56484
203295,1370
203295,50270
203295,54096
203295,11262
203295,35732
203295,36720
203295,39186
203295,60522
203295,44302
203295,60
203295,59822
203295,1304
203295,53160
203295,46632
203295,53406
203295,61560
203295,36722
203295,61028
203295,63188
203295,63510
203295,32496
203295,62274
203295,63418
203295,44660
203295,62170
203295,63538
203295,54864
203295,62618
203295,62616
203295,62378
203295,63540
203295,53256
203295,44644
203295,57522
203295,10790
203295,44664
203295,59776
203295,44662
203295,56484
206346,50270
206346,35732
206346,36720
206346,39186
206346,60522
206346,44302
206346,33886
206346,60
206346,10808
206346,1372
206346,10652
206346,53406
206346,54864
206346,62616
206346,53256
206346,10790
206346,44664
206346,59776
206346,44662
154485,54096
154485,35732
154485,36720
154485,39186
154485,10652
154485,53406
154485,61560
154485,36722
154485,61028
154485,63510
154485,32496
154485,62274
154485,63418
154485,44660
154485,62170
154485,62376
154485,54864
154485,62616
154485,62378
154485,53256
154485,44644
154485,10790
154485,44664
154485,59776
154485,44662
157416,54096
157416,35732
157416,36720
157416,39186
157416,44302
157416,33886
157416,10808
157416,59822
157416,1304
157416,37644
157416,49888
157416,53160
157416,46632
157416,10652
157416,53406
157416,61560
157416,50970
157416,36722
157416,53386
157416,63188
157416,63510
157416,32496
157416,63360
157416,62274
157416,50718
157416,56696
157416,63418
157416,44660
157416,62170
157416,61540
157416,63538
157416,54864
157416,55798
157416,62614
157416,62618
157416,62616
157416,62400
157416,62378
157416,63540
157416,53256
157416,44644
157416,57522
157416,55638
157416,10790
157416,44664
157416,59776
157416,53048
157416,44662
157416,56484
157416,48694
157416,58504
203316,61364
203316,1370
203316,30500
203316,61348
203316,50270
203316,54096
203316,11262
203316,35732
203316,61552
203316,36720
203316,39186
203316,34092
203316,60522
203316,44302
203316,33886
203316,50274
203316,60
203316,10808
203316,1372
203316,54290
203316,59822
203316,1304
203316,53160
203316,46632
203316,10652
203316,53406
203316,61560
203316,36722
203316,61028
203316,63510
203316,32496
203316,62274
203316,63418
203316,44660
203316,62170
203316,61540
203316,63538
203316,54864
203316,62618
203316,62616
203316,62378
203316,63540
203316,53256
203316,44644
203316,57522
203316,10790
203316,44664
203316,59776
203316,44662
203316,56484
205662,50270
205662,54096
205662,35732
205662,36720
205662,39186
205662,60522
205662,44302
205662,33886
205662,60
205662,10808
205662,1372
205662,1304
205662,46632
205662,53406
205662,61560
205662,36722
205662,61028
205662,63188
205662,63510
205662,32496
205662,62274
205662,50718
205662,63418
205662,44660
205662,62170
205662,63136
205662,63538
205662,54864
205662,62616
205662,62378
205662,53256
205662,44644
205662,57522
205662,10790
205662,44664
205662,59776
205662,44662
206406,36720
206406,39186
206406,60522
206406,44302
206406,33886
206406,10808
206406,1372
206406,10652
206406,53406
206406,50970
206406,44660
206406,62616
206406,53256
206406,55638
206406,10790
206406,44664
206406,59776
206406,44662
206406,56484
229977,54096
229977,35732
229977,36720
229977,39186
229977,46632
229977,10652
229977,53406
229977,61560
229977,36722
229977,61028
229977,63510
229977,32496
229977,62274
229977,63418
229977,44660
229977,62170
229977,54864
229977,62616
229977,62378
229977,53256
229977,44644
229977,10790
229977,44664
229977,59776
229977,44662
172695,54096
172695,35732
172695,36720
172695,39186
172695,44302
172695,33886
172695,10808
172695,1372
172695,1304
172695,46632
172695,10652
172695,53406
172695,61560
172695,36722
172695,61028
172695,63188
172695,63510
172695,32496
172695,62274
172695,50718
172695,63418
172695,44660
172695,62170
172695,63538
172695,54864
172695,62616
172695,62378
172695,53256
172695,44644
172695,57522
172695,10790
172695,44664
172695,59776
172695,44662
205740,54096
205740,35732
205740,36720
205740,39186
205740,60522
205740,44302
205740,33886
205740,10808
205740,1372
205740,1304
205740,46632
205740,10652
205740,53406
205740,61560
205740,36722
205740,61028
205740,63188
205740,63510
205740,32496
205740,62274
205740,50718
205740,63418
205740,44660
205740,62170
205740,63538
205740,54864
205740,62616
205740,62378
205740,53256
205740,44644
205740,57522
205740,10790
205740,44664
205740,59776
205740,44662
2061063,54096
2061063,35732
2061063,36720
2061063,39186
2061063,60522
2061063,44302
2061063,33886
2061063,10808
2061063,1372
2061063,46632
2061063,10652
2061063,53406
2061063,61560
2061063,36722
2061063,61028
2061063,63510
2061063,32496
2061063,62274
2061063,63418
2061063,44660
2061063,62170
2061063,54864
2061063,62616
2061063,62378
2061063,53256
2061063,44644
2061063,10790
2061063,44664
2061063,59776
2061063,44662
206745,54096
206745,35732
206745,36720
206745,39186
206745,44302
206745,33886
206745,10808
206745,1372
206745,1304
206745,46632
206745,10652
206745,53406
206745,61560
206745,36722
206745,61028
206745,63510
206745,32496
206745,62274
206745,63418
206745,44660
206745,62170
206745,63538
206745,54864
206745,62616
206745,62378
206745,53256
206745,44644
206745,57522
206745,10790
206745,44664
206745,59776
206745,44662
208599,54096
208599,35732
208599,36720
208599,39186
208599,60522
208599,44302
208599,33886
208599,10808
208599,1372
208599,10652
208599,53406
208599,63188
208599,63510
208599,62274
208599,50718
208599,44660
208599,54864
208599,62616
208599,62378
208599,53256
208599,44644
208599,10790
208599,44664
208599,59776
208599,44662
229341,54096
229341,36720
229341,39186
229341,44302
229341,33886
229341,50274
229341,46632
229341,10652
229341,53406
229341,61560
229341,36722
229341,61028
229341,63510
229341,32496
229341,62274
229341,63418
229341,44660
229341,62170
229341,54864
229341,62616
229341,62378
229341,53256
229341,44644
229341,10790
229341,44664
229341,59776
229341,44662
186438,54096
186438,35732
186438,36720
186438,39186
186438,44302
186438,33886
186438,10808
186438,1372
186438,1304
186438,46632
186438,10652
186438,53406
186438,61560
186438,36722
186438,61028
186438,63510
186438,32496
186438,62274
186438,63418
186438,44660
186438,62170
186438,63538
186438,54864
186438,62616
186438,62378
186438,53256
186438,44644
186438,57522
186438,10790
186438,44664
186438,59776
186438,44662
208740,54096
208740,35732
208740,36720
208740,39186
208740,60522
208740,44302
208740,33886
208740,10808
208740,1372
208740,46632
208740,53406
208740,61560
208740,36722
208740,61028
208740,63188
208740,63510
208740,32496
208740,62274
208740,63418
208740,44660
208740,62170
208740,54864
208740,62616
208740,62378
208740,53256
208740,44644
208740,44662
227469,35732
227469,36720
227469,39186
227469,44302
227469,33886
227469,10808
227469,1372
227469,10652
227469,53406
227469,61560
227469,36722
227469,61028
227469,63510
227469,32496
227469,62274
227469,44660
227469,62170
227469,54864
227469,62616
227469,62378
227469,53256
227469,44644
227469,10790
227469,44664
227469,59776
227469,44662
230028,54096
230028,35732
230028,36720
230028,39186
230028,44302
230028,33886
230028,10808
230028,1372
230028,46632
230028,10652
230028,53406
230028,61560
230028,36722
230028,61028
230028,63188
230028,63510
230028,32496
230028,62274
230028,63418
230028,44660
230028,62170
230028,54864
230028,62616
230028,62378
230028,53256
230028,44644
230028,10790
230028,44664
230028,59776
230028,44662
242151,54096
242151,35732
242151,36720
242151,39186
242151,44302
242151,33886
242151,10808
242151,1372
242151,59822
242151,1304
242151,53160
242151,46632
242151,10652
242151,53406
242151,61560
242151,36722
242151,61028
242151,63188
242151,63510
242151,32496
242151,62274
242151,63418
242151,44660
242151,62170
242151,63538
242151,54864
242151,62618
242151,62616
242151,62378
242151,63540
242151,53256
242151,44644
242151,57522
242151,10790
242151,44664
242151,59776
242151,44662
242151,56484
242571,50270
242571,54096
242571,35732
242571,36720
242571,39186
242571,60522
242571,44302
242571,33886
242571,60
242571,10808
242571,1372
242571,1304
242571,46632
242571,10652
242571,53406
242571,61560
242571,36722
242571,61028
242571,63510
242571,32496
242571,62274
242571,63418
242571,44660
242571,62170
242571,63538
242571,54864
242571,62616
242571,62378
242571,53256
242571,44644
242571,57522
242571,10790
242571,44664
242571,59776
242571,44662
128604,54096
128604,35732
128604,36720
128604,39186
128604,60522
128604,44302
128604,33886
128604,10808
128604,1372
128604,10652
128604,53406
128604,61560
128604,36722
128604,61028
128604,63510
128604,32496
128604,62274
128604,63418
128604,44660
128604,62170
128604,54864
128604,62616
128604,62378
128604,53256
128604,44644
128604,10790
128604,44664
128604,59776
128604,44662
190776,54096
190776,35732
190776,36720
190776,39186
190776,44302
190776,33886
190776,10808
190776,1372
190776,46632
190776,53406
190776,61560
190776,36722
190776,61028
190776,63510
190776,32496
190776,62274
190776,63418
190776,44660
190776,62170
190776,61540
190776,54864
190776,62616
190776,62378
190776,53256
190776,44644
190776,10790
190776,44664
190776,59776
190776,44662
206847,35732
206847,36720
206847,39186
206847,44302
206847,33886
206847,10808
206847,1372
206847,10652
206847,53406
206847,61560
206847,36722
206847,61028
206847,63510
206847,32496
206847,63418
206847,44660
206847,62170
206847,54864
206847,62616
206847,62378
206847,53256
206847,44644
206847,10790
206847,44664
206847,59776
206847,44662
210234,54096
210234,35732
210234,36720
210234,39186
210234,44302
210234,33886
210234,10808
210234,46632
210234,10652
210234,53406
210234,61560
210234,36722
210234,61028
210234,63188
210234,63510
210234,32496
210234,63418
210234,44660
210234,62170
210234,54864
210234,62616
210234,62378
210234,53256
210234,44644
210234,10790
210234,44664
210234,59776
210234,44662
211815,54096
211815,35732
211815,36720
211815,39186
211815,44302
211815,33886
211815,10808
211815,1372
211815,46632
211815,10652
211815,53406
211815,61560
211815,36722
211815,63510
211815,32496
211815,50718
211815,63418
211815,44660
211815,63136
211815,61540
211815,54864
211815,62616
211815,62378
211815,53256
211815,44644
211815,57522
211815,10790
211815,44664
211815,59776
211815,44662
213513,54096
213513,36720
213513,39186
213513,34092
213513,60522
213513,44302
213513,10808
213513,1372
213513,10652
213513,53406
213513,61560
213513,36722
213513,61028
213513,63510
213513,32496
213513,62274
213513,44660
213513,62170
213513,54864
213513,62616
213513,62378
213513,53256
213513,44644
213513,10790
213513,44664
213513,59776
213513,44662
242856,54096
242856,35732
242856,36720
242856,39186
242856,44302
242856,33886
242856,10808
242856,1372
242856,1304
242856,46632
242856,10652
242856,53406
242856,61560
242856,36722
242856,61028
242856,63510
242856,32496
242856,62274
242856,63418
242856,44660
242856,62170
242856,63538
242856,54864
242856,62616
242856,62378
242856,53256
242856,44644
242856,57522
242856,10790
242856,44664
242856,59776
242856,44662
64218,54096
64218,35732
64218,36720
64218,39186
64218,60522
64218,44302
64218,33886
64218,10808
64218,1372
64218,46632
64218,10652
64218,53406
64218,61560
64218,36722
64218,63510
64218,32496
64218,62274
64218,50718
64218,63418
64218,44660
64218,61540
64218,54864
64218,62616
64218,62378
64218,53256
64218,44644
64218,57522
64218,10790
64218,44664
64218,59776
64218,44662
181149,54096
181149,36720
181149,39186
181149,60522
181149,44302
181149,10808
181149,1372
181149,59822
181149,1304
181149,37644
181149,53160
181149,46632
181149,10652
181149,53406
181149,61560
181149,50970
181149,36722
181149,61028
181149,63188
181149,63510
181149,32496
181149,62274
181149,63418
181149,44660
181149,62170
181149,61540
181149,63538
181149,54864
181149,62614
181149,62618
181149,62616
181149,62400
181149,62378
181149,63540
181149,53256
181149,44644
181149,57522
181149,10790
181149,44664
181149,59776
181149,44662
181149,56484
225012,61364
225012,1370
225012,61672
225012,50270
225012,54096
225012,11262
225012,35732
225012,36720
225012,39186
225012,60522
225012,44302
225012,33886
225012,50274
225012,60
225012,10808
225012,1372
225012,53406
225012,61560
225012,36722
225012,61028
225012,63510
225012,32496
225012,63418
225012,44660
225012,62170
225012,62376
225012,54864
225012,62616
225012,62378
225012,53256
225012,44644
225012,62276
225012,44662
186447,61672
186447,35732
186447,36720
186447,39186
186447,44302
186447,33886
186447,10808
186447,59822
186447,50272
186447,1304
186447,37644
186447,49888
186447,53160
186447,60978
186447,46632
186447,10652
186447,51316
186447,53406
186447,61560
186447,50970
186447,36722
186447,53386
186447,63188
186447,63510
186447,32496
186447,63360
186447,62274
186447,50718
186447,56696
186447,63418
186447,44660
186447,62170
186447,61540
186447,63538
186447,54864
186447,55798
186447,62614
186447,62618
186447,62616
186447,62400
186447,62378
186447,63540
186447,53256
186447,57522
186447,55638
186447,10790
186447,44664
186447,59776
186447,53048
186447,44662
186447,56484
186447,48694
186447,58504
203214,61364
203214,1370
203214,30500
203214,61348
203214,50270
203214,54096
203214,11262
203214,35732
203214,61552
203214,50716
203214,36720
203214,39186
203214,34092
203214,60522
203214,44302
203214,50274
203214,60
203214,10808
203214,1372
203214,54290
203214,59822
203214,53160
203214,46632
203214,53406
203214,61560
203214,36722
203214,61028
203214,63510
203214,32496
203214,62274
203214,44660
203214,62170
203214,54864
203214,62616
203214,62378
203214,53256
203214,44644
203214,57522
208626,50270
208626,35732
208626,36720
208626,39186
208626,44302
208626,33886
208626,60
208626,10808
208626,1372
208626,46632
208626,10652
208626,53406
208626,61560
208626,36722
208626,61028
208626,63510
208626,32496
208626,62274
208626,63418
208626,44660
208626,62170
208626,61540
208626,54864
208626,62616
208626,62378
208626,53256
208626,44644
208626,57522
208626,10790
208626,44664
208626,59776
208626,44662
63582,54096
63582,35732
63582,36720
63582,39186
63582,60522
63582,44302
63582,33886
63582,10808
63582,1372
63582,59822
63582,1304
63582,37644
63582,53160
63582,46632
63582,53406
63582,61560
63582,36722
63582,61028
63582,63188
63582,63510
63582,32496
63582,59396
63582,62274
63582,63220
63582,63418
63582,44660
63582,62170
63582,61540
63582,63538
63582,54864
63582,62618
63582,62616
63582,62378
63582,63540
63582,53256
63582,44644
63582,57522
63582,62860
63582,44662
63582,56484
183390,1370
183390,50270
183390,11262
183390,35732
183390,36720
183390,39186
183390,34092
183390,60522
183390,44302
183390,60
183390,59816
183390,46632
183390,10652
183390,53406
183390,61560
183390,36722
183390,61028
183390,63510
183390,32496
183390,62274
183390,63418
183390,44660
183390,62170
183390,61540
183390,54864
183390,62616
183390,62378
183390,53256
183390,44644
183390,57522
183390,10790
183390,44664
183390,59776
183390,44662
203328,54096
203328,35732
203328,36720
203328,39186
203328,60522
203328,44302
203328,33886
203328,10808
203328,1372
203328,59822
203328,1304
203328,37644
203328,53160
203328,46632
203328,10652
203328,53406
203328,61560
203328,50970
203328,36722
203328,61028
203328,63188
203328,63510
203328,32496
203328,62274
203328,63418
203328,44660
203328,62170
203328,61540
203328,63538
203328,54864
203328,62614
203328,62618
203328,62616
203328,62400
203328,62378
203328,63540
203328,53256
203328,44644
203328,57522
203328,10790
203328,44664
203328,59776
203328,44662
203328,56484
212478,61364
212478,1370
212478,61672
212478,50270
212478,54096
212478,11262
212478,35732
212478,36720
212478,39186
212478,60522
212478,44302
212478,33886
212478,50274
212478,60
212478,10808
212478,1372
212478,59822
212478,1304
212478,37644
212478,53160
212478,46632
212478,10652
212478,53406
212478,61560
212478,50970
212478,36722
212478,61028
212478,63188
212478,63510
212478,32496
212478,62274
212478,63418
212478,44660
212478,62170
212478,61540
212478,63538
212478,54864
212478,62614
212478,62618
212478,62616
212478,62400
212478,62378
212478,63540
212478,53256
212478,44644
212478,57522
212478,10790
212478,44664
212478,59776
212478,44662
212478,56484
207084,61364
207084,1370
207084,61672
207084,50270
207084,54096
207084,11262
207084,35732
207084,36720
207084,39186
207084,60522
207084,44302
207084,33886
207084,50274
207084,60
207084,10808
207084,1372
207084,1304
207084,46632
207084,10652
207084,53406
207084,61560
207084,36722
207084,61028
207084,63188
207084,63510
207084,32496
207084,62274
207084,44660
207084,62170
207084,61540
207084,63538
207084,54864
207084,62616
207084,62378
207084,53256
207084,44644
207084,57522
207084,10790
207084,44664
207084,59776
207084,44662
209799,54096
209799,35732
209799,36720
209799,39186
209799,60522
209799,44302
209799,1304
209799,46632
209799,10652
209799,53406
209799,61560
209799,36722
209799,61028
209799,63188
209799,63510
209799,32496
209799,62274
209799,44660
209799,62170
209799,61540
209799,63538
209799,54864
209799,62616
209799,62378
209799,53256
209799,44644
209799,57522
209799,10790
209799,44664
209799,59776
209799,44662
221526,54096
221526,35732
221526,36720
221526,39186
221526,60522
221526,44302
221526,59822
221526,1304
221526,53160
221526,46632
221526,10652
221526,53406
221526,61560
221526,36722
221526,61028
221526,63188
221526,32496
221526,62274
221526,63418
221526,44660
221526,62170
221526,61540
221526,63538
221526,54864
221526,62616
221526,62378
221526,53256
221526,44644
221526,57522
221526,10790
221526,44664
221526,59776
221526,44662
221526,56484
155106,50270
155106,54096
155106,35732
155106,36720
155106,39186
155106,60522
155106,44302
155106,60
155106,59822
155106,1304
155106,53160
155106,46632
155106,10652
155106,53406
155106,61560
155106,36722
155106,61028
155106,63188
155106,32496
155106,62274
155106,63418
155106,44660
155106,62170
155106,61540
155106,63538
155106,54864
155106,62616
155106,62378
155106,53256
155106,44644
155106,57522
155106,10790
155106,44664
155106,59776
155106,44662
155106,56484
184509,50270
184509,54096
184509,35732
184509,36720
184509,39186
184509,60522
184509,44302
184509,60
184509,59822
184509,1304
184509,37644
184509,53160
184509,46632
184509,10652
184509,53406
184509,61560
184509,50970
184509,36722
184509,61028
184509,63188
184509,32496
184509,62274
184509,63220
184509,63418
184509,44660
184509,62170
184509,63136
184509,61540
184509,63538
184509,54864
184509,62614
184509,62618
184509,62616
184509,62400
184509,62378
184509,63540
184509,53256
184509,44644
184509,57522
184509,10790
184509,44664
184509,59776
184509,44662
184509,56484
224874,1370
224874,50270
224874,54096
224874,11262
224874,35732
224874,36720
224874,39186
224874,60522
224874,44302
224874,60
224874,59822
224874,1304
224874,37644
224874,53160
224874,46632
224874,10652
224874,53406
224874,61560
224874,50970
224874,36722
224874,61028
224874,63188
224874,63510
224874,32496
224874,62274
224874,63418
224874,44660
224874,62170
224874,61540
224874,63538
224874,54864
224874,62614
224874,62618
224874,62616
224874,62400
224874,62378
224874,63540
224874,53256
224874,44644
224874,57522
224874,10790
224874,44664
224874,59776
224874,44662
224874,56484
154068,61364
154068,1370
154068,61672
154068,50270
154068,54096
154068,11262
154068,35732
154068,36720
154068,39186
154068,60522
154068,44302
154068,33886
154068,50274
154068,60
154068,10808
154068,1372
154068,1304
154068,46632
154068,10652
154068,53406
154068,61560
154068,36722
154068,61028
154068,63188
154068,63510
154068,32496
154068,62274
154068,44660
154068,62170
154068,62376
154068,63538
154068,54864
154068,62616
154068,62378
154068,53256
154068,44644
154068,57522
154068,10790
154068,44664
154068,59776
154068,44662
154881,54096
154881,35732
154881,36720
154881,39186
154881,60522
154881,44302
154881,33886
154881,1372
154881,1304
154881,46632
154881,53406
154881,61560
154881,36722
154881,61028
154881,63188
154881,32496
154881,62274
154881,44660
154881,62170
154881,61540
154881,63538
154881,54864
154881,62616
154881,62378
154881,53256
154881,44644
154881,57522
154881,10790
154881,44664
154881,59776
154881,44662
186933,35732
186933,36720
186933,39186
186933,60522
186933,44302
186933,59822
186933,50272
186933,53160
186933,35846
186933,46632
186933,10652
186933,51316
186933,33534
186933,50724
186933,36722
186933,62944
186933,63510
186933,63218
186933,62274
186933,63186
186933,56696
186933,63418
186933,44660
186933,62170
186933,63538
186933,62614
186933,62616
186933,62378
186933,44644
186933,10790
186933,52620
186933,62276
186933,44662
186933,1206
222438,11262
222438,35732
222438,39186
222438,62074
222438,44302
222438,11490
222438,60
222438,3382
222438,59816
222438,49888
222438,53160
222438,50968
222438,33534
222438,44914
222438,50970
222438,61028
222438,63188
222438,63510
222438,32496
222438,55632
222438,63220
222438,48980
222438,62614
222438,62400
222438,62378
222438,10790
222438,52620
222438,44662
222438,1206
158016,61364
158016,30500
158016,61348
158016,11262
158016,35732
158016,39186
158016,62074
158016,44302
158016,11490
158016,52918
158016,3382
158016,59816
158016,49888
158016,53160
158016,50968
158016,35846
158016,42132
158016,33534
158016,44914
158016,50970
158016,61028
158016,63188
158016,62944
158016,63510
158016,32496
158016,55632
158016,63220
158016,63186
158016,54864
158016,48980
158016,62614
158016,62400
158016,62378
158016,44644
158016,10790
158016,62276
153309,61364
153309,1370
153309,30500
153309,56714
153309,61672
153309,61348
153309,61542
153309,50270
153309,54096
153309,11262
153309,35732
153309,48574
153309,61552
153309,39186
153309,34092
153309,57804
153309,61280
153309,60522
153309,62074
153309,16358
153309,44302
153309,11490
153309,124
153309,52918
153309,60
153309,3382
153309,1372
153309,54290
153309,59816
153309,1304
153309,37644
153309,49888
153309,53160
153309,50968
153309,35846
153309,42132
153309,33534
153309,53406
153309,51974
153309,50724
153309,44914
153309,61560
153309,50970
153309,36722
153309,61028
153309,53386
153309,62944
153309,59394
153309,63510
153309,32496
153309,55632
153309,57414
153309,63220
153309,63186
153309,50718
153309,56696
153309,63418
153309,44660
153309,62170
153309,63136
153309,61540
153309,53046
153309,63538
153309,36762
153309,54864
153309,48980
153309,55798
153309,62614
153309,62618
153309,62616
153309,62400
153309,62378
153309,63540
153309,53256
153309,44644
153309,55638
153309,10790
153309,52620
153309,50962
153309,62276
153309,62860
153309,44662
153309,56484
153309,1206
153309,48694
153309,53258
186216,11262
186216,35732
186216,39186
186216,62074
186216,44302
186216,11490
186216,52918
186216,60
186216,3382
186216,59816
186216,49888
186216,53160
186216,50968
186216,33534
186216,44914
186216,50970
186216,61028
186216,63188
186216,63510
186216,32496
186216,55632
186216,63220
186216,48980
186216,62614
186216,62400
186216,62378
186216,10790
186216,52620
186216,44662
186216,1206
208536,11262
208536,35732
208536,39186
208536,62074
208536,44302
208536,60
208536,3382
208536,1304
208536,49888
208536,53160
208536,60978
208536,35846
208536,33534
208536,44914
208536,50970
208536,61028
208536,63188
208536,62944
208536,63510
208536,32496
208536,55632
208536,63220
208536,48980
208536,62400
208536,62378
208536,63540
208536,44644
208536,10790
208536,44662
208536,1206
224841,11262
224841,35732
224841,39186
224841,62074
224841,11490
224841,60
224841,3382
224841,59816
224841,1304
224841,49888
224841,53160
224841,35846
224841,33534
224841,44914
224841,50970
224841,61028
224841,63188
224841,62944
224841,63510
224841,32496
224841,55632
224841,63220
224841,62614
224841,62400
224841,62378
224841,44644
224841,10790
224841,44662
224841,1206
235932,11262
235932,35732
235932,39186
235932,62074
235932,44302
235932,60
235932,3382
235932,1304
235932,49888
235932,53160
235932,60978
235932,35846
235932,33534
235932,44914
235932,50970
235932,61028
235932,62944
235932,63510
235932,32496
235932,55632
235932,63220
235932,48980
235932,62400
235932,62378
235932,63540
235932,44644
235932,10790
235932,44662
235932,1206
207600,61364
207600,30500
207600,56714
207600,61672
207600,61348
207600,11262
207600,35732
207600,39186
207600,62074
207600,16358
207600,44302
207600,124
207600,52918
207600,60
207600,3382
207600,1372
207600,59816
207600,1304
207600,37644
207600,49888
207600,53160
207600,50968
207600,35846
207600,42132
207600,33534
207600,53406
207600,51974
207600,50724
207600,44914
207600,61560
207600,50970
207600,36722
207600,61028
207600,63188
207600,62944
207600,59394
207600,63510
207600,32496
207600,55632
207600,57414
207600,63220
207600,63186
207600,56696
207600,44660
207600,62170
207600,63136
207600,61540
207600,63538
207600,54864
207600,48980
207600,55798
207600,62618
207600,62400
207600,62378
207600,63540
207600,44644
207600,10790
207600,52620
207600,50962
207600,62276
207600,44662
207600,1206
207600,48694
210393,61364
210393,30500
210393,56714
210393,61672
210393,61348
210393,11262
210393,35732
210393,39186
210393,62074
210393,16358
210393,44302
210393,124
210393,52918
210393,60
210393,3382
210393,1372
210393,59816
210393,1304
210393,37644
210393,49888
210393,53160
210393,50968
210393,35846
210393,42132
210393,33534
210393,53406
210393,51974
210393,50724
210393,44914
210393,61560
210393,50970
210393,36722
210393,61028
210393,62944
210393,59394
210393,63510
210393,32496
210393,55632
210393,57414
210393,63220
210393,63186
210393,56696
210393,44660
210393,62170
210393,63136
210393,61540
210393,63538
210393,54864
210393,48980
210393,55798
210393,62618
210393,62400
210393,62378
210393,63540
210393,44644
210393,10790
210393,52620
210393,50962
210393,62276
210393,44662
210393,1206
210393,48694
165762,61364
165762,30500
165762,56714
165762,61672
165762,61348
165762,11262
165762,35732
165762,39186
165762,62074
165762,16358
165762,44302
165762,124
165762,52918
165762,60
165762,3382
165762,1372
165762,59816
165762,1304
165762,37644
165762,49888
165762,53160
165762,50968
165762,35846
165762,42132
165762,33534
165762,53406
165762,51974
165762,50724
165762,44914
165762,61560
165762,50970
165762,36722
165762,61028
165762,63188
165762,62944
165762,59394
165762,63510
165762,32496
165762,55632
165762,57414
165762,63220
165762,63186
165762,56696
165762,44660
165762,62170
165762,63136
165762,61540
165762,63538
165762,54864
165762,48980
165762,55798
165762,62618
165762,62400
165762,62378
165762,63540
165762,44644
165762,10790
165762,52620
165762,50962
165762,62276
165762,44662
165762,1206
165762,48694
72900,35732
72900,39186
72900,62074
72900,60
72900,3382
72900,1304
72900,49888
72900,53160
72900,35846
72900,33534
72900,44914
72900,50970
72900,61028
72900,63188
72900,55632
72900,62400
72900,62378
72900,10790
72900,44662
72900,1206
161787,30500
161787,11262
161787,35732
161787,39186
161787,62074
161787,44302
161787,60
161787,3382
161787,59816
161787,1304
161787,49888
161787,53160
161787,50968
161787,35846
161787,42132
161787,33534
161787,44914
161787,50970
161787,61028
161787,63188
161787,62944
161787,63510
161787,32496
161787,55632
161787,63220
161787,63186
161787,48980
161787,62400
161787,62378
161787,44644
161787,10790
161787,52620
161787,44662
161787,1206
208347,61364
208347,30500
208347,56714
208347,61348
208347,11262
208347,35732
208347,39186
208347,60522
208347,62074
208347,16358
208347,124
208347,52918
208347,60
208347,3382
208347,1372
208347,59816
208347,1304
208347,37644
208347,49888
208347,53160
208347,50968
208347,35846
208347,42132
208347,33534
208347,53406
208347,51974
208347,50724
208347,44914
208347,61560
208347,50970
208347,36722
208347,61028
208347,62944
208347,59394
208347,63510
208347,32496
208347,55632
208347,57414
208347,63220
208347,63186
208347,56696
208347,44660
208347,62170
208347,63136
208347,61540
208347,63538
208347,54864
208347,48980
208347,55798
208347,62614
208347,62618
208347,62400
208347,62378
208347,63540
208347,44644
208347,55638
208347,10790
208347,50962
208347,62276
208347,44662
208347,1206
208347,48694
208500,30500
208500,11262
208500,35732
208500,39186
208500,62074
208500,44302
208500,11490
208500,52918
208500,3382
208500,59816
208500,53160
208500,50968
208500,35846
208500,42132
208500,33534
208500,44914
208500,50970
208500,61028
208500,63188
208500,62944
208500,63510
208500,32496
208500,55632
208500,63220
208500,48980
208500,62614
208500,62400
208500,62378
208500,44644
208500,10790
208575,61364
208575,30500
208575,56714
208575,61348
208575,11262
208575,35732
208575,39186
208575,62074
208575,44302
208575,11490
208575,52918
208575,60
208575,3382
208575,59816
208575,59822
208575,49888
208575,53160
208575,50968
208575,42132
208575,33534
208575,44914
208575,50970
208575,61028
208575,63188
208575,62944
208575,63510
208575,32496
208575,55632
208575,63220
208575,63136
208575,54864
208575,48980
208575,55798
208575,62614
208575,62400
208575,62378
208575,44644
208575,10790
208575,52620
208575,62276
208575,44662
208575,1206
231414,11262
231414,39186
231414,62074
231414,44302
231414,11490
231414,3382
231414,59816
231414,49888
231414,53160
231414,50968
231414,35846
231414,33534
231414,44914
231414,50970
231414,61028
231414,63188
231414,62944
231414,63510
231414,32496
231414,55632
231414,63220
231414,62400
231414,62378
231414,63540
231414,44644
231414,10790
231414,52620
231414,44662
231414,1206
181860,61364
181860,30500
181860,56714
181860,61348
181860,54096
181860,11262
181860,35732
181860,39186
181860,62074
181860,16358
181860,44302
181860,11490
181860,52918
181860,3382
181860,59816
181860,59822
181860,53160
181860,50968
181860,60978
181860,35846
181860,42132
181860,33534
181860,51974
181860,50724
181860,44914
181860,61560
181860,50970
181860,36722
181860,61028
181860,63188
181860,62944
181860,63510
181860,32496
181860,55632
181860,63220
181860,63186
181860,63136
181860,54864
181860,48980
181860,55798
181860,62614
181860,62400
181860,62378
181860,44644
181860,10790
181860,62276
210690,61364
210690,30500
210690,56714
210690,61348
210690,54096
210690,11262
210690,35732
210690,39186
210690,62074
210690,16358
210690,44302
210690,11490
210690,52918
210690,3382
210690,59816
210690,59822
210690,53160
210690,50968
210690,60978
210690,35846
210690,46632
210690,42132
210690,33534
210690,51974
210690,50724
210690,44914
210690,61560
210690,50970
210690,36722
210690,61028
210690,63188
210690,62944
210690,63510
210690,32496
210690,55632
210690,63220
210690,63186
210690,63136
210690,54864
210690,48980
210690,55798
210690,62614
210690,62400
210690,62378
210690,44644
210690,10790
210690,62276
236655,61364
236655,30500
236655,56714
236655,61348
236655,54096
236655,11262
236655,35732
236655,39186
236655,62074
236655,16358
236655,44302
236655,11490
236655,52918
236655,3382
236655,59816
236655,59822
236655,53160
236655,50968
236655,60978
236655,35846
236655,46632
236655,42132
236655,33534
236655,51974
236655,50724
236655,44914
236655,61560
236655,50970
236655,36722
236655,61028
236655,63188
236655,62944
236655,63510
236655,32496
236655,55632
236655,63220
236655,63186
236655,63136
236655,54864
236655,48980
236655,55798
236655,62614
236655,62400
236655,62378
236655,44644
236655,10790
236655,62276
129204,61364
129204,30500
129204,56714
129204,61348
129204,11262
129204,35732
129204,39186
129204,62074
129204,16358
129204,44302
129204,11490
129204,52918
129204,3382
129204,59816
129204,53160
129204,50968
129204,60978
129204,35846
129204,46632
129204,42132
129204,33534
129204,50724
129204,44914
129204,61560
129204,50970
129204,36722
129204,61028
129204,63188
129204,62944
129204,63510
129204,32496
129204,55632
129204,63220
129204,63186
129204,63136
129204,54864
129204,48980
129204,55798
129204,62614
129204,62400
129204,62378
129204,44644
129204,10790
129204,62276
198279,30500
198279,54096
198279,11262
198279,35732
198279,39186
198279,44302
198279,11490
198279,52918
198279,59816
198279,53160
198279,35846
198279,46632
198279,33534
198279,44914
198279,50970
198279,61028
198279,63188
198279,62944
198279,63510
198279,32496
198279,55632
198279,63220
198279,48980
198279,62614
198279,62400
198279,62378
198279,10790
25743,35732
25743,39186
25743,44302
25743,52918
25743,59816
25743,53160
25743,50968
25743,35846
25743,46632
25743,33534
25743,44914
25743,50970
25743,61028
25743,63510
25743,32496
25743,55632
25743,63220
25743,53046
25743,62614
25743,62400
25743,62378
25743,10790
212442,61364
212442,30500
212442,56714
212442,61348
212442,11262
212442,35732
212442,39186
212442,62074
212442,16358
212442,44302
212442,11490
212442,52918
212442,3382
212442,59816
212442,53160
212442,50968
212442,60978
212442,35846
212442,46632
212442,42132
212442,33534
212442,50724
212442,44914
212442,61560
212442,50970
212442,36722
212442,61028
212442,63188
212442,62944
212442,63510
212442,32496
212442,55632
212442,63220
212442,63186
212442,63136
212442,54864
212442,48980
212442,55798
212442,62614
212442,62400
212442,62378
212442,44644
212442,10790
212442,62276
230091,61364
230091,30500
230091,61348
230091,11262
230091,35732
230091,39186
230091,44302
230091,11490
230091,52918
230091,59816
230091,53160
230091,50968
230091,35846
230091,46632
230091,33534
230091,44914
230091,50970
230091,61028
230091,63188
230091,62944
230091,63510
230091,32496
230091,55632
230091,63220
230091,54864
230091,48980
230091,62614
230091,62400
230091,62378
230091,10790
230091,62276
129153,35732
129153,39186
129153,35846
129153,33534
129153,44914
129153,61028
129153,63510
129153,32496
129153,55632
129153,63220
129153,48980
129153,62614
129153,62400
129153,62378
220011,61364
220011,30500
220011,56714
220011,61348
220011,54096
220011,11262
220011,35732
220011,39186
220011,62074
220011,16358
220011,44302
220011,11490
220011,52918
220011,3382
220011,59816
220011,59822
220011,53160
220011,50968
220011,60978
220011,35846
220011,42132
220011,33534
220011,51974
220011,50724
220011,44914
220011,61560
220011,50970
220011,36722
220011,61028
220011,63188
220011,62944
220011,63510
220011,32496
220011,55632
220011,63220
220011,63186
220011,63136
220011,54864
220011,55798
220011,62614
220011,62400
220011,62378
220011,44644
220011,10790
220011,62276
208518,39186
208518,50968
208518,33534
208518,61028
208518,63220
208518,62400
208518,10790
210846,61364
210846,30500
210846,56714
210846,61348
210846,54096
210846,11262
210846,35732
210846,39186
210846,62074
210846,16358
210846,44302
210846,11490
210846,52918
210846,3382
210846,59816
210846,59822
210846,53160
210846,50968
210846,60978
210846,35846
210846,42132
210846,33534
210846,51974
210846,50724
210846,44914
210846,61560
210846,50970
210846,36722
210846,61028
210846,63188
210846,62944
210846,63510
210846,32496
210846,55632
210846,63220
210846,63186
210846,63136
210846,54864
210846,48980
210846,55798
210846,62614
210846,62400
210846,62378
210846,44644
210846,10790
210846,62276
155097,61364
155097,30500
155097,56714
155097,61348
155097,54096
155097,11262
155097,35732
155097,39186
155097,62074
155097,16358
155097,44302
155097,11490
155097,52918
155097,3382
155097,59816
155097,59822
155097,53160
155097,50968
155097,60978
155097,35846
155097,46632
155097,42132
155097,33534
155097,51974
155097,50724
155097,44914
155097,61560
155097,50970
155097,36722
155097,61028
155097,63188
155097,62944
155097,63510
155097,32496
155097,55632
155097,63220
155097,63186
155097,63136
155097,54864
155097,48980
155097,55798
155097,62614
155097,62400
155097,62378
155097,44644
155097,10790
155097,62276
232068,30500
232068,54096
232068,11262
232068,35732
232068,39186
232068,44302
232068,11490
232068,52918
232068,59816
232068,53160
232068,35846
232068,46632
232068,33534
232068,44914
232068,50970
232068,61028
232068,63188
232068,62944
232068,63510
232068,32496
232068,55632
232068,63220
232068,48980
232068,62614
232068,62400
232068,62378
232068,10790
238377,61364
238377,30500
238377,56714
238377,61348
238377,54096
238377,11262
238377,35732
238377,39186
238377,62074
238377,16358
238377,44302
238377,11490
238377,52918
238377,3382
238377,59816
238377,59822
238377,53160
238377,50968
238377,60978
238377,35846
238377,42132
238377,33534
238377,51974
238377,50724
238377,44914
238377,61560
238377,50970
238377,36722
238377,61028
238377,63188
238377,62944
238377,63510
238377,32496
238377,55632
238377,63220
238377,63186
238377,63136
238377,54864
238377,48980
238377,55798
238377,62614
238377,62400
238377,62378
238377,44644
238377,10790
238377,62276
158685,39186
158685,50968
158685,33534
158685,44914
158685,61028
158685,63220
158685,62400
158685,62378
158685,10790
175809,61364
175809,61348
175809,11262
175809,35732
175809,39186
175809,62074
175809,44302
175809,11490
175809,60
175809,3382
175809,59816
175809,53160
175809,50968
175809,33534
175809,44914
175809,50970
175809,61028
175809,63188
175809,62944
175809,63510
175809,32496
175809,55632
175809,63220
175809,54864
175809,48980
175809,62614
175809,62400
175809,62378
175809,10790
175809,52620
175809,62276
175809,44662
175809,1206
203310,11262
203310,35732
203310,39186
203310,62074
203310,44302
203310,11490
203310,60
203310,3382
203310,59816
203310,53160
203310,50968
203310,33534
203310,44914
203310,50970
203310,61028
203310,63188
203310,63510
203310,32496
203310,55632
203310,63220
203310,48980
203310,62614
203310,62400
203310,62378
203310,10790
203310,52620
203310,44662
203310,1206
211533,11262
211533,35732
211533,39186
211533,62074
211533,44302
211533,11490
211533,60
211533,3382
211533,59816
211533,53160
211533,50968
211533,33534
211533,44914
211533,50970
211533,61028
211533,63188
211533,63510
211533,32496
211533,55632
211533,63220
211533,48980
211533,62614
211533,62400
211533,62378
211533,10790
211533,52620
211533,44662
211533,1206
238218,30500
238218,11262
238218,35732
238218,39186
238218,62074
238218,44302
238218,60
238218,3382
238218,59816
238218,1304
238218,49888
238218,53160
238218,50968
238218,35846
238218,42132
238218,33534
238218,44914
238218,50970
238218,61028
238218,63188
238218,62944
238218,63510
238218,32496
238218,55632
238218,63220
238218,63186
238218,62400
238218,62378
238218,44644
238218,10790
238218,52620
238218,44662
238218,1206
203439,61364
203439,30500
203439,56714
203439,61348
203439,11262
203439,39186
203439,62074
203439,44302
203439,11490
203439,52918
203439,60
203439,3382
203439,48298
203439,59816
203439,59822
203439,49888
203439,53160
203439,50968
203439,35846
203439,42132
203439,33534
203439,50724
203439,44914
203439,50970
203439,36722
203439,61028
203439,63188
203439,62944
203439,62274
203439,63220
203439,63186
203439,63136
203439,54864
203439,55798
203439,62400
203439,62378
203439,44644
203439,10790
203439,62276
128901,61364
128901,30500
128901,56714
128901,61348
128901,54096
128901,11262
128901,35732
128901,39186
128901,62074
128901,16358
128901,44302
128901,11490
128901,52918
128901,3382
128901,59816
128901,59822
128901,53160
128901,50968
128901,60978
128901,35846
128901,42132
128901,33534
128901,51974
128901,50724
128901,44914
128901,61560
128901,50970
128901,36722
128901,61028
128901,63188
128901,62944
128901,63510
128901,32496
128901,55632
128901,63220
128901,63186
128901,63136
128901,54864
128901,48980
128901,55798
128901,62614
128901,62400
128901,62378
128901,44644
128901,10790
128901,62276
164661,61364
164661,30500
164661,56714
164661,61348
164661,11262
164661,35732
164661,39186
164661,62074
164661,44302
164661,11490
164661,52918
164661,60
164661,3382
164661,48298
164661,59816
164661,59822
164661,49888
164661,53160
164661,50968
164661,35846
164661,42132
164661,33534
164661,50724
164661,44914
164661,50970
164661,36722
164661,61028
164661,63188
164661,62944
164661,63510
164661,32496
164661,55632
164661,62274
164661,63220
164661,63186
164661,63136
164661,54864
164661,48980
164661,55798
164661,62614
164661,62400
164661,62378
164661,63540
164661,44644
164661,10790
164661,62276
164661,58504
230010,39186
230010,62074
230010,1304
230010,53160
230010,50968
230010,60978
230010,33534
230010,44914
230010,50970
230010,61028
230010,63188
230010,62378
230010,63540
230010,44644
230010,10790
230010,44662
230010,1206
202818,30500
202818,11262
202818,35732
202818,39186
202818,62074
202818,44302
202818,11490
202818,60
202818,3382
202818,59816
202818,1304
202818,49888
202818,53160
202818,50968
202818,42132
202818,33534
202818,44914
202818,50970
202818,61028
202818,63188
202818,62944
202818,63510
202818,32496
202818,55632
202818,63220
202818,48980
202818,62614
202818,62400
202818,62378
202818,44644
202818,10790
202818,52620
202818,44662
202818,1206
223401,61364
223401,30500
223401,56714
223401,61348
223401,61542
223401,54096
223401,11262
223401,35732
223401,48574
223401,36720
223401,39186
223401,34092
223401,57804
223401,61280
223401,60522
223401,62074
223401,16358
223401,44302
223401,11490
223401,124
223401,52918
223401,33886
223401,50274
223401,60
223401,3382
223401,10808
223401,1372
223401,54290
223401,48298
223401,59816
223401,1304
223401,37644
223401,49888
223401,53160
223401,50968
223401,60978
223401,35846
223401,10652
223401,42132
223401,51316
223401,33534
223401,53406
223401,51974
223401,50720
223401,50724
223401,44914
223401,61560
223401,50970
223401,36722
223401,61028
223401,53386
223401,62944
223401,59394
223401,63510
223401,32496
223401,55632
223401,57414
223401,63218
223401,63220
223401,63186
223401,56696
223401,63418
223401,44660
223401,62170
223401,63136
223401,61540
223401,53046
223401,63538
223401,36762
223401,54864
223401,48980
223401,55798
223401,62614
223401,53394
223401,62618
223401,62400
223401,62378
223401,63540
223401,53256
223401,55638
223401,10790
223401,44664
223401,59776
223401,53048
223401,52620
223401,50962
223401,62276
223401,62860
223401,44662
223401,56484
223401,1206
223401,48694
223401,53258
228729,30500
228729,11262
228729,35732
228729,39186
228729,62074
228729,44302
228729,11490
228729,52918
228729,60
228729,3382
228729,59816
228729,1304
228729,49888
228729,53160
228729,50968
228729,42132
228729,33534
228729,44914
228729,50970
228729,61028
228729,63188
228729,62944
228729,63510
228729,32496
228729,55632
228729,63220
228729,48980
228729,62614
228729,62400
228729,62378
228729,44644
228729,10790
228729,52620
228729,44662
228729,1206
208491,61364
208491,30500
208491,56714
208491,61348
208491,54096
208491,11262
208491,35732
208491,39186
208491,62074
208491,16358
208491,44302
208491,11490
208491,52918
208491,3382
208491,59816
208491,59822
208491,53160
208491,50968
208491,60978
208491,35846
208491,46632
208491,42132
208491,33534
208491,51974
208491,50724
208491,44914
208491,61560
208491,50970
208491,36722
208491,61028
208491,63188
208491,62944
208491,63510
208491,32496
208491,55632
208491,63220
208491,63186
208491,63136
208491,54864
208491,48980
208491,55798
208491,62614
208491,62400
208491,62378
208491,44644
208491,10790
208491,62276
207264,30500
207264,11262
207264,35732
207264,39186
207264,62074
207264,44302
207264,11490
207264,52918
207264,3382
207264,59816
207264,53160
207264,50968
207264,35846
207264,42132
207264,33534
207264,44914
207264,50970
207264,61028
207264,63188
207264,62944
207264,63510
207264,32496
207264,55632
207264,63220
207264,48980
207264,62614
207264,62400
207264,62378
207264,44644
207264,10790
208761,30500
208761,11262
208761,35732
208761,39186
208761,62074
208761,44302
208761,60
208761,3382
208761,59816
208761,1304
208761,49888
208761,53160
208761,50968
208761,35846
208761,33534
208761,44914
208761,50970
208761,61028
208761,63188
208761,62944
208761,63510
208761,32496
208761,55632
208761,63220
208761,63186
208761,48980
208761,62400
208761,62378
208761,63540
208761,10790
208761,44662
208761,1206
240939,35732
240939,39186
240939,62074
240939,60
240939,3382
240939,59816
240939,1304
240939,49888
240939,53160
240939,50968
240939,35846
240939,33534
240939,44914
240939,50970
240939,61028
240939,63188
240939,63510
240939,32496
240939,55632
240939,63220
240939,62400
240939,62378
240939,10790
240939,44662
240939,1206
164457,11262
164457,39186
164457,62074
164457,44302
164457,11490
164457,60
164457,3382
164457,59816
164457,49888
164457,53160
164457,50968
164457,35846
164457,33534
164457,44914
164457,50970
164457,61028
164457,63188
164457,62944
164457,63510
164457,32496
164457,55632
164457,63220
164457,62614
164457,62400
164457,62378
164457,44644
164457,10790
164457,52620
164457,44662
164457,1206
208503,35732
208503,39186
208503,62074
208503,44302
208503,11490
208503,60
208503,3382
208503,49888
208503,53160
208503,50968
208503,33534
208503,44914
208503,50970
208503,61028
208503,63188
208503,63510
208503,32496
208503,55632
208503,63220
208503,48980
208503,62614
208503,62400
208503,62378
208503,10790
208503,52620
208503,44662
208503,1206
212448,61364
212448,30500
212448,56714
212448,61348
212448,54096
212448,11262
212448,35732
212448,39186
212448,62074
212448,16358
212448,44302
212448,11490
212448,52918
212448,3382
212448,59816
212448,59822
212448,53160
212448,50968
212448,60978
212448,35846
212448,42132
212448,33534
212448,51974
212448,50724
212448,44914
212448,61560
212448,50970
212448,36722
212448,61028
212448,63188
212448,62944
212448,63510
212448,32496
212448,55632
212448,63220
212448,63186
212448,63136
212448,54864
212448,48980
212448,55798
212448,62614
212448,62400
212448,62378
212448,44644
212448,10790
212448,62276
211407,35732
211407,39186
211407,62074
211407,44302
211407,11490
211407,60
211407,3382
211407,59816
211407,53160
211407,50968
211407,33534
211407,44914
211407,50970
211407,61028
211407,63188
211407,63510
211407,32496
211407,55632
211407,63220
211407,48980
211407,62614
211407,62400
211407,62378
211407,10790
211407,52620
211407,44662
211407,1206
64272,30500
64272,11262
64272,35732
64272,39186
64272,62074
64272,44302
64272,60
64272,3382
64272,59816
64272,1304
64272,49888
64272,53160
64272,50968
64272,35846
64272,42132
64272,33534
64272,44914
64272,50970
64272,61028
64272,63188
64272,62944
64272,63510
64272,32496
64272,55632
64272,63220
64272,63186
64272,48980
64272,62400
64272,62378
64272,44644
64272,10790
64272,52620
64272,44662
64272,1206
67335,39186
67335,44302
67335,11490
67335,124
67335,60
67335,3382
67335,59816
67335,53160
67335,50968
67335,33534
67335,44914
67335,50970
67335,61028
67335,63188
67335,62614
67335,62378
67335,10790
67335,52620
67335,44662
67335,1206
206811,11262
206811,39186
206811,62074
206811,44302
206811,11490
206811,60
206811,3382
206811,59816
206811,49888
206811,53160
206811,50968
206811,33534
206811,44914
206811,50970
206811,61028
206811,63188
206811,55632
206811,63220
206811,62614
206811,62400
206811,62378
206811,10790
206811,52620
206811,44662
206811,1206
241203,11262
241203,39186
241203,62074
241203,44302
241203,11490
241203,60
241203,3382
241203,59816
241203,53160
241203,50968
241203,33534
241203,44914
241203,50970
241203,61028
241203,63188
241203,55632
241203,63220
241203,62614
241203,62400
241203,62378
241203,10790
241203,52620
241203,44662
241203,1206
129264,30500
129264,11262
129264,35732
129264,39186
129264,62074
129264,44302
129264,11490
129264,52918
129264,60
129264,3382
129264,59816
129264,49888
129264,53160
129264,50968
129264,35846
129264,42132
129264,33534
129264,44914
129264,50970
129264,61028
129264,63188
129264,62944
129264,63510
129264,32496
129264,55632
129264,63220
129264,48980
129264,62614
129264,62400
129264,62378
129264,44644
129264,10790
129264,52620
129264,44662
129264,1206
157500,30500
157500,11262
157500,35732
157500,39186
157500,62074
157500,44302
157500,11490
157500,52918
157500,60
157500,3382
157500,59816
157500,1304
157500,49888
157500,53160
157500,50968
157500,60978
157500,42132
157500,33534
157500,44914
157500,50970
157500,61028
157500,63188
157500,62944
157500,63510
157500,32496
157500,55632
157500,63220
157500,48980
157500,62400
157500,62378
157500,44644
157500,10790
157500,52620
157500,44662
157500,1206
192144,61364
192144,30500
192144,56714
192144,61348
192144,54096
192144,11262
192144,35732
192144,39186
192144,62074
192144,16358
192144,44302
192144,11490
192144,52918
192144,3382
192144,59816
192144,59822
192144,53160
192144,50968
192144,60978
192144,35846
192144,42132
192144,33534
192144,51974
192144,50724
192144,44914
192144,61560
192144,50970
192144,36722
192144,61028
192144,63188
192144,62944
192144,63510
192144,32496
192144,55632
192144,63220
192144,63186
192144,63136
192144,54864
192144,48980
192144,55798
192144,62614
192144,62400
192144,62378
192144,44644
192144,10790
192144,62276
203724,35732
203724,39186
203724,62074
203724,44302
203724,11490
203724,60
203724,3382
203724,53160
203724,50968
203724,33534
203724,44914
203724,50970
203724,61028
203724,63188
203724,63510
203724,32496
203724,55632
203724,63220
203724,48980
203724,62614
203724,62400
203724,62378
203724,10790
203724,52620
203724,44662
203724,1206
209796,35732
209796,39186
209796,62074
209796,44302
209796,11490
209796,60
209796,3382
209796,59816
209796,49888
209796,53160
209796,50968
209796,46632
209796,33534
209796,44914
209796,50970
209796,61028
209796,63188
209796,59396
209796,63220
209796,53046
209796,62614
209796,62400
209796,62378
209796,10790
209796,52620
209796,44662
238608,11262
238608,39186
238608,62074
238608,44302
238608,11490
238608,60
238608,3382
238608,59816
238608,49888
238608,53160
238608,50968
238608,33534
238608,44914
238608,50970
238608,61028
238608,63188
238608,55632
238608,63220
238608,62614
238608,62400
238608,62378
238608,10790
238608,52620
238608,44662
238608,1206
208482,11262
208482,35732
208482,39186
208482,62074
208482,44302
208482,11490
208482,60
208482,3382
208482,59816
208482,49888
208482,53160
208482,50968
208482,35846
208482,33534
208482,44914
208482,50970
208482,61028
208482,63188
208482,62944
208482,63510
208482,32496
208482,55632
208482,63220
208482,48980
208482,62614
208482,62400
208482,62378
208482,44644
208482,10790
208482,52620
208482,44662
208482,1206
189012,60522
189012,10652
189012,33534
189012,44914
189012,62614
189012,53256
189012,45912
189012,44664
189012,62276
189012,44662
225987,61364
225987,1370
225987,50270
225987,35732
225987,61552
225987,50716
225987,36720
225987,34092
225987,60522
225987,16358
225987,50274
225987,3382
225987,61558
225987,54290
225987,48298
225987,59822
225987,50272
225987,1304
225987,35846
225987,46632
225987,36722
225987,63510
225987,32496
225987,63218
225987,63220
225987,63418
225987,61540
225987,53046
225987,53256
225987,44664
225987,62276
225987,44662
225987,56484
225987,48694
140277,61364
140277,1370
140277,50270
140277,61552
140277,50716
140277,36720
140277,16358
140277,50274
140277,3382
140277,61558
140277,54290
140277,35846
140277,53386
140277,63510
140277,32496
140277,63220
140277,63418
140277,61540
140277,53046
140277,53256
140277,45912
140277,44664
140277,62276
140277,44662
140277,56484
208821,61364
208821,1370
208821,50270
208821,50716
208821,36720
208821,16358
208821,50274
208821,3382
208821,61558
208821,54290
208821,59822
208821,50272
208821,1304
208821,35846
208821,36722
208821,53386
208821,63510
208821,32496
208821,63218
208821,63220
208821,63418
208821,61540
208821,53046
208821,62614
208821,53256
208821,45912
208821,44664
208821,62276
208821,44662
208821,56484
236775,61364
236775,1370
236775,50270
236775,61552
236775,50716
236775,36720
236775,34092
236775,60522
236775,16358
236775,50274
236775,3382
236775,61558
236775,54290
236775,48298
236775,59822
236775,50272
236775,1304
236775,35846
236775,36722
236775,53386
236775,63510
236775,32496
236775,63218
236775,63220
236775,63418
236775,61540
236775,53046
236775,45912
236775,44664
236775,62276
236775,44662
236775,56484
212571,61364
212571,1370
212571,50716
212571,36720
212571,57804
212571,16358
212571,50274
212571,3382
212571,61558
212571,54290
212571,1304
212571,35846
212571,53386
212571,63510
212571,32496
212571,63220
212571,63418
212571,61540
212571,53046
212571,48980
212571,62614
212571,53394
212571,62618
212571,62616
212571,62400
212571,63540
212571,53256
212571,45912
212571,44644
212571,10790
212571,44664
212571,53048
212571,50962
212571,62276
212571,62860
212571,44662
212571,56484
212571,1206
212571,48694
212571,58504
225654,61364
225654,1370
225654,30500
225654,56714
225654,61672
225654,61348
225654,61542
225654,50270
225654,54096
225654,35732
225654,48574
225654,61552
225654,50716
225654,36720
225654,39186
225654,34092
225654,61280
225654,60522
225654,62074
225654,16358
225654,44302
225654,11490
225654,124
225654,52918
225654,33886
225654,50274
225654,60
225654,3382
225654,10808
225654,61558
225654,1372
225654,54290
225654,48298
225654,59816
225654,59822
225654,50272
225654,1304
225654,60978
225654,35846
225654,46632
225654,42132
225654,33534
225654,50268
225654,53406
225654,51974
225654,50724
225654,44914
225654,50970
225654,36722
225654,61028
225654,53386
225654,62944
225654,63510
225654,32496
225654,55632
225654,63218
225654,62274
225654,63220
225654,63186
225654,50718
225654,56696
225654,63418
225654,44660
225654,62170
225654,61540
225654,62376
225654,53046
225654,63538
225654,62614
225654,53256
225654,45912
225654,44664
225654,62276
225654,44662
225654,56484
153141,61364
153141,1370
153141,50270
153141,61552
153141,50716
153141,36720
153141,34092
153141,60522
153141,16358
153141,50274
153141,3382
153141,61558
153141,54290
153141,48298
153141,59822
153141,50272
153141,1304
153141,35846
153141,36722
153141,53386
153141,63510
153141,32496
153141,63218
153141,63220
153141,63418
153141,61540
153141,53046
153141,62614
153141,53256
153141,45912
153141,44664
153141,62276
153141,44662
153141,56484
183921,61364
183921,1370
183921,50270
183921,35732
183921,61552
183921,50716
183921,36720
183921,60522
183921,16358
183921,50274
183921,3382
183921,61558
183921,54290
183921,48298
183921,59822
183921,50272
183921,1304
183921,35846
183921,36722
183921,53386
183921,63510
183921,32496
183921,63218
183921,63220
183921,63418
183921,61540
183921,53046
183921,62614
183921,53256
183921,45912
183921,44664
183921,62276
183921,44662
183921,56484
183921,48694
212688,1370
212688,50270
212688,50716
212688,36720
212688,34092
212688,60522
212688,16358
212688,50274
212688,3382
212688,61558
212688,54290
212688,48298
212688,59822
212688,50272
212688,1304
212688,35846
212688,36722
212688,53386
212688,63510
212688,32496
212688,63218
212688,63220
212688,62614
212688,53256
212688,45912
212688,44664
212688,62276
208485,61364
208485,1370
208485,50270
208485,35732
208485,61552
208485,50716
208485,36720
208485,34092
208485,60522
208485,16358
208485,50274
208485,3382
208485,61558
208485,54290
208485,48298
208485,59822
208485,50272
208485,1304
208485,35846
208485,46632
208485,53386
208485,63510
208485,32496
208485,63218
208485,63220
208485,63418
208485,61540
208485,53046
208485,62614
208485,53256
208485,45912
208485,44664
208485,62276
208485,44662
208485,56484
225672,61364
225672,1370
225672,50270
225672,61552
225672,50716
225672,36720
225672,34092
225672,60522
225672,16358
225672,50274
225672,3382
225672,61558
225672,54290
225672,48298
225672,59822
225672,50272
225672,1304
225672,35846
225672,36722
225672,53386
225672,63510
225672,32496
225672,63218
225672,63220
225672,63418
225672,61540
225672,53046
225672,48980
225672,62614
225672,53394
225672,62618
225672,62616
225672,53256
225672,45912
225672,44664
225672,62276
225672,62860
225672,44662
225672,1206
225672,48694
203301,61364
203301,1370
203301,61672
203301,50270
203301,35732
203301,48574
203301,61552
203301,50716
203301,36720
203301,34092
203301,60522
203301,16358
203301,11490
203301,124
203301,33886
203301,50274
203301,60
203301,3382
203301,10808
203301,61558
203301,54290
203301,48298
203301,59816
203301,59822
203301,50272
203301,1304
203301,37644
203301,35846
203301,46632
203301,42132
203301,33534
203301,50268
203301,53406
203301,51974
203301,44914
203301,50970
203301,36722
203301,61028
203301,62944
203301,63510
203301,32496
203301,55632
203301,63218
203301,63220
203301,63418
203301,44660
203301,62170
203301,61540
203301,53046
203301,63538
203301,62614
203301,53256
203301,45912
203301,44664
203301,62276
203301,44662
203301,56484
208545,61364
208545,1370
208545,50270
208545,35732
208545,61552
208545,50716
208545,36720
208545,34092
208545,60522
208545,16358
208545,50274
208545,3382
208545,61558
208545,54290
208545,48298
208545,59822
208545,50272
208545,1304
208545,35846
208545,46632
208545,63510
208545,32496
208545,63218
208545,63220
208545,63418
208545,61540
208545,53046
208545,53256
208545,44664
208545,62276
208545,44662
208545,56484
212337,61364
212337,1370
212337,50270
212337,50716
212337,36720
212337,16358
212337,50274
212337,3382
212337,61558
212337,54290
212337,1304
212337,35846
212337,53386
212337,63510
212337,32496
212337,63220
212337,63418
212337,61540
212337,53046
212337,53256
212337,45912
212337,44664
212337,62276
212337,44662
212337,56484
207390,61364
207390,1370
207390,50270
207390,50716
207390,36720
207390,16358
207390,50274
207390,3382
207390,61558
207390,54290
207390,59822
207390,50272
207390,1304
207390,35846
207390,36722
207390,53386
207390,63510
207390,32496
207390,63220
207390,63418
207390,61540
207390,53046
207390,45912
207390,44664
207390,62276
207390,44662
207390,56484
198522,61364
198522,1370
198522,61552
198522,50716
198522,36720
198522,16358
198522,50274
198522,3382
198522,61558
198522,54290
198522,35846
198522,53386
198522,63510
198522,32496
198522,63220
198522,63418
198522,61540
198522,53256
198522,44664
198522,62276
198522,44662
198522,56484
194208,61364
194208,1370
194208,50270
194208,50716
194208,36720
194208,16358
194208,50274
194208,3382
194208,61558
194208,54290
194208,1304
194208,35846
194208,53386
194208,63510
194208,32496
194208,63220
194208,63418
194208,61540
194208,53046
194208,48980
194208,62614
194208,62616
194208,53256
194208,45912
194208,44664
194208,62276
194208,62860
194208,44662
194208,56484
203517,61364
203517,1370
203517,35732
203517,61552
203517,50716
203517,36720
203517,34092
203517,60522
203517,16358
203517,124
203517,50274
203517,3382
203517,61558
203517,54290
203517,48298
203517,59822
203517,50272
203517,1304
203517,35846
203517,46632
203517,50970
203517,36722
203517,63510
203517,32496
203517,55632
203517,63218
203517,63220
203517,62170
203517,61540
203517,53046
203517,48980
203517,62614
203517,62616
203517,53256
203517,45912
203517,44664
203517,62276
203517,62860
203517,44662
229620,61364
229620,1370
229620,35732
229620,61552
229620,50716
229620,36720
229620,34092
229620,60522
229620,16358
229620,124
229620,50274
229620,3382
229620,61558
229620,54290
229620,48298
229620,59822
229620,50272
229620,1304
229620,35846
229620,46632
229620,50970
229620,36722
229620,63510
229620,32496
229620,55632
229620,63218
229620,63220
229620,62170
229620,61540
229620,53046
229620,53256
229620,45912
229620,44664
229620,62276
229620,44662
229620,56484
229620,48694
242442,61364
242442,1370
242442,50270
242442,61552
242442,50716
242442,36720
242442,16358
242442,50274
242442,3382
242442,61558
242442,54290
242442,59822
242442,50272
242442,1304
242442,35846
242442,36722
242442,53386
242442,63510
242442,32496
242442,63220
242442,63418
242442,61540
242442,53046
242442,48980
242442,62614
242442,62616
242442,53256
242442,45912
242442,44664
242442,62276
242442,44662
242442,56484
242442,48694
246627,61364
246627,1370
246627,50270
246627,35732
246627,50716
246627,36720
246627,39186
246627,60522
246627,16358
246627,33886
246627,50274
246627,3382
246627,10808
246627,61558
246627,54290
246627,48298
246627,59822
246627,50272
246627,1304
246627,35846
246627,46632
246627,50970
246627,36722
246627,63510
246627,32496
246627,63218
246627,63220
246627,63418
246627,62170
246627,53046
246627,62614
246627,53256
246627,44664
246627,62276
246627,44662
246627,56484
206364,61364
206364,1370
206364,50270
206364,35732
206364,61552
206364,50716
206364,36720
206364,60522
206364,16358
206364,50274
206364,3382
206364,61558
206364,54290
206364,48298
206364,59822
206364,50272
206364,1304
206364,35846
206364,53386
206364,63510
206364,32496
206364,63218
206364,63220
206364,63418
206364,61540
206364,53046
206364,48980
206364,62614
206364,53394
206364,62616
206364,53256
206364,45912
206364,44664
206364,62276
206364,44662
206364,56484
206364,48694
211947,61364
211947,1370
211947,61542
211947,50270
211947,54096
211947,61552
211947,50716
211947,36720
211947,34092
211947,60522
211947,16358
211947,33886
211947,50274
211947,3382
211947,10808
211947,61558
211947,54290
211947,48298
211947,59822
211947,50272
211947,1304
211947,60978
211947,35846
211947,46632
211947,53406
211947,50970
211947,36722
211947,61028
211947,53386
211947,63510
211947,32496
211947,63218
211947,63220
211947,62170
211947,48980
211947,62614
211947,62616
211947,53256
211947,45912
211947,44664
211947,62276
211947,44662
211947,56484
211947,48694
242232,61364
242232,1370
242232,50270
242232,61552
242232,50716
242232,36720
242232,60522
242232,16358
242232,33886
242232,50274
242232,3382
242232,10808
242232,61558
242232,54290
242232,48298
242232,59822
242232,50272
242232,1304
242232,35846
242232,46632
242232,50970
242232,36722
242232,53386
242232,63510
242232,32496
242232,63218
242232,63220
242232,63418
242232,62170
242232,61540
242232,53046
242232,48980
242232,62616
242232,53256
242232,45912
242232,44664
242232,62276
242232,44662
242232,56484
251253,61364
251253,1370
251253,61542
251253,50270
251253,50716
251253,36720
251253,34092
251253,16358
251253,50274
251253,3382
251253,61558
251253,54290
251253,48298
251253,59822
251253,50272
251253,1304
251253,35846
251253,50970
251253,36722
251253,53386
251253,63510
251253,32496
251253,63220
251253,63418
251253,62170
251253,61540
251253,53046
251253,48980
251253,62614
251253,53394
251253,62616
251253,53256
251253,44664
251253,62276
251253,44662
251253,56484
251253,48694
251643,61364
251643,1370
251643,61542
251643,50270
251643,54096
251643,61552
251643,50716
251643,36720
251643,34092
251643,60522
251643,16358
251643,33886
251643,50274
251643,3382
251643,10808
251643,61558
251643,54290
251643,48298
251643,60978
251643,35846
251643,46632
251643,53406
251643,50970
251643,61028
251643,53386
251643,63510
251643,32496
251643,63218
251643,63220
251643,62170
251643,45912
251643,44664
252375,34092
252375,16358
252375,50274
252375,61558
252375,59822
252375,50272
252375,1304
252375,35846
252375,36722
252375,53386
252375,63510
252375,32496
252375,63220
252375,48980
252375,62614
252375,53394
252375,62616
252375,63540
252375,53256
252375,45912
252375,44664
252375,62276
252375,62860
252375,44662
252375,56484
252375,48694
203142,1370
203142,50270
203142,54096
203142,50716
203142,36720
203142,39186
203142,34092
203142,57804
203142,60522
203142,16358
203142,124
203142,33886
203142,50274
203142,60
203142,3382
203142,10808
203142,61558
203142,54290
203142,48298
203142,59822
203142,50272
203142,1304
203142,35846
203142,46632
203142,53406
203142,50970
203142,61028
203142,53386
203142,63510
203142,32496
203142,63218
203142,63220
203142,62170
203142,62614
203142,53256
203142,45912
203142,44664
203142,62276
203142,44662
211473,61364
211473,1370
211473,50270
211473,35732
211473,61552
211473,50716
211473,36720
211473,34092
211473,60522
211473,16358
211473,50274
211473,60
211473,3382
211473,61558
211473,54290
211473,48298
211473,59822
211473,50272
211473,1304
211473,35846
211473,46632
211473,36722
211473,63510
211473,32496
211473,55632
211473,63218
211473,63220
211473,61540
211473,53046
211473,63538
211473,48980
211473,55798
211473,62614
211473,53394
211473,62618
211473,62616
211473,62400
211473,62378
211473,63540
211473,53256
211473,45912
211473,44644
211473,57522
211473,10790
211473,44664
211473,59776
211473,53048
211473,52620
211473,50962
211473,62276
211473,62860
211473,44662
211473,56484
211473,1206
211473,48694
211473,53258
211473,58504
213885,61364
213885,1370
213885,30500
213885,61672
213885,61348
213885,61542
213885,50270
213885,54096
213885,35732
213885,48574
213885,61552
213885,50716
213885,36720
213885,39186
213885,34092
213885,61280
213885,60522
213885,62074
213885,16358
213885,11490
213885,124
213885,52918
213885,33886
213885,50274
213885,60
213885,3382
213885,10808
213885,61558
213885,1372
213885,48298
213885,59816
213885,59822
213885,50272
213885,1304
213885,37644
213885,53160
213885,35846
213885,46632
213885,42132
213885,51316
213885,33534
213885,50268
213885,53406
213885,51974
213885,50724
213885,44914
213885,61560
213885,50970
213885,36722
213885,61028
213885,53386
213885,63188
213885,62944
213885,59394
213885,63510
213885,32496
213885,55632
213885,57414
213885,63360
213885,63218
213885,62274
213885,63220
213885,63186
213885,50718
213885,56696
213885,63418
213885,44660
213885,62170
213885,63136
213885,61540
213885,62376
213885,53046
213885,63538
213885,36762
213885,48980
213885,62614
213885,53394
213885,62616
213885,63540
213885,53256
213885,45912
213885,44664
213885,62276
213885,62860
213885,44662
213885,56484
213885,48694
248013,1370
248013,50270
248013,54096
248013,50716
248013,36720
248013,39186
248013,34092
248013,57804
248013,60522
248013,16358
248013,124
248013,33886
248013,50274
248013,60
248013,3382
248013,10808
248013,61558
248013,54290
248013,48298
248013,59822
248013,50272
248013,1304
248013,35846
248013,46632
248013,53406
248013,50970
248013,36722
248013,61028
248013,53386
248013,63510
248013,32496
248013,63218
248013,63220
248013,62170
248013,48980
248013,62616
248013,53256
248013,44664
248013,62276
248013,44662
248013,56484
139272,61364
139272,1370
139272,50270
139272,50716
139272,36720
139272,16358
139272,50274
139272,3382
139272,61558
139272,54290
139272,48298
139272,50970
139272,53386
139272,63510
139272,32496
139272,63220
139272,63418
139272,62170
139272,61540
139272,53046
139272,62614
139272,53256
139272,45912
139272,44664
139272,62276
139272,44662
139272,56484
139272,48694
162984,61364
162984,1370
162984,50270
162984,50716
162984,36720
162984,34092
162984,60522
162984,16358
162984,50274
162984,3382
162984,61558
162984,54290
162984,48298
162984,59822
162984,50272
162984,1304
162984,35846
162984,36722
162984,53386
162984,63510
162984,32496
162984,63218
162984,63220
162984,48980
162984,55798
162984,62614
162984,53394
162984,62618
162984,62616
162984,62400
162984,62378
162984,63540
162984,53256
162984,45912
162984,44644
162984,57522
162984,10790
162984,44664
162984,59776
162984,53048
162984,52620
162984,50962
162984,62276
162984,62860
162984,44662
162984,56484
162984,1206
162984,48694
162984,53258
162984,58504
191556,61364
191556,1370
191556,30500
191556,56714
191556,61672
191556,61348
191556,61542
191556,50270
191556,54096
191556,11262
191556,35732
191556,48574
191556,61552
191556,50716
191556,36720
191556,39186
191556,34092
191556,57804
191556,61280
191556,60522
191556,62074
191556,16358
191556,44302
191556,11490
191556,124
191556,52918
191556,33886
191556,50274
191556,60
191556,3382
191556,10808
191556,61558
191556,1372
191556,54290
191556,48298
191556,59816
191556,59822
191556,50272
191556,1304
191556,37644
191556,49888
191556,53160
191556,50968
191556,60978
191556,35846
191556,46632
191556,10652
191556,42132
191556,51316
191556,33534
191556,50268
191556,53406
191556,51974
191556,50724
191556,44914
191556,61560
191556,50970
191556,36722
191556,61028
191556,53386
191556,63188
191556,62944
191556,59394
191556,63510
191556,32496
191556,55632
191556,57414
191556,63360
191556,63218
191556,62274
191556,63220
191556,63186
191556,50718
191556,56696
191556,63418
191556,44660
191556,62170
191556,63136
191556,61540
191556,62376
191556,53046
191556,63538
191556,36762
191556,48980
191556,55798
191556,62614
191556,53394
191556,62618
191556,62616
191556,62400
191556,62378
191556,63540
191556,53256
191556,45912
191556,44644
191556,57522
191556,55638
191556,10790
191556,44664
191556,59776
191556,53048
191556,52620
191556,50962
191556,62276
191556,62860
191556,44662
191556,56484
191556,1206
191556,48694
191556,53258
191556,58504
203106,61364
203106,1370
203106,30500
203106,56714
203106,61672
203106,61348
203106,61542
203106,50270
203106,54096
203106,11262
203106,35732
203106,48574
203106,61552
203106,50716
203106,36720
203106,39186
203106,34092
203106,57804
203106,61280
203106,60522
203106,62074
203106,16358
203106,44302
203106,11490
203106,124
203106,52918
203106,33886
203106,50274
203106,60
203106,3382
203106,10808
203106,61558
203106,1372
203106,54290
203106,48298
203106,59816
203106,59822
203106,50272
203106,1304
203106,37644
203106,49888
203106,53160
203106,50968
203106,60978
203106,35846
203106,46632
203106,10652
203106,42132
203106,51316
203106,33534
203106,50268
203106,53406
203106,51974
203106,50720
203106,50724
203106,44914
203106,61560
203106,50970
203106,36722
203106,61028
203106,53386
203106,63188
203106,62944
203106,59394
203106,63510
203106,32496
203106,55632
203106,57414
203106,63360
203106,63218
203106,62274
203106,63220
203106,63186
203106,50718
203106,56696
203106,63418
203106,44660
203106,62170
203106,63136
203106,61540
203106,62376
203106,53046
203106,63538
203106,36762
203106,48980
203106,55798
203106,62614
203106,53394
203106,62618
203106,62616
203106,62400
203106,62378
203106,63540
203106,53256
203106,45912
203106,44644
203106,57522
203106,55638
203106,10790
203106,44664
203106,59776
203106,53048
203106,52620
203106,50962
203106,62276
203106,62860
203106,44662
203106,56484
203106,1206
203106,48694
203106,53258
203106,58504
206304,61364
206304,1370
206304,30500
206304,56714
206304,61672
206304,61348
206304,61542
206304,50270
206304,54096
206304,11262
206304,35732
206304,48574
206304,61552
206304,50716
206304,36720
206304,39186
206304,34092
206304,57804
206304,61280
206304,60522
206304,62074
206304,16358
206304,44302
206304,11490
206304,124
206304,52918
206304,33886
206304,50274
206304,60
206304,3382
206304,10808
206304,61558
206304,1372
206304,54290
206304,48298
206304,59816
206304,59822
206304,50272
206304,1304
206304,37644
206304,53160
206304,50968
206304,60978
206304,35846
206304,46632
206304,10652
206304,42132
206304,51316
206304,33534
206304,50268
206304,53406
206304,51974
206304,50720
206304,50724
206304,44914
206304,61560
206304,50970
206304,36722
206304,61028
206304,53386
206304,63188
206304,62944
206304,59394
206304,63510
206304,32496
206304,55632
206304,57414
206304,63360
206304,63218
206304,62274
206304,63220
206304,63186
206304,50718
206304,56696
206304,63418
206304,44660
206304,62170
206304,63136
206304,61540
206304,62376
206304,53046
206304,63538
206304,36762
206304,48980
206304,62614
206304,53394
206304,62616
206304,53256
206304,45912
206304,44664
206304,62276
206304,44662
206304,56484
206304,48694
206952,61364
206952,1370
206952,61542
206952,50270
206952,54096
206952,61552
206952,50716
206952,36720
206952,34092
206952,60522
206952,16358
206952,33886
206952,50274
206952,3382
206952,10808
206952,61558
206952,54290
206952,48298
206952,59822
206952,50272
206952,1304
206952,60978
206952,35846
206952,46632
206952,53406
206952,50970
206952,36722
206952,61028
206952,53386
206952,63510
206952,32496
206952,55632
206952,63218
206952,63220
206952,62170
206952,54864
206952,48980
206952,62614
206952,53394
206952,62616
206952,53256
206952,45912
206952,44664
206952,62276
206952,62860
206952,44662
206952,56484
206952,48694
223530,1370
223530,50270
223530,54096
223530,61552
223530,50716
223530,36720
223530,39186
223530,34092
223530,60522
223530,16358
223530,124
223530,33886
223530,50274
223530,60
223530,3382
223530,10808
223530,61558
223530,54290
223530,48298
223530,59822
223530,50272
223530,1304
223530,35846
223530,46632
223530,53406
223530,50970
223530,36722
223530,61028
223530,53386
223530,63510
223530,32496
223530,63218
223530,63220
223530,62170
223530,62614
223530,53256
223530,45912
223530,44664
223530,62276
223530,44662
223530,56484
241026,61364
241026,1370
241026,50270
241026,61552
241026,50716
241026,36720
241026,60522
241026,16358
241026,50274
241026,3382
241026,61558
241026,54290
241026,48298
241026,59822
241026,50272
241026,1304
241026,35846
241026,36722
241026,53386
241026,63510
241026,32496
241026,63218
241026,63220
241026,63418
241026,61540
241026,53046
241026,62614
241026,53256
241026,45912
241026,44664
241026,62276
241026,44662
241026,56484
242619,61364
242619,1370
242619,50270
242619,35732
242619,61552
242619,50716
242619,36720
242619,60522
242619,16358
242619,50274
242619,3382
242619,61558
242619,54290
242619,48298
242619,59822
242619,50272
242619,1304
242619,35846
242619,36722
242619,53386
242619,63510
242619,32496
242619,63218
242619,63220
242619,63418
242619,61540
242619,53046
242619,45912
242619,44664
242619,62276
242619,44662
242619,56484
242619,48694
246054,61364
246054,1370
246054,50270
246054,61552
246054,50716
246054,36720
246054,57804
246054,16358
246054,50274
246054,3382
246054,61558
246054,54290
246054,35846
246054,53386
246054,63510
246054,32496
246054,63220
246054,63418
246054,61540
246054,62614
246054,53256
246054,45912
246054,44664
246054,62276
246054,44662
246054,56484
246054,48694
204276,61364
204276,1370
204276,50270
204276,61552
204276,50716
204276,36720
204276,60522
204276,16358
204276,50274
204276,3382
204276,61558
204276,54290
204276,48298
204276,59822
204276,50272
204276,1304
204276,35846
204276,36722
204276,53386
204276,63510
204276,32496
204276,63218
204276,63220
204276,63418
204276,61540
204276,53046
204276,48980
204276,62614
204276,62616
204276,53256
204276,45912
204276,44664
204276,62276
204276,44662
204276,56484
204276,48694
206748,61364
206748,1370
206748,50270
206748,61552
206748,50716
206748,36720
206748,60522
206748,16358
206748,33886
206748,50274
206748,3382
206748,10808
206748,61558
206748,54290
206748,48298
206748,59822
206748,50272
206748,1304
206748,35846
206748,46632
206748,50970
206748,36722
206748,53386
206748,63510
206748,32496
206748,63218
206748,63220
206748,63418
206748,62170
206748,61540
206748,53046
206748,53256
206748,45912
206748,44664
206748,62276
206748,44662
206748,56484
229473,61364
229473,1370
229473,50270
229473,61552
229473,50716
229473,36720
229473,34092
229473,16358
229473,50274
229473,3382
229473,61558
229473,54290
229473,48298
229473,59822
229473,50272
229473,1304
229473,35846
229473,36722
229473,53386
229473,63510
229473,32496
229473,63218
229473,63220
229473,63418
229473,61540
229473,53046
229473,62614
229473,53256
229473,45912
229473,44664
229473,62276
229473,44662
229473,56484
233091,61364
233091,1370
233091,50270
233091,35732
233091,61552
233091,50716
233091,36720
233091,60522
233091,16358
233091,50274
233091,3382
233091,61558
233091,54290
233091,48298
233091,59822
233091,50272
233091,1304
233091,35846
233091,36722
233091,53386
233091,63510
233091,32496
233091,63218
233091,63220
233091,63418
233091,61540
233091,53046
233091,48980
233091,62614
233091,53394
233091,62616
233091,53256
233091,45912
233091,44664
233091,62276
233091,62860
233091,44662
233091,1206
233091,48694
244278,61364
244278,1370
244278,61672
244278,50270
244278,35732
244278,48574
244278,61552
244278,50716
244278,36720
244278,34092
244278,60522
244278,16358
244278,11490
244278,124
244278,33886
244278,50274
244278,60
244278,3382
244278,10808
244278,61558
244278,48298
244278,59816
244278,59822
244278,50272
244278,1304
244278,37644
244278,35846
244278,46632
244278,42132
244278,33534
244278,50268
244278,53406
244278,51974
244278,44914
244278,50970
244278,36722
244278,61028
244278,53386
244278,62944
244278,63510
244278,32496
244278,55632
244278,63218
244278,63220
244278,63418
244278,44660
244278,62170
244278,61540
244278,53046
244278,63538
244278,45912
244278,44664
244278,44662
244278,48694
197802,61364
197802,50270
197802,50716
197802,57804
197802,16358
197802,50274
197802,3382
197802,61558
197802,59822
197802,50272
197802,1304
197802,35846
197802,36722
197802,63510
197802,32496
197802,63220
197802,63418
197802,44660
197802,48980
197802,62614
197802,62616
197802,53256
197802,44664
197802,62276
197802,44662
197802,56484
197802,48694
206412,61364
206412,1370
206412,50270
206412,61552
206412,50716
206412,36720
206412,60522
206412,16358
206412,33886
206412,50274
206412,3382
206412,10808
206412,61558
206412,54290
206412,48298
206412,59822
206412,50272
206412,1304
206412,35846
206412,46632
206412,50970
206412,53386
206412,63510
206412,32496
206412,63218
206412,63220
206412,63418
206412,62170
206412,61540
206412,53046
206412,45912
206412,44664
206412,62276
206412,44662
206412,56484
209976,61364
209976,1370
209976,61552
209976,50716
209976,36720
209976,16358
209976,50274
209976,3382
209976,61558
209976,54290
209976,1304
209976,35846
209976,53386
209976,63510
209976,32496
209976,63220
209976,63418
209976,61540
209976,53046
209976,53256
209976,45912
209976,44664
209976,62276
209976,44662
209976,56484
209976,48694
223071,61364
223071,1370
223071,50270
223071,61552
223071,50716
223071,36720
223071,16358
223071,50274
223071,3382
223071,61558
223071,54290
223071,59822
223071,50272
223071,1304
223071,35846
223071,36722
223071,53386
223071,63510
223071,32496
223071,63220
223071,63418
223071,61540
223071,53046
223071,45912
223071,44664
223071,62276
223071,44662
223071,56484
223071,48694
237804,61364
237804,1370
237804,61552
237804,50716
237804,36720
237804,16358
237804,50274
237804,3382
237804,61558
237804,54290
237804,59822
237804,50272
237804,1304
237804,35846
237804,36722
237804,53386
237804,63510
237804,32496
237804,63220
237804,63418
237804,61540
237804,62614
237804,53256
237804,44664
237804,62276
237804,44662
237804,56484
237804,48694
247632,61364
247632,1370
247632,50270
247632,61552
247632,50716
247632,36720
247632,60522
247632,16358
247632,50274
247632,3382
247632,61558
247632,54290
247632,48298
247632,59822
247632,50272
247632,1304
247632,35846
247632,63510
247632,55632
247632,63218
247632,63220
247632,63418
247632,61540
247632,53046
247632,53256
247632,44664
247632,62276
247632,44662
247632,56484
247632,48694
247989,61364
247989,1370
247989,50270
247989,61552
247989,50716
247989,36720
247989,34092
247989,16358
247989,50274
247989,3382
247989,61558
247989,54290
247989,35846
247989,53386
247989,63510
247989,32496
247989,63218
247989,63220
247989,63418
247989,61540
247989,62614
247989,53256
247989,45912
247989,44664
247989,62276
247989,44662
247989,56484
248061,61364
248061,1370
248061,50270
248061,61552
248061,50716
248061,36720
248061,60522
248061,16358
248061,50274
248061,3382
248061,61558
248061,54290
248061,48298
248061,59822
248061,50272
248061,1304
248061,35846
248061,36722
248061,53386
248061,63510
248061,32496
248061,63218
248061,63220
248061,63418
248061,61540
248061,53046
248061,48980
248061,62614
248061,53394
248061,62618
248061,62616
248061,53256
248061,45912
248061,44664
248061,62276
248061,62860
248061,44662
248061,1206
248061,48694
251106,61364
251106,1370
251106,61672
251106,50270
251106,35732
251106,48574
251106,61552
251106,50716
251106,36720
251106,34092
251106,60522
251106,16358
251106,11490
251106,124
251106,33886
251106,50274
251106,60
251106,3382
251106,10808
251106,61558
251106,54290
251106,48298
251106,59816
251106,59822
251106,50272
251106,1304
251106,37644
251106,35846
251106,46632
251106,42132
251106,33534
251106,50268
251106,53406
251106,51974
251106,44914
251106,50970
251106,36722
251106,61028
251106,62944
251106,63510
251106,32496
251106,55632
251106,63218
251106,63220
251106,63418
251106,44660
251106,62170
251106,61540
251106,53046
251106,63538
251106,62614
251106,53256
251106,45912
251106,44664
251106,62276
251106,44662
229521,61364
229521,1370
229521,50270
229521,35732
229521,61552
229521,50716
229521,36720
229521,34092
229521,60522
229521,16358
229521,50274
229521,60
229521,3382
229521,61558
229521,54290
229521,48298
229521,59822
229521,50272
229521,1304
229521,35846
229521,46632
229521,36722
229521,53386
229521,63510
229521,32496
229521,55632
229521,63218
229521,63220
229521,63418
229521,61540
229521,53046
229521,63538
229521,48980
229521,62614
229521,62616
229521,53256
229521,45912
229521,44664
229521,62276
229521,44662
229521,56484
229521,48694
245706,61364
245706,1370
245706,50270
245706,61552
245706,50716
245706,36720
245706,60522
245706,16358
245706,33886
245706,50274
245706,3382
245706,10808
245706,61558
245706,54290
245706,48298
245706,59822
245706,50272
245706,1304
245706,35846
245706,46632
245706,50970
245706,36722
245706,53386
245706,63510
245706,32496
245706,63218
245706,63220
245706,63418
245706,62170
245706,61540
245706,53046
245706,53256
245706,44664
245706,62276
245706,44662
245706,56484
245706,48694
250947,61364
250947,1370
250947,61552
250947,50716
250947,36720
250947,16358
250947,50274
250947,3382
250947,61558
250947,54290
250947,35846
250947,53386
250947,63510
250947,32496
250947,63220
250947,63418
250947,61540
250947,53046
250947,45912
250947,44664
250947,62276
250947,44662
250947,56484
250947,48694
162957,61364
162957,1370
162957,50270
162957,61552
162957,50716
162957,36720
162957,16358
162957,50274
162957,3382
162957,61558
162957,54290
162957,59822
162957,50272
162957,1304
162957,35846
162957,36722
162957,53386
162957,63510
162957,32496
162957,63220
162957,63418
162957,61540
162957,48980
162957,62614
162957,53394
162957,62618
162957,62616
162957,53256
162957,45912
162957,44664
162957,62276
162957,62860
162957,44662
162957,1206
162957,48694
176472,61364
176472,1370
176472,61672
176472,50270
176472,35732
176472,48574
176472,61552
176472,50716
176472,36720
176472,34092
176472,60522
176472,16358
176472,11490
176472,124
176472,33886
176472,50274
176472,60
176472,3382
176472,10808
176472,61558
176472,48298
176472,59816
176472,59822
176472,50272
176472,1304
176472,37644
176472,35846
176472,46632
176472,42132
176472,33534
176472,50268
176472,53406
176472,51974
176472,44914
176472,50970
176472,36722
176472,61028
176472,62944
176472,63510
176472,32496
176472,55632
176472,63218
176472,63220
176472,63418
176472,44660
176472,62170
176472,61540
176472,53046
176472,63538
176472,53256
176472,44664
176472,62276
176472,44662
176472,56484
176472,48694
243927,61364
243927,1370
243927,61552
243927,50716
243927,36720
243927,16358
243927,50274
243927,3382
243927,61558
243927,54290
243927,35846
243927,63510
243927,55632
243927,63220
243927,63418
243927,61540
243927,53046
243927,53256
243927,45912
243927,44664
243927,62276
243927,44662
243927,56484
187224,61364
187224,1370
187224,50270
187224,61552
187224,50716
187224,36720
187224,16358
187224,50274
187224,3382
187224,61558
187224,54290
187224,59822
187224,50272
187224,1304
187224,35846
187224,36722
187224,53386
187224,63510
187224,32496
187224,63220
187224,63418
187224,61540
187224,53046
187224,48980
187224,62614
187224,53394
187224,62618
187224,62616
187224,53256
187224,45912
187224,44664
187224,62276
187224,62860
187224,44662
187224,1206
187224,48694
210813,61364
210813,1370
210813,61672
210813,50270
210813,35732
210813,48574
210813,61552
210813,50716
210813,36720
210813,34092
210813,60522
210813,16358
210813,11490
210813,124
210813,33886
210813,50274
210813,60
210813,3382
210813,10808
210813,61558
210813,48298
210813,59816
210813,59822
210813,50272
210813,1304
210813,37644
210813,35846
210813,46632
210813,42132
210813,33534
210813,50268
210813,53406
210813,51974
210813,44914
210813,50970
210813,36722
210813,61028
210813,53386
210813,62944
210813,63510
210813,32496
210813,55632
210813,63218
210813,63220
210813,63418
210813,44660
210813,62170
210813,61540
210813,53046
210813,63538
210813,62614
210813,53256
210813,45912
210813,44664
210813,62276
210813,44662
210813,56484
210813,48694
233970,61364
233970,1370
233970,50270
233970,35732
233970,61552
233970,50716
233970,36720
233970,60522
233970,16358
233970,50274
233970,3382
233970,61558
233970,54290
233970,48298
233970,59822
233970,50272
233970,1304
233970,35846
233970,36722
233970,53386
233970,63510
233970,32496
233970,63218
233970,63220
233970,63418
233970,61540
233970,53046
233970,53256
233970,45912
233970,44664
233970,62276
233970,44662
233970,56484
233970,48694
248292,61364
248292,1370
248292,50270
248292,61552
248292,50716
248292,36720
248292,16358
248292,50274
248292,3382
248292,61558
248292,54290
248292,59822
248292,50272
248292,1304
248292,35846
248292,36722
248292,53386
248292,63510
248292,32496
248292,63220
248292,63418
248292,61540
248292,53046
248292,62614
248292,53256
248292,45912
248292,44664
248292,62276
248292,44662
248292,56484
248373,61364
248373,1370
248373,50270
248373,61552
248373,50716
248373,36720
248373,34092
248373,60522
248373,16358
248373,50274
248373,3382
248373,61558
248373,54290
248373,48298
248373,59822
248373,50272
248373,1304
248373,35846
248373,36722
248373,53386
248373,63510
248373,32496
248373,63218
248373,63220
248373,63418
248373,61540
248373,53046
248373,62614
248373,53256
248373,45912
248373,44664
248373,62276
248373,44662
248373,56484
248373,48694
249567,61364
249567,1370
249567,50270
249567,35732
249567,61552
249567,50716
249567,36720
249567,60522
249567,16358
249567,50274
249567,3382
249567,61558
249567,54290
249567,48298
249567,59822
249567,50272
249567,1304
249567,35846
249567,36722
249567,53386
249567,63510
249567,32496
249567,63218
249567,63220
249567,63418
249567,61540
249567,53046
249567,62614
249567,53256
249567,45912
249567,44664
249567,62276
249567,44662
249567,56484
249567,48694
203058,61364
203058,1370
203058,50270
203058,61552
203058,50716
203058,36720
203058,60522
203058,16358
203058,50274
203058,3382
203058,61558
203058,54290
203058,48298
203058,59822
203058,50272
203058,1304
203058,35846
203058,36722
203058,53386
203058,63510
203058,32496
203058,63218
203058,63220
203058,63418
203058,61540
203058,53046
203058,48980
203058,62614
203058,62616
203058,53256
203058,45912
203058,44664
203058,62276
203058,44662
203058,56484
203058,48694
177474,61364
177474,1370
177474,50270
177474,50716
177474,36720
177474,39186
177474,34092
177474,60522
177474,16358
177474,33886
177474,50274
177474,3382
177474,10808
177474,61558
177474,54290
177474,48298
177474,59822
177474,50272
177474,1304
177474,35846
177474,46632
177474,50970
177474,36722
177474,53386
177474,63510
177474,32496
177474,63218
177474,63220
177474,63418
177474,62170
177474,53046
177474,45912
177474,44664
177474,62276
177474,44662
177474,56484
184488,61364
184488,1370
184488,61552
184488,50716
184488,36720
184488,16358
184488,50274
184488,3382
184488,61558
184488,54290
184488,59822
184488,50272
184488,1304
184488,35846
184488,36722
184488,53386
184488,63510
184488,32496
184488,63220
184488,63418
184488,61540
184488,45912
184488,44664
184488,62276
184488,44662
184488,56484
207144,61364
207144,1370
207144,50270
207144,61552
207144,50716
207144,36720
207144,16358
207144,50274
207144,3382
207144,61558
207144,54290
207144,59822
207144,50272
207144,1304
207144,35846
207144,36722
207144,53386
207144,63510
207144,32496
207144,63220
207144,63418
207144,61540
207144,62614
207144,53256
207144,45912
207144,44664
207144,62276
207144,44662
207144,56484
207144,48694
249216,61364
249216,1370
249216,50270
249216,61552
249216,50716
249216,36720
249216,60522
249216,16358
249216,50274
249216,3382
249216,61558
249216,54290
249216,48298
249216,59822
249216,50272
249216,1304
249216,35846
249216,36722
249216,53386
249216,63510
249216,32496
249216,63218
249216,59396
249216,63220
249216,63418
249216,61540
249216,53046
249216,48980
249216,62614
249216,53394
249216,62618
249216,62616
249216,53256
249216,45912
249216,44664
249216,62276
249216,62860
249216,44662
249216,1206
249216,48694
252480,61364
252480,1370
252480,61672
252480,50270
252480,35732
252480,48574
252480,61552
252480,50716
252480,36720
252480,34092
252480,60522
252480,16358
252480,11490
252480,124
252480,33886
252480,50274
252480,60
252480,3382
252480,10808
252480,61558
252480,54290
252480,48298
252480,59816
252480,59822
252480,50272
252480,1304
252480,37644
252480,35846
252480,46632
252480,42132
252480,33534
252480,50268
252480,53406
252480,51974
252480,44914
252480,50970
252480,36722
252480,61028
252480,53386
252480,62944
252480,63510
252480,32496
252480,55632
252480,63218
252480,63220
252480,63418
252480,44660
252480,62170
252480,61540
252480,53046
252480,63538
252480,45912
252480,44664
252480,62276
252480,44662
252480,56484
191451,61364
191451,1370
191451,50270
191451,61552
191451,50716
191451,36720
191451,16358
191451,50274
191451,3382
191451,61558
191451,54290
191451,59822
191451,50272
191451,1304
191451,35846
191451,36722
191451,53386
191451,63510
191451,32496
191451,63220
191451,63418
191451,61540
191451,45912
191451,44664
191451,62860
191451,44662
206637,61364
206637,61552
206637,50716
206637,34092
206637,16358
206637,52918
206637,50274
206637,3382
206637,61558
206637,59816
206637,59822
206637,50272
206637,1304
206637,35846
206637,46632
206637,36722
206637,53386
206637,63510
206637,32496
206637,55632
206637,63220
206637,63418
206637,61540
206637,53046
206637,48980
206637,62614
206637,62616
206637,53256
206637,45912
206637,44664
206637,62276
206637,44662
206637,56484
222306,61364
222306,1370
222306,50270
222306,61552
222306,50716
222306,36720
222306,34092
222306,60522
222306,16358
222306,33886
222306,50274
222306,3382
222306,10808
222306,61558
222306,54290
222306,48298
222306,59822
222306,50272
222306,1304
222306,35846
222306,46632
222306,50970
222306,36722
222306,53386
222306,63510
222306,32496
222306,63218
222306,63220
222306,63418
222306,62170
222306,61540
222306,53046
222306,48980
222306,62614
222306,62616
222306,53256
222306,45912
222306,44664
222306,62276
222306,44662
222306,56484
231057,61364
231057,1370
231057,50270
231057,61552
231057,50716
231057,36720
231057,34092
231057,60522
231057,16358
231057,33886
231057,50274
231057,3382
231057,10808
231057,61558
231057,54290
231057,48298
231057,59822
231057,50272
231057,1304
231057,35846
231057,46632
231057,50970
231057,36722
231057,53386
231057,63510
231057,32496
231057,63218
231057,63220
231057,63418
231057,62170
231057,61540
231057,53046
231057,62614
231057,53256
231057,45912
231057,44664
231057,62276
231057,44662
231057,56484
244158,61364
244158,1370
244158,50270
244158,35732
244158,61552
244158,50716
244158,36720
244158,60522
244158,16358
244158,50274
244158,3382
244158,61558
244158,54290
244158,48298
244158,59822
244158,50272
244158,1304
244158,35846
244158,36722
244158,53386
244158,63510
244158,32496
244158,63218
244158,63220
244158,63418
244158,61540
244158,53046
244158,62614
244158,53256
244158,45912
244158,44664
244158,62276
244158,44662
244158,56484
244158,48694
207087,61364
207087,1370
207087,50270
207087,61552
207087,50716
207087,36720
207087,60522
207087,16358
207087,50274
207087,3382
207087,61558
207087,54290
207087,48298
207087,59822
207087,50272
207087,1304
207087,35846
207087,36722
207087,53386
207087,63510
207087,32496
207087,63218
207087,63220
207087,63418
207087,61540
207087,53046
207087,53256
207087,44664
207087,62276
207087,44662
207087,56484
207087,48694
207240,61364
207240,1370
207240,50270
207240,61552
207240,50716
207240,36720
207240,16358
207240,50274
207240,3382
207240,61558
207240,54290
207240,35846
207240,53386
207240,63510
207240,32496
207240,63220
207240,63418
207240,61540
207240,53046
207240,62614
207240,53256
207240,45912
207240,44664
207240,62276
207240,44662
207240,56484
208899,61364
208899,1370
208899,50270
208899,35732
208899,61552
208899,50716
208899,36720
208899,60522
208899,16358
208899,50274
208899,3382
208899,61558
208899,54290
208899,48298
208899,59822
208899,50272
208899,1304
208899,35846
208899,36722
208899,53386
208899,63510
208899,32496
208899,63218
208899,63220
208899,63418
208899,61540
208899,53046
208899,45912
208899,44664
208899,62860
222159,61552
222159,50716
222159,16358
222159,52918
222159,50274
222159,61558
222159,59816
222159,59822
222159,50272
222159,1304
222159,35846
222159,36722
222159,53386
222159,63510
222159,32496
222159,63220
222159,61540
222159,53046
222159,62614
222159,53256
222159,45912
222159,44664
222159,62276
222159,44662
222159,56484
222159,48694
246099,61364
246099,1370
246099,50270
246099,61552
246099,50716
246099,36720
246099,60522
246099,16358
246099,50274
246099,3382
246099,61558
246099,54290
246099,48298
246099,59822
246099,50272
246099,1304
246099,35846
246099,36722
246099,53386
246099,63510
246099,32496
246099,63218
246099,59396
246099,63220
246099,63418
246099,61540
246099,53046
246099,48980
246099,62616
246099,53256
246099,45912
246099,44664
246099,62276
246099,44662
246099,56484
249579,61364
249579,1370
249579,50270
249579,50716
249579,36720
249579,16358
249579,50274
249579,3382
249579,61558
249579,54290
249579,48298
249579,59822
249579,50272
249579,1304
249579,35846
249579,50970
249579,36722
249579,53386
249579,63510
249579,32496
249579,63220
249579,63418
249579,62170
249579,61540
249579,53046
249579,48980
249579,62614
249579,53394
249579,62618
249579,62616
249579,53256
249579,45912
249579,44664
249579,62276
249579,62860
249579,44662
249579,1206
249579,48694
183387,61364
183387,1370
183387,61672
183387,50270
183387,35732
183387,48574
183387,61552
183387,50716
183387,36720
183387,34092
183387,60522
183387,16358
183387,11490
183387,124
183387,33886
183387,50274
183387,60
183387,3382
183387,10808
183387,61558
183387,48298
183387,59816
183387,59822
183387,50272
183387,1304
183387,37644
183387,35846
183387,46632
183387,42132
183387,33534
183387,50268
183387,53406
183387,51974
183387,44914
183387,50970
183387,36722
183387,61028
183387,53386
183387,62944
183387,63510
183387,32496
183387,55632
183387,63218
183387,63220
183387,63418
183387,44660
183387,62170
183387,61540
183387,53046
183387,63538
183387,53256
183387,45912
183387,44664
183387,62276
183387,44662
183387,56484
183387,48694
210954,61364
210954,1370
210954,50270
210954,61552
210954,50716
210954,36720
210954,16358
210954,50274
210954,3382
210954,61558
210954,54290
210954,59822
210954,50272
210954,1304
210954,35846
210954,36722
210954,53386
210954,63510
210954,32496
210954,63220
210954,63418
210954,61540
210954,53046
210954,45912
210954,44664
210954,62276
210954,44662
210954,56484
250434,61364
250434,1370
250434,50270
250434,61552
250434,50716
250434,36720
250434,57804
250434,16358
250434,50274
250434,3382
250434,61558
250434,54290
250434,59822
250434,50272
250434,1304
250434,35846
250434,36722
250434,53386
250434,63510
250434,32496
250434,63220
250434,63418
250434,61540
250434,62614
250434,53256
250434,44664
250434,62276
250434,44662
250434,56484
252696,61364
252696,1370
252696,50270
252696,61552
252696,50716
252696,36720
252696,57804
252696,60522
252696,16358
252696,50274
252696,3382
252696,61558
252696,54290
252696,48298
252696,59822
252696,50272
252696,1304
252696,50968
252696,35846
252696,50724
252696,53386
252696,63510
252696,32496
252696,63218
252696,63220
252696,63418
252696,61540
252696,53046
252696,53256
252696,45912
252696,44664
252696,62276
252696,44662
252696,56484
252696,48694
241305,61364
241305,1370
241305,50270
241305,61552
241305,50716
241305,36720
241305,16358
241305,50274
241305,3382
241305,61558
241305,54290
241305,59822
241305,50272
241305,1304
241305,35846
241305,36722
241305,53386
241305,63510
241305,32496
241305,63220
241305,63418
241305,61540
241305,53046
241305,44664
241305,44662
241305,48694
249633,61364
249633,50270
249633,50716
249633,16358
249633,50274
249633,3382
249633,61558
249633,54290
249633,53386
249633,32496
249633,63220
249633,63418
249633,44660
249633,61540
249633,48980
249633,62614
249633,53394
249633,62616
249633,53256
249633,45912
249633,44664
249633,62276
249633,44662
249633,56484
249633,48694
250275,61364
250275,1370
250275,61542
250275,50270
250275,54096
250275,61552
250275,50716
250275,36720
250275,34092
250275,60522
250275,16358
250275,33886
250275,50274
250275,3382
250275,10808
250275,61558
250275,54290
250275,48298
250275,59822
250275,50272
250275,1304
250275,60978
250275,35846
250275,46632
250275,53406
250275,50970
250275,36722
250275,61028
250275,53386
250275,63510
250275,32496
250275,55632
250275,63218
250275,63220
250275,62170
250275,54864
250275,48980
250275,62614
250275,62616
250275,53256
250275,45912
250275,44664
250275,62276
250275,62860
250275,44662
250275,56484
250275,48694
66924,61364
66924,1370
66924,50270
66924,61552
66924,50716
66924,36720
66924,34092
66924,60522
66924,16358
66924,33886
66924,50274
66924,60
66924,3382
66924,10808
66924,61558
66924,54290
66924,48298
66924,59822
66924,50272
66924,1304
66924,35846
66924,46632
66924,50268
66924,50724
66924,50970
66924,36722
66924,53386
66924,63510
66924,32496
66924,63218
66924,63220
66924,63418
66924,44660
66924,62170
66924,61540
66924,53046
66924,48980
66924,62614
66924,53394
66924,62616
66924,53256
66924,45912
66924,44664
66924,62276
66924,44662
66924,56484
211386,61364
211386,1370
211386,50270
211386,54096
211386,61552
211386,50716
211386,36720
211386,57804
211386,60522
211386,16358
211386,50274
211386,3382
211386,61558
211386,54290
211386,48298
211386,59822
211386,50272
211386,1304
211386,35846
211386,53406
211386,50970
211386,36722
211386,61028
211386,53386
211386,63510
211386,32496
211386,63218
211386,63220
211386,63418
211386,62170
211386,61540
211386,53046
211386,48980
211386,62616
211386,53256
211386,45912
211386,44664
211386,62276
211386,44662
211386,56484
216495,61364
216495,1370
216495,50270
216495,50716
216495,36720
216495,34092
216495,16358
216495,50274
216495,3382
216495,61558
216495,54290
216495,48298
216495,59822
216495,50272
216495,1304
216495,35846
216495,50970
216495,36722
216495,53386
216495,63510
216495,32496
216495,63220
216495,63418
216495,62170
216495,61540
216495,53046
216495,48980
216495,62614
216495,53394
216495,62616
216495,53256
216495,45912
216495,44664
216495,62276
216495,62860
216495,44662
216495,56484
216495,48694
246804,61364
246804,1370
246804,50270
246804,61552
246804,50716
246804,36720
246804,34092
246804,60522
246804,16358
246804,124
246804,33886
246804,50274
246804,60
246804,3382
246804,10808
246804,61558
246804,54290
246804,48298
246804,59822
246804,50272
246804,1304
246804,35846
246804,46632
246804,50268
246804,53406
246804,50724
246804,50970
246804,36722
246804,61028
246804,53386
246804,63510
246804,32496
246804,63218
246804,63220
246804,63418
246804,44660
246804,62170
246804,61540
246804,53046
246804,48980
246804,62614
246804,53394
246804,62616
246804,53256
246804,45912
246804,44664
246804,62276
246804,62860
246804,44662
246804,56484
246804,48694
191247,61364
191247,1370
191247,50270
191247,61552
191247,50716
191247,36720
191247,34092
191247,60522
191247,16358
191247,124
191247,33886
191247,50274
191247,60
191247,3382
191247,10808
191247,61558
191247,54290
191247,48298
191247,59822
191247,50272
191247,1304
191247,35846
191247,46632
191247,50268
191247,53406
191247,50724
191247,50970
191247,36722
191247,61028
191247,53386
191247,63510
191247,32496
191247,63218
191247,63220
191247,63418
191247,44660
191247,62170
191247,61540
191247,53046
191247,53256
191247,45912
191247,44664
191247,62276
191247,44662
191247,56484
222516,61364
222516,1370
222516,50270
222516,61552
222516,50716
222516,36720
222516,34092
222516,16358
222516,50274
222516,3382
222516,61558
222516,54290
222516,48298
222516,59822
222516,50272
222516,1304
222516,35846
222516,36722
222516,53386
222516,63510
222516,32496
222516,63218
222516,63220
222516,63418
222516,61540
222516,53046
222516,48980
222516,62616
222516,53256
222516,45912
222516,44664
222516,62276
222516,44662
222516,56484
223782,61364
223782,1370
223782,50270
223782,50716
223782,36720
223782,16358
223782,50274
223782,3382
223782,61558
223782,54290
223782,48298
223782,59822
223782,50272
223782,1304
223782,35846
223782,50970
223782,36722
223782,53386
223782,63510
223782,32496
223782,63220
223782,63418
223782,62170
223782,61540
223782,53046
223782,48980
223782,62614
223782,62616
223782,53256
223782,45912
223782,44664
223782,62276
223782,44662
223782,56484
223782,48694
157185,61364
157185,1370
157185,50270
157185,61552
157185,50716
157185,36720
157185,60522
157185,16358
157185,33886
157185,50274
157185,3382
157185,10808
157185,61558
157185,54290
157185,48298
157185,59822
157185,50272
157185,1304
157185,35846
157185,46632
157185,50970
157185,36722
157185,53386
157185,63510
157185,32496
157185,63218
157185,63220
157185,63418
157185,62170
157185,61540
157185,53046
157185,53256
157185,45912
157185,44664
157185,62276
157185,44662
157185,56484
163101,61364
163101,1370
163101,50270
163101,50716
163101,36720
163101,16358
163101,50274
163101,3382
163101,61558
163101,54290
163101,59822
163101,50272
163101,1304
163101,35846
163101,36722
163101,53386
163101,63510
163101,32496
163101,63220
163101,63418
163101,61540
163101,53046
163101,62614
163101,53256
163101,44664
163101,62276
163101,44662
163101,56484
163101,48694
248178,61364
248178,1370
248178,50270
248178,61552
248178,50716
248178,36720
248178,34092
248178,60522
248178,16358
248178,50274
248178,3382
248178,61558
248178,54290
248178,48298
248178,59822
248178,50272
248178,1304
248178,35846
248178,53386
248178,63510
248178,32496
248178,63218
248178,63220
248178,63418
248178,61540
248178,53046
248178,53256
248178,45912
248178,44664
248178,62276
248178,44662
249930,61364
249930,1370
249930,50270
249930,35732
249930,61552
249930,50716
249930,34092
249930,16358
249930,50274
249930,3382
249930,61558
249930,54290
249930,48298
249930,59822
249930,50272
249930,1304
249930,35846
249930,36722
249930,63510
249930,32496
249930,63218
249930,63220
249930,61540
249930,53046
249930,48980
249930,55798
249930,62614
249930,62618
249930,62616
249930,62378
249930,53256
249930,45912
249930,57522
249930,44664
249930,62276
249930,62860
249930,44662
213102,61364
213102,1370
213102,50270
213102,35732
213102,61552
213102,50716
213102,36720
213102,34092
213102,16358
213102,124
213102,33886
213102,50274
213102,3382
213102,10808
213102,61558
213102,48298
213102,59822
213102,50272
213102,1304
213102,35846
213102,46632
213102,50970
213102,36722
213102,53386
213102,59394
213102,63510
213102,32496
213102,55632
213102,63218
213102,63220
213102,62170
213102,61540
213102,53046
213102,62614
213102,53256
213102,45912
213102,44664
213102,62276
213102,44662
221331,61364
221331,1370
221331,50270
221331,35732
221331,61552
221331,50716
221331,36720
221331,34092
221331,60522
221331,16358
221331,50274
221331,3382
221331,61558
221331,54290
221331,48298
221331,59822
221331,50272
221331,1304
221331,35846
221331,46632
221331,36722
221331,63510
221331,32496
221331,63218
221331,63220
221331,63418
221331,61540
221331,53046
221331,62614
221331,53256
221331,45912
221331,44664
221331,62276
221331,44662
173613,61364
173613,1370
173613,50270
173613,35732
173613,61552
173613,50716
173613,36720
173613,34092
173613,60522
173613,16358
173613,50274
173613,3382
173613,61558
173613,54290
173613,48298
173613,59822
173613,50272
173613,1304
173613,35846
173613,46632
173613,36722
173613,63510
173613,32496
173613,63218
173613,63220
173613,63418
173613,61540
173613,53046
173613,62614
173613,53256
173613,45912
173613,44664
173613,62276
173613,44662
187263,61364
187263,1370
187263,50270
187263,35732
187263,61552
187263,50716
187263,36720
187263,34092
187263,60522
187263,16358
187263,50274
187263,3382
187263,61558
187263,54290
187263,48298
187263,59822
187263,50272
187263,1304
187263,35846
187263,46632
187263,36722
187263,63510
187263,32496
187263,63218
187263,63220
187263,61540
187263,53046
187263,45912
187263,44664
187263,62276
197835,61364
197835,1370
197835,50270
197835,35732
197835,61552
197835,50716
197835,36720
197835,34092
197835,16358
197835,50274
197835,3382
197835,61558
197835,54290
197835,59822
197835,50272
197835,1304
197835,35846
197835,63510
197835,32496
197835,63220
197835,61540
197835,53046
197835,48980
197835,62614
197835,53394
197835,62618
197835,62616
197835,53256
197835,45912
197835,44664
197835,62276
197835,62860
197835,44662
197835,1206
197835,48694
208479,61364
208479,1370
208479,61672
208479,50270
208479,35732
208479,48574
208479,61552
208479,50716
208479,36720
208479,34092
208479,60522
208479,16358
208479,11490
208479,124
208479,33886
208479,50274
208479,60
208479,3382
208479,10808
208479,61558
208479,48298
208479,59816
208479,59822
208479,50272
208479,1304
208479,37644
208479,35846
208479,46632
208479,42132
208479,33534
208479,50268
208479,53406
208479,51974
208479,44914
208479,50970
208479,36722
208479,61028
208479,62944
208479,63510
208479,32496
208479,55632
208479,63218
208479,63220
208479,44660
208479,62170
208479,61540
208479,53046
208479,63538
208479,45912
208479,44664
208479,62276
96138,61364
96138,1370
96138,50270
96138,35732
96138,61552
96138,50716
96138,36720
96138,34092
96138,16358
96138,50274
96138,3382
96138,61558
96138,54290
96138,48298
96138,59822
96138,50272
96138,1304
96138,35846
96138,36722
96138,63510
96138,32496
96138,63220
96138,61540
96138,53046
96138,45912
96138,44664
96138,62276
206673,61364
206673,1370
206673,50270
206673,35732
206673,61552
206673,50716
206673,36720
206673,34092
206673,16358
206673,50274
206673,3382
206673,61558
206673,54290
206673,59822
206673,50272
206673,1304
206673,35846
206673,63510
206673,32496
206673,55632
206673,63220
206673,61540
206673,53046
206673,62614
206673,53256
206673,45912
206673,44664
206673,62276
206673,44662
206673,56484
227292,61364
227292,1370
227292,50270
227292,35732
227292,61552
227292,50716
227292,36720
227292,34092
227292,60522
227292,16358
227292,50274
227292,3382
227292,61558
227292,54290
227292,48298
227292,59822
227292,50272
227292,1304
227292,35846
227292,46632
227292,36722
227292,63510
227292,32496
227292,63218
227292,63220
227292,61540
227292,53046
227292,45912
227292,44664
227292,62276
251829,61364
251829,1370
251829,50270
251829,35732
251829,61552
251829,50716
251829,36720
251829,34092
251829,16358
251829,50274
251829,3382
251829,61558
251829,54290
251829,48298
251829,59822
251829,50272
251829,1304
251829,35846
251829,36722
251829,63510
251829,32496
251829,63220
251829,61540
251829,53046
251829,53256
251829,45912
251829,44664
251829,62276
251829,44662
59700,61364
59700,1370
59700,35732
59700,61552
59700,50716
59700,36720
59700,39186
59700,34092
59700,16358
59700,50274
59700,3382
59700,61558
59700,48298
59700,59822
59700,50272
59700,1304
59700,35846
59700,36722
59700,63510
59700,32496
59700,55632
59700,63218
59700,63220
59700,61540
59700,53046
59700,62614
59700,53256
59700,45912
59700,44664
59700,62276
59700,44662
59700,56484
206979,61364
206979,1370
206979,50270
206979,35732
206979,61552
206979,50716
206979,36720
206979,34092
206979,60522
206979,16358
206979,50274
206979,3382
206979,61558
206979,54290
206979,48298
206979,59822
206979,50272
206979,1304
206979,35846
206979,46632
206979,36722
206979,63510
206979,32496
206979,63218
206979,63220
206979,61540
206979,53046
206979,45912
206979,44664
206979,62276
249207,61364
249207,1370
249207,50270
249207,35732
249207,61552
249207,50716
249207,36720
249207,34092
249207,16358
249207,50274
249207,3382
249207,61558
249207,54290
249207,59822
249207,50272
249207,1304
249207,35846
249207,53386
249207,63510
249207,32496
249207,63220
249207,61540
249207,53046
249207,48980
249207,62614
249207,62616
249207,53256
249207,45912
249207,44664
249207,62276
249207,62860
249207,44662
204480,61364
204480,1370
204480,50270
204480,35732
204480,61552
204480,50716
204480,36720
204480,34092
204480,16358
204480,124
204480,33886
204480,50274
204480,3382
204480,10808
204480,61558
204480,48298
204480,59822
204480,50272
204480,1304
204480,35846
204480,46632
204480,50970
204480,36722
204480,63510
204480,32496
204480,55632
204480,63218
204480,63220
204480,62170
204480,61540
204480,53046
204480,48980
204480,62614
204480,53394
204480,62618
204480,62616
204480,53256
204480,45912
204480,44664
204480,62276
204480,62860
204480,44662
204480,1206
204480,48694
206856,61364
206856,1370
206856,61672
206856,50270
206856,35732
206856,48574
206856,61552
206856,50716
206856,36720
206856,34092
206856,60522
206856,16358
206856,11490
206856,124
206856,33886
206856,50274
206856,60
206856,3382
206856,10808
206856,61558
206856,54290
206856,48298
206856,59816
206856,59822
206856,50272
206856,1304
206856,37644
206856,35846
206856,46632
206856,42132
206856,33534
206856,50268
206856,53406
206856,51974
206856,44914
206856,50970
206856,36722
206856,61028
206856,62944
206856,63510
206856,32496
206856,55632
206856,63218
206856,63220
206856,63418
206856,44660
206856,62170
206856,61540
206856,53046
206856,63538
206856,48980
206856,62614
206856,53394
206856,62616
206856,53256
206856,45912
206856,44664
206856,62276
206856,44662
206856,56484
206856,48694
247983,61364
247983,1370
247983,50270
247983,54096
247983,61552
247983,50716
247983,36720
247983,60522
247983,16358
247983,50274
247983,3382
247983,61558
247983,54290
247983,48298
247983,59822
247983,50272
247983,1304
247983,35846
247983,53406
247983,50970
247983,36722
247983,61028
247983,53386
247983,63510
247983,32496
247983,63218
247983,63220
247983,63418
247983,62170
247983,61540
247983,53046
247983,62614
247983,53256
247983,45912
247983,44664
247983,62276
247983,44662
247983,56484
247983,48694
232029,61364
232029,1370
232029,50270
232029,50716
232029,36720
232029,60522
232029,16358
232029,50274
232029,3382
232029,61558
232029,54290
232029,48298
232029,59822
232029,50272
232029,1304
232029,35846
232029,36722
232029,53386
232029,63510
232029,32496
232029,63218
232029,63220
232029,63418
232029,61540
232029,53046
232029,48980
232029,62614
232029,53394
232029,62616
232029,63540
232029,53256
232029,45912
232029,44664
232029,62276
232029,62860
232029,44662
232029,56484
232029,48694
200259,1370
200259,50270
200259,54096
200259,50716
200259,36720
200259,39186
200259,34092
200259,60522
200259,16358
200259,124
200259,33886
200259,50274
200259,60
200259,3382
200259,10808
200259,61558
200259,54290
200259,48298
200259,59822
200259,50272
200259,1304
200259,35846
200259,46632
200259,53406
200259,50970
200259,36722
200259,61028
200259,53386
200259,63510
200259,32496
200259,63218
200259,63220
200259,62170
200259,48980
200259,62614
200259,53394
200259,62616
200259,63540
200259,53256
200259,45912
200259,44664
200259,62276
200259,62860
200259,44662
200259,56484
200259,48694
167676,1370
167676,50270
167676,54096
167676,50716
167676,36720
167676,39186
167676,34092
167676,60522
167676,16358
167676,124
167676,33886
167676,50274
167676,60
167676,3382
167676,10808
167676,61558
167676,54290
167676,48298
167676,59822
167676,50272
167676,1304
167676,35846
167676,46632
167676,53406
167676,50970
167676,61028
167676,63510
167676,32496
167676,63218
167676,63220
167676,62170
167676,45912
167676,44664
186327,16358
186327,50274
186327,61558
186327,59822
186327,50272
186327,1304
186327,35846
186327,36722
186327,53386
186327,63510
186327,32496
186327,63220
186327,48980
186327,62614
186327,62616
186327,53256
186327,44664
186327,62276
186327,44662
186327,56484
186327,48694
206958,61364
206958,1370
206958,50270
206958,35732
206958,50716
206958,36720
206958,39186
206958,60522
206958,16358
206958,33886
206958,50274
206958,3382
206958,10808
206958,61558
206958,54290
206958,48298
206958,59822
206958,50272
206958,1304
206958,35846
206958,46632
206958,50970
206958,63510
206958,32496
206958,63218
206958,63220
206958,63418
206958,62170
206958,48980
206958,62614
206958,62616
206958,53256
206958,45912
206958,44664
206958,44662
206958,56484
206958,48694
247956,50270
247956,50716
247956,36720
247956,34092
247956,57804
247956,16358
247956,50274
247956,3382
247956,61558
247956,54290
247956,48298
247956,59822
247956,50272
247956,1304
247956,35846
247956,50970
247956,36722
247956,53386
247956,63510
247956,32496
247956,63220
247956,62170
247956,62614
247956,53256
247956,45912
247956,44664
247956,62276
247956,44662
247956,56484
247956,48694
183666,61364
183666,1370
183666,50270
183666,50716
183666,36720
183666,60522
183666,16358
183666,50274
183666,3382
183666,61558
183666,54290
183666,48298
183666,59822
183666,50272
183666,1304
183666,35846
183666,36722
183666,53386
183666,63510
183666,32496
183666,63218
183666,63220
183666,63418
183666,62614
183666,53256
183666,45912
183666,44664
183666,62276
183666,44662
183666,56484
183666,48694
206928,61364
206928,1370
206928,50270
206928,61552
206928,50716
206928,36720
206928,60522
206928,16358
206928,50274
206928,3382
206928,61558
206928,54290
206928,48298
206928,59822
206928,50272
206928,1304
206928,35846
206928,36722
206928,53386
206928,63510
206928,32496
206928,63218
206928,63220
206928,63418
206928,61540
206928,53046
206928,45912
206928,44664
206928,62276
206928,44662
206928,56484
165183,61364
165183,1370
165183,61552
165183,50716
165183,36720
165183,57804
165183,16358
165183,50274
165183,3382
165183,61558
165183,54290
165183,59822
165183,50272
165183,1304
165183,35846
165183,36722
165183,53386
165183,63510
165183,32496
165183,63220
165183,63418
165183,61540
165183,53046
165183,45912
165183,44664
165183,62276
165183,44662
165183,56484
165183,48694
206355,61364
206355,1370
206355,61552
206355,50716
206355,36720
206355,16358
206355,50274
206355,3382
206355,61558
206355,54290
206355,59822
206355,50272
206355,1304
206355,35846
206355,36722
206355,53386
206355,63510
206355,32496
206355,63220
206355,63418
206355,61540
206355,48980
206355,62614
206355,62616
206355,53256
206355,45912
206355,44664
206355,62276
206355,44662
206355,56484
206355,48694
173796,61364
173796,1370
173796,50270
173796,50716
173796,36720
173796,39186
173796,34092
173796,60522
173796,16358
173796,33886
173796,50274
173796,3382
173796,10808
173796,61558
173796,54290
173796,48298
173796,59822
173796,50272
173796,1304
173796,35846
173796,46632
173796,50970
173796,36722
173796,53386
173796,63510
173796,32496
173796,63218
173796,63220
173796,63418
173796,62170
173796,53046
173796,62614
173796,53256
173796,45912
173796,44664
173796,62276
173796,44662
173796,56484
231876,61364
231876,1370
231876,50270
231876,35732
231876,61552
231876,50716
231876,36720
231876,34092
231876,60522
231876,16358
231876,50274
231876,3382
231876,61558
231876,54290
231876,48298
231876,59822
231876,50272
231876,1304
231876,35846
231876,46632
231876,36722
231876,63510
231876,32496
231876,63218
231876,63220
231876,63418
231876,61540
231876,53046
231876,53256
231876,45912
231876,44664
231876,62276
231876,44662
231876,56484
231876,48694
72117,61364
72117,1370
72117,50270
72117,61552
72117,50716
72117,36720
72117,16358
72117,50274
72117,3382
72117,61558
72117,54290
72117,59822
72117,50272
72117,1304
72117,35846
72117,36722
72117,53386
72117,63510
72117,32496
72117,63220
72117,63418
72117,61540
72117,53046
72117,44664
203145,50274
203145,61558
203145,59816
203145,59822
203145,50272
203145,1304
203145,49888
203145,35846
203145,46632
203145,53386
203145,63510
203145,62614
203145,53256
203145,45912
203145,44664
203145,62276
203145,44662
210843,61364
210843,1370
210843,50270
210843,35732
210843,61552
210843,50716
210843,36720
210843,34092
210843,16358
210843,50274
210843,3382
210843,61558
210843,54290
210843,48298
210843,59822
210843,50272
210843,1304
210843,35846
210843,46632
210843,36722
210843,63510
210843,32496
210843,55632
210843,63220
210843,61540
210843,53046
210843,45912
210843,44664
210843,62276
210843,44662
210843,56484
236766,61364
236766,1370
236766,61552
236766,50716
236766,36720
236766,16358
236766,50274
236766,3382
236766,61558
236766,54290
236766,59822
236766,50272
236766,1304
236766,35846
236766,36722
236766,53386
236766,63510
236766,32496
236766,63220
236766,63418
236766,61540
236766,45912
236766,44664
236766,62860
236766,44662
203646,61364
203646,61552
203646,50716
203646,34092
203646,16358
203646,52918
203646,50274
203646,3382
203646,61558
203646,59816
203646,59822
203646,50272
203646,1304
203646,35846
203646,46632
203646,36722
203646,53386
203646,63510
203646,32496
203646,55632
203646,63220
203646,63418
203646,61540
203646,53046
203646,62614
203646,53256
203646,44664
203646,62276
203646,44662
203646,56484
203646,48694
211638,61364
211638,1370
211638,50270
211638,61552
211638,50716
211638,36720
211638,39186
211638,60522
211638,16358
211638,50274
211638,3382
211638,61558
211638,54290
211638,48298
211638,59822
211638,50272
211638,1304
211638,35846
211638,53386
211638,63510
211638,32496
211638,63218
211638,63220
211638,63418
211638,61540
211638,53046
211638,53256
211638,44664
211638,62276
211638,44662
211638,56484
211638,48694
161208,61364
161208,1370
161208,50270
161208,61552
161208,50716
161208,36720
161208,16358
161208,50274
161208,3382
161208,61558
161208,54290
161208,35846
161208,53386
161208,63510
161208,32496
161208,63220
161208,63418
161208,61540
161208,53046
161208,45912
161208,44664
161208,62276
161208,44662
161208,56484
244041,61364
244041,1370
244041,61552
244041,50716
244041,36720
244041,16358
244041,50274
244041,3382
244041,61558
244041,54290
244041,59822
244041,50272
244041,1304
244041,35846
244041,36722
244041,53386
244041,63510
244041,32496
244041,63220
244041,63418
244041,61540
244041,53046
244041,55798
244041,62400
244041,63540
244041,44644
244041,50962
244041,62860
194409,56714
194409,11262
194409,36720
194409,34092
194409,57804
194409,60522
194409,44302
194409,11490
194409,48298
194409,59816
194409,59822
194409,60978
194409,33534
194409,53406
194409,50720
194409,44914
194409,55632
194409,53046
194409,48980
194409,55798
194409,63540
194409,57522
194409,59776
194409,52620
194409,44662
194409,1206
194409,58504
248301,56714
248301,61672
248301,11262
248301,36720
248301,34092
248301,57804
248301,60522
248301,44302
248301,11490
248301,1372
248301,59816
248301,59822
248301,50272
248301,53160
248301,60978
248301,51316
248301,33534
248301,53406
248301,51974
248301,50720
248301,44914
248301,61560
248301,36722
248301,61028
248301,53386
248301,55632
248301,57414
248301,63136
248301,61540
248301,53046
248301,48980
248301,55798
248301,62616
248301,63540
248301,57522
248301,10790
231144,56714
231144,11262
231144,36720
231144,34092
231144,57804
231144,60522
231144,44302
231144,11490
231144,3382
231144,48298
231144,59816
231144,59822
231144,60978
231144,33534
231144,53406
231144,50720
231144,44914
231144,55632
231144,53046
231144,48980
231144,55798
231144,63540
231144,57522
231144,59776
231144,52620
231144,1206
67764,56714
67764,61672
67764,11262
67764,36720
67764,34092
67764,57804
67764,60522
67764,44302
67764,11490
67764,48298
67764,59816
67764,59822
67764,50272
67764,53160
67764,60978
67764,33534
67764,53406
67764,50720
67764,44914
67764,61560
67764,36722
67764,61028
67764,53386
67764,55632
67764,61540
67764,53046
67764,48980
67764,55798
67764,62616
67764,63540
67764,57522
67764,59776
67764,52620
212745,61672
212745,11262
212745,36720
212745,34092
212745,57804
212745,44302
212745,11490
212745,59816
212745,59822
212745,60978
212745,33534
212745,53406
212745,50720
212745,44914
212745,36722
212745,61028
212745,53386
212745,55632
212745,61540
212745,53046
212745,48980
212745,55798
212745,63540
212745,57522
212745,59776
212745,52620
212745,44662
212745,1206
212745,58504
206868,56714
206868,61672
206868,11262
206868,36720
206868,34092
206868,57804
206868,60522
206868,11490
206868,3382
206868,48298
206868,59816
206868,59822
206868,1304
206868,53160
206868,60978
206868,33534
206868,53406
206868,50720
206868,44914
206868,61560
206868,36722
206868,61028
206868,53386
206868,55632
206868,57414
206868,63136
206868,61540
206868,53046
206868,48980
206868,55798
206868,62616
206868,63540
206868,10790
206868,1206
67314,56714
67314,61672
67314,11262
67314,36720
67314,34092
67314,57804
67314,60522
67314,44302
67314,11490
67314,59816
67314,59822
67314,1304
67314,53160
67314,60978
67314,33534
67314,53406
67314,50720
67314,44914
67314,61560
67314,36722
67314,61028
67314,53386
67314,55632
67314,61540
67314,53046
67314,48980
67314,55798
67314,62616
67314,63540
67314,1206
155271,56714
155271,61672
155271,11262
155271,36720
155271,34092
155271,57804
155271,44302
155271,11490
155271,3382
155271,48298
155271,59816
155271,59822
155271,53160
155271,60978
155271,33534
155271,53406
155271,50720
155271,44914
155271,61560
155271,36722
155271,61028
155271,53386
155271,55632
155271,61540
155271,53046
155271,48980
155271,55798
155271,62616
155271,63540
155271,57522
155271,59776
155271,52620
206784,35732
206784,48574
206784,124
206784,61558
206784,1372
206784,50272
206784,50968
206784,35846
206784,46632
206784,50268
206784,53406
206784,50970
206784,53386
206784,62944
206784,59394
206784,63510
206784,63218
206784,62274
206784,44660
206784,63136
206784,62376
206784,63538
206784,36762
206784,48980
206784,55798
206784,62614
206784,63540
206784,44662
206784,1206
208758,61364
208758,1370
208758,61348
208758,54096
208758,61552
208758,34092
208758,61280
208758,1372
208758,50272
208758,50968
208758,35846
208758,46632
208758,50268
208758,53406
208758,50970
208758,62944
208758,59394
208758,63510
208758,57414
208758,62274
208758,44660
208758,63136
208758,62376
208758,63538
208758,63540
208758,1206
209154,61364
209154,1370
209154,54096
209154,61552
209154,34092
209154,61558
209154,1372
209154,50272
209154,50968
209154,35846
209154,46632
209154,50268
209154,53406
209154,50970
209154,62944
209154,59394
209154,63510
209154,62274
209154,44660
209154,63136
209154,62376
209154,63538
209154,48980
209154,55798
209154,62614
209154,63540
209154,44662
209154,1206
208488,61364
208488,1370
208488,54096
208488,61552
208488,34092
208488,61280
208488,124
208488,61558
208488,1372
208488,50272
208488,50968
208488,35846
208488,50268
208488,53406
208488,50970
208488,53386
208488,62944
208488,59394
208488,63510
208488,55632
208488,63218
208488,62274
208488,44660
208488,63136
208488,62376
208488,63538
208488,36762
208488,48980
208488,55798
208488,62614
208488,63540
208488,53256
208488,44662
72561,61364
72561,1370
72561,61348
72561,54096
72561,61552
72561,34092
72561,61280
72561,44302
72561,124
72561,50274
72561,61558
72561,1372
72561,50272
72561,50968
72561,60978
72561,35846
72561,46632
72561,42132
72561,50268
72561,53406
72561,50970
72561,62944
72561,59394
72561,63510
72561,55632
72561,63218
72561,62274
72561,63418
72561,44660
72561,62170
72561,63136
72561,61540
72561,62376
72561,63538
72561,36762
72561,48980
72561,55798
72561,62614
72561,63540
72561,53256
72561,10790
72561,52620
72561,62860
72561,44662
72561,1206
187221,61364
187221,1370
187221,61348
187221,54096
187221,61552
187221,50716
187221,36720
187221,34092
187221,61280
187221,124
187221,61558
187221,50272
187221,50968
187221,35846
187221,46632
187221,42132
187221,50268
187221,53406
187221,50970
187221,62944
187221,59394
187221,63510
187221,63218
187221,62274
187221,44660
187221,63136
187221,62376
187221,63538
187221,36762
187221,48980
187221,55798
187221,62614
187221,63540
187221,1206
252066,61364
252066,1370
252066,61348
252066,54096
252066,61552
252066,34092
252066,61280
252066,124
252066,61558
252066,1372
252066,50272
252066,50968
252066,35846
252066,46632
252066,42132
252066,50268
252066,53406
252066,50970
252066,53386
252066,62944
252066,59394
252066,63510
252066,63218
252066,62274
252066,44660
252066,63136
252066,62376
252066,63538
252066,36762
252066,48980
252066,55798
252066,62614
252066,63540
252066,44662
252066,1206
66918,61364
66918,1370
66918,61348
66918,54096
66918,61552
66918,34092
66918,61280
66918,61558
66918,50272
66918,50968
66918,35846
66918,46632
66918,42132
66918,50268
66918,53406
66918,50970
66918,62944
66918,59394
66918,63510
66918,62274
66918,44660
66918,63136
66918,62376
66918,63538
66918,63540
66918,1206
174279,61364
174279,1370
174279,54096
174279,61552
174279,34092
174279,61280
174279,61558
174279,1372
174279,50272
174279,50968
174279,35846
174279,46632
174279,50268
174279,53406
174279,50970
174279,59394
174279,63510
174279,62274
174279,44660
174279,63136
174279,62376
174279,63538
174279,48980
174279,55798
174279,62614
174279,63540
174279,44662
174279,1206
237252,61364
237252,1370
237252,54096
237252,61552
237252,34092
237252,61280
237252,124
237252,61558
237252,1372
237252,50272
237252,50968
237252,35846
237252,46632
237252,42132
237252,50268
237252,53406
237252,50970
237252,62944
237252,59394
237252,63510
237252,63218
237252,62274
237252,44660
237252,63136
237252,62376
237252,63538
237252,36762
237252,48980
237252,55798
237252,62614
237252,63540
237252,44662
237252,1206
229263,61364
229263,1370
229263,61348
229263,54096
229263,61552
229263,34092
229263,61280
229263,44302
229263,124
229263,52918
229263,50274
229263,61558
229263,1372
229263,50272
229263,50968
229263,35846
229263,46632
229263,42132
229263,50268
229263,53406
229263,61560
229263,50970
229263,36722
229263,62944
229263,59394
229263,63510
229263,55632
229263,63218
229263,62274
229263,63418
229263,44660
229263,63136
229263,61540
229263,62376
229263,63538
229263,36762
229263,48980
229263,55798
229263,62614
229263,62378
229263,63540
229263,53256
229263,44664
229263,62860
229263,44662
229263,56484
229263,1206
237057,61364
237057,1370
237057,30500
237057,61348
237057,54096
237057,36720
237057,16358
237057,124
237057,61558
237057,1372
237057,50272
237057,50968
237057,35846
237057,46632
237057,42132
237057,50268
237057,53406
237057,50970
237057,59394
237057,63510
237057,63218
237057,62274
237057,44660
237057,63136
237057,62376
237057,63538
237057,36762
237057,48980
237057,55798
237057,62614
237057,63540
237057,44662
237057,1206
225972,61364
225972,1370
225972,61348
225972,54096
225972,61552
225972,61280
225972,124
225972,61558
225972,1372
225972,50272
225972,50968
225972,35846
225972,50268
225972,53406
225972,50970
225972,53386
225972,62944
225972,59394
225972,63510
225972,55632
225972,62274
225972,44660
225972,63136
225972,62376
225972,63538
225972,36762
225972,48980
225972,55798
225972,62614
225972,63540
225972,53256
225972,44662
249342,61364
249342,1370
249342,30500
249342,54096
249342,34092
249342,61280
249342,44302
249342,124
249342,52918
249342,33886
249342,50274
249342,61558
249342,1372
249342,50272
249342,50968
249342,60978
249342,35846
249342,46632
249342,42132
249342,50268
249342,53406
249342,50970
249342,36722
249342,59394
249342,63510
249342,32496
249342,55632
249342,63218
249342,62274
249342,50718
249342,63418
249342,44660
249342,62170
249342,63136
249342,61540
249342,62376
249342,63538
249342,36762
249342,48980
249342,55798
249342,62614
249342,63540
249342,53256
249342,44664
249342,62860
249342,44662
249342,56484
249342,1206
227238,61364
227238,1370
227238,61348
227238,54096
227238,61552
227238,36720
227238,34092
227238,61280
227238,61558
227238,1372
227238,50272
227238,50968
227238,35846
227238,46632
227238,42132
227238,50268
227238,53406
227238,50970
227238,62944
227238,59394
227238,63510
227238,62274
227238,44660
227238,63136
227238,62376
227238,63538
227238,48980
227238,55798
227238,62614
227238,63540
227238,44662
227238,1206
228438,61364
228438,1370
228438,54096
228438,61552
228438,34092
228438,61280
228438,124
228438,61558
228438,1372
228438,50272
228438,50968
228438,35846
228438,46632
228438,42132
228438,50268
228438,53406
228438,50970
228438,59394
228438,63510
228438,63218
228438,62274
228438,44660
228438,63136
228438,62376
228438,63538
228438,36762
228438,48980
228438,55798
228438,62614
228438,63540
228438,44662
228438,1206
249486,61364
249486,1370
249486,61348
249486,54096
249486,61552
249486,61280
249486,61558
249486,1372
249486,50272
249486,50968
249486,50268
249486,53406
249486,53386
249486,62944
249486,59394
249486,32496
249486,55632
249486,62274
249486,44660
249486,63136
249486,62376
249486,63538
249486,36762
249486,48980
249486,55798
249486,62614
249486,63540
249486,44662
249486,1206
242415,61364
242415,1370
242415,30500
242415,61348
242415,54096
242415,34092
242415,61280
242415,44302
242415,124
242415,52918
242415,33886
242415,50274
242415,61558
242415,1372
242415,50272
242415,50968
242415,60978
242415,35846
242415,10652
242415,42132
242415,50268
242415,53406
242415,50724
242415,50970
242415,53386
242415,63188
242415,62944
242415,59394
242415,63510
242415,55632
242415,63218
242415,62274
242415,63186
242415,50718
242415,63418
242415,44660
242415,62170
242415,63136
242415,61540
242415,62376
242415,63538
242415,36762
242415,54864
242415,48980
242415,55798
242415,62614
242415,53394
242415,63540
242415,53256
242415,44644
242415,55638
242415,10790
242415,44664
242415,59776
242415,50962
242415,62860
242415,44662
242415,56484
242415,53258
250668,61364
250668,1370
250668,30500
250668,61348
250668,54096
250668,61552
250668,50716
250668,36720
250668,34092
250668,61280
250668,60522
250668,1372
250668,50272
250668,35846
250668,42132
250668,50268
250668,50970
250668,59394
250668,57414
250668,62274
250668,44660
250668,63136
250668,62376
250668,48980
250668,55798
250668,62614
250668,63540
250668,44662
187386,61364
187386,1370
187386,54096
187386,61552
187386,50716
187386,124
187386,61558
187386,1372
187386,50272
187386,50968
187386,35846
187386,46632
187386,50268
187386,53406
187386,50970
187386,62944
187386,59394
187386,63510
187386,63218
187386,62274
187386,44660
187386,63136
187386,62376
187386,63538
187386,36762
187386,48980
187386,55798
187386,62614
187386,63540
187386,44662
187386,1206
165045,61364
165045,1370
165045,61348
165045,54096
165045,61552
165045,34092
165045,61280
165045,61558
165045,50272
165045,50968
165045,35846
165045,46632
165045,42132
165045,50268
165045,53406
165045,50970
165045,62944
165045,59394
165045,63510
165045,57414
165045,62274
165045,44660
165045,63136
165045,62376
165045,63538
165045,62400
165045,63540
165045,52620
165045,1206
225390,61364
225390,1370
225390,54096
225390,61552
225390,34092
225390,61280
225390,124
225390,61558
225390,1372
225390,50272
225390,50968
225390,35846
225390,46632
225390,42132
225390,50268
225390,53406
225390,50970
225390,53386
225390,62944
225390,59394
225390,63510
225390,63218
225390,62274
225390,44660
225390,63136
225390,62376
225390,63538
225390,36762
225390,48980
225390,55798
225390,62614
225390,63540
225390,44662
225390,1206
206988,61364
206988,1370
206988,61348
206988,54096
206988,61552
206988,34092
206988,61280
206988,50272
206988,44660
206988,62376
244680,61364
244680,1370
244680,54096
244680,44302
244680,124
244680,52918
244680,50274
244680,61558
244680,1372
244680,50272
244680,50968
244680,60978
244680,35846
244680,10652
244680,42132
244680,50268
244680,53406
244680,50724
244680,50970
244680,53386
244680,63188
244680,62944
244680,59394
244680,63510
244680,55632
244680,63218
244680,62274
244680,63186
244680,50718
244680,63418
244680,44660
244680,62170
244680,63136
244680,61540
244680,62376
244680,36762
244680,54864
244680,48980
244680,55798
244680,62614
244680,53394
244680,63540
244680,53256
244680,44644
244680,55638
244680,10790
244680,44664
244680,59776
244680,50962
244680,62860
244680,44662
244680,56484
244680,53258
183468,61364
183468,1370
183468,30500
183468,61348
183468,54096
183468,61552
183468,50716
183468,36720
183468,34092
183468,61280
183468,60522
183468,61558
183468,1372
183468,50272
183468,50968
183468,35846
183468,46632
183468,50268
183468,53406
183468,50970
183468,59394
183468,63510
183468,62274
183468,44660
183468,63136
183468,62376
183468,63538
183468,48980
183468,55798
183468,62614
183468,63540
183468,44662
183468,1206
208206,61364
208206,1370
208206,54096
208206,61552
208206,34092
208206,61280
208206,61558
208206,1372
208206,50272
208206,50968
208206,35846
208206,46632
208206,42132
208206,50268
208206,53406
208206,50970
208206,62944
208206,59394
208206,63510
208206,62274
208206,44660
208206,63136
208206,62376
208206,63538
208206,48980
208206,55798
208206,62614
208206,63540
208206,44662
208206,1206
222204,61364
222204,1370
222204,54096
222204,61552
222204,34092
222204,61280
222204,124
222204,61558
222204,1372
222204,50272
222204,50968
222204,35846
222204,50268
222204,53406
222204,50970
222204,53386
222204,62944
222204,59394
222204,63510
222204,55632
222204,63218
222204,62274
222204,44660
222204,63136
222204,62376
222204,63538
222204,36762
222204,48980
222204,55798
222204,62614
222204,63540
222204,53256
222204,44662
179700,61364
179700,1370
179700,30500
179700,61348
179700,54096
179700,34092
179700,61280
179700,60522
179700,44302
179700,11490
179700,124
179700,52918
179700,33886
179700,50274
179700,60
179700,3382
179700,10808
179700,61558
179700,1372
179700,54290
179700,48298
179700,59816
179700,59822
179700,50272
179700,1304
179700,37644
179700,49888
179700,53160
179700,50968
179700,60978
179700,35846
179700,46632
179700,10652
179700,42132
179700,51316
179700,33534
179700,50268
179700,53406
179700,51974
179700,50720
179700,50724
179700,44914
179700,61560
179700,50970
179700,36722
179700,61028
179700,53386
179700,63188
179700,62944
179700,59394
179700,63510
179700,32496
179700,55632
179700,57414
179700,63360
179700,63218
179700,59396
179700,62274
179700,63220
179700,63186
179700,50718
179700,56696
179700,63418
179700,44660
179700,62170
179700,63136
179700,61540
179700,62376
179700,53046
179700,63538
179700,36762
179700,54864
179700,48980
179700,55798
179700,62614
179700,53394
179700,62618
179700,62616
179700,62400
179700,62378
179700,63540
179700,53256
179700,45912
179700,44644
179700,57522
179700,55638
179700,10790
179700,44664
179700,59776
179700,53048
179700,52620
179700,50962
179700,62276
179700,62860
179700,44662
179700,56484
179700,1206
179700,48694
179700,53258
179700,58504
210045,61364
210045,1370
210045,30500
210045,56714
210045,61672
210045,61348
210045,50270
210045,54096
210045,11262
210045,35732
210045,48574
210045,61552
210045,50716
210045,36720
210045,39186
210045,34092
210045,57804
210045,61280
210045,60522
210045,62074
210045,124
210045,61558
210045,1372
210045,50272
210045,50968
210045,35846
210045,46632
210045,42132
210045,50268
210045,53406
210045,50970
210045,59394
210045,63510
210045,63218
210045,62274
210045,44660
210045,63136
210045,62376
210045,63538
210045,36762
210045,48980
210045,55798
210045,62614
210045,63540
210045,44662
210045,1206
157767,61364
157767,1370
157767,61348
157767,54096
157767,61552
157767,61280
157767,44302
157767,124
157767,50274
157767,61558
157767,1372
157767,50272
157767,50968
157767,60978
157767,35846
157767,46632
157767,42132
157767,50268
157767,53406
157767,50970
157767,62944
157767,59394
157767,63510
157767,55632
157767,63218
157767,62274
157767,63418
157767,44660
157767,62170
157767,63136
157767,61540
157767,62376
157767,63538
157767,36762
157767,48980
157767,55798
157767,62614
157767,63540
157767,53256
157767,10790
157767,52620
157767,62860
157767,1206
171702,61364
171702,1370
171702,61348
171702,54096
171702,61552
171702,50716
171702,36720
171702,34092
171702,61280
171702,61558
171702,1372
171702,50272
171702,50968
171702,35846
171702,46632
171702,50268
171702,53406
171702,50970
171702,59394
171702,63510
171702,62274
171702,44660
171702,63136
171702,62376
171702,63538
171702,48980
171702,55798
171702,62614
171702,63540
171702,44662
171702,1206
181662,61364
181662,1370
181662,54096
181662,61552
181662,34092
181662,61280
181662,124
181662,61558
181662,1372
181662,50272
181662,50968
181662,35846
181662,46632
181662,50268
181662,53406
181662,50970
181662,53386
181662,62944
181662,59394
181662,63510
181662,55632
181662,63218
181662,62274
181662,44660
181662,63136
181662,62376
181662,63538
181662,36762
181662,48980
181662,55798
181662,62614
181662,63540
181662,53256
181662,44662
203451,61364
203451,1370
203451,61348
203451,54096
203451,61552
203451,34092
203451,61280
203451,124
203451,61558
203451,1372
203451,50272
203451,50968
203451,35846
203451,46632
203451,42132
203451,50268
203451,53406
203451,50970
203451,62944
203451,59394
203451,63510
203451,63218
203451,62274
203451,44660
203451,63136
203451,62376
203451,63538
203451,36762
203451,48980
203451,55798
203451,62614
203451,63540
203451,44662
203451,1206
205191,61364
205191,1370
205191,61348
205191,54096
205191,61552
205191,34092
205191,61280
205191,124
205191,61558
205191,1372
205191,50272
205191,50968
205191,35846
205191,46632
205191,42132
205191,50268
205191,53406
205191,50970
205191,53386
205191,62944
205191,59394
205191,63510
205191,63218
205191,62274
205191,44660
205191,63136
205191,62376
205191,63538
205191,36762
205191,48980
205191,55798
205191,62614
205191,63540
205191,44662
205191,1206
229737,61364
229737,1370
229737,61348
229737,54096
229737,61552
229737,34092
229737,61280
229737,1372
229737,50272
229737,50968
229737,35846
229737,46632
229737,50268
229737,53406
229737,62944
229737,59394
229737,63510
229737,57414
229737,62274
229737,44660
229737,63136
229737,62376
229737,63538
229737,48980
229737,55798
229737,62614
229737,63540
229737,44662
229737,1206
232656,61364
232656,1370
232656,54096
232656,61552
232656,34092
232656,61280
232656,1372
232656,50272
232656,50968
232656,35846
232656,46632
232656,50268
232656,53406
232656,62944
232656,59394
232656,63510
232656,62274
232656,44660
232656,63136
232656,62376
232656,63538
232656,48980
232656,55798
232656,62614
232656,63540
232656,44662
232656,1206
203184,61364
203184,1370
203184,54096
203184,61552
203184,34092
203184,124
203184,61558
203184,1372
203184,50272
203184,50968
203184,35846
203184,46632
203184,42132
203184,50268
203184,53406
203184,50970
203184,62944
203184,59394
203184,63510
203184,63218
203184,62274
203184,44660
203184,63136
203184,62376
203184,63538
203184,36762
203184,48980
203184,55798
203184,62614
203184,63540
203184,44662
203184,1206
233163,61364
233163,1370
233163,61348
233163,54096
233163,61552
233163,34092
233163,61280
233163,124
233163,61558
233163,50272
233163,50968
233163,35846
233163,46632
233163,42132
233163,50268
233163,53406
233163,50970
233163,62944
233163,59394
233163,63510
233163,63218
233163,62274
233163,44660
233163,63136
233163,62376
233163,63538
233163,36762
233163,48980
233163,55798
233163,62614
233163,63540
233163,1206
203280,61364
203280,1370
203280,61348
203280,54096
203280,61552
203280,34092
203280,61280
203280,44302
203280,124
203280,50274
203280,61558
203280,1372
203280,50272
203280,50968
203280,35846
203280,46632
203280,42132
203280,50268
203280,53406
203280,50970
203280,62944
203280,59394
203280,63510
203280,63218
203280,62274
203280,63418
203280,44660
203280,63136
203280,61540
203280,62376
203280,63538
203280,36762
203280,48980
203280,55798
203280,62614
203280,63540
203280,53256
203280,62860
203280,44662
203280,1206
156063,61364
156063,1370
156063,61348
156063,54096
156063,61552
156063,36720
156063,34092
156063,61280
156063,1372
156063,50272
156063,50968
156063,35846
156063,46632
156063,50268
156063,53406
156063,62944
156063,59394
156063,63510
156063,62274
156063,44660
156063,63136
156063,62376
156063,63538
156063,63540
156063,1206
165132,61364
165132,1370
165132,54096
165132,61552
165132,34092
165132,61558
165132,1372
165132,50272
165132,50968
165132,35846
165132,46632
165132,42132
165132,50268
165132,53406
165132,50970
165132,62944
165132,59394
165132,63510
165132,62274
165132,44660
165132,63136
165132,62376
165132,63538
165132,48980
165132,55798
165132,62614
165132,63540
165132,44662
165132,1206
195771,61364
195771,1370
195771,54096
195771,61552
195771,34092
195771,61280
195771,124
195771,61558
195771,1372
195771,50272
195771,50968
195771,35846
195771,46632
195771,50268
195771,53406
195771,50970
195771,62944
195771,59394
195771,63510
195771,55632
195771,63218
195771,62274
195771,44660
195771,63136
195771,62376
195771,63538
195771,36762
195771,48980
195771,55798
195771,62614
195771,63540
195771,44662
195771,1206
177672,61364
177672,1370
177672,61348
177672,54096
177672,61552
177672,34092
177672,61280
177672,61558
177672,1372
177672,50272
177672,50968
177672,35846
177672,46632
177672,50268
177672,53406
177672,50970
177672,59394
177672,63510
177672,62274
177672,44660
177672,63136
177672,62376
177672,63538
177672,48980
177672,55798
177672,62614
177672,63540
177672,44662
177672,1206
207588,61364
207588,1370
207588,54096
207588,61552
207588,34092
207588,61280
207588,124
207588,61558
207588,1372
207588,50272
207588,50968
207588,35846
207588,50268
207588,53406
207588,50970
207588,53386
207588,62944
207588,59394
207588,63510
207588,55632
207588,63218
207588,62274
207588,44660
207588,62170
207588,63136
207588,62376
207588,63538
207588,36762
207588,48980
207588,55798
207588,62614
207588,63540
207588,53256
207588,44662
210000,61364
210000,1370
210000,30500
210000,61348
210000,54096
210000,34092
210000,61280
210000,60522
210000,44302
210000,124
210000,50274
210000,61558
210000,1372
210000,50272
210000,50968
210000,35846
210000,46632
210000,42132
210000,50268
210000,53406
210000,62944
210000,59394
210000,63510
210000,32496
210000,63218
210000,62274
210000,63418
210000,44660
210000,63136
210000,61540
210000,62376
210000,63538
210000,36762
210000,48980
210000,55798
210000,62614
210000,63540
210000,53256
210000,62860
210000,44662
210000,1206
164631,61364
164631,1370
164631,61348
164631,54096
164631,61552
164631,36720
164631,34092
164631,61280
164631,44302
164631,124
164631,50274
164631,61558
164631,1372
164631,50272
164631,50968
164631,35846
164631,46632
164631,50268
164631,53406
164631,62944
164631,59394
164631,63510
164631,55632
164631,63218
164631,62274
164631,63418
164631,44660
164631,63136
164631,61540
164631,62376
164631,63538
164631,36762
164631,48980
164631,55798
164631,62614
164631,63540
164631,53256
164631,62860
164631,44662
164631,1206
221610,61364
221610,1370
221610,61348
221610,54096
221610,61552
221610,36720
221610,34092
221610,61280
221610,124
221610,61558
221610,1372
221610,50272
221610,50968
221610,35846
221610,46632
221610,42132
221610,50268
221610,53406
221610,50970
221610,59394
221610,63510
221610,63218
221610,62274
221610,44660
221610,63136
221610,62376
221610,63538
221610,36762
221610,48980
221610,55798
221610,62614
221610,63540
221610,44662
221610,1206
203811,61364
203811,1370
203811,61348
203811,54096
203811,61552
203811,61558
203811,1372
203811,50272
203811,50968
203811,35846
203811,46632
203811,50268
203811,53406
203811,50970
203811,59394
203811,63510
203811,62274
203811,44660
203811,63136
203811,62376
203811,63538
203811,48980
203811,55798
203811,62614
203811,63540
203811,44662
203811,1206
206634,61364
206634,1370
206634,54096
206634,61552
206634,34092
206634,61280
206634,124
206634,61558
206634,50272
206634,50968
206634,35846
206634,46632
206634,50268
206634,53406
206634,50970
206634,53386
206634,62944
206634,59394
206634,63510
206634,63218
206634,62274
206634,44660
206634,63136
206634,62376
206634,63538
206634,36762
206634,48980
206634,55798
206634,62614
206634,63540
206634,1206
212592,61364
212592,1370
212592,61348
212592,54096
212592,61552
212592,34092
212592,61280
212592,44302
212592,124
212592,52918
212592,50274
212592,10808
212592,61558
212592,1372
212592,50272
212592,50968
212592,60978
212592,35846
212592,46632
212592,42132
212592,53406
212592,50970
212592,36722
212592,62944
212592,59394
212592,63510
212592,32496
212592,55632
212592,57414
212592,63218
212592,62274
212592,50718
212592,63418
212592,44660
212592,62170
212592,63136
212592,61540
212592,62376
212592,63538
212592,36762
212592,48980
212592,55798
212592,62614
212592,63540
212592,53256
212592,44664
212592,62860
212592,56484
212592,1206
231225,61364
231225,1370
231225,61348
231225,54096
231225,36720
231225,44302
231225,124
231225,52918
231225,33886
231225,50274
231225,61558
231225,1372
231225,50272
231225,50968
231225,60978
231225,35846
231225,10652
231225,42132
231225,50268
231225,53406
231225,50724
231225,50970
231225,53386
231225,63188
231225,62944
231225,59394
231225,63510
231225,55632
231225,63218
231225,62274
231225,63186
231225,50718
231225,63418
231225,44660
231225,62170
231225,63136
231225,61540
231225,62376
231225,36762
231225,54864
231225,48980
231225,55798
231225,62614
231225,53394
231225,63540
231225,53256
231225,44644
231225,55638
231225,10790
231225,44664
231225,59776
231225,50962
231225,62860
231225,44662
231225,56484
231225,53258
64365,61364
64365,1370
64365,30500
64365,61348
64365,54096
64365,61552
64365,50716
64365,36720
64365,34092
64365,61280
64365,60522
64365,44302
64365,124
64365,50274
64365,61558
64365,1372
64365,50272
64365,50968
64365,60978
64365,35846
64365,46632
64365,50268
64365,53406
64365,50970
64365,53386
64365,62944
64365,59394
64365,63510
64365,55632
64365,63218
64365,62274
64365,50718
64365,44660
64365,63136
64365,62376
64365,63538
64365,36762
64365,48980
64365,55798
64365,62614
64365,63540
64365,53256
64365,62860
64365,44662
154998,61364
154998,1370
154998,30500
154998,61348
154998,54096
154998,36720
154998,34092
154998,61280
154998,44302
154998,124
154998,52918
154998,50274
154998,61558
154998,1372
154998,50272
154998,50968
154998,60978
154998,35846
154998,10652
154998,42132
154998,50268
154998,53406
154998,50724
154998,50970
154998,53386
154998,63188
154998,62944
154998,59394
154998,63510
154998,55632
154998,57414
154998,63218
154998,62274
154998,63186
154998,50718
154998,63418
154998,44660
154998,62170
154998,63136
154998,61540
154998,62376
154998,63538
154998,36762
154998,54864
154998,48980
154998,55798
154998,62614
154998,53394
154998,62400
154998,63540
154998,53256
154998,44644
154998,55638
154998,10790
154998,44664
154998,59776
154998,52620
154998,50962
154998,62860
154998,44662
154998,56484
154998,53258
231708,61364
231708,1370
231708,30500
231708,61348
231708,54096
231708,61552
231708,50716
231708,36720
231708,34092
231708,61280
231708,60522
231708,44302
231708,124
231708,52918
231708,50274
231708,60
231708,10808
231708,61558
231708,1372
231708,54290
231708,59822
231708,50272
231708,1304
231708,37644
231708,49888
231708,53160
231708,50968
231708,60978
231708,35846
231708,46632
231708,10652
231708,42132
231708,51316
231708,33534
231708,50268
231708,53406
231708,51974
231708,50724
231708,44914
231708,61560
231708,50970
231708,36722
231708,53386
231708,63188
231708,62944
231708,59394
231708,63510
231708,32496
231708,55632
231708,63360
231708,63218
231708,59396
231708,62274
231708,63186
231708,50718
231708,56696
231708,63418
231708,44660
231708,62170
231708,63136
231708,61540
231708,62376
231708,53046
231708,36762
231708,54864
231708,48980
231708,55798
231708,62614
231708,53394
231708,62616
231708,63540
231708,53256
231708,44644
231708,57522
231708,55638
231708,10790
231708,44664
231708,59776
231708,52620
231708,50962
231708,62276
231708,62860
231708,44662
231708,56484
231708,48694
231708,53258
193911,61364
193911,1370
193911,30500
193911,56714
193911,50270
193911,54096
193911,11262
193911,35732
193911,48574
193911,61552
193911,50716
193911,36720
193911,39186
193911,34092
193911,57804
193911,61280
193911,60522
193911,62074
193911,124
193911,61558
193911,1372
193911,50272
193911,50968
193911,35846
193911,46632
193911,50268
193911,53406
193911,50970
193911,62944
193911,59394
193911,63510
193911,63218
193911,62274
193911,44660
193911,63136
193911,62376
193911,63538
193911,36762
193911,48980
193911,55798
193911,62614
193911,63540
193911,44662
193911,1206
166356,61364
166356,1370
166356,61348
166356,54096
166356,61552
166356,34092
166356,61280
166356,44302
166356,11490
166356,124
166356,52918
166356,33886
166356,50274
166356,60
166356,3382
166356,10808
166356,61558
166356,1372
166356,54290
166356,48298
166356,59822
166356,50272
166356,1304
166356,37644
166356,49888
166356,53160
166356,50968
166356,60978
166356,35846
166356,46632
166356,10652
166356,42132
166356,51316
166356,33534
166356,50268
166356,53406
166356,51974
166356,50720
166356,50724
166356,44914
166356,61560
166356,50970
166356,36722
166356,61028
166356,53386
166356,63188
166356,62944
166356,59394
166356,63510
166356,32496
166356,55632
166356,57414
166356,63360
166356,63218
166356,59396
166356,62274
166356,63220
166356,63186
166356,50718
166356,56696
166356,63418
166356,44660
166356,62170
166356,63136
166356,61540
166356,62376
166356,53046
166356,63538
166356,36762
166356,54864
166356,48980
166356,55798
166356,62614
166356,53394
166356,62618
166356,62616
166356,62400
166356,62378
166356,63540
166356,53256
166356,45912
166356,44644
166356,57522
166356,55638
166356,10790
166356,44664
166356,59776
166356,52620
166356,50962
166356,62276
166356,62860
166356,44662
166356,56484
166356,1206
166356,48694
166356,53258
166356,58504
217620,61364
217620,1370
217620,30500
217620,56714
217620,61672
217620,61348
217620,50270
217620,54096
217620,11262
217620,35732
217620,48574
217620,61552
217620,50716
217620,36720
217620,39186
217620,34092
217620,57804
217620,61280
217620,60522
217620,62074
217620,1372
217620,50272
217620,60978
217620,44660
217620,62376
217620,54864
217620,48980
217620,55798
217620,62614
217620,62618
217620,63540
217620,53256
217620,44662
217620,1206
225396,61364
225396,124
225396,61558
225396,1372
225396,50272
225396,50968
225396,35846
225396,46632
225396,42132
225396,50268
225396,53406
225396,50970
225396,53386
225396,62944
225396,59394
225396,63510
225396,32496
225396,63218
225396,62274
225396,44660
225396,63136
225396,62376
225396,63538
225396,36762
225396,48980
225396,55798
225396,62614
225396,63540
225396,44662
225396,1206
245154,61364
245154,1370
245154,61348
245154,54096
245154,61552
245154,34092
245154,61280
245154,124
245154,61558
245154,1372
245154,50272
245154,50968
245154,35846
245154,46632
245154,50268
245154,53406
245154,50970
245154,53386
245154,62944
245154,59394
245154,63510
245154,55632
245154,63218
245154,62274
245154,44660
245154,63136
245154,62376
245154,63538
245154,36762
245154,48980
245154,55798
245154,62614
245154,63540
245154,53256
245154,44662
188853,61364
188853,1370
188853,61348
188853,54096
188853,34092
188853,61280
188853,124
188853,61558
188853,50272
188853,50968
188853,35846
188853,46632
188853,50268
188853,53406
188853,50970
188853,62944
188853,59394
188853,63510
188853,63218
188853,62274
188853,44660
188853,63136
188853,62376
188853,63538
188853,36762
188853,48980
188853,55798
188853,62614
188853,63540
208554,61364
208554,30500
208554,61348
208554,54096
208554,61552
208554,34092
208554,61280
208554,44302
208554,50274
208554,61558
208554,1372
208554,50272
208554,50968
208554,35846
208554,46632
208554,50268
208554,53406
208554,50970
208554,59394
208554,63510
208554,55632
208554,62274
208554,44660
208554,63136
208554,62376
208554,63538
208554,36762
208554,48980
208554,55798
208554,62614
208554,63540
208554,62860
208554,44662
208554,1206
221409,61364
221409,1370
221409,54096
221409,61552
221409,36720
221409,34092
221409,61280
221409,44302
221409,124
221409,50274
221409,61558
221409,50272
221409,50968
221409,35846
221409,46632
221409,42132
221409,53406
221409,50970
221409,62944
221409,59394
221409,63510
221409,55632
221409,63218
221409,62274
221409,44660
221409,63136
221409,62376
221409,63538
221409,36762
221409,48980
221409,55798
221409,62614
221409,63540
221409,53256
221409,62860
221409,1206
228687,61364
228687,1370
228687,61348
228687,54096
228687,36720
228687,44302
228687,11490
228687,124
228687,52918
228687,33886
228687,50274
228687,60
228687,3382
228687,10808
228687,61558
228687,1372
228687,54290
228687,48298
228687,59816
228687,59822
228687,50272
228687,1304
228687,37644
228687,49888
228687,53160
228687,50968
228687,60978
228687,35846
228687,46632
228687,10652
228687,42132
228687,51316
228687,33534
228687,50268
228687,53406
228687,51974
228687,50720
228687,50724
228687,44914
228687,61560
228687,50970
228687,36722
228687,61028
228687,53386
228687,63188
228687,62944
228687,59394
228687,63510
228687,32496
228687,55632
228687,57414
228687,63360
228687,63218
228687,59396
228687,62274
228687,63220
228687,63186
228687,50718
228687,56696
228687,63418
228687,44660
228687,62170
228687,63136
228687,61540
228687,62376
228687,53046
228687,63538
228687,36762
228687,54864
228687,48980
228687,55798
228687,62614
228687,53394
228687,62616
228687,62400
228687,62378
228687,63540
228687,53256
228687,45912
228687,44644
228687,57522
228687,55638
228687,10790
228687,44664
228687,59776
228687,53048
228687,52620
228687,50962
228687,62276
228687,62860
228687,44662
228687,56484
228687,1206
228687,48694
228687,53258
228687,58504
244644,61364
244644,1370
244644,30500
244644,56714
244644,61672
244644,61348
244644,50270
244644,54096
244644,11262
244644,35732
244644,48574
244644,61552
244644,50716
244644,36720
244644,39186
244644,34092
244644,57804
244644,61280
244644,60522
244644,62074
244644,50272
244644,62376
244644,54864
244644,48980
244644,55798
244644,62614
244644,62618
244644,63540
244644,53256
244644,1206
64959,44302
64959,11490
64959,124
64959,52918
64959,33886
64959,50274
64959,60
64959,3382
64959,10808
64959,61558
64959,1372
64959,54290
64959,48298
64959,59816
64959,59822
64959,50272
64959,1304
64959,37644
64959,49888
64959,53160
64959,50968
64959,60978
64959,35846
64959,46632
64959,10652
64959,42132
64959,51316
64959,33534
64959,50268
64959,53406
64959,51974
64959,50720
64959,50724
64959,44914
64959,61560
64959,50970
64959,36722
64959,61028
64959,53386
64959,63188
64959,62944
64959,59394
64959,63510
64959,32496
64959,55632
64959,57414
64959,63360
64959,63218
64959,59396
64959,62274
64959,63220
64959,63186
64959,50718
64959,56696
64959,63418
64959,44660
64959,62170
64959,63136
64959,61540
64959,62376
64959,53046
64959,63538
64959,36762
64959,54864
64959,48980
64959,55798
64959,62614
64959,53394
64959,62618
64959,62616
64959,62400
64959,62378
64959,63540
64959,53256
64959,45912
64959,44644
64959,57522
64959,55638
64959,10790
64959,44664
64959,59776
64959,53048
64959,52620
64959,50962
64959,62276
64959,62860
64959,44662
64959,56484
64959,1206
64959,48694
64959,53258
64959,58504
195249,61364
195249,1370
195249,30500
195249,56714
195249,61672
195249,61348
195249,50270
195249,54096
195249,11262
195249,35732
195249,48574
195249,61552
195249,50716
195249,36720
195249,39186
195249,34092
195249,57804
195249,61280
195249,60522
195249,62074
195249,44302
195249,11490
195249,124
195249,52918
195249,33886
195249,50274
195249,60
195249,3382
195249,10808
195249,61558
195249,1372
195249,54290
195249,48298
195249,59816
195249,59822
195249,50272
195249,1304
195249,37644
195249,49888
195249,53160
195249,50968
195249,60978
195249,35846
195249,46632
195249,10652
195249,42132
195249,51316
195249,33534
195249,50268
195249,53406
195249,51974
195249,50720
195249,50724
195249,44914
195249,61560
195249,50970
195249,36722
195249,61028
195249,53386
195249,63188
195249,62944
195249,59394
195249,63510
195249,32496
195249,55632
195249,57414
195249,63360
195249,63218
195249,59396
195249,62274
195249,63220
195249,63186
195249,50718
195249,56696
195249,63418
195249,44660
195249,62170
195249,63136
195249,61540
195249,62376
195249,53046
195249,63538
195249,36762
195249,54864
195249,48980
195249,55798
195249,62614
195249,53394
195249,62616
195249,62400
195249,62378
195249,63540
195249,53256
195249,45912
195249,44644
195249,57522
195249,55638
195249,10790
195249,44664
195249,59776
195249,53048
195249,52620
195249,50962
195249,62276
195249,62860
195249,44662
195249,56484
195249,1206
195249,48694
195249,53258
195249,58504
203271,61364
203271,1370
203271,30500
203271,56714
203271,61672
203271,61348
203271,50270
203271,54096
203271,11262
203271,35732
203271,48574
203271,61552
203271,50716
203271,36720
203271,39186
203271,34092
203271,57804
203271,61280
203271,60522
203271,62074
203271,44302
203271,11490
203271,124
203271,52918
203271,33886
203271,50274
203271,60
203271,3382
203271,10808
203271,61558
203271,1372
203271,54290
203271,48298
203271,59816
203271,59822
203271,50272
203271,1304
203271,37644
203271,49888
203271,53160
203271,50968
203271,60978
203271,35846
203271,46632
203271,10652
203271,42132
203271,51316
203271,33534
203271,50268
203271,53406
203271,51974
203271,50720
203271,50724
203271,44914
203271,61560
203271,50970
203271,36722
203271,61028
203271,53386
203271,63188
203271,62944
203271,59394
203271,63510
203271,32496
203271,55632
203271,57414
203271,63360
203271,63218
203271,59396
203271,62274
203271,63220
203271,63186
203271,50718
203271,56696
203271,63418
203271,44660
203271,62170
203271,63136
203271,61540
203271,62376
203271,53046
203271,63538
203271,36762
203271,54864
203271,48980
203271,55798
203271,62614
203271,53394
203271,62618
203271,62616
203271,62400
203271,62378
203271,63540
203271,53256
203271,45912
203271,44644
203271,57522
203271,55638
203271,10790
203271,44664
203271,59776
203271,53048
203271,52620
203271,50962
203271,62276
203271,62860
203271,44662
203271,56484
203271,1206
203271,48694
203271,53258
203271,58504
218673,61364
218673,1370
218673,30500
218673,56714
218673,61672
218673,61348
218673,50270
218673,54096
218673,11262
218673,35732
218673,48574
218673,61552
218673,50716
218673,36720
218673,39186
218673,34092
218673,57804
218673,61280
218673,60522
218673,62074
218673,44302
218673,124
218673,50274
218673,61558
218673,1372
218673,50272
218673,50968
218673,60978
218673,35846
218673,46632
218673,50268
218673,53406
218673,53386
218673,62944
218673,59394
218673,63510
218673,55632
218673,63218
218673,62274
218673,50718
218673,44660
218673,63136
218673,62376
218673,63538
218673,36762
218673,48980
218673,55798
218673,62614
218673,63540
218673,53256
218673,62860
218673,44662
238032,61364
238032,1370
238032,30500
238032,61348
238032,54096
238032,36720
238032,34092
238032,61280
238032,1372
238032,50272
238032,50968
238032,35846
238032,46632
238032,50268
238032,53406
238032,62944
238032,59394
238032,63510
238032,62274
238032,44660
238032,63136
238032,62376
238032,63538
238032,48980
238032,55798
238032,62614
238032,63540
238032,44662
238032,1206
60870,61364
60870,1370
60870,54096
60870,61552
60870,34092
60870,50272
60870,44660
60870,62376
60870,54864
60870,48980
60870,55798
60870,62614
60870,62618
60870,63540
60870,53256
60870,1206
163044,61364
163044,44302
163044,124
163044,52918
163044,50274
163044,61558
163044,1372
163044,50272
163044,50968
163044,35846
163044,46632
163044,42132
163044,50268
163044,53406
163044,50970
163044,36722
163044,62944
163044,59394
163044,63510
163044,63218
163044,62274
163044,44660
163044,63136
163044,62376
163044,63538
163044,36762
163044,48980
163044,55798
163044,62614
163044,63540
163044,44664
163044,62860
163044,44662
163044,56484
163044,1206
203277,61364
203277,1370
203277,61348
203277,54096
203277,61552
203277,36720
203277,34092
203277,61280
203277,61558
203277,1372
203277,50272
203277,50968
203277,35846
203277,46632
203277,42132
203277,50268
203277,53406
203277,50970
203277,62944
203277,59394
203277,63510
203277,62274
203277,44660
203277,63136
203277,62376
203277,63538
203277,48980
203277,55798
203277,62614
203277,63540
203277,44662
203277,1206
209073,61364
209073,1370
209073,54096
209073,61552
209073,34092
209073,61280
209073,61558
209073,1372
209073,50272
209073,50968
209073,35846
209073,46632
209073,50268
209073,53406
209073,50970
209073,62944
209073,59394
209073,63510
209073,55632
209073,62274
209073,44660
209073,63136
209073,62376
209073,63538
209073,36762
209073,48980
209073,55798
209073,62614
209073,63540
209073,44662
209073,1206
184710,61364
184710,1370
184710,61348
184710,54096
184710,61552
184710,34092
184710,61280
184710,61558
184710,1372
184710,50272
184710,50968
184710,35846
184710,50268
184710,53406
184710,53386
184710,62944
184710,59394
184710,32496
184710,55632
184710,62274
184710,44660
184710,63136
184710,62376
184710,36762
184710,48980
184710,55798
184710,62614
184710,63540
184710,44662
203733,61364
203733,1370
203733,30500
203733,61348
203733,54096
203733,34092
203733,61280
203733,1372
203733,50272
203733,50968
203733,35846
203733,46632
203733,42132
203733,50268
203733,53406
203733,50970
203733,62944
203733,59394
203733,63510
203733,62274
203733,44660
203733,63136
203733,62376
203733,63538
203733,48980
203733,55798
203733,62614
203733,63540
203733,44662
203733,1206
205665,61364
205665,1370
205665,54096
205665,61552
205665,34092
205665,1372
205665,50272
205665,50968
205665,35846
205665,46632
205665,50268
205665,53406
205665,62944
205665,59394
205665,63510
205665,62274
205665,44660
205665,63136
205665,62376
205665,63538
205665,48980
205665,55798
205665,62614
205665,63540
205665,44662
205665,1206
230073,61364
230073,1370
230073,54096
230073,61552
230073,34092
230073,61558
230073,1372
230073,50272
230073,50968
230073,35846
230073,46632
230073,50268
230073,53406
230073,50970
230073,62944
230073,59394
230073,63510
230073,62274
230073,44660
230073,63136
230073,62376
230073,63538
230073,48980
230073,55798
230073,62614
230073,63540
230073,44662
230073,1206
77484,61364
77484,1370
77484,54096
77484,61552
77484,34092
77484,61280
77484,44302
77484,124
77484,50274
77484,61558
77484,1372
77484,50272
77484,50968
77484,35846
77484,46632
77484,42132
77484,50268
77484,53406
77484,50970
77484,62944
77484,59394
77484,63510
77484,63218
77484,62274
77484,63418
77484,44660
77484,63136
77484,61540
77484,62376
77484,63538
77484,36762
77484,48980
77484,55798
77484,62614
77484,63540
77484,53256
77484,62860
77484,44662
77484,1206
154803,61364
154803,1370
154803,61348
154803,54096
154803,61552
154803,36720
154803,34092
154803,61280
154803,124
154803,61558
154803,1372
154803,50272
154803,50968
154803,35846
154803,46632
154803,42132
154803,50268
154803,53406
154803,50970
154803,62944
154803,59394
154803,63510
154803,32496
154803,63218
154803,62274
154803,44660
154803,63136
154803,62376
154803,63538
154803,36762
154803,48980
154803,55798
154803,62614
154803,63540
154803,44662
154803,1206
234555,61364
234555,1370
234555,61348
234555,54096
234555,61552
234555,34092
234555,61280
234555,124
234555,61558
234555,1372
234555,50272
234555,50968
234555,35846
234555,46632
234555,50268
234555,53406
234555,50970
234555,53386
234555,62944
234555,59394
234555,63510
234555,63218
234555,62274
234555,44660
234555,63136
234555,62376
234555,63538
234555,36762
234555,48980
234555,55798
234555,62614
234555,63540
234555,44662
234555,1206
244287,61364
244287,1370
244287,61348
244287,54096
244287,61552
244287,34092
244287,61280
244287,124
244287,61558
244287,1372
244287,50272
244287,50968
244287,35846
244287,46632
244287,50268
244287,53406
244287,50970
244287,62944
244287,59394
244287,63510
244287,63218
244287,62274
244287,44660
244287,63136
244287,62376
244287,63538
244287,36762
244287,48980
244287,55798
244287,62614
244287,63540
244287,44662
244287,1206
246870,61364
246870,1370
246870,61348
246870,54096
246870,61552
246870,34092
246870,61280
246870,124
246870,61558
246870,1372
246870,50272
246870,50968
246870,35846
246870,46632
246870,42132
246870,50268
246870,53406
246870,50970
246870,59394
246870,63510
246870,63218
246870,62274
246870,44660
246870,63136
246870,62376
246870,63538
246870,36762
246870,48980
246870,55798
246870,62614
246870,63540
246870,44662
246870,1206
162603,61364
162603,1370
162603,61348
162603,54096
162603,61552
162603,50272
162603,50968
162603,35846
162603,46632
162603,50268
162603,53406
162603,50970
162603,62944
162603,59394
162603,63510
162603,57414
162603,62274
162603,44660
162603,63136
162603,62376
162603,63538
162603,62400
162603,63540
162603,52620
162603,1206
206421,61364
206421,1370
206421,54096
206421,61552
206421,34092
206421,124
206421,61558
206421,1372
206421,50272
206421,50968
206421,35846
206421,46632
206421,50268
206421,53406
206421,50970
206421,62944
206421,59394
206421,63510
206421,63218
206421,62274
206421,44660
206421,63136
206421,62376
206421,63538
206421,36762
206421,48980
206421,55798
206421,62614
206421,63540
206421,44662
206421,1206
207330,61364
207330,1370
207330,61348
207330,54096
207330,61552
207330,34092
207330,61280
207330,124
207330,61558
207330,1372
207330,50272
207330,50968
207330,35846
207330,46632
207330,42132
207330,50268
207330,53406
207330,50970
207330,62944
207330,59394
207330,63510
207330,55632
207330,63218
207330,62274
207330,44660
207330,63136
207330,62376
207330,63538
207330,36762
207330,48980
207330,55798
207330,62614
207330,63540
207330,44662
207330,1206
247974,61364
247974,1370
247974,61348
247974,54096
247974,61552
247974,34092
247974,61280
247974,124
247974,61558
247974,1372
247974,50272
247974,50968
247974,35846
247974,46632
247974,42132
247974,50268
247974,53406
247974,50970
247974,62944
247974,59394
247974,63510
247974,32496
247974,55632
247974,63218
247974,62274
247974,44660
247974,63136
247974,62376
247974,63538
247974,36762
247974,48980
247974,55798
247974,62614
247974,63540
247974,44662
247974,1206
154956,61364
154956,1370
154956,61348
154956,54096
154956,61552
154956,34092
154956,61280
154956,61558
154956,1372
154956,50272
154956,50968
154956,35846
154956,46632
154956,42132
154956,50268
154956,53406
154956,50970
154956,62944
154956,59394
154956,63510
154956,62274
154956,44660
154956,63136
154956,62376
154956,63538
154956,48980
154956,55798
154956,62614
154956,63540
154956,44662
154956,1206
172719,61364
172719,1370
172719,54096
172719,61552
172719,34092
172719,61280
172719,124
172719,61558
172719,1372
172719,50272
172719,50968
172719,35846
172719,46632
172719,42132
172719,50268
172719,53406
172719,50970
172719,62944
172719,59394
172719,63510
172719,32496
172719,63218
172719,62274
172719,44660
172719,63136
172719,62376
172719,63538
172719,36762
172719,48980
172719,55798
172719,62614
172719,63540
172719,44662
172719,1206
219456,61364
219456,1370
219456,61348
219456,54096
219456,61552
219456,34092
219456,61280
219456,1372
219456,50272
219456,35846
219456,42132
219456,50268
219456,50970
219456,59394
219456,62274
219456,44660
219456,63136
219456,62376
219456,63538
219456,48980
219456,55798
219456,62614
219456,63540
219456,44662
219456,1206
233040,61364
233040,1370
233040,54096
233040,61552
233040,50716
233040,124
233040,61558
233040,1372
233040,50272
233040,50968
233040,35846
233040,46632
233040,42132
233040,50268
233040,53406
233040,50970
233040,62944
233040,59394
233040,63510
233040,32496
233040,55632
233040,63218
233040,62274
233040,44660
233040,63136
233040,62376
233040,63538
233040,36762
233040,48980
233040,55798
233040,62614
233040,63540
233040,44662
233040,1206
176319,61364
176319,1370
176319,61348
176319,54096
176319,61552
176319,34092
176319,61280
176319,61558
176319,1372
176319,50272
176319,50968
176319,35846
176319,46632
176319,50268
176319,53406
176319,50970
176319,59394
176319,63510
176319,62274
176319,44660
176319,63136
176319,62376
176319,63538
176319,48980
176319,55798
176319,62614
176319,63540
176319,44662
176319,1206
234864,61364
234864,1370
234864,54096
234864,61552
234864,34092
234864,61280
234864,124
234864,61558
234864,1372
234864,50272
234864,50968
234864,35846
234864,46632
234864,50268
234864,53406
234864,50970
234864,62944
234864,59394
234864,63510
234864,55632
234864,63218
234864,62274
234864,44660
234864,63136
234864,62376
234864,63538
234864,36762
234864,48980
234864,55798
234864,62614
234864,63540
234864,44662
234864,1206
245631,61364
245631,1370
245631,61348
245631,54096
245631,61552
245631,34092
245631,61280
245631,124
245631,61558
245631,50272
245631,50968
245631,35846
245631,46632
245631,50268
245631,53406
245631,50970
245631,62944
245631,59394
245631,63510
245631,55632
245631,63218
245631,62274
245631,44660
245631,63136
245631,62376
245631,63538
245631,36762
245631,48980
245631,55798
245631,62614
245631,63540
245631,1206
163482,61364
163482,1370
163482,61348
163482,54096
163482,61552
163482,34092
163482,61280
163482,61558
163482,50272
163482,50968
163482,35846
163482,46632
163482,50268
163482,53406
163482,50970
163482,62944
163482,59394
163482,63510
163482,62274
163482,44660
163482,63136
163482,62376
163482,63538
163482,62614
163482,63540
163482,1206
178938,61364
178938,1370
178938,54096
178938,61552
178938,34092
178938,61280
178938,124
178938,61558
178938,1372
178938,50272
178938,50968
178938,35846
178938,46632
178938,50268
178938,53406
178938,50970
178938,62944
178938,59394
178938,63510
178938,63218
178938,62274
178938,44660
178938,63136
178938,62376
178938,63538
178938,36762
178938,48980
178938,55798
178938,62614
178938,63540
178938,44662
178938,1206
210933,61364
210933,1370
210933,61348
210933,54096
210933,61552
210933,34092
210933,61280
210933,1372
210933,50272
210933,50968
210933,35846
210933,46632
210933,42132
210933,50268
210933,53406
210933,50970
210933,62944
210933,59394
210933,63510
210933,57414
210933,62274
210933,44660
210933,63136
210933,62376
210933,63538
210933,48980
210933,55798
210933,62614
210933,63540
210933,44662
210933,1206
226623,61364
226623,1370
226623,54096
226623,61552
226623,34092
226623,61558
226623,1372
226623,50272
226623,50968
226623,35846
226623,46632
226623,42132
226623,50268
226623,53406
226623,50970
226623,62944
226623,59394
226623,63510
226623,62274
226623,44660
226623,63136
226623,62376
226623,63538
226623,48980
226623,55798
226623,62614
226623,63540
226623,44662
226623,1206
72918,61364
72918,1370
72918,54096
72918,61552
72918,34092
72918,61280
72918,61558
72918,1372
72918,50272
72918,50968
72918,35846
72918,46632
72918,42132
72918,50268
72918,53406
72918,50970
72918,62944
72918,59394
72918,63510
72918,62274
72918,44660
72918,63136
72918,62376
72918,63538
72918,48980
72918,55798
72918,62614
72918,63540
72918,44662
72918,1206
203256,61364
203256,1370
203256,54096
203256,61552
203256,34092
203256,61280
203256,1372
203256,50272
203256,50968
203256,35846
203256,46632
203256,50268
203256,53406
203256,50970
203256,62944
203256,59394
203256,63510
203256,62274
203256,44660
203256,63136
203256,62376
203256,63538
203256,48980
203256,55798
203256,62614
203256,63540
203256,44662
203256,1206
248202,61364
248202,1370
248202,54096
248202,61552
248202,34092
248202,61280
248202,1372
248202,50272
248202,50968
248202,35846
248202,46632
248202,50268
248202,53406
248202,62944
248202,59394
248202,63510
248202,62274
248202,44660
248202,63136
248202,62376
248202,63538
248202,48980
248202,55798
248202,62614
248202,63540
248202,44662
248202,1206
200508,61364
200508,1370
200508,54096
200508,61552
200508,34092
200508,1372
200508,50272
200508,50968
200508,35846
200508,46632
200508,50268
200508,53406
200508,62944
200508,59394
200508,63510
200508,62274
200508,44660
200508,63136
200508,62376
200508,63538
200508,48980
200508,55798
200508,62614
200508,63540
200508,44662
200508,1206
207114,61364
207114,1370
207114,54096
207114,61552
207114,34092
207114,61280
207114,61558
207114,1372
207114,50272
207114,50968
207114,35846
207114,46632
207114,50268
207114,53406
207114,50970
207114,62944
207114,59394
207114,63510
207114,62274
207114,44660
207114,63136
207114,62376
207114,63538
207114,48980
207114,55798
207114,62614
207114,63540
207114,44662
207114,1206
162795,61364
162795,1370
162795,54096
162795,61552
162795,34092
162795,61280
162795,44302
162795,124
162795,50274
162795,61558
162795,1372
162795,50272
162795,50968
162795,35846
162795,46632
162795,50268
162795,53406
162795,50970
162795,62944
162795,59394
162795,63510
162795,55632
162795,63218
162795,62274
162795,63418
162795,44660
162795,63136
162795,61540
162795,62376
162795,63538
162795,36762
162795,48980
162795,55798
162795,62614
162795,63540
162795,53256
162795,62860
162795,1206
165312,61364
165312,1370
165312,61348
165312,54096
165312,61552
165312,36720
165312,34092
165312,61280
165312,124
165312,61558
165312,1372
165312,50272
165312,50968
165312,35846
165312,46632
165312,50268
165312,53406
165312,50970
165312,62944
165312,59394
165312,63510
165312,55632
165312,63218
165312,62274
165312,44660
165312,63136
165312,62376
165312,63538
165312,36762
165312,48980
165312,55798
165312,62614
165312,63540
165312,44662
165312,1206
186987,61364
186987,1370
186987,61348
186987,54096
186987,61552
186987,34092
186987,61280
186987,44302
186987,124
186987,52918
186987,50274
186987,61558
186987,1372
186987,50272
186987,50968
186987,60978
186987,10652
186987,42132
186987,50268
186987,53406
186987,50724
186987,50970
186987,53386
186987,63188
186987,62944
186987,59394
186987,63510
186987,55632
186987,63218
186987,62274
186987,63186
186987,50718
186987,63418
186987,44660
186987,62170
186987,63136
186987,61540
186987,62376
186987,63538
186987,36762
186987,54864
186987,48980
186987,55798
186987,62614
186987,53394
186987,63540
186987,53256
186987,44644
186987,55638
186987,10790
186987,44664
186987,59776
186987,50962
186987,62860
186987,44662
186987,56484
186987,1206
186987,53258
177951,61364
177951,1370
177951,30500
177951,61348
177951,54096
177951,61552
177951,50716
177951,36720
177951,34092
177951,61280
177951,60522
177951,44302
177951,124
177951,50274
177951,61558
177951,1372
177951,50272
177951,50968
177951,60978
177951,35846
177951,46632
177951,42132
177951,50268
177951,53406
177951,50970
177951,62944
177951,59394
177951,63510
177951,55632
177951,63218
177951,62274
177951,63418
177951,44660
177951,62170
177951,63136
177951,61540
177951,62376
177951,63538
177951,36762
177951,48980
177951,55798
177951,62614
177951,63540
177951,53256
177951,10790
177951,52620
177951,62860
177951,44662
177951,1206
248250,61364
248250,1370
248250,61348
248250,54096
248250,61552
248250,50716
248250,36720
248250,34092
248250,61280
248250,61558
248250,1372
248250,50272
248250,50968
248250,35846
248250,46632
248250,50268
248250,53406
248250,50970
248250,53386
248250,62944
248250,59394
248250,55632
248250,62274
248250,44660
248250,63136
248250,62376
248250,63538
248250,36762
248250,48980
248250,55798
248250,62614
248250,63540
248250,44662
66915,61364
66915,1370
66915,61348
66915,54096
66915,34092
66915,61280
66915,124
66915,61558
66915,1372
66915,50272
66915,50968
66915,35846
66915,46632
66915,42132
66915,50268
66915,53406
66915,50970
66915,53386
66915,62944
66915,59394
66915,63510
66915,63218
66915,62274
66915,44660
66915,63136
66915,62376
66915,63538
66915,36762
66915,48980
66915,55798
66915,62614
66915,63540
66915,44662
66915,1206
230178,61364
230178,1370
230178,61348
230178,54096
230178,61552
230178,34092
230178,61280
230178,44302
230178,124
230178,52918
230178,50274
230178,60
230178,3382
230178,10808
230178,61558
230178,1372
230178,54290
230178,59816
230178,59822
230178,50272
230178,1304
230178,37644
230178,49888
230178,53160
230178,50968
230178,60978
230178,35846
230178,46632
230178,10652
230178,42132
230178,51316
230178,33534
230178,50268
230178,53406
230178,51974
230178,50724
230178,44914
230178,61560
230178,50970
230178,36722
230178,53386
230178,63188
230178,62944
230178,59394
230178,63510
230178,32496
230178,55632
230178,63360
230178,63218
230178,59396
230178,62274
230178,63186
230178,50718
230178,56696
230178,63418
230178,44660
230178,62170
230178,63136
230178,61540
230178,62376
230178,53046
230178,36762
230178,54864
230178,48980
230178,55798
230178,62614
230178,53394
230178,62616
230178,63540
230178,53256
230178,44644
230178,57522
230178,55638
230178,10790
230178,44664
230178,59776
230178,52620
230178,50962
230178,62276
230178,62860
230178,44662
230178,56484
230178,1206
230178,48694
230178,53258
230178,58504
237765,61364
237765,1370
237765,30500
237765,56714
237765,50270
237765,54096
237765,11262
237765,35732
237765,48574
237765,61552
237765,50716
237765,36720
237765,39186
237765,34092
237765,57804
237765,61280
237765,60522
237765,62074
237765,124
237765,61558
237765,1372
237765,50272
237765,50968
237765,35846
237765,46632
237765,42132
237765,50268
237765,53406
237765,50970
237765,62944
237765,59394
237765,63510
237765,63218
237765,62274
237765,44660
237765,63136
237765,62376
237765,63538
237765,36762
237765,48980
237765,55798
237765,62614
237765,63540
237765,44662
237765,1206
242610,61364
242610,1370
242610,61348
242610,54096
242610,61552
242610,34092
242610,61280
242610,124
242610,61558
242610,1372
242610,50272
242610,50968
242610,35846
242610,46632
242610,50268
242610,53406
242610,50970
242610,62944
242610,59394
242610,63510
242610,63218
242610,62274
242610,44660
242610,63136
242610,62376
242610,63538
242610,36762
242610,48980
242610,55798
242610,62614
242610,63540
242610,44662
242610,1206
210825,61364
210825,1370
210825,61348
210825,54096
210825,61552
210825,34092
210825,61280
210825,44302
210825,11490
210825,124
210825,52918
210825,33886
210825,50274
210825,3382
210825,61558
210825,1372
210825,48298
210825,50272
210825,50968
210825,60978
210825,35846
210825,10652
210825,42132
210825,50268
210825,53406
210825,50724
210825,50970
210825,53386
210825,63188
210825,62944
210825,59394
210825,63510
210825,55632
210825,63218
210825,62274
210825,63186
210825,50718
210825,63418
210825,44660
210825,62170
210825,63136
210825,61540
210825,62376
210825,36762
210825,54864
210825,48980
210825,55798
210825,62614
210825,53394
210825,63540
210825,53256
210825,44644
210825,55638
210825,10790
210825,44664
210825,59776
210825,50962
210825,62860
210825,44662
210825,56484
210825,1206
210825,53258
210825,58504
228315,61364
228315,1370
228315,30500
228315,61348
228315,54096
228315,61552
228315,50716
228315,36720
228315,34092
228315,61280
228315,60522
228315,44302
228315,124
228315,52918
228315,50274
228315,61558
228315,1372
228315,50272
228315,50968
228315,60978
228315,35846
228315,10652
228315,42132
228315,50268
228315,53406
228315,50724
228315,50970
228315,53386
228315,63188
228315,62944
228315,59394
228315,63510
228315,55632
228315,63218
228315,62274
228315,63186
228315,50718
228315,63418
228315,44660
228315,62170
228315,63136
228315,61540
228315,62376
228315,63538
228315,36762
228315,54864
228315,48980
228315,55798
228315,62614
228315,53394
228315,63540
228315,53256
228315,44644
228315,55638
228315,10790
228315,44664
228315,59776
228315,50962
228315,62860
228315,44662
228315,56484
228315,1206
228315,53258
224931,61364
224931,1370
224931,30500
224931,61348
224931,54096
224931,61552
224931,50716
224931,36720
224931,34092
224931,61280
224931,60522
224931,124
224931,61558
224931,1372
224931,50272
224931,50968
224931,35846
224931,46632
224931,50268
224931,53406
224931,50970
224931,62944
224931,59394
224931,63510
224931,63218
224931,62274
224931,44660
224931,63136
224931,62376
224931,63538
224931,36762
224931,48980
224931,55798
224931,62614
224931,63540
224931,44662
224931,1206
195723,61364
195723,1370
195723,61348
195723,54096
195723,61552
195723,34092
195723,61280
195723,124
195723,61558
195723,1372
195723,50272
195723,50968
195723,35846
195723,46632
195723,42132
195723,50268
195723,53406
195723,50970
195723,62944
195723,59394
195723,63510
195723,55632
195723,63218
195723,62274
195723,44660
195723,63136
195723,62376
195723,63538
195723,36762
195723,48980
195723,55798
195723,62614
195723,63540
195723,44662
195723,1206
244878,61364
244878,1370
244878,61348
244878,54096
244878,61552
244878,34092
244878,61280
244878,124
244878,61558
244878,1372
244878,50272
244878,50968
244878,35846
244878,46632
244878,42132
244878,50268
244878,53406
244878,50970
244878,62944
244878,59394
244878,63510
244878,32496
244878,63218
244878,62274
244878,44660
244878,63136
244878,62376
244878,63538
244878,36762
244878,48980
244878,55798
244878,62614
244878,63540
244878,44662
244878,1206
225480,61364
225480,1370
225480,61348
225480,54096
225480,61552
225480,34092
225480,61280
225480,61558
225480,1372
225480,50272
225480,50968
225480,35846
225480,46632
225480,50268
225480,53406
225480,50970
225480,62944
225480,59394
225480,63510
225480,62274
225480,44660
225480,63136
225480,62376
225480,63538
225480,48980
225480,55798
225480,62614
225480,63540
225480,44662
225480,1206
153072,61364
153072,1370
153072,54096
153072,61552
153072,34092
153072,61280
153072,1372
153072,50272
153072,50968
153072,35846
153072,46632
153072,50268
153072,53406
153072,62944
153072,59394
153072,63510
153072,62274
153072,44660
153072,63136
153072,62376
153072,63538
153072,48980
153072,55798
153072,62614
153072,63540
153072,44662
153072,1206
208515,61364
208515,1370
208515,54096
208515,61552
208515,34092
208515,44302
208515,124
208515,50274
208515,61558
208515,1372
208515,50272
208515,50968
208515,35846
208515,46632
208515,42132
208515,50268
208515,53406
208515,50970
208515,62944
208515,59394
208515,63510
208515,32496
208515,63218
208515,62274
208515,63418
208515,44660
208515,63136
208515,61540
208515,62376
208515,63538
208515,36762
208515,48980
208515,55798
208515,62614
208515,63540
208515,53256
208515,62860
208515,44662
208515,1206
203241,61364
203241,1370
203241,61348
203241,54096
203241,61552
203241,36720
203241,34092
203241,61280
203241,1372
203241,50272
203241,50968
203241,35846
203241,46632
203241,50268
203241,53406
203241,59394
203241,63510
203241,62274
203241,44660
203241,63136
203241,62376
203241,63538
203241,48980
203241,55798
203241,62614
203241,63540
203241,44662
203241,1206
203736,61364
203736,1370
203736,54096
203736,61552
203736,34092
203736,61280
203736,124
203736,61558
203736,1372
203736,50272
203736,50968
203736,35846
203736,46632
203736,50268
203736,53406
203736,50970
203736,62944
203736,59394
203736,63510
203736,63218
203736,62274
203736,44660
203736,63136
203736,62376
203736,63538
203736,36762
203736,48980
203736,55798
203736,62614
203736,63540
203736,44662
203736,1206
232614,61364
232614,1370
232614,61348
232614,54096
232614,61552
232614,34092
232614,61280
232614,61558
232614,1372
232614,50272
232614,50968
232614,35846
232614,46632
232614,42132
232614,50268
232614,53406
232614,50970
232614,62944
232614,59394
232614,63510
232614,62274
232614,44660
232614,63136
232614,62376
232614,63538
232614,48980
232614,55798
232614,62614
232614,63540
232614,44662
232614,1206
158274,61364
158274,1370
158274,54096
158274,61552
158274,34092
158274,61280
158274,124
158274,61558
158274,1372
158274,50272
158274,50968
158274,35846
158274,46632
158274,42132
158274,50268
158274,53406
158274,50970
158274,62944
158274,59394
158274,63510
158274,63218
158274,62274
158274,44660
158274,63136
158274,62376
158274,63538
158274,36762
158274,48980
158274,55798
158274,62614
158274,63540
158274,44662
158274,1206
155388,61364
155388,1370
155388,61348
155388,54096
155388,61552
155388,34092
155388,61280
155388,1372
155388,50272
155388,50968
155388,35846
155388,46632
155388,50268
155388,53406
155388,62944
155388,59394
155388,63510
155388,62274
155388,44660
155388,63136
155388,62376
155388,63538
155388,48980
155388,55798
155388,62614
155388,63540
155388,44662
155388,1206
203247,61364
203247,1370
203247,54096
203247,61552
203247,34092
203247,1372
203247,50272
203247,50968
203247,35846
203247,46632
203247,50268
203247,53406
203247,50970
203247,62944
203247,59394
203247,63510
203247,57414
203247,62274
203247,44660
203247,63136
203247,62376
203247,63538
203247,48980
203247,55798
203247,62614
203247,63540
203247,44662
203247,1206
246339,61364
246339,1370
246339,54096
246339,61552
246339,34092
246339,124
246339,61558
246339,1372
246339,50272
246339,50968
246339,35846
246339,46632
246339,50268
246339,53406
246339,50970
246339,53386
246339,62944
246339,59394
246339,63510
246339,63218
246339,62274
246339,44660
246339,63136
246339,62376
246339,63538
246339,36762
246339,48980
246339,55798
246339,62614
246339,63540
246339,44662
246339,1206
186078,61364
186078,1370
186078,61348
186078,54096
186078,61552
186078,34092
186078,61280
186078,1372
186078,50272
186078,50968
186078,35846
186078,46632
186078,50268
186078,53406
186078,59394
186078,63510
186078,62274
186078,44660
186078,63136
186078,62376
186078,63538
186078,48980
186078,55798
186078,62614
186078,63540
186078,44662
186078,1206
208584,61364
208584,1370
208584,54096
208584,61552
208584,34092
208584,61280
208584,1372
208584,50272
208584,50968
208584,35846
208584,46632
208584,50268
208584,53406
208584,62944
208584,59394
208584,63510
208584,62274
208584,44660
208584,63136
208584,62376
208584,63538
208584,48980
208584,55798
208584,62614
208584,63540
208584,44662
208584,1206
61305,61364
61305,1370
61305,54096
61305,61552
61305,34092
61305,61280
61305,61558
61305,1372
61305,50272
61305,50968
61305,35846
61305,46632
61305,42132
61305,50268
61305,53406
61305,50970
61305,62944
61305,59394
61305,63510
61305,62274
61305,44660
61305,63136
61305,62376
61305,63538
61305,48980
61305,55798
61305,62614
61305,63540
61305,44662
61305,1206
171372,61364
171372,1370
171372,54096
171372,61552
171372,34092
171372,61280
171372,61558
171372,1372
171372,50272
171372,50968
171372,35846
171372,46632
171372,42132
171372,50268
171372,53406
171372,50970
171372,62944
171372,59394
171372,63510
171372,62274
171372,44660
171372,63136
171372,62376
171372,63538
171372,48980
171372,55798
171372,62614
171372,63540
171372,44662
171372,1206
218061,61364
218061,1370
218061,54096
218061,61552
218061,34092
218061,61280
218061,1372
218061,50272
218061,50968
218061,35846
218061,46632
218061,42132
218061,50268
218061,53406
218061,62944
218061,59394
218061,63510
218061,62274
218061,44660
218061,63136
218061,62376
218061,63538
218061,48980
218061,55798
218061,62614
218061,63540
218061,44662
218061,1206
203274,61364
203274,1370
203274,54096
203274,61552
203274,34092
203274,44302
203274,11490
203274,124
203274,52918
203274,33886
203274,50274
203274,3382
203274,61558
203274,1372
203274,48298
203274,50272
203274,50968
203274,60978
203274,35846
203274,10652
203274,42132
203274,50268
203274,53406
203274,50724
203274,50970
203274,53386
203274,63188
203274,62944
203274,59394
203274,63510
203274,55632
203274,63218
203274,62274
203274,63186
203274,50718
203274,63418
203274,44660
203274,62170
203274,63136
203274,61540
203274,62376
203274,36762
203274,54864
203274,48980
203274,55798
203274,62614
203274,53394
203274,63540
203274,53256
203274,44644
203274,55638
203274,10790
203274,44664
203274,59776
203274,50962
203274,62860
203274,44662
203274,56484
203274,1206
203274,53258
203274,58504
210795,61364
210795,1370
210795,30500
210795,61348
210795,54096
210795,61552
210795,50716
210795,36720
210795,34092
210795,61280
210795,60522
210795,124
210795,61558
210795,1372
210795,50272
210795,50968
210795,35846
210795,50268
210795,53406
210795,50970
210795,53386
210795,62944
210795,59394
210795,63510
210795,55632
210795,63218
210795,62274
210795,44660
210795,63136
210795,62376
210795,63538
210795,36762
210795,48980
210795,55798
210795,62614
210795,63540
210795,53256
210795,44662
210795,1206
203532,61364
203532,1370
203532,30500
203532,61348
203532,54096
203532,61552
203532,34092
203532,61280
203532,60522
203532,1372
203532,50272
203532,50968
203532,35846
203532,46632
203532,50268
203532,53406
203532,50970
203532,62944
203532,59394
203532,63510
203532,62274
203532,44660
203532,63136
203532,62376
203532,63538
203532,48980
203532,55798
203532,62614
203532,63540
203532,44662
203532,1206
65577,61364
65577,1370
65577,54096
65577,61552
65577,34092
65577,124
65577,61558
65577,1372
65577,50272
65577,50968
65577,35846
65577,46632
65577,42132
65577,50268
65577,53406
65577,50970
65577,53386
65577,62944
65577,59394
65577,63510
65577,63218
65577,62274
65577,44660
65577,63136
65577,62376
65577,63538
65577,36762
65577,48980
65577,55798
65577,62614
65577,63540
65577,44662
203574,61364
203574,1370
203574,61348
203574,54096
203574,61552
203574,34092
203574,61280
203574,61558
203574,50272
203574,50968
203574,35846
203574,46632
203574,50268
203574,53406
203574,50970
203574,62944
203574,59394
203574,63510
203574,62274
203574,44660
203574,63136
203574,62376
203574,63538
203574,62614
203574,63540
176577,61364
176577,30500
176577,54096
176577,61552
176577,34092
176577,61280
176577,61558
176577,1372
176577,50272
176577,50968
176577,35846
176577,46632
176577,42132
176577,50268
176577,50970
176577,59394
176577,63510
176577,62274
176577,44660
176577,63136
176577,62376
176577,63538
176577,36762
176577,48980
176577,55798
176577,62614
176577,63540
176577,44662
176577,1206
191238,61364
191238,1370
191238,61348
191238,54096
191238,61552
191238,34092
191238,61280
191238,124
191238,61558
191238,1372
191238,50272
191238,50968
191238,35846
191238,46632
191238,50268
191238,53406
191238,50970
191238,62944
191238,59394
191238,63510
191238,55632
191238,63218
191238,62274
191238,44660
191238,63136
191238,62376
191238,63538
191238,36762
191238,48980
191238,55798
191238,62614
191238,63540
191238,44662
191238,1206
207597,61364
207597,1370
207597,61348
207597,54096
207597,61552
207597,34092
207597,61280
207597,124
207597,61558
207597,1372
207597,50272
207597,50968
207597,35846
207597,46632
207597,42132
207597,50268
207597,53406
207597,50970
207597,53386
207597,62944
207597,59394
207597,63510
207597,63218
207597,62274
207597,44660
207597,63136
207597,62376
207597,63538
207597,36762
207597,48980
207597,55798
207597,62614
207597,63540
207597,44662
207597,1206
206448,61364
206448,1370
206448,61348
206448,54096
206448,61552
206448,34092
206448,61280
206448,1372
206448,50272
206448,50968
206448,35846
206448,46632
206448,50268
206448,53406
206448,62944
206448,59394
206448,63510
206448,62274
206448,44660
206448,63136
206448,62376
206448,63538
206448,48980
206448,55798
206448,62614
206448,63540
206448,44662
206448,1206
128763,61364
128763,1370
128763,54096
128763,61552
128763,34092
128763,44302
128763,124
128763,50274
128763,61558
128763,1372
128763,50272
128763,50968
128763,60978
128763,35846
128763,46632
128763,50268
128763,53406
128763,50970
128763,62944
128763,59394
128763,63510
128763,55632
128763,63218
128763,62274
128763,50718
128763,63418
128763,44660
128763,63136
128763,61540
128763,62376
128763,63538
128763,36762
128763,48980
128763,55798
128763,62614
128763,63540
128763,53256
128763,62860
128763,44662
128763,1206
223089,61364
223089,1370
223089,61348
223089,54096
223089,61552
223089,36720
223089,34092
223089,61280
223089,44302
223089,124
223089,52918
223089,33886
223089,50274
223089,61558
223089,1372
223089,50272
223089,50968
223089,60978
223089,35846
223089,10652
223089,42132
223089,50268
223089,53406
223089,50724
223089,50970
223089,53386
223089,63188
223089,62944
223089,59394
223089,63510
223089,55632
223089,63218
223089,62274
223089,63186
223089,50718
223089,63418
223089,44660
223089,62170
223089,63136
223089,61540
223089,62376
223089,63538
223089,36762
223089,54864
223089,48980
223089,55798
223089,62614
223089,53394
223089,63540
223089,53256
223089,44644
223089,55638
223089,10790
223089,44664
223089,59776
223089,50962
223089,62860
223089,44662
223089,56484
223089,1206
223089,53258
187875,61364
187875,1370
187875,30500
187875,61348
187875,54096
187875,61552
187875,50716
187875,36720
187875,34092
187875,61280
187875,60522
187875,61558
187875,1372
187875,50272
187875,50968
187875,35846
187875,46632
187875,50268
187875,53406
187875,50970
187875,59394
187875,63510
187875,62274
187875,44660
187875,63136
187875,62376
187875,63538
187875,48980
187875,55798
187875,62614
187875,63540
187875,44662
187875,1206
183672,61364
183672,1370
183672,54096
183672,61552
183672,34092
183672,61280
183672,61558
183672,50272
183672,50968
183672,35846
183672,46632
183672,50268
183672,53406
183672,50970
183672,62944
183672,59394
183672,63510
183672,62274
183672,44660
183672,63136
183672,62376
183672,63538
183672,62614
183672,63540
183672,1206
157854,61364
157854,1370
157854,54096
157854,61552
157854,34092
157854,61280
157854,50272
157854,35846
157854,46632
157854,10652
157854,50268
157854,53406
157854,50970
157854,59394
157854,63510
157854,62274
157854,44660
157854,63136
157854,62376
157854,63538
157854,62614
157854,1206
217752,1370
217752,54096
217752,61552
217752,34092
217752,61280
217752,44302
217752,124
217752,50274
217752,61558
217752,50272
217752,50968
217752,35846
217752,46632
217752,42132
217752,50268
217752,53406
217752,53386
217752,59394
217752,63510
217752,32496
217752,63218
217752,62274
217752,63418
217752,44660
217752,63136
217752,61540
217752,62376
217752,63538
217752,36762
217752,48980
217752,55798
217752,62614
217752,63540
217752,53256
217752,62860
217752,1206
215457,61364
215457,1370
215457,61348
215457,54096
215457,61552
215457,36720
215457,61558
215457,1372
215457,50272
215457,50968
215457,35846
215457,50268
215457,53406
215457,53386
215457,62944
215457,59394
215457,32496
215457,55632
215457,62274
215457,44660
215457,63136
215457,62376
215457,63538
215457,36762
215457,48980
215457,55798
215457,62614
215457,63540
215457,44662
233814,61364
233814,1370
233814,30500
233814,61348
233814,54096
233814,34092
233814,61280
233814,44302
233814,124
233814,52918
233814,50274
233814,61558
233814,1372
233814,50272
233814,50968
233814,35846
233814,46632
233814,42132
233814,50268
233814,53406
233814,61560
233814,50970
233814,36722
233814,62944
233814,59394
233814,63510
233814,55632
233814,63218
233814,62274
233814,63418
233814,44660
233814,63136
233814,61540
233814,62376
233814,63538
233814,36762
233814,48980
233814,55798
233814,62614
233814,62378
233814,63540
233814,53256
233814,44664
233814,62860
233814,44662
233814,56484
233814,1206
199860,61364
199860,1370
199860,61348
199860,54096
199860,61552
199860,36720
199860,50272
199860,50968
199860,35846
199860,46632
199860,50268
199860,53406
199860,62944
199860,59394
199860,63510
199860,57414
199860,62274
199860,44660
199860,63136
199860,62376
199860,63538
199860,62400
199860,63540
199860,52620
199860,1206
193965,61364
193965,1370
193965,54096
193965,61552
193965,34092
193965,44302
193965,124
193965,52918
193965,50274
193965,61558
193965,1372
193965,50272
193965,50968
193965,35846
193965,46632
193965,42132
193965,50268
193965,53406
193965,61560
193965,50970
193965,36722
193965,62944
193965,59394
193965,63510
193965,55632
193965,63218
193965,62274
193965,63418
193965,44660
193965,63136
193965,61540
193965,62376
193965,63538
193965,36762
193965,48980
193965,55798
193965,62614
193965,62378
193965,63540
193965,53256
193965,44664
193965,62860
193965,44662
193965,56484
193965,1206
154506,61364
154506,1370
154506,61348
154506,54096
154506,36720
154506,124
154506,61558
154506,1372
154506,50272
154506,50968
154506,35846
154506,46632
154506,42132
154506,53406
154506,50970
154506,59394
154506,63510
154506,55632
154506,63218
154506,62274
154506,44660
154506,63136
154506,62376
154506,63538
154506,36762
154506,48980
154506,55798
154506,62614
154506,63540
154506,44662
154506,1206
172035,61364
172035,1370
172035,61348
172035,54096
172035,44302
172035,124
172035,52918
172035,50274
172035,61558
172035,1372
172035,50272
172035,50968
172035,60978
172035,35846
172035,46632
172035,42132
172035,50268
172035,53406
172035,50970
172035,62944
172035,59394
172035,63510
172035,55632
172035,63218
172035,62274
172035,50718
172035,63418
172035,44660
172035,62170
172035,63136
172035,61540
172035,62376
172035,63538
172035,36762
172035,48980
172035,55798
172035,62614
172035,63540
172035,53256
172035,10790
172035,44664
172035,52620
172035,62860
172035,44662
172035,56484
199854,61364
199854,1370
199854,30500
199854,61348
199854,54096
199854,61552
199854,50716
199854,36720
199854,34092
199854,61280
199854,44302
199854,124
199854,52918
199854,50274
199854,61558
199854,1372
199854,50272
199854,50968
199854,60978
199854,35846
199854,46632
199854,42132
199854,50268
199854,53406
199854,50970
199854,62944
199854,59394
199854,63510
199854,55632
199854,63218
199854,62274
199854,50718
199854,63418
199854,44660
199854,62170
199854,63136
199854,61540
199854,62376
199854,63538
199854,36762
199854,48980
199854,55798
199854,62614
199854,63540
199854,53256
199854,10790
199854,44664
199854,52620
199854,62860
199854,44662
199854,56484
199854,1206
238827,61364
238827,1370
238827,61348
238827,54096
238827,61552
238827,50716
238827,36720
238827,34092
238827,61280
238827,44302
238827,124
238827,50274
238827,61558
238827,1372
238827,50272
238827,50968
238827,60978
238827,35846
238827,46632
238827,42132
238827,50268
238827,53406
238827,50970
238827,62944
238827,59394
238827,63510
238827,55632
238827,63218
238827,62274
238827,63418
238827,44660
238827,62170
238827,63136
238827,61540
238827,62376
238827,63538
238827,36762
238827,48980
238827,55798
238827,62614
238827,63540
238827,53256
238827,10790
238827,52620
238827,62860
238827,44662
238827,1206
206415,61364
206415,1370
206415,61348
206415,54096
206415,61552
206415,50716
206415,36720
206415,34092
206415,61280
206415,44302
206415,124
206415,52918
206415,50274
206415,61558
206415,1372
206415,50272
206415,50968
206415,60978
206415,35846
206415,46632
206415,42132
206415,50268
206415,53406
206415,50970
206415,62944
206415,59394
206415,63510
206415,55632
206415,63218
206415,62274
206415,50718
206415,63418
206415,44660
206415,62170
206415,63136
206415,61540
206415,62376
206415,63538
206415,36762
206415,48980
206415,55798
206415,62614
206415,63540
206415,53256
206415,10790
206415,44664
206415,52620
206415,62860
206415,44662
206415,56484
206415,1206
207105,61364
207105,1370
207105,61348
207105,54096
207105,61552
207105,50716
207105,36720
207105,34092
207105,61280
207105,44302
207105,50274
207105,61558
207105,1372
207105,50272
207105,50968
207105,35846
207105,46632
207105,50268
207105,53406
207105,50970
207105,59394
207105,63510
207105,55632
207105,62274
207105,44660
207105,63136
207105,62376
207105,63538
207105,36762
207105,48980
207105,55798
207105,62614
207105,63540
207105,62860
207105,44662
207105,1206
153813,61364
153813,1370
153813,54096
153813,61552
153813,36720
153813,34092
153813,61280
153813,44302
153813,124
153813,52918
153813,50274
153813,61558
153813,1372
153813,50272
153813,50968
153813,60978
153813,35846
153813,46632
153813,42132
153813,50268
153813,53406
153813,50970
153813,62944
153813,59394
153813,63510
153813,55632
153813,63218
153813,62274
153813,50718
153813,63418
153813,44660
153813,62170
153813,63136
153813,61540
153813,62376
153813,63538
153813,36762
153813,48980
153813,55798
153813,62614
153813,63540
153813,53256
153813,10790
153813,44664
153813,52620
153813,62860
153813,44662
153813,56484
153813,1206
158610,61364
158610,1370
158610,61348
158610,54096
158610,61552
158610,50716
158610,36720
158610,34092
158610,61280
158610,124
158610,61558
158610,1372
158610,50272
158610,50968
158610,35846
158610,46632
158610,42132
158610,53406
158610,50970
158610,59394
158610,63510
158610,55632
158610,63218
158610,62274
158610,44660
158610,63136
158610,62376
158610,63538
158610,36762
158610,48980
158610,55798
158610,62614
158610,63540
158610,44662
158610,1206
209094,61364
209094,1370
209094,61348
209094,54096
209094,44302
209094,124
209094,52918
209094,50274
209094,61558
209094,1372
209094,50272
209094,50968
209094,35846
209094,46632
209094,42132
209094,50268
209094,53406
209094,61560
209094,50970
209094,36722
209094,62944
209094,59394
209094,63510
209094,55632
209094,63218
209094,62274
209094,63418
209094,44660
209094,63136
209094,61540
209094,62376
209094,63538
209094,36762
209094,48980
209094,55798
209094,62614
209094,62378
209094,63540
209094,53256
209094,44664
209094,62860
209094,44662
209094,56484
209094,1206
61935,61364
61935,1370
61935,30500
61935,61348
61935,54096
61935,36720
61935,16358
61935,44302
61935,124
61935,52918
61935,50274
61935,61558
61935,1372
61935,50272
61935,50968
61935,60978
61935,35846
61935,46632
61935,42132
61935,50268
61935,53406
61935,50970
61935,62944
61935,59394
61935,63510
61935,55632
61935,63218
61935,62274
61935,50718
61935,63418
61935,44660
61935,62170
61935,63136
61935,61540
61935,62376
61935,63538
61935,36762
61935,48980
61935,55798
61935,62614
61935,63540
61935,53256
61935,10790
61935,44664
61935,52620
61935,62860
61935,44662
61935,56484
61935,1206
196311,61364
196311,1370
196311,61348
196311,54096
196311,61552
196311,50716
196311,36720
196311,34092
196311,61280
196311,44302
196311,50274
196311,61558
196311,1372
196311,50272
196311,50968
196311,35846
196311,46632
196311,50268
196311,53406
196311,50970
196311,59394
196311,63510
196311,62274
196311,44660
196311,63136
196311,62376
196311,36762
196311,48980
196311,55798
196311,62614
196311,63540
196311,62860
196311,44662
196311,1206
154476,61364
154476,1370
154476,54096
154476,36720
154476,34092
154476,61280
154476,44302
154476,50274
154476,61558
154476,1372
154476,50272
154476,50968
154476,35846
154476,46632
154476,50268
154476,53406
154476,50970
154476,59394
154476,63510
154476,55632
154476,62274
154476,44660
154476,63136
154476,62376
154476,63538
154476,36762
154476,48980
154476,55798
154476,62614
154476,63540
154476,62860
154476,44662
154476,1206
204654,61364
204654,1370
204654,54096
204654,61552
204654,36720
204654,34092
204654,61280
204654,1372
204654,50272
204654,50968
204654,35846
204654,46632
204654,42132
204654,50268
204654,53406
204654,50970
204654,62944
204654,59394
204654,63510
204654,57414
204654,62274
204654,44660
204654,63136
204654,62376
204654,63538
204654,48980
204654,55798
204654,62614
204654,63540
204654,44662
204654,1206
206937,61364
206937,1370
206937,54096
206937,61552
206937,34092
206937,1372
206937,50272
206937,50968
206937,35846
206937,46632
206937,50268
206937,53406
206937,62944
206937,59394
206937,63510
206937,62274
206937,44660
206937,63136
206937,62376
206937,63538
206937,48980
206937,55798
206937,62614
206937,63540
206937,44662
206937,1206
187743,61364
187743,1370
187743,54096
187743,61552
187743,34092
187743,44302
187743,124
187743,52918
187743,50274
187743,61558
187743,1372
187743,50272
187743,50968
187743,60978
187743,35846
187743,46632
187743,42132
187743,53406
187743,50970
187743,36722
187743,62944
187743,59394
187743,63510
187743,32496
187743,55632
187743,63218
187743,62274
187743,50718
187743,63418
187743,44660
187743,62170
187743,63136
187743,61540
187743,62376
187743,63538
187743,36762
187743,48980
187743,55798
187743,62614
187743,63540
187743,53256
187743,44664
187743,62860
187743,44662
187743,56484
187743,1206
207096,61364
207096,1370
207096,61348
207096,54096
207096,36720
207096,44302
207096,50274
207096,61558
207096,1372
207096,50272
207096,50968
207096,35846
207096,46632
207096,50268
207096,53406
207096,50970
207096,59394
207096,63510
207096,55632
207096,62274
207096,44660
207096,63136
207096,62376
207096,63538
207096,36762
207096,48980
207096,55798
207096,62614
207096,63540
207096,62860
207096,44662
207096,1206
206823,61364
206823,1370
206823,54096
206823,61552
206823,36720
206823,34092
206823,61280
206823,44302
206823,124
206823,50274
206823,61558
206823,1372
206823,50272
206823,50968
206823,60978
206823,35846
206823,46632
206823,42132
206823,50268
206823,53406
206823,50970
206823,62944
206823,59394
206823,63510
206823,55632
206823,63218
206823,62274
206823,63418
206823,44660
206823,62170
206823,63136
206823,61540
206823,62376
206823,63538
206823,36762
206823,48980
206823,55798
206823,62614
206823,63540
206823,53256
206823,10790
206823,52620
206823,62860
206823,44662
206823,1206
238572,61364
238572,1370
238572,61348
238572,54096
238572,61552
238572,50716
238572,36720
238572,34092
238572,61280
238572,61558
238572,1372
238572,50272
238572,50968
238572,35846
238572,50268
238572,53406
238572,53386
238572,62944
238572,59394
238572,32496
238572,55632
238572,62274
238572,44660
238572,63136
238572,62376
238572,36762
238572,48980
238572,55798
238572,62614
238572,63540
238572,44662
206478,61364
206478,1370
206478,30500
206478,61348
206478,54096
206478,34092
206478,61280
206478,44302
206478,124
206478,50274
206478,61558
206478,1372
206478,50272
206478,50968
206478,60978
206478,35846
206478,46632
206478,50268
206478,53406
206478,50970
206478,53386
206478,62944
206478,59394
206478,63510
206478,55632
206478,63218
206478,62274
206478,50718
206478,44660
206478,63136
206478,62376
206478,63538
206478,36762
206478,48980
206478,55798
206478,62614
206478,63540
206478,53256
206478,62860
206478,44662
227616,61364
227616,1370
227616,30500
227616,61348
227616,54096
227616,36720
227616,34092
227616,61280
227616,44302
227616,124
227616,50274
227616,61558
227616,1372
227616,50272
227616,50968
227616,60978
227616,35846
227616,50268
227616,53406
227616,53386
227616,62944
227616,59394
227616,63510
227616,55632
227616,63218
227616,62274
227616,50718
227616,44660
227616,63136
227616,62376
227616,63538
227616,36762
227616,48980
227616,55798
227616,62614
227616,63540
227616,53256
227616,62860
227616,44662
68568,61364
68568,1370
68568,30500
68568,61348
68568,54096
68568,36720
68568,34092
68568,61280
68568,44302
68568,124
68568,52918
68568,50274
68568,60
68568,10808
68568,61558
68568,1372
68568,54290
68568,59822
68568,50272
68568,1304
68568,37644
68568,49888
68568,53160
68568,50968
68568,60978
68568,35846
68568,46632
68568,10652
68568,42132
68568,51316
68568,33534
68568,50268
68568,53406
68568,51974
68568,50724
68568,44914
68568,61560
68568,50970
68568,36722
68568,53386
68568,63188
68568,62944
68568,59394
68568,63510
68568,32496
68568,55632
68568,63360
68568,63218
68568,59396
68568,62274
68568,63186
68568,50718
68568,56696
68568,63418
68568,44660
68568,62170
68568,63136
68568,61540
68568,62376
68568,53046
68568,36762
68568,54864
68568,48980
68568,55798
68568,62614
68568,53394
68568,62616
68568,63540
68568,53256
68568,44644
68568,57522
68568,55638
68568,10790
68568,44664
68568,59776
68568,52620
68568,50962
68568,62276
68568,62860
68568,44662
68568,56484
68568,1206
68568,48694
68568,53258
156486,61364
156486,1370
156486,30500
156486,56714
156486,50270
156486,54096
156486,11262
156486,35732
156486,48574
156486,61552
156486,50716
156486,36720
156486,39186
156486,34092
156486,57804
156486,61280
156486,60522
156486,62074
156486,44302
156486,124
156486,52918
156486,33886
156486,50274
156486,3382
156486,61558
156486,1372
156486,50272
156486,53160
156486,50968
156486,60978
156486,35846
156486,10652
156486,42132
156486,50268
156486,53406
156486,50724
156486,50970
156486,53386
156486,63188
156486,62944
156486,59394
156486,63510
156486,55632
156486,63218
156486,62274
156486,63186
156486,50718
156486,63418
156486,44660
156486,62170
156486,63136
156486,61540
156486,62376
156486,36762
156486,54864
156486,48980
156486,55798
156486,62614
156486,53394
156486,63540
156486,53256
156486,44644
156486,55638
156486,10790
156486,44664
156486,59776
156486,50962
156486,62860
156486,44662
156486,56484
156486,53258
156486,58504
164970,61364
164970,1370
164970,30500
164970,61348
164970,50270
164970,54096
164970,50716
164970,36720
164970,34092
164970,61280
164970,60522
164970,124
164970,61558
164970,1372
164970,50272
164970,50968
164970,35846
164970,50268
164970,53406
164970,50970
164970,53386
164970,62944
164970,59394
164970,63510
164970,55632
164970,63218
164970,62274
164970,44660
164970,63136
164970,62376
164970,63538
164970,36762
164970,48980
164970,55798
164970,62614
164970,63540
164970,53256
164970,44662
197799,61364
197799,1370
197799,61348
197799,54096
197799,61552
197799,34092
197799,61280
197799,124
197799,61558
197799,1372
197799,50272
197799,50968
197799,35846
197799,46632
197799,50268
197799,53406
197799,50970
197799,53386
197799,62944
197799,59394
197799,63510
197799,55632
197799,63218
197799,62274
197799,44660
197799,63136
197799,62376
197799,63538
197799,36762
197799,48980
197799,55798
197799,62614
197799,63540
197799,53256
197799,44662
206625,61364
206625,1370
206625,61348
206625,54096
206625,61552
206625,34092
206625,61280
206625,1372
206625,50272
206625,50968
206625,50268
206625,53406
206625,50970
206625,53386
206625,62944
206625,59394
206625,63510
206625,55632
206625,62274
206625,44660
206625,63136
206625,62376
206625,63538
206625,48980
206625,55798
206625,62614
206625,63540
206625,1206
239508,61364
239508,1370
239508,54096
239508,34092
239508,61280
239508,61558
239508,1372
239508,50272
239508,50968
239508,35846
239508,50268
239508,53406
239508,53386
239508,62944
239508,59394
239508,32496
239508,55632
239508,62274
239508,44660
239508,63136
239508,62376
239508,63538
239508,36762
239508,48980
239508,55798
239508,62614
239508,63540
239508,44662
154770,61364
154770,1370
154770,30500
154770,61348
154770,54096
154770,34092
154770,61280
154770,61558
154770,1372
154770,50272
154770,50968
154770,50268
154770,53406
154770,53386
154770,62944
154770,59394
154770,32496
154770,55632
154770,62274
154770,44660
154770,63136
154770,62376
154770,63538
154770,36762
154770,48980
154770,55798
154770,62614
154770,63540
154770,44662
154770,1206
184713,61364
184713,1370
184713,30500
184713,61348
184713,54096
184713,34092
184713,61280
184713,44302
184713,124
184713,52918
184713,33886
184713,50274
184713,61558
184713,1372
184713,50272
184713,50968
184713,60978
184713,35846
184713,10652
184713,42132
184713,50268
184713,53406
184713,50724
184713,50970
184713,53386
184713,62944
184713,59394
184713,63510
184713,55632
184713,63218
184713,62274
184713,63186
184713,50718
184713,63418
184713,44660
184713,62170
184713,63136
184713,61540
184713,62376
184713,36762
184713,54864
184713,48980
184713,55798
184713,62614
184713,53394
184713,63540
184713,53256
184713,44644
184713,55638
184713,10790
184713,44664
184713,59776
184713,50962
184713,62860
184713,44662
184713,56484
153150,61364
153150,1370
153150,30500
153150,61348
153150,54096
153150,50716
153150,36720
153150,34092
153150,61280
153150,60522
153150,44302
153150,124
153150,50274
153150,61558
153150,1372
153150,50272
153150,50968
153150,60978
153150,35846
153150,50268
153150,53406
153150,50970
153150,53386
153150,62944
153150,59394
153150,63510
153150,55632
153150,62274
153150,50718
153150,63418
153150,44660
153150,63136
153150,61540
153150,62376
153150,63538
153150,36762
153150,48980
153150,55798
153150,62614
153150,63540
153150,53256
153150,62860
153150,44662
167451,61364
167451,1370
167451,30500
167451,61348
167451,54096
167451,36720
167451,34092
167451,61280
167451,1372
167451,50272
167451,60978
167451,44660
167451,62376
167451,54864
167451,48980
167451,55798
167451,62614
167451,62618
167451,63540
167451,53256
167451,44662
167451,1206
153402,61364
153402,124
153402,61558
153402,1372
153402,50272
153402,50968
153402,35846
153402,46632
153402,42132
153402,50268
153402,53406
153402,50970
153402,62944
153402,59394
153402,63510
153402,32496
153402,55632
153402,63218
153402,62274
153402,44660
153402,63136
153402,62376
153402,63538
153402,36762
153402,48980
153402,55798
153402,62614
153402,63540
153402,44662
153402,1206
155031,61364
155031,1370
155031,61348
155031,54096
155031,61552
155031,34092
155031,61280
155031,44302
155031,124
155031,52918
155031,50274
155031,61558
155031,1372
155031,50272
155031,50968
155031,60978
155031,35846
155031,46632
155031,42132
155031,50268
155031,53406
155031,50970
155031,62944
155031,59394
155031,63510
155031,55632
155031,63218
155031,62274
155031,50718
155031,63418
155031,44660
155031,62170
155031,63136
155031,61540
155031,62376
155031,63538
155031,36762
155031,48980
155031,55798
155031,62614
155031,63540
155031,53256
155031,10790
155031,44664
155031,52620
155031,62860
155031,44662
155031,56484
155031,1206
158766,61364
158766,1370
158766,61348
158766,54096
158766,61552
158766,50716
158766,36720
158766,34092
158766,61280
158766,1372
158766,50272
158766,50968
158766,35846
158766,46632
158766,50268
158766,53406
158766,62944
158766,59394
158766,63510
158766,62274
158766,44660
158766,63136
158766,62376
158766,63538
158766,48980
158766,55798
158766,62614
158766,63540
158766,44662
158766,1206
211413,61364
211413,1370
211413,54096
211413,61552
211413,34092
211413,44302
211413,124
211413,50274
211413,10808
211413,61558
211413,50272
211413,35846
211413,46632
211413,42132
211413,50970
211413,62944
211413,59394
211413,63510
211413,55632
211413,57414
211413,62274
211413,63418
211413,44660
211413,63136
211413,61540
211413,62376
211413,63538
211413,36762
211413,63540
211413,62860
211413,1206
212640,61364
212640,1370
212640,54096
212640,36720
212640,1372
212640,50272
212640,62274
212640,44660
212640,62376
212640,48980
212640,55798
212640,62614
212640,63540
212640,44662
212640,1206
25734,61364
25734,1370
25734,54096
25734,124
25734,61558
25734,1372
25734,50272
25734,50968
25734,35846
25734,46632
25734,50268
25734,53406
25734,53386
25734,62944
25734,59394
25734,63510
25734,55632
25734,63218
25734,62274
25734,44660
25734,63136
25734,62376
25734,63538
25734,36762
25734,48980
25734,55798
25734,62614
25734,63540
25734,53256
25734,44662
25734,1206
67371,61364
67371,1370
67371,61348
67371,54096
67371,61552
67371,34092
67371,61280
67371,124
67371,61558
67371,1372
67371,50272
67371,50968
67371,35846
67371,46632
67371,42132
67371,50268
67371,53406
67371,50970
67371,62944
67371,59394
67371,63510
67371,55632
67371,63218
67371,62274
67371,44660
67371,63136
67371,62376
67371,63538
67371,36762
67371,48980
67371,55798
67371,62614
67371,63540
67371,44662
67371,1206
228024,61364
228024,1370
228024,61348
228024,54096
228024,61552
228024,34092
228024,61280
228024,1372
228024,50272
228024,50968
228024,35846
228024,46632
228024,50268
228024,53406
228024,59394
228024,63510
228024,62274
228024,44660
228024,63136
228024,62376
228024,63538
228024,48980
228024,55798
228024,62614
228024,63540
228024,44662
228024,1206
153642,61364
153642,1370
153642,54096
153642,61552
153642,34092
153642,61280
153642,44302
153642,124
153642,52918
153642,50274
153642,61558
153642,1372
153642,50272
153642,50968
153642,60978
153642,35846
153642,10652
153642,42132
153642,50268
153642,53406
153642,50724
153642,50970
153642,53386
153642,63188
153642,62944
153642,59394
153642,63510
153642,55632
153642,63218
153642,62274
153642,63186
153642,50718
153642,63418
153642,44660
153642,62170
153642,63136
153642,61540
153642,62376
153642,36762
153642,54864
153642,48980
153642,55798
153642,62614
153642,53394
153642,63540
153642,53256
153642,44644
153642,55638
153642,10790
153642,44664
153642,59776
153642,50962
153642,62860
153642,44662
153642,56484
153642,53258
158658,61364
158658,1370
158658,30500
158658,61348
158658,54096
158658,61552
158658,50716
158658,36720
158658,34092
158658,61280
158658,60522
158658,44302
158658,124
158658,50274
158658,61558
158658,1372
158658,50272
158658,50968
158658,35846
158658,46632
158658,42132
158658,50268
158658,53406
158658,50970
158658,62944
158658,59394
158658,63510
158658,63218
158658,62274
158658,63418
158658,44660
158658,63136
158658,61540
158658,62376
158658,63538
158658,36762
158658,48980
158658,55798
158658,62614
158658,63540
158658,53256
158658,62860
158658,44662
158658,1206
153645,61364
153645,1370
153645,61348
153645,54096
153645,61552
153645,36720
153645,34092
153645,61280
153645,44302
153645,50274
153645,61558
153645,1372
153645,50272
153645,50968
153645,35846
153645,46632
153645,50268
153645,53406
153645,61560
153645,50970
153645,59394
153645,63510
153645,55632
153645,62274
153645,44660
153645,63136
153645,62376
153645,63538
153645,36762
153645,48980
153645,55798
153645,62614
153645,63540
153645,62860
153645,44662
153645,1206
203670,61364
203670,1370
203670,54096
203670,61552
203670,36720
203670,34092
203670,61280
203670,44302
203670,124
203670,50274
203670,61558
203670,1372
203670,50272
203670,50968
203670,60978
203670,35846
203670,46632
203670,42132
203670,50268
203670,53406
203670,50970
203670,62944
203670,59394
203670,63510
203670,55632
203670,63218
203670,62274
203670,63418
203670,44660
203670,62170
203670,63136
203670,61540
203670,62376
203670,63538
203670,36762
203670,48980
203670,55798
203670,62614
203670,63540
203670,53256
203670,10790
203670,52620
203670,62860
203670,44662
203670,1206
206475,61364
206475,1370
206475,61348
206475,54096
206475,61552
206475,50716
206475,36720
206475,34092
206475,61280
206475,1372
206475,50272
206475,50968
206475,50268
206475,53406
206475,53386
206475,59394
206475,62274
206475,44660
206475,63136
206475,62376
206475,63538
206475,48980
206475,55798
206475,62614
206475,63540
206475,44662
222750,61364
222750,1370
222750,61348
222750,54096
222750,34092
222750,61280
222750,61558
222750,50272
222750,50968
222750,35846
222750,46632
222750,42132
222750,50268
222750,53406
222750,50970
222750,62944
222750,59394
222750,63510
222750,62274
222750,44660
222750,63136
222750,62376
222750,63538
222750,63540
222750,1206
191229,61364
191229,1370
191229,54096
191229,61552
191229,34092
191229,61280
191229,1372
191229,50272
191229,50968
191229,35846
191229,46632
191229,50268
191229,53406
191229,62944
191229,59394
191229,63510
191229,62274
191229,44660
191229,63136
191229,62376
191229,63538
191229,48980
191229,55798
191229,62614
191229,63540
191229,44662
191229,1206
240912,61364
240912,1370
240912,54096
240912,61552
240912,34092
240912,124
240912,61558
240912,1372
240912,50272
240912,50968
240912,35846
240912,46632
240912,42132
240912,50268
240912,53406
240912,50970
240912,59394
240912,63510
240912,63218
240912,62274
240912,44660
240912,63136
240912,62376
240912,63538
240912,36762
240912,48980
240912,55798
240912,62614
240912,63540
240912,44662
240912,1206
207156,61364
207156,1370
207156,61348
207156,54096
207156,61552
207156,44302
207156,124
207156,50274
207156,61558
207156,1372
207156,50272
207156,50968
207156,60978
207156,35846
207156,46632
207156,50268
207156,53406
207156,50970
207156,53386
207156,62944
207156,59394
207156,63510
207156,55632
207156,63218
207156,62274
207156,50718
207156,44660
207156,63136
207156,62376
207156,63538
207156,36762
207156,48980
207156,55798
207156,62614
207156,63540
207156,53256
207156,62860
207156,44662
187395,61364
187395,1370
187395,30500
187395,61348
187395,54096
187395,36720
187395,34092
187395,61280
187395,124
187395,61558
187395,50272
187395,50968
187395,35846
187395,46632
187395,50268
187395,53406
187395,50970
187395,62944
187395,59394
187395,63510
187395,55632
187395,63218
187395,62274
187395,44660
187395,63136
187395,62376
187395,63538
187395,36762
187395,48980
187395,55798
187395,62614
187395,63540
187395,53256
187395,1206
153348,61364
153348,1370
153348,61348
153348,54096
153348,61552
153348,34092
153348,61280
153348,1372
153348,50272
153348,50968
153348,50268
153348,53406
153348,50970
153348,53386
153348,62944
153348,59394
153348,63510
153348,55632
153348,62274
153348,44660
153348,63136
153348,62376
153348,63538
153348,48980
153348,55798
153348,62614
153348,63540
153348,1206
186882,61364
186882,1370
186882,54096
186882,34092
186882,61280
186882,61558
186882,50272
186882,50968
186882,35846
186882,46632
186882,50268
186882,53406
186882,50970
186882,59394
186882,63510
186882,62274
186882,44660
186882,63136
186882,62376
186882,63538
186882,62614
186882,63540
186882,1206
178068,61364
178068,1370
178068,54096
178068,61552
178068,34092
178068,61280
178068,50272
178068,50968
178068,35846
178068,46632
178068,50268
178068,53406
178068,50970
178068,62944
178068,59394
178068,63510
178068,62274
178068,44660
178068,63136
178068,62376
178068,63538
178068,63540
178068,1206
210897,61364
210897,1370
210897,54096
210897,61552
210897,34092
210897,44302
210897,50274
210897,61558
210897,1372
210897,50272
210897,50968
210897,35846
210897,46632
210897,50268
210897,53406
210897,50970
210897,59394
210897,63510
210897,55632
210897,62274
210897,44660
210897,63136
210897,62376
210897,63538
210897,36762
210897,48980
210897,55798
210897,62614
210897,63540
210897,62860
210897,44662
210897,1206
228753,61364
228753,1370
228753,54096
228753,61552
228753,36720
228753,34092
228753,61280
228753,124
228753,10808
228753,54290
228753,50272
228753,1304
228753,37644
228753,50968
228753,60978
228753,50720
228753,50724
228753,36722
228753,53386
228753,55632
228753,63360
228753,59396
228753,63220
228753,50718
228753,56696
228753,63418
228753,62376
228753,62618
228753,62378
228753,44644
228753,10790
228753,52620
65313,30500
65313,11262
65313,35732
65313,39186
65313,62074
65313,44302
65313,11490
65313,52918
65313,3382
65313,59816
65313,53160
65313,50968
65313,35846
65313,42132
65313,33534
65313,44914
65313,50970
65313,61028
65313,63188
65313,62944
65313,63510
65313,32496
65313,55632
65313,63220
65313,48980
65313,62614
65313,62400
65313,62378
65313,44644
65313,10790
188100,35732
188100,39186
188100,62074
188100,44302
188100,11490
188100,52918
188100,60
188100,3382
188100,59816
188100,49888
188100,53160
188100,50968
188100,46632
188100,33534
188100,44914
188100,50970
188100,61028
188100,63188
188100,63510
188100,32496
188100,55632
188100,63220
188100,48980
188100,62614
188100,62400
188100,62378
188100,10790
188100,52620
188100,44662
202638,61364
202638,30500
202638,56714
202638,61348
202638,11262
202638,35732
202638,39186
202638,62074
202638,44302
202638,11490
202638,52918
202638,60
202638,3382
202638,48298
202638,59816
202638,59822
202638,49888
202638,53160
202638,50968
202638,35846
202638,42132
202638,33534
202638,50724
202638,44914
202638,50970
202638,36722
202638,61028
202638,63188
202638,62944
202638,63510
202638,32496
202638,55632
202638,62274
202638,63220
202638,63186
202638,63136
202638,54864
202638,48980
202638,55798
202638,62614
202638,62400
202638,62378
202638,63540
202638,44644
202638,10790
202638,62276
202638,58504
222225,61364
222225,30500
222225,61348
222225,11262
222225,35732
222225,39186
222225,62074
222225,16358
222225,44302
222225,60
222225,3382
222225,59816
222225,1304
222225,49888
222225,53160
222225,50968
222225,35846
222225,33534
222225,51974
222225,50724
222225,44914
222225,50970
222225,36722
222225,61028
222225,63188
222225,62944
222225,63510
222225,32496
222225,55632
222225,63220
222225,63186
222225,54864
222225,48980
222225,62400
222225,62378
222225,63540
222225,44644
222225,10790
222225,62276
222225,44662
222225,1206
153315,30500
153315,11262
153315,35732
153315,39186
153315,62074
153315,44302
153315,11490
153315,52918
153315,60
153315,3382
153315,59816
153315,53160
153315,50968
153315,42132
153315,33534
153315,44914
153315,50970
153315,61028
153315,63188
153315,62944
153315,63510
153315,32496
153315,55632
153315,63220
153315,48980
153315,62614
153315,62400
153315,62378
153315,44644
153315,10790
153315,52620
179088,39186
179088,62074
179088,44302
179088,11490
179088,60
179088,3382
179088,59816
179088,53160
179088,50968
179088,33534
179088,44914
179088,50970
179088,61028
179088,63188
179088,55632
179088,63220
179088,62614
179088,62400
179088,62378
179088,10790
179088,52620
179088,44662
179088,1206
210882,30500
210882,11262
210882,35732
210882,39186
210882,62074
210882,44302
210882,11490
210882,60
210882,3382
210882,59816
210882,49888
210882,53160
210882,50968
210882,35846
210882,42132
210882,33534
210882,44914
210882,50970
210882,61028
210882,63188
210882,62944
210882,63510
210882,32496
210882,55632
210882,63220
210882,48980
210882,62614
210882,62400
210882,62378
210882,44644
210882,10790
210882,52620
210882,44662
210882,1206
153204,35732
153204,39186
153204,62074
153204,44302
153204,11490
153204,52918
153204,60
153204,3382
153204,59816
153204,49888
153204,53160
153204,50968
153204,46632
153204,33534
153204,44914
153204,50970
153204,61028
153204,63188
153204,63510
153204,32496
153204,55632
153204,63220
153204,48980
153204,62614
153204,62400
153204,62378
153204,10790
153204,52620
153204,44662
174087,61364
174087,30500
174087,56714
174087,61348
174087,11262
174087,35732
174087,39186
174087,62074
174087,44302
174087,11490
174087,52918
174087,60
174087,3382
174087,59816
174087,59822
174087,49888
174087,53160
174087,50968
174087,42132
174087,33534
174087,44914
174087,50970
174087,61028
174087,63188
174087,62944
174087,63510
174087,32496
174087,55632
174087,63220
174087,63136
174087,54864
174087,48980
174087,55798
174087,62614
174087,62400
174087,62378
174087,44644
174087,10790
174087,52620
174087,62276
174087,44662
174087,1206
211236,30500
211236,11262
211236,35732
211236,39186
211236,62074
211236,44302
211236,11490
211236,52918
211236,60
211236,3382
211236,59816
211236,53160
211236,50968
211236,42132
211236,33534
211236,44914
211236,50970
211236,61028
211236,63188
211236,62944
211236,63510
211236,32496
211236,55632
211236,63220
211236,48980
211236,62614
211236,62400
211236,62378
211236,44644
211236,10790
211236,52620
221151,30500
221151,11262
221151,35732
221151,39186
221151,62074
221151,44302
221151,60
221151,3382
221151,59816
221151,1304
221151,49888
221151,53160
221151,50968
221151,35846
221151,42132
221151,33534
221151,44914
221151,50970
221151,61028
221151,63188
221151,62944
221151,63510
221151,32496
221151,55632
221151,63220
221151,63186
221151,48980
221151,62400
221151,62378
221151,44644
221151,10790
221151,52620
221151,44662
221151,1206
63690,61364
63690,30500
63690,56714
63690,61672
63690,61348
63690,11262
63690,35732
63690,48574
63690,39186
63690,57804
63690,60522
63690,62074
63690,16358
63690,44302
63690,11490
63690,52918
63690,60
63690,3382
63690,61558
63690,54290
63690,59816
63690,59822
63690,1304
63690,49888
63690,53160
63690,50968
63690,60978
63690,35846
63690,46632
63690,42132
63690,33534
63690,53406
63690,51974
63690,50724
63690,44914
63690,61560
63690,50970
63690,36722
63690,61028
63690,53386
63690,63188
63690,62944
63690,59394
63690,63510
63690,32496
63690,55632
63690,59396
63690,62274
63690,63220
63690,63186
63690,56696
63690,62170
63690,63136
63690,61540
63690,53046
63690,63538
63690,54864
63690,48980
63690,55798
63690,62614
63690,62400
63690,62378
63690,44644
63690,10790
63690,52620
63690,50962
63690,62276
63690,56484
63690,48694
157311,35732
157311,39186
157311,62074
157311,44302
157311,11490
157311,60
157311,3382
157311,59816
157311,53160
157311,50968
157311,33534
157311,44914
157311,50970
157311,61028
157311,63188
157311,63510
157311,32496
157311,55632
157311,63220
157311,48980
157311,62614
157311,62400
157311,62378
157311,10790
157311,52620
157311,44662
157311,1206
153600,30500
153600,11262
153600,35732
153600,39186
153600,62074
153600,44302
153600,11490
153600,60
153600,3382
153600,59816
153600,49888
153600,53160
153600,50968
153600,42132
153600,33534
153600,44914
153600,50970
153600,61028
153600,63188
153600,62944
153600,63510
153600,32496
153600,55632
153600,63220
153600,48980
153600,62614
153600,62400
153600,62378
153600,44644
153600,10790
153600,52620
153600,44662
153600,1206
215517,11262
215517,35732
215517,39186
215517,62074
215517,44302
215517,11490
215517,60
215517,3382
215517,59816
215517,53160
215517,50968
215517,33534
215517,44914
215517,50970
215517,61028
215517,63188
215517,55632
215517,63220
215517,62614
215517,62400
215517,62378
215517,10790
215517,52620
215517,44662
215517,1206
204243,35732
204243,39186
204243,62074
204243,44302
204243,11490
204243,60
204243,3382
204243,53160
204243,50968
204243,33534
204243,44914
204243,50970
204243,61028
204243,63188
204243,63510
204243,32496
204243,55632
204243,63220
204243,48980
204243,62614
204243,62400
204243,62378
204243,10790
204243,52620
204243,44662
204243,1206
165915,30500
165915,11262
165915,35732
165915,39186
165915,62074
165915,44302
165915,11490
165915,52918
165915,60
165915,3382
165915,59816
165915,49888
165915,53160
165915,50968
165915,35846
165915,42132
165915,33534
165915,44914
165915,50970
165915,61028
165915,63188
165915,62944
165915,63510
165915,32496
165915,55632
165915,63220
165915,48980
165915,62614
165915,62400
165915,62378
165915,44644
165915,10790
165915,52620
165915,44662
165915,1206
205905,35732
205905,39186
205905,62074
205905,44302
205905,11490
205905,60
205905,3382
205905,59816
205905,53160
205905,50968
205905,33534
205905,44914
205905,50970
205905,61028
205905,63188
205905,63510
205905,32496
205905,55632
205905,63220
205905,48980
205905,62614
205905,62400
205905,62378
205905,10790
205905,52620
205905,44662
205905,1206
153885,61364
153885,1370
153885,30500
153885,56714
153885,61672
153885,61348
153885,61542
153885,50270
153885,54096
153885,11262
153885,35732
153885,48574
153885,61552
153885,36720
153885,39186
153885,34092
153885,57804
153885,61280
153885,60522
153885,62074
153885,16358
153885,44302
153885,11490
153885,124
153885,52918
153885,33886
153885,50274
153885,60
153885,3382
153885,10808
153885,1372
153885,54290
153885,48298
153885,59816
153885,59822
153885,1304
153885,37644
153885,49888
153885,53160
153885,50968
153885,60978
153885,35846
153885,10652
153885,42132
153885,51316
153885,33534
153885,53406
153885,51974
153885,50720
153885,50724
153885,44914
153885,61560
153885,50970
153885,36722
153885,61028
153885,53386
153885,62944
153885,59394
153885,63510
153885,32496
153885,55632
153885,57414
153885,63218
153885,63220
153885,63186
153885,56696
153885,63418
153885,44660
153885,62170
153885,63136
153885,61540
153885,53046
153885,63538
153885,36762
153885,54864
153885,48980
153885,55798
153885,62614
153885,53394
153885,62618
153885,62616
153885,62400
153885,62378
153885,63540
153885,53256
153885,45912
153885,44644
153885,55638
153885,10790
153885,44664
153885,59776
153885,53048
153885,52620
153885,50962
153885,62276
153885,62860
153885,44662
153885,56484
153885,1206
153885,48694
153885,53258
62811,61364
62811,1370
62811,30500
62811,56714
62811,61672
62811,61348
62811,61542
62811,50270
62811,54096
62811,11262
62811,35732
62811,48574
62811,61552
62811,50716
62811,36720
62811,39186
62811,34092
62811,57804
62811,61280
62811,60522
62811,62074
62811,16358
62811,44302
62811,11490
62811,124
62811,52918
62811,33886
62811,50274
62811,60
62811,3382
62811,10808
62811,61558
62811,1372
62811,54290
62811,48298
62811,59816
62811,59822
62811,50272
62811,1304
62811,37644
62811,49888
62811,53160
62811,50968
62811,60978
62811,35846
62811,46632
62811,10652
62811,42132
62811,51316
62811,33534
62811,50268
62811,53406
62811,51974
62811,50720
62811,50724
62811,44914
62811,61560
62811,50970
62811,36722
62811,61028
62811,53386
62811,63188
62811,62944
62811,59394
62811,63510
62811,32496
62811,55632
62811,57414
62811,63360
62811,63218
62811,59396
62811,62274
62811,63220
62811,63186
62811,50718
62811,56696
62811,63418
62811,44660
62811,62170
62811,63136
62811,61540
62811,62376
62811,53046
62811,63538
62811,36762
62811,54864
62811,48980
62811,55798
62811,62614
62811,53394
62811,62618
62811,62616
62811,62400
62811,62378
62811,63540
62811,53256
62811,45912
62811,44644
62811,55638
62811,10790
62811,44664
62811,59776
62811,53048
62811,52620
62811,50962
62811,62276
62811,62860
62811,44662
62811,56484
62811,1206
62811,48694
62811,53258
181203,30500
181203,11262
181203,35732
181203,39186
181203,62074
181203,44302
181203,11490
181203,52918
181203,60
181203,3382
181203,59816
181203,49888
181203,53160
181203,50968
181203,60978
181203,35846
181203,42132
181203,33534
181203,44914
181203,50970
181203,61028
181203,63188
181203,62944
181203,63510
181203,32496
181203,55632
181203,63220
181203,48980
181203,62614
181203,62400
181203,62378
181203,44644
181203,10790
181203,52620
181203,44662
181203,1206
191316,35732
191316,39186
191316,33534
191316,44914
191316,61028
191316,63510
191316,32496
191316,55632
191316,63220
191316,48980
191316,62614
191316,62400
191316,62378
191316,10790
223389,61364
223389,30500
223389,61348
223389,11262
223389,35732
223389,39186
223389,62074
223389,16358
223389,44302
223389,11490
223389,60
223389,3382
223389,1304
223389,49888
223389,53160
223389,50968
223389,35846
223389,42132
223389,33534
223389,51974
223389,44914
223389,50970
223389,61028
223389,63188
223389,62944
223389,63510
223389,32496
223389,55632
223389,63220
223389,63186
223389,54864
223389,48980
223389,62400
223389,62378
223389,63540
223389,44644
223389,10790
223389,62276
223389,44662
223389,1206
178257,30500
178257,11262
178257,35732
178257,39186
178257,62074
178257,44302
178257,11490
178257,60
178257,3382
178257,59816
178257,1304
178257,49888
178257,53160
178257,50968
178257,35846
178257,42132
178257,33534
178257,44914
178257,50970
178257,61028
178257,63188
178257,62944
178257,63510
178257,32496
178257,55632
178257,63220
178257,63186
178257,48980
178257,62400
178257,62378
178257,44644
178257,10790
178257,44662
178257,1206
216564,35732
216564,39186
216564,62074
216564,60
216564,3382
216564,1304
216564,49888
216564,53160
216564,33534
216564,44914
216564,50970
216564,61028
216564,63188
216564,63510
216564,32496
216564,55632
216564,63220
216564,48980
216564,62400
216564,62378
216564,44644
216564,10790
216564,44662
216564,1206
56871,50270
56871,54096
56871,50716
56871,61280
56871,62074
56871,44302
56871,50274
56871,10808
56871,61558
56871,1372
56871,50272
56871,50968
56871,60978
56871,10652
56871,63188
56871,32496
56871,62376
56871,53046
56871,55798
56871,62400
56871,63540
56871,53256
56871,44644
56871,10790
56871,44664
56871,62860
56871,53258
56871,58504
206076,61364
206076,50270
206076,50716
206076,39186
206076,57804
206076,60522
206076,44302
206076,11490
206076,124
206076,10808
206076,35846
206076,10652
206076,50268
206076,53406
206076,36722
206076,62944
206076,55632
206076,63360
206076,62376
206076,53046
206076,55798
206076,62400
206076,63540
206076,53256
206076,10790
206076,44664
206076,62860
206076,53258
206076,58504
207465,61364
207465,30500
207465,50270
207465,50716
207465,39186
207465,57804
207465,60522
207465,62074
207465,44302
207465,11490
207465,124
207465,10808
207465,35846
207465,10652
207465,50268
207465,53406
207465,36722
207465,62944
207465,55632
207465,63360
207465,50718
207465,62376
207465,55798
207465,62400
207465,63540
207465,53256
207465,10790
207465,44664
207465,62860
207465,53258
207465,58504
246720,61364
246720,30500
246720,61348
246720,50270
246720,50716
246720,39186
246720,57804
246720,60522
246720,62074
246720,44302
246720,11490
246720,124
246720,10808
246720,10652
246720,50268
246720,53406
246720,44914
246720,36722
246720,62944
246720,55632
246720,63360
246720,50718
246720,62376
246720,55798
246720,62400
246720,63540
246720,53256
246720,10790
246720,44664
246720,62860
246720,53258
246720,58504
187839,61364
187839,30500
187839,61348
187839,50270
187839,50716
187839,39186
187839,57804
187839,60522
187839,62074
187839,44302
187839,11490
187839,124
187839,10808
187839,10652
187839,50268
187839,53406
187839,44914
187839,36722
187839,62944
187839,55632
187839,63360
187839,50718
187839,62376
187839,53046
187839,55798
187839,62400
187839,63540
187839,53256
187839,10790
187839,44664
187839,62860
187839,53258
187839,58504
183645,61364
183645,30500
183645,61348
183645,50270
183645,50716
183645,39186
183645,57804
183645,60522
183645,62074
183645,44302
183645,11490
183645,124
183645,10808
183645,35846
183645,10652
183645,50268
183645,53406
183645,44914
183645,36722
183645,62944
183645,55632
183645,63360
183645,62376
183645,55798
183645,62400
183645,63540
183645,53256
183645,10790
183645,44664
183645,62860
183645,53258
183645,58504
210051,61364
210051,50270
210051,50716
210051,39186
210051,57804
210051,60522
210051,124
210051,10808
210051,10652
210051,50268
210051,53406
210051,36722
210051,62944
210051,55632
210051,63360
210051,50718
210051,62376
210051,53046
210051,55798
210051,63540
210051,44644
210051,62860
210051,58504
241350,30500
241350,50270
241350,50716
241350,39186
241350,57804
241350,60522
241350,62074
241350,44302
241350,11490
241350,124
241350,10808
241350,35846
241350,10652
241350,50268
241350,53406
241350,62376
241350,53046
241350,55798
241350,62400
241350,63540
241350,53256
241350,10790
241350,44664
241350,62860
241350,53258
241350,58504
220218,61364
220218,50270
220218,50716
220218,39186
220218,57804
220218,60522
220218,44302
220218,11490
220218,124
220218,10808
220218,35846
220218,10652
220218,50268
220218,53406
220218,36722
220218,62944
220218,55632
220218,63360
220218,63220
220218,50718
220218,56696
220218,44660
220218,61540
220218,62376
220218,53046
220218,55798
220218,62400
220218,62378
220218,63540
220218,53256
220218,44644
220218,44664
220218,62860
220218,44662
220218,53258
220218,58504
210633,61364
210633,1370
210633,30500
210633,61348
210633,50270
210633,35732
210633,61552
210633,50716
210633,36720
210633,39186
210633,34092
210633,57804
210633,60522
210633,62074
210633,44302
210633,11490
210633,124
210633,10808
210633,61558
210633,50272
210633,60978
210633,35846
210633,46632
210633,10652
210633,50268
210633,53406
210633,44914
210633,36722
210633,63510
210633,50718
210633,62376
210633,53046
210633,55798
210633,62400
210633,63540
210633,53256
210633,44644
210633,10790
210633,44664
210633,62860
210633,1206
210633,53258
210633,58504
67740,61364
67740,61348
67740,50270
67740,50716
67740,39186
67740,57804
67740,60522
67740,62074
67740,44302
67740,11490
67740,124
67740,10808
67740,35846
67740,10652
67740,50268
67740,53406
67740,44914
67740,36722
67740,62944
67740,55632
67740,63360
67740,63220
67740,44660
67740,62376
67740,53046
67740,55798
67740,62400
67740,63540
67740,53256
67740,10790
67740,44664
67740,62276
67740,62860
67740,58504
207582,61364
207582,30500
207582,50270
207582,50716
207582,39186
207582,57804
207582,60522
207582,62074
207582,44302
207582,11490
207582,124
207582,10808
207582,60978
207582,35846
207582,10652
207582,50268
207582,53406
207582,36722
207582,62944
207582,63510
207582,55632
207582,63360
207582,53046
207582,55798
207582,63540
207582,44644
207582,10790
207582,62860
207582,58504
244173,56714
244173,50270
244173,50716
244173,39186
244173,57804
244173,44302
244173,11490
244173,124
244173,10808
244173,35846
244173,50268
244173,53406
244173,36722
244173,62944
244173,59394
244173,50718
244173,62376
244173,55798
244173,62400
244173,63540
244173,53256
244173,10790
244173,44664
244173,62860
244173,53258
244173,58504
64893,61364
64893,30500
64893,61348
64893,50270
64893,50716
64893,39186
64893,57804
64893,60522
64893,62074
64893,44302
64893,11490
64893,124
64893,10808
64893,61558
64893,10652
64893,50268
64893,53406
64893,44914
64893,36722
64893,62944
64893,55632
64893,63360
64893,63220
64893,44660
64893,62376
64893,53046
64893,55798
64893,62400
64893,63540
64893,53256
64893,10790
64893,44664
64893,62860
64893,58504
238878,61364
238878,30500
238878,50270
238878,50716
238878,39186
238878,57804
238878,60522
238878,62074
238878,44302
238878,11490
238878,124
238878,10808
238878,60978
238878,35846
238878,10652
238878,50268
238878,53406
238878,36722
238878,62944
238878,63510
238878,55632
238878,63360
238878,53046
238878,55798
238878,62400
238878,63540
238878,53256
238878,10790
238878,44664
238878,58504
155043,61364
155043,50270
155043,50716
155043,39186
155043,57804
155043,60522
155043,44302
155043,11490
155043,124
155043,10808
155043,35846
155043,10652
155043,50268
155043,53406
155043,36722
155043,62944
155043,55632
155043,63360
155043,53046
155043,55798
155043,62400
155043,63540
155043,53256
155043,44644
155043,10790
155043,44664
155043,53258
155043,58504
161058,61364
161058,50270
161058,50716
161058,39186
161058,57804
161058,60522
161058,44302
161058,11490
161058,124
161058,10808
161058,35846
161058,10652
161058,50268
161058,53406
161058,36722
161058,62944
161058,55632
161058,62376
161058,53046
161058,55798
161058,62400
161058,63540
161058,53256
161058,44644
161058,10790
161058,44664
161058,62860
161058,53258
161058,58504
235335,61364
235335,50270
235335,50716
235335,39186
235335,57804
235335,60522
235335,44302
235335,11490
235335,124
235335,10808
235335,35846
235335,10652
235335,50268
235335,53406
235335,36722
235335,62944
235335,55632
235335,63360
235335,62376
235335,53046
235335,55798
235335,62400
235335,63540
235335,53256
235335,44644
235335,10790
235335,44664
235335,62860
235335,53258
235335,58504
209880,61364
209880,50270
209880,50716
209880,39186
209880,57804
209880,60522
209880,44302
209880,11490
209880,124
209880,10808
209880,35846
209880,10652
209880,50268
209880,53406
209880,36722
209880,62944
209880,55632
209880,63360
209880,50718
209880,62376
209880,53046
209880,55798
209880,62400
209880,63540
209880,53256
209880,44644
209880,10790
209880,44664
209880,62860
209880,53258
209880,58504
205812,61364
205812,61348
205812,50270
205812,50716
205812,39186
205812,57804
205812,60522
205812,62074
205812,44302
205812,11490
205812,124
205812,10808
205812,35846
205812,10652
205812,50268
205812,53406
205812,44914
205812,61560
205812,36722
205812,62944
205812,55632
205812,63360
205812,50718
205812,62376
205812,53046
205812,55798
205812,62400
205812,63540
205812,53256
205812,44644
205812,10790
205812,44664
205812,62860
205812,53258
205812,58504
65637,61364
65637,61348
65637,50270
65637,50716
65637,39186
65637,57804
65637,60522
65637,62074
65637,44302
65637,11490
65637,124
65637,10808
65637,35846
65637,10652
65637,50268
65637,53406
65637,44914
65637,36722
65637,62944
65637,55632
65637,63360
65637,50718
65637,62376
65637,53046
65637,55798
65637,62400
65637,63540
65637,53256
65637,10790
65637,44664
65637,62860
65637,1206
65637,53258
65637,58504
186951,61364
186951,61348
186951,50270
186951,50716
186951,39186
186951,57804
186951,60522
186951,62074
186951,44302
186951,11490
186951,124
186951,10808
186951,35846
186951,10652
186951,50268
186951,53406
186951,44914
186951,36722
186951,62944
186951,55632
186951,63360
186951,62376
186951,53046
186951,55798
186951,62400
186951,63540
186951,53256
186951,44644
186951,10790
186951,44664
186951,62860
186951,53258
186951,58504
172590,61364
172590,50270
172590,50716
172590,39186
172590,57804
172590,60522
172590,44302
172590,11490
172590,124
172590,10808
172590,35846
172590,10652
172590,50268
172590,53406
172590,36722
172590,62944
172590,55632
172590,63360
172590,62376
172590,53046
172590,55798
172590,62400
172590,63540
172590,53256
172590,10790
172590,44664
172590,62860
172590,53258
172590,58504
65049,61364
65049,30500
65049,50270
65049,50716
65049,39186
65049,57804
65049,60522
65049,62074
65049,44302
65049,11490
65049,124
65049,10808
65049,35846
65049,10652
65049,50268
65049,53406
65049,44914
65049,36722
65049,62944
65049,55632
65049,63360
65049,62376
65049,53046
65049,55798
65049,62400
65049,63540
65049,53256
65049,10790
65049,44664
65049,62860
65049,58504
156339,61364
156339,50270
156339,50716
156339,39186
156339,57804
156339,60522
156339,44302
156339,11490
156339,124
156339,10808
156339,35846
156339,10652
156339,50268
156339,53406
156339,36722
156339,62944
156339,55632
156339,63360
156339,63220
156339,50718
156339,44660
156339,62376
156339,53046
156339,55798
156339,62400
156339,63540
156339,53256
156339,44644
156339,10790
156339,44664
156339,62860
156339,1206
156339,58504
153999,61364
153999,1370
153999,61348
153999,50270
153999,61552
153999,50716
153999,39186
153999,34092
153999,57804
153999,60522
153999,62074
153999,44302
153999,11490
153999,124
153999,10808
153999,61558
153999,60978
153999,35846
153999,50268
153999,53406
153999,44914
153999,36722
153999,62944
153999,63510
153999,63220
153999,50718
153999,44660
153999,62376
153999,53046
153999,55798
153999,62400
153999,63540
153999,53256
153999,10790
153999,44664
153999,62860
153999,53258
153999,58504
237840,61364
237840,30500
237840,61348
237840,50270
237840,61552
237840,50716
237840,39186
237840,34092
237840,57804
237840,60522
237840,62074
237840,44302
237840,11490
237840,124
237840,10808
237840,61558
237840,60978
237840,10652
237840,50268
237840,53406
237840,44914
237840,36722
237840,62944
237840,63510
237840,55632
237840,63360
237840,63220
237840,50718
237840,44660
237840,62376
237840,53046
237840,55798
237840,62400
237840,63540
237840,53256
237840,44644
237840,10790
237840,44664
237840,1206
237840,58504
183366,61364
183366,1370
183366,61348
183366,50270
183366,61552
183366,50716
183366,39186
183366,34092
183366,57804
183366,60522
183366,62074
183366,44302
183366,11490
183366,124
183366,10808
183366,61558
183366,60978
183366,35846
183366,10652
183366,50268
183366,53406
183366,44914
183366,36722
183366,62944
183366,63510
183366,62376
183366,53046
183366,55798
183366,62400
183366,63540
183366,53256
183366,44644
183366,10790
183366,44664
183366,62860
183366,53258
183366,58504
65058,61364
65058,50270
65058,50716
65058,39186
65058,57804
65058,60522
65058,44302
65058,11490
65058,124
65058,10808
65058,35846
65058,10652
65058,50268
65058,53406
65058,36722
65058,62944
65058,55632
65058,63360
65058,50718
65058,62376
65058,53046
65058,55798
65058,62400
65058,63540
65058,53256
65058,44644
65058,10790
65058,44664
65058,62860
65058,53258
65058,58504
240918,61364
240918,30500
240918,61348
240918,50270
240918,50716
240918,39186
240918,57804
240918,60522
240918,62074
240918,44302
240918,11490
240918,124
240918,10808
240918,35846
240918,10652
240918,50268
240918,53406
240918,44914
240918,36722
240918,62944
240918,55632
240918,63360
240918,50718
240918,62376
240918,53046
240918,55798
240918,62400
240918,63540
240918,53256
240918,44644
240918,10790
240918,44664
240918,62860
240918,53258
240918,58504
179436,61364
179436,1370
179436,30500
179436,61348
179436,50270
179436,50716
179436,39186
179436,57804
179436,60522
179436,62074
179436,44302
179436,11490
179436,124
179436,10808
179436,35846
179436,10652
179436,50268
179436,53406
179436,44914
179436,36722
179436,62944
179436,55632
179436,63360
179436,62376
179436,53046
179436,55798
179436,62400
179436,63540
179436,53256
179436,44644
179436,10790
179436,44664
179436,62860
179436,53258
179436,58504
196302,61364
196302,50270
196302,50716
196302,39186
196302,57804
196302,60522
196302,44302
196302,11490
196302,124
196302,10808
196302,35846
196302,10652
196302,50268
196302,53406
196302,36722
196302,62944
196302,55632
196302,63360
196302,50718
196302,62376
196302,53046
196302,55798
196302,62400
196302,63540
196302,53256
196302,10790
196302,44664
196302,53258
196302,58504
200964,61364
200964,61348
200964,50270
200964,50716
200964,39186
200964,57804
200964,60522
200964,62074
200964,44302
200964,11490
200964,124
200964,10808
200964,35846
200964,10652
200964,50268
200964,53406
200964,44914
200964,36722
200964,62944
200964,55632
200964,63360
200964,63220
200964,50718
200964,44660
200964,62376
200964,53046
200964,55798
200964,62400
200964,63540
200964,53256
200964,44644
200964,10790
200964,44664
200964,62860
200964,53258
200964,58504
210615,61364
210615,61348
210615,50270
210615,61552
210615,50716
210615,39186
210615,34092
210615,57804
210615,60522
210615,62074
210615,44302
210615,11490
210615,124
210615,10808
210615,61558
210615,60978
210615,35846
210615,10652
210615,50268
210615,53406
210615,44914
210615,36722
210615,62944
210615,63510
210615,55632
210615,63360
210615,53046
210615,55798
210615,62400
210615,63540
210615,53256
210615,44644
210615,10790
210615,44664
210615,62860
210615,53258
210615,58504
64353,61364
64353,50270
64353,50716
64353,39186
64353,57804
64353,60522
64353,44302
64353,11490
64353,124
64353,10808
64353,35846
64353,10652
64353,50268
64353,53406
64353,36722
64353,62944
64353,55632
64353,53046
64353,55798
64353,62400
64353,63540
64353,53256
64353,44644
64353,10790
64353,44664
64353,53258
64353,58504
203064,61364
203064,50270
203064,50716
203064,39186
203064,57804
203064,60522
203064,44302
203064,11490
203064,124
203064,10808
203064,35846
203064,10652
203064,50268
203064,53406
203064,36722
203064,62944
203064,55632
203064,62376
203064,53046
203064,55798
203064,62400
203064,63540
203064,53256
203064,44644
203064,10790
203064,44664
203064,62860
203064,53258
203064,58504
224787,61364
224787,50270
224787,50716
224787,39186
224787,57804
224787,60522
224787,44302
224787,11490
224787,124
224787,10808
224787,35846
224787,10652
224787,50268
224787,53406
224787,36722
224787,62944
224787,55632
224787,63360
224787,53046
224787,55798
224787,63540
224787,44644
224787,10790
224787,62860
224787,58504
229536,56714
229536,50270
229536,50716
229536,39186
229536,57804
229536,44302
229536,11490
229536,124
229536,10808
229536,35846
229536,50268
229536,53406
229536,36722
229536,62944
229536,59394
229536,62376
229536,55798
229536,62400
229536,63540
229536,53256
229536,10790
229536,44664
229536,62860
229536,58504
240990,61364
240990,50270
240990,50716
240990,39186
240990,57804
240990,60522
240990,124
240990,10808
240990,50268
240990,51974
240990,36722
240990,62944
240990,55632
240990,63360
240990,62376
240990,53046
240990,55798
240990,62400
240990,63540
240990,53256
240990,10790
240990,44664
240990,62860
240990,58504
69249,61364
69249,50270
69249,50716
69249,39186
69249,57804
69249,60522
69249,44302
69249,11490
69249,124
69249,10808
69249,35846
69249,10652
69249,50268
69249,53406
69249,36722
69249,62944
69249,55632
69249,63360
69249,53046
69249,55798
69249,62400
69249,63540
69249,53256
69249,10790
69249,44664
69249,53258
69249,58504
192942,61364
192942,50270
192942,50716
192942,39186
192942,57804
192942,60522
192942,44302
192942,11490
192942,124
192942,10808
192942,35846
192942,10652
192942,50268
192942,53406
192942,36722
192942,62944
192942,55632
192942,53046
192942,55798
192942,62400
192942,63540
192942,53256
192942,10790
192942,44664
192942,53258
192942,58504
153024,61364
153024,50270
153024,50716
153024,39186
153024,57804
153024,60522
153024,44302
153024,11490
153024,124
153024,10808
153024,35846
153024,10652
153024,50268
153024,53406
153024,36722
153024,62944
153024,55632
153024,63360
153024,53046
153024,55798
153024,62400
153024,63540
153024,53256
153024,10790
153024,44664
153024,62860
153024,58504
203127,61364
203127,50270
203127,50716
203127,39186
203127,57804
203127,60522
203127,44302
203127,11490
203127,124
203127,10808
203127,35846
203127,10652
203127,50268
203127,53406
203127,36722
203127,62944
203127,55632
203127,63360
203127,53046
203127,55798
203127,62400
203127,63540
203127,53256
203127,10790
203127,44664
203127,58504
223728,61364
223728,50270
223728,50716
223728,39186
223728,57804
223728,60522
223728,44302
223728,11490
223728,124
223728,10808
223728,35846
223728,10652
223728,50268
223728,53406
223728,36722
223728,62944
223728,55632
223728,63360
223728,53046
223728,55798
223728,62400
223728,63540
223728,53256
223728,10790
223728,44664
223728,58504
183813,61364
183813,50270
183813,50716
183813,39186
183813,57804
183813,60522
183813,44302
183813,11490
183813,124
183813,10808
183813,35846
183813,10652
183813,50268
183813,53406
183813,36722
183813,62944
183813,55632
183813,63360
183813,63220
183813,50718
183813,44660
183813,62376
183813,53046
183813,55798
183813,62400
183813,63540
183813,53256
183813,44644
183813,10790
183813,44664
183813,53258
183813,58504
175815,61364
175815,61348
175815,50270
175815,61552
175815,50716
175815,39186
175815,34092
175815,57804
175815,60522
175815,62074
175815,44302
175815,11490
175815,124
175815,10808
175815,61558
175815,60978
175815,35846
175815,10652
175815,50268
175815,53406
175815,44914
175815,36722
175815,62944
175815,63510
175815,55632
175815,63360
175815,50718
175815,62376
175815,53046
175815,55798
175815,62400
175815,63540
175815,53256
175815,10790
175815,44664
175815,62860
175815,53258
175815,58504
166002,61364
166002,61348
166002,50270
166002,50716
166002,39186
166002,57804
166002,60522
166002,62074
166002,44302
166002,11490
166002,124
166002,10808
166002,35846
166002,10652
166002,50268
166002,53406
166002,44914
166002,36722
166002,62944
166002,55632
166002,63360
166002,50718
166002,62376
166002,53046
166002,55798
166002,62400
166002,63540
166002,53256
166002,44644
166002,10790
166002,44664
166002,62860
166002,53258
166002,58504
208092,61364
208092,61348
208092,50270
208092,50716
208092,39186
208092,57804
208092,60522
208092,62074
208092,44302
208092,11490
208092,124
208092,10808
208092,35846
208092,10652
208092,50268
208092,53406
208092,44914
208092,36722
208092,62944
208092,55632
208092,63360
208092,53046
208092,55798
208092,62400
208092,63540
208092,53256
208092,10790
208092,44664
208092,53258
208092,58504
123150,61364
123150,50270
123150,50716
123150,39186
123150,57804
123150,60522
123150,44302
123150,11490
123150,124
123150,10808
123150,35846
123150,10652
123150,50268
123150,53406
123150,36722
123150,62944
123150,55632
123150,53046
123150,55798
123150,62378
123150,53258
123150,58504
210585,50270
210585,48574
210585,50716
210585,57804
210585,16358
210585,44302
210585,11490
210585,124
210585,10808
210585,35846
210585,10652
210585,50268
210585,53406
210585,36722
210585,55632
210585,63360
210585,50718
210585,62376
210585,53046
210585,55798
210585,62400
210585,63540
210585,53256
210585,44644
210585,10790
210585,44664
210585,62860
210585,1206
210585,53258
210585,58504
166029,61364
166029,1370
166029,61348
166029,50270
166029,50716
166029,39186
166029,57804
166029,60522
166029,62074
166029,44302
166029,11490
166029,124
166029,10808
166029,35846
166029,10652
166029,50268
166029,53406
166029,44914
166029,36722
166029,62944
166029,55632
166029,63360
166029,50718
166029,62376
166029,53046
166029,55798
166029,62400
166029,63540
166029,53256
166029,44644
166029,10790
166029,44664
166029,62860
166029,53258
166029,58504
208692,61364
208692,1370
208692,30500
208692,61348
208692,50270
208692,50716
208692,39186
208692,57804
208692,60522
208692,62074
208692,44302
208692,11490
208692,124
208692,10808
208692,35846
208692,10652
208692,50268
208692,53406
208692,44914
208692,36722
208692,62944
208692,55632
208692,63360
208692,63220
208692,50718
208692,44660
208692,62376
208692,53046
208692,55798
208692,62400
208692,63540
208692,53256
208692,44644
208692,10790
208692,44664
208692,1206
208692,58504
68496,61364
68496,1370
68496,61348
68496,50270
68496,61552
68496,50716
68496,39186
68496,34092
68496,57804
68496,60522
68496,62074
68496,44302
68496,11490
68496,124
68496,10808
68496,61558
68496,60978
68496,35846
68496,10652
68496,50268
68496,53406
68496,44914
68496,36722
68496,62944
68496,63510
68496,50718
68496,62376
68496,53046
68496,55798
68496,62400
68496,63540
68496,53256
68496,10790
68496,44664
68496,62860
68496,1206
68496,53258
68496,58504
209184,61364
209184,61348
209184,50270
209184,50716
209184,39186
209184,57804
209184,60522
209184,62074
209184,44302
209184,11490
209184,124
209184,10808
209184,35846
209184,10652
209184,50268
209184,53406
209184,44914
209184,36722
209184,62944
209184,55632
209184,63360
209184,62376
209184,55798
209184,62400
209184,63540
209184,53256
209184,44644
209184,10790
209184,44664
209184,62860
209184,53258
209184,58504
220632,61364
220632,56714
220632,50270
220632,50716
220632,39186
220632,57804
220632,60522
220632,60
220632,10808
220632,49888
220632,10652
220632,50268
220632,53406
220632,36722
220632,62944
220632,55632
220632,63360
220632,63220
220632,50718
220632,56696
220632,44660
220632,62170
220632,61540
220632,62376
220632,53046
220632,63538
220632,54864
220632,48980
220632,55798
220632,62614
220632,53394
220632,62618
220632,62616
220632,62400
220632,62378
220632,63540
220632,53256
220632,45912
220632,44644
220632,57522
220632,55638
220632,10790
220632,44664
220632,59776
220632,52620
220632,50962
220632,62276
220632,44662
220632,1206
220632,48694
220632,53258
220632,58504
166599,61364
166599,1370
166599,30500
166599,61672
166599,61348
166599,61542
166599,50270
166599,11262
166599,35732
166599,48574
166599,61552
166599,50716
166599,36720
166599,39186
166599,34092
166599,57804
166599,61280
166599,62074
166599,16358
166599,44302
166599,11490
166599,124
166599,52918
166599,50274
166599,10808
166599,61558
166599,54290
166599,48298
166599,59816
166599,59822
166599,50272
166599,1304
166599,49888
166599,53160
166599,50968
166599,60978
166599,35846
166599,46632
166599,10652
166599,42132
166599,51316
166599,50268
166599,53406
166599,51974
166599,50720
166599,50970
166599,36722
166599,61028
166599,53386
166599,63188
166599,62944
166599,59394
166599,63510
166599,32496
166599,55632
166599,57414
166599,63360
166599,63218
166599,59396
166599,50718
166599,62376
166599,53046
166599,55798
166599,62400
166599,63540
166599,53256
166599,44644
166599,10790
166599,44664
166599,62860
166599,53258
166599,58504
199479,61364
199479,61348
199479,50270
199479,50716
199479,39186
199479,57804
199479,60522
199479,62074
199479,44302
199479,11490
199479,124
199479,10808
199479,35846
199479,10652
199479,50268
199479,53406
199479,44914
199479,36722
199479,62944
199479,55632
199479,63360
199479,62376
199479,55798
199479,62400
199479,63540
199479,53256
199479,44644
199479,10790
199479,44664
199479,53258
199479,58504
208812,61364
208812,50270
208812,50716
208812,39186
208812,57804
208812,60522
208812,10808
208812,50268
208812,51974
208812,36722
208812,62944
208812,55632
208812,63360
208812,53046
208812,55798
208812,62400
208812,63540
208812,53256
208812,44644
208812,10790
208812,44664
208812,62860
208812,53258
208812,58504
80925,61364
80925,56714
80925,50270
80925,50716
80925,39186
80925,57804
80925,60522
80925,44302
80925,11490
80925,124
80925,10808
80925,35846
80925,10652
80925,50268
80925,53406
80925,36722
80925,62944
80925,55632
80925,53046
80925,55798
80925,62378
209793,50716
209793,57804
209793,16358
209793,44302
209793,11490
209793,124
209793,33886
209793,10808
209793,61558
209793,35846
209793,10652
209793,50268
209793,50718
209793,62376
209793,53046
209793,55798
209793,62400
209793,63540
209793,53256
209793,44644
209793,10790
209793,44664
209793,62860
209793,53258
209793,58504
153912,61364
153912,61348
153912,50270
153912,50716
153912,39186
153912,57804
153912,60522
153912,62074
153912,44302
153912,11490
153912,124
153912,10808
153912,35846
153912,10652
153912,50268
153912,53406
153912,44914
153912,36722
153912,62944
153912,55632
153912,63360
153912,62376
153912,53046
153912,55798
153912,62400
153912,63540
153912,53256
153912,44644
153912,10790
153912,44664
153912,62860
153912,53258
153912,58504
206646,61364
206646,50270
206646,50716
206646,39186
206646,57804
206646,60522
206646,44302
206646,11490
206646,124
206646,10808
206646,35846
206646,10652
206646,50268
206646,53406
206646,36722
206646,62944
206646,55632
206646,63360
206646,62376
206646,53046
206646,55798
206646,62400
206646,63540
206646,53256
206646,44644
206646,10790
206646,62860
206646,58504
206613,61364
206613,50270
206613,50716
206613,39186
206613,57804
206613,60522
206613,62074
206613,44302
206613,11490
206613,124
206613,10808
206613,35846
206613,10652
206613,50268
206613,53406
206613,44914
206613,36722
206613,62944
206613,55632
206613,63360
206613,50718
206613,62376
206613,53046
206613,55798
206613,62400
206613,63540
206613,53256
206613,10790
206613,44664
206613,62860
206613,53258
206613,58504
192768,61364
192768,30500
192768,61348
192768,50270
192768,50716
192768,39186
192768,57804
192768,60522
192768,62074
192768,44302
192768,11490
192768,124
192768,10808
192768,61558
192768,35846
192768,10652
192768,50268
192768,53406
192768,44914
192768,36722
192768,62944
192768,55632
192768,63360
192768,53046
192768,55798
192768,62400
192768,63540
192768,53256
192768,10790
192768,44664
192768,58504
211761,61364
211761,50270
211761,50716
211761,39186
211761,57804
211761,60522
211761,44302
211761,11490
211761,124
211761,10808
211761,35846
211761,10652
211761,50268
211761,53406
211761,36722
211761,62944
211761,55632
211761,63360
211761,53046
211761,55798
211761,62400
211761,63540
211761,53256
211761,10790
211761,44664
211761,53258
211761,58504
204375,61364
204375,50270
204375,50716
204375,39186
204375,57804
204375,60522
204375,44302
204375,11490
204375,124
204375,10808
204375,35846
204375,10652
204375,50268
204375,53406
204375,36722
204375,62944
204375,55632
204375,53046
204375,55798
204375,62400
204375,63540
204375,53256
204375,10790
204375,44664
204375,53258
204375,58504
233559,61364
233559,50270
233559,50716
233559,39186
233559,57804
233559,60522
233559,44302
233559,11490
233559,124
233559,10808
233559,35846
233559,10652
233559,50268
233559,53406
233559,36722
233559,62944
233559,55632
233559,63360
233559,62376
233559,55798
233559,62400
233559,63540
233559,53256
233559,10790
233559,44664
233559,62860
233559,53258
233559,58504
214968,61364
214968,50270
214968,50716
214968,39186
214968,57804
214968,60522
214968,124
214968,10808
214968,10652
214968,50268
214968,53406
214968,36722
214968,62944
214968,55632
214968,63360
214968,62376
214968,53046
214968,55798
214968,62400
214968,63540
214968,53256
214968,44644
214968,10790
214968,44664
214968,62860
214968,53258
214968,58504
186942,61364
186942,50270
186942,50716
186942,39186
186942,57804
186942,60522
186942,44302
186942,11490
186942,124
186942,10808
186942,35846
186942,10652
186942,50268
186942,53406
186942,36722
186942,62944
186942,55632
186942,63360
186942,53046
186942,55798
186942,62378
208794,50716
208794,57804
208794,16358
208794,44302
208794,11490
208794,124
208794,33886
208794,10808
208794,61558
208794,35846
208794,10652
208794,50268
208794,50718
208794,62376
208794,53046
208794,55798
208794,62400
208794,63540
208794,53256
208794,44644
208794,10790
208794,44664
208794,62860
208794,53258
208794,58504
212586,61364
212586,61348
212586,50270
212586,50716
212586,39186
212586,57804
212586,60522
212586,62074
212586,44302
212586,11490
212586,124
212586,10808
212586,35846
212586,10652
212586,50268
212586,53406
212586,44914
212586,36722
212586,62944
212586,55632
212586,63360
212586,62376
212586,53046
212586,55798
212586,62400
212586,63540
212586,53256
212586,44644
212586,10790
212586,44664
212586,62860
212586,53258
212586,58504
207498,61364
207498,50270
207498,50716
207498,39186
207498,57804
207498,60522
207498,44302
207498,11490
207498,124
207498,10808
207498,35846
207498,10652
207498,50268
207498,53406
207498,36722
207498,62944
207498,55632
207498,63360
207498,55798
207498,62400
207498,58504
245976,61364
245976,1370
245976,50270
245976,50716
245976,39186
245976,57804
245976,60522
245976,53406
245976,51974
245976,44914
245976,36722
245976,63360
245976,53046
245976,55798
245976,62400
245976,63540
245976,53256
245976,10790
245976,44664
245976,53258
245976,58504
154953,61364
154953,50270
154953,50716
154953,39186
154953,57804
154953,60522
154953,44302
154953,11490
154953,124
154953,10808
154953,35846
154953,10652
154953,50268
154953,53406
154953,36722
154953,62944
154953,55632
154953,63360
154953,62376
154953,53046
154953,55798
154953,62400
154953,63540
154953,53256
154953,44644
154953,10790
154953,44664
154953,62860
154953,53258
154953,58504
198981,61364
198981,50270
198981,50716
198981,39186
198981,57804
198981,60522
198981,44302
198981,11490
198981,124
198981,10808
198981,35846
198981,10652
198981,50268
198981,53406
198981,36722
198981,62944
198981,55632
198981,63360
198981,63220
198981,50718
198981,56696
198981,44660
198981,62376
198981,53046
198981,55798
198981,62400
198981,63540
198981,53256
198981,44644
198981,10790
198981,44664
198981,62276
198981,62860
198981,44662
198981,53258
198981,58504
226848,61364
226848,30500
226848,61348
226848,50270
226848,61552
226848,50716
226848,39186
226848,34092
226848,57804
226848,60522
226848,62074
226848,44302
226848,11490
226848,124
226848,3382
226848,10808
226848,61558
226848,50272
226848,60978
226848,35846
226848,46632
226848,10652
226848,50268
226848,53406
226848,44914
226848,36722
226848,63510
226848,62376
226848,53046
226848,55798
226848,62400
226848,63540
226848,10790
226848,44664
226848,1206
226848,53258
226848,58504
95988,1370
95988,30500
95988,50270
95988,50716
95988,39186
95988,57804
95988,62074
95988,44302
95988,11490
95988,124
95988,10808
95988,35846
95988,50268
95988,53406
95988,51974
95988,44914
95988,36722
95988,55632
95988,63360
95988,62376
95988,55798
95988,62400
95988,63540
95988,53256
95988,44644
95988,10790
95988,44664
95988,62860
95988,53258
95988,58504
171684,61364
171684,50270
171684,50716
171684,39186
171684,57804
171684,60522
171684,10808
171684,50268
171684,51974
171684,36722
171684,62944
171684,55632
171684,63360
171684,63220
171684,50718
171684,44660
171684,62376
171684,53046
171684,55798
171684,62400
171684,62378
171684,63540
171684,10790
171684,44664
171684,62860
171684,1206
171684,53258
171684,58504
204774,61364
204774,30500
204774,50270
204774,35732
204774,61552
204774,50716
204774,39186
204774,34092
204774,57804
204774,62074
204774,44302
204774,11490
204774,124
204774,10808
204774,61558
204774,60978
204774,35846
204774,50268
204774,53406
204774,51974
204774,44914
204774,36722
204774,63510
204774,55632
204774,63360
204774,50718
204774,62376
204774,53046
204774,55798
204774,62400
204774,63540
204774,10790
204774,44664
204774,62860
204774,1206
204774,53258
204774,58504
207999,61364
207999,30500
207999,61348
207999,50270
207999,50716
207999,36720
207999,39186
207999,57804
207999,60522
207999,62074
207999,44302
207999,11490
207999,124
207999,10808
207999,61558
207999,35846
207999,50268
207999,53406
207999,51974
207999,44914
207999,36722
207999,55632
207999,63360
207999,63218
207999,53046
207999,55798
207999,62400
207999,63540
207999,53256
207999,44644
207999,10790
207999,44664
207999,62860
207999,53258
207999,58504
182295,61364
182295,50270
182295,50716
182295,39186
182295,57804
182295,60522
182295,10808
182295,10652
182295,50268
182295,53406
182295,36722
182295,62944
182295,55632
182295,50718
182295,62376
182295,53046
182295,55798
182295,62400
182295,63540
182295,53256
182295,10790
182295,44664
182295,62860
182295,53258
182295,58504
165684,61364
165684,61348
165684,50270
165684,50716
165684,39186
165684,57804
165684,60522
165684,62074
165684,44302
165684,11490
165684,124
165684,10808
165684,35846
165684,10652
165684,50268
165684,53406
165684,44914
165684,36722
165684,62944
165684,55632
165684,63360
165684,62376
165684,55798
165684,62400
165684,63540
165684,53256
165684,44644
165684,10790
165684,44664
165684,62860
165684,53258
165684,58504
209625,61364
209625,50270
209625,50716
209625,39186
209625,57804
209625,60522
209625,10808
209625,10652
209625,50268
209625,53406
209625,36722
209625,62944
209625,55632
209625,63360
209625,50718
209625,62376
209625,55798
209625,62400
209625,63540
209625,53256
209625,10790
209625,44664
209625,62860
209625,53258
209625,58504
64845,61364
64845,61348
64845,50270
64845,50716
64845,39186
64845,57804
64845,60522
64845,62074
64845,44302
64845,11490
64845,124
64845,10808
64845,10652
64845,50268
64845,53406
64845,44914
64845,36722
64845,62944
64845,55632
64845,63360
64845,50718
64845,62376
64845,55798
64845,62400
64845,63540
64845,53256
64845,10790
64845,44664
64845,62860
64845,53258
64845,58504
203166,61364
203166,30500
203166,61348
203166,50270
203166,50716
203166,39186
203166,57804
203166,60522
203166,62074
203166,44302
203166,11490
203166,124
203166,10808
203166,50268
203166,51974
203166,44914
203166,36722
203166,62944
203166,55632
203166,63360
203166,62376
203166,55798
203166,62400
203166,63540
203166,53256
203166,44644
203166,10790
203166,44664
203166,62860
203166,53258
203166,58504
211542,61364
211542,50270
211542,50716
211542,39186
211542,57804
211542,60522
211542,10808
211542,10652
211542,50268
211542,53406
211542,36722
211542,62944
211542,55632
211542,63360
211542,50718
211542,62376
211542,53046
211542,55798
211542,62400
211542,63540
211542,53256
211542,10790
211542,44664
211542,62860
211542,53258
211542,58504
224280,61364
224280,61348
224280,50270
224280,50716
224280,39186
224280,57804
224280,60522
224280,62074
224280,44302
224280,11490
224280,124
224280,10808
224280,35846
224280,10652
224280,50268
224280,53406
224280,44914
224280,36722
224280,62944
224280,55632
224280,63360
224280,55798
224280,53256
224280,45912
224280,44644
224280,10790
224280,1206
224280,58504
250977,61364
250977,50270
250977,50716
250977,39186
250977,57804
250977,60522
250977,10652
250977,53406
250977,36722
250977,62944
250977,50718
250977,62376
250977,53046
250977,55798
250977,62400
250977,63540
250977,53256
250977,44644
250977,10790
250977,44664
250977,62860
250977,1206
250977,53258
250977,58504
154827,61364
154827,61348
154827,50270
154827,50716
154827,39186
154827,57804
154827,60522
154827,62074
154827,44302
154827,11490
154827,124
154827,10808
154827,35846
154827,10652
154827,50268
154827,53406
154827,44914
154827,36722
154827,62944
154827,55632
154827,63360
154827,50718
154827,61540
154827,53046
154827,63538
154827,54864
154827,53394
154827,62618
154827,53256
154827,10790
154827,59776
154827,53048
154827,50962
154827,44662
154827,56484
227670,61364
227670,1370
227670,30500
227670,61542
227670,50270
227670,54096
227670,35732
227670,50716
227670,39186
227670,62074
227670,16358
227670,11490
227670,124
227670,52918
227670,50274
227670,60
227670,10808
227670,61558
227670,1372
227670,50272
227670,1304
227670,37644
227670,46632
227670,53406
227670,51974
227670,50720
227670,50724
227670,36722
227670,61028
227670,53386
227670,59394
227670,55632
227670,63220
227670,63136
227670,61540
227670,53046
227670,63538
227670,54864
227670,53394
227670,62618
227670,53256
227670,10790
227670,59776
227670,53048
227670,50962
227670,44662
227670,56484
208116,61364
208116,1370
208116,30500
208116,61542
208116,50270
208116,54096
208116,35732
208116,50716
208116,39186
208116,62074
208116,16358
208116,11490
208116,124
208116,52918
208116,50274
208116,60
208116,10808
208116,61558
208116,1372
208116,50272
208116,1304
208116,37644
208116,46632
208116,53406
208116,51974
208116,50720
208116,50724
208116,36722
208116,61028
208116,59394
208116,55632
208116,63220
208116,53394
208116,62618
208116,53256
208116,10790
208116,59776
208116,53048
208116,44662
208116,56484
153438,61542
153438,50270
153438,54096
153438,35732
153438,39186
153438,16358
153438,11490
153438,52918
153438,50274
153438,60
153438,10808
153438,61558
153438,1372
153438,1304
153438,51974
153438,50724
153438,36722
153438,61028
153438,59394
153438,55632
153438,59396
153438,50718
153438,63418
153438,61540
153438,53046
153438,63538
153438,54864
153438,53394
153438,62618
153438,53256
153438,10790
153438,59776
153438,53048
153438,50962
153438,44662
153438,56484
250020,1370
250020,30500
250020,61542
250020,50270
250020,54096
250020,50716
250020,39186
250020,16358
250020,11490
250020,52918
250020,50274
250020,60
250020,10808
250020,61558
250020,1372
250020,1304
250020,46632
250020,53406
250020,51974
250020,50720
250020,50724
250020,36722
250020,61028
250020,59394
250020,55632
250020,59396
250020,63220
250020,50718
250020,63418
250020,61540
250020,53046
250020,63538
250020,54864
250020,53394
250020,62618
250020,53256
250020,10790
250020,44664
250020,59776
250020,53048
250020,50962
250020,44662
250020,56484
154404,1370
154404,61542
154404,50270
154404,54096
154404,35732
154404,50716
154404,39186
154404,61280
154404,62074
154404,16358
154404,44302
154404,11490
154404,124
154404,52918
154404,50274
154404,60
154404,10808
154404,61558
154404,1372
154404,1304
154404,37644
154404,35846
154404,46632
154404,51316
154404,53406
154404,51974
154404,50720
154404,50724
154404,36722
154404,61028
154404,59394
154404,55632
154404,59396
154404,62274
154404,63220
154404,50718
154404,63418
154404,53046
154404,53394
154404,62618
154404,53256
154404,10790
154404,59776
154404,53048
154404,50962
154404,56484
205332,1370
205332,50270
205332,54096
205332,35732
205332,50716
205332,39186
205332,16358
205332,11490
205332,52918
205332,50274
205332,60
205332,10808
205332,61558
205332,1372
205332,1304
205332,51974
205332,50724
205332,36722
205332,61028
205332,59394
205332,55632
205332,61540
205332,53046
205332,63538
205332,54864
205332,53394
205332,62618
205332,53256
205332,10790
205332,59776
205332,53048
205332,50962
205332,44662
205332,56484
203868,1370
203868,30500
203868,61542
203868,50270
203868,54096
203868,50716
203868,39186
203868,16358
203868,11490
203868,52918
203868,50274
203868,60
203868,10808
203868,61558
203868,1372
203868,1304
203868,46632
203868,53406
203868,51974
203868,50720
203868,50724
203868,36722
203868,61028
203868,59394
203868,55632
203868,59396
203868,63220
203868,50718
203868,63418
203868,53046
203868,53394
203868,62618
203868,53256
203868,10790
203868,59776
203868,53048
203868,50962
203868,44662
203868,56484
250284,1370
250284,61542
250284,50270
250284,54096
250284,35732
250284,50716
250284,39186
250284,16358
250284,11490
250284,52918
250284,50274
250284,60
250284,10808
250284,61558
250284,1372
250284,1304
250284,51974
250284,50724
250284,36722
250284,61028
250284,59394
250284,55632
250284,59396
250284,50718
250284,63418
250284,53394
250284,53256
250284,10790
250284,59776
250284,53048
250284,44662
250284,56484
155034,1370
155034,61542
155034,50270
155034,54096
155034,35732
155034,39186
155034,16358
155034,11490
155034,52918
155034,50274
155034,10808
155034,61558
155034,1372
155034,1304
155034,50724
155034,36722
155034,61028
155034,55632
155034,59396
155034,50718
155034,63418
155034,61540
155034,53046
155034,63538
155034,36762
155034,54864
155034,53394
155034,62618
155034,53256
155034,10790
155034,44664
155034,59776
155034,52620
155034,50962
155034,44662
155034,56484
155034,53258
229812,1370
229812,61672
229812,61348
229812,61542
229812,50270
229812,54096
229812,35732
229812,50716
229812,39186
229812,57804
229812,61280
229812,62074
229812,16358
229812,44302
229812,11490
229812,124
229812,52918
229812,50274
229812,60
229812,3382
229812,10808
229812,61558
229812,1372
229812,54290
229812,1304
229812,37644
229812,53160
229812,60978
229812,35846
229812,46632
229812,10652
229812,33534
229812,53406
229812,51974
229812,50720
229812,61560
229812,36722
229812,61028
229812,53386
229812,59394
229812,55632
229812,59396
229812,62274
229812,63220
229812,50718
229812,63418
229812,44660
229812,61540
229812,53046
229812,63538
229812,54864
229812,53394
229812,62618
229812,53256
229812,10790
229812,44664
229812,59776
229812,53048
229812,50962
229812,44662
229812,56484
192717,1370
192717,61542
192717,50270
192717,54096
192717,35732
192717,50716
192717,39186
192717,61280
192717,62074
192717,16358
192717,44302
192717,11490
192717,124
192717,52918
192717,50274
192717,60
192717,10808
192717,61558
192717,1372
192717,1304
192717,37644
192717,35846
192717,46632
192717,51316
192717,53406
192717,51974
192717,50720
192717,50724
192717,36722
192717,61028
192717,59394
192717,55632
192717,59396
192717,62274
192717,63220
192717,50718
192717,63418
192717,61540
192717,53046
192717,63538
192717,54864
192717,53394
192717,62618
192717,53256
192717,10790
192717,59776
192717,53048
192717,50962
192717,44662
192717,56484
244731,1370
244731,30500
244731,61542
244731,50270
244731,54096
244731,50716
244731,39186
244731,16358
244731,11490
244731,52918
244731,50274
244731,60
244731,10808
244731,61558
244731,1372
244731,1304
244731,46632
244731,53406
244731,51974
244731,50720
244731,50724
244731,36722
244731,61028
244731,59394
244731,55632
244731,59396
244731,63220
244731,50718
244731,63418
244731,53394
244731,53256
244731,10790
244731,59776
244731,53048
244731,44662
244731,56484
243981,1370
243981,50270
243981,54096
243981,39186
243981,16358
243981,11490
243981,52918
243981,50274
243981,1372
243981,1304
243981,50724
243981,36722
243981,61028
243981,55632
243981,59396
243981,50718
243981,63418
243981,53394
243981,53256
243981,10790
243981,59776
243981,53048
243981,50962
243981,44662
243981,56484
250653,1370
250653,61542
250653,50270
250653,54096
250653,48574
250653,39186
250653,16358
250653,11490
250653,52918
250653,50274
250653,59822
250653,1304
250653,51316
250653,50724
250653,36722
250653,61028
250653,55632
250653,59396
250653,50718
250653,63418
250653,53394
250653,62618
250653,53256
250653,10790
250653,59776
250653,53048
250653,44662
250653,56484
167136,1370
167136,50270
167136,54096
167136,39186
167136,16358
167136,11490
167136,52918
167136,50274
167136,10808
167136,61558
167136,1372
167136,1304
167136,51974
167136,50724
167136,36722
167136,61028
167136,55632
167136,59396
167136,50718
167136,63418
167136,53046
167136,53394
167136,62618
167136,53256
167136,10790
167136,59776
167136,53048
167136,50962
167136,44662
167136,56484
244971,1370
244971,61542
244971,50270
244971,54096
244971,50716
244971,39186
244971,16358
244971,11490
244971,52918
244971,50274
244971,60
244971,10808
244971,61558
244971,1372
244971,1304
244971,51974
244971,50724
244971,36722
244971,61028
244971,59394
244971,55632
244971,59396
244971,50718
244971,63418
244971,61540
244971,53046
244971,63538
244971,54864
244971,53394
244971,62618
244971,53256
244971,10790
244971,44664
244971,59776
244971,52620
244971,50962
244971,44662
244971,56484
244971,53258
245868,1370
245868,61672
245868,61348
245868,61542
245868,50270
245868,54096
245868,35732
245868,50716
245868,39186
245868,57804
245868,61280
245868,62074
245868,16358
245868,44302
245868,11490
245868,124
245868,52918
245868,50274
245868,60
245868,3382
245868,10808
245868,61558
245868,1372
245868,54290
245868,1304
245868,37644
245868,53160
245868,60978
245868,35846
245868,46632
245868,10652
245868,33534
245868,53406
245868,51974
245868,50720
245868,61560
245868,36722
245868,61028
245868,53386
245868,59394
245868,55632
245868,59396
245868,62274
245868,63220
245868,50718
245868,63418
245868,44660
245868,53046
245868,53394
245868,62618
245868,53256
245868,10790
245868,59776
245868,44662
245868,56484
180471,1370
180471,61672
180471,61542
180471,50270
180471,54096
180471,35732
180471,50716
180471,39186
180471,16358
180471,11490
180471,52918
180471,50274
180471,60
180471,10808
180471,61558
180471,1372
180471,1304
180471,37644
180471,51974
180471,36722
180471,61028
180471,59394
180471,55632
180471,59396
180471,50718
180471,63418
180471,53394
180471,62618
180471,53256
180471,10790
180471,59776
180471,44662
180471,56484
242505,61672
242505,61542
242505,50270
242505,11262
242505,35732
242505,39186
242505,16358
242505,11490
242505,52918
242505,60
242505,10808
242505,61558
242505,1372
242505,1304
242505,51974
242505,36722
242505,61028
242505,53386
242505,59394
242505,55632
242505,50718
242505,63418
242505,53394
242505,62618
242505,53256
242505,10790
242505,59776
242505,53048
242505,44662
242505,56484
217002,1370
217002,61542
217002,50270
217002,54096
217002,39186
217002,16358
217002,11490
217002,52918
217002,50274
217002,10808
217002,61558
217002,1372
217002,1304
217002,51974
217002,50724
217002,36722
217002,61028
217002,55632
217002,59396
217002,50718
217002,63418
217002,61540
217002,53046
217002,63538
217002,54864
217002,48980
217002,62614
217002,53394
217002,62618
217002,62616
217002,62378
217002,63540
217002,53256
217002,45912
217002,44644
217002,57522
217002,55638
217002,10790
217002,44664
217002,59776
217002,53048
217002,52620
217002,50962
217002,62276
217002,62860
217002,44662
217002,56484
217002,1206
217002,53258
217002,58504
210342,61364
210342,1370
210342,30500
210342,61672
210342,61348
210342,61542
210342,50270
210342,54096
210342,11262
210342,35732
210342,61552
210342,50716
210342,36720
210342,39186
210342,57804
210342,61280
210342,60522
210342,62074
210342,16358
210342,44302
210342,11490
210342,124
210342,52918
210342,33886
210342,60
210342,3382
210342,10808
210342,61558
210342,1372
210342,54290
210342,59816
210342,1304
210342,37644
210342,53160
210342,50968
210342,60978
210342,35846
210342,46632
210342,10652
210342,51316
210342,33534
210342,50268
210342,53406
210342,51974
210342,50720
210342,50724
210342,44914
210342,61560
210342,36722
210342,61028
210342,53386
210342,63188
210342,32496
210342,55632
210342,57414
210342,63360
210342,63218
210342,59396
210342,62274
210342,63220
210342,63186
210342,50718
210342,56696
210342,63418
210342,44660
210342,62170
210342,62618
210342,53256
210342,10790
210342,59776
210342,53048
210342,44662
210342,56484
204924,61542
204924,50270
204924,54096
204924,39186
204924,16358
204924,11490
204924,52918
204924,50274
204924,1304
204924,50724
204924,36722
204924,61028
204924,55632
204924,59396
204924,50718
204924,61540
204924,53046
204924,63538
204924,54864
204924,53394
204924,62618
204924,53256
204924,10790
204924,44664
204924,59776
204924,53048
204924,50962
204924,44662
204924,56484
153138,1370
153138,61542
153138,50270
153138,54096
153138,35732
153138,50716
153138,39186
153138,61280
153138,62074
153138,16358
153138,44302
153138,11490
153138,124
153138,52918
153138,50274
153138,60
153138,10808
153138,61558
153138,1372
153138,1304
153138,37644
153138,35846
153138,46632
153138,51316
153138,53406
153138,51974
153138,50720
153138,50724
153138,36722
153138,61028
153138,59394
153138,55632
153138,59396
153138,62274
153138,63220
153138,50718
153138,63418
153138,61540
153138,53046
153138,54864
153138,53394
153138,62618
153138,53256
153138,10790
153138,59776
153138,53048
153138,50962
153138,44662
153138,56484
222843,1370
222843,61672
222843,50270
222843,54096
222843,11262
222843,50716
222843,39186
222843,62074
222843,16358
222843,11490
222843,124
222843,52918
222843,50274
222843,60
222843,10808
222843,61558
222843,1372
222843,1304
222843,37644
222843,53406
222843,51974
222843,36722
222843,61028
222843,59394
222843,55632
222843,59396
222843,63220
222843,61540
222843,53046
222843,54864
222843,53394
222843,53256
222843,10790
222843,59776
222843,53048
222843,50962
222843,44662
222843,56484
240852,1370
240852,61672
240852,50270
240852,54096
240852,11262
240852,50716
240852,39186
240852,62074
240852,16358
240852,11490
240852,124
240852,52918
240852,50274
240852,60
240852,10808
240852,61558
240852,1372
240852,1304
240852,37644
240852,53406
240852,36722
240852,61028
240852,59394
240852,55632
240852,59396
240852,63220
240852,61540
240852,53046
240852,54864
240852,53394
240852,53256
240852,10790
240852,59776
240852,53048
240852,50962
240852,44662
240852,56484
234951,1370
234951,61672
234951,50270
234951,54096
234951,11262
234951,50716
234951,39186
234951,62074
234951,16358
234951,11490
234951,124
234951,52918
234951,50274
234951,60
234951,10808
234951,61558
234951,1372
234951,1304
234951,37644
234951,53406
234951,36722
234951,61028
234951,59394
234951,55632
234951,59396
234951,63220
234951,61540
234951,53046
234951,54864
234951,53394
234951,62618
234951,53256
234951,10790
234951,59776
234951,53048
234951,50962
234951,44662
234951,56484
177921,61672
177921,50270
177921,54096
177921,11262
177921,50716
177921,39186
177921,62074
177921,16358
177921,11490
177921,124
177921,52918
177921,50274
177921,60
177921,10808
177921,61558
177921,1372
177921,1304
177921,37644
177921,53406
177921,51974
177921,50724
177921,36722
177921,61028
177921,59394
177921,55632
177921,59396
177921,63220
177921,62618
177921,53256
177921,10790
177921,59776
177921,53048
177921,44662
177921,56484
190152,61542
190152,50270
190152,54096
190152,48574
190152,39186
190152,16358
190152,11490
190152,52918
190152,50274
190152,1304
190152,50724
190152,36722
190152,61028
190152,55632
190152,59396
190152,50718
190152,62618
190152,53256
190152,10790
190152,44662
190152,56484
247548,1370
247548,61672
247548,61542
247548,50270
247548,54096
247548,35732
247548,39186
247548,16358
247548,11490
247548,52918
247548,50274
247548,60
247548,10808
247548,61558
247548,1372
247548,1304
247548,50724
247548,36722
247548,61028
247548,55632
247548,50718
247548,63418
247548,53394
247548,62618
247548,53256
247548,10790
247548,59776
247548,53048
247548,50962
247548,44662
250221,1370
250221,50270
250221,54096
250221,39186
250221,16358
250221,11490
250221,52918
250221,50274
250221,60
250221,10808
250221,61558
250221,1372
250221,1304
250221,51974
250221,50724
250221,36722
250221,61028
250221,59394
250221,55632
250221,59396
250221,50718
250221,63418
250221,53046
250221,53394
250221,62618
250221,53256
250221,10790
250221,59776
250221,53048
250221,50962
250221,44662
250221,56484
251085,1370
251085,61542
251085,50270
251085,54096
251085,35732
251085,50716
251085,39186
251085,16358
251085,11490
251085,52918
251085,50274
251085,60
251085,10808
251085,61558
251085,1372
251085,1304
251085,51974
251085,50724
251085,36722
251085,61028
251085,59394
251085,55632
251085,59396
251085,50718
251085,63418
251085,53046
251085,53394
251085,62618
251085,53256
251085,10790
251085,59776
251085,44662
251085,56484
244005,1370
244005,61672
244005,61542
244005,50270
244005,54096
244005,35732
244005,50716
244005,39186
244005,16358
244005,44302
244005,11490
244005,52918
244005,50274
244005,60
244005,10808
244005,61558
244005,1372
244005,1304
244005,37644
244005,51974
244005,36722
244005,61028
244005,53386
244005,59394
244005,55632
244005,50718
244005,63418
244005,44660
244005,53256
244005,59776
244005,44662
244005,56484
246711,1370
246711,50270
246711,39186
246711,16358
246711,11490
246711,52918
246711,50274
246711,1304
246711,50724
246711,61028
246711,55632
246711,50718
246711,53394
246711,59776
246711,52620
246711,44662
68676,1370
68676,50270
68676,39186
68676,16358
68676,11490
68676,52918
68676,50724
68676,61028
68676,55632
68676,61540
68676,53046
68676,63538
68676,54864
68676,53394
68676,62618
68676,53256
68676,10790
68676,44664
68676,59776
68676,53048
68676,50962
68676,56484
251625,1370
251625,50270
251625,54096
251625,11262
251625,35732
251625,48574
251625,50716
251625,39186
251625,62074
251625,16358
251625,44302
251625,11490
251625,124
251625,52918
251625,50274
251625,60
251625,10808
251625,61558
251625,1372
251625,1304
251625,37644
251625,46632
251625,53406
251625,51974
251625,50720
251625,50724
251625,36722
251625,61028
251625,59394
251625,55632
251625,63220
251625,61540
251625,53046
251625,54864
251625,53394
251625,62618
251625,53256
251625,10790
251625,59776
251625,53048
251625,50962
251625,44662
251625,56484
199242,1370
199242,61542
199242,50270
199242,54096
199242,50716
199242,39186
199242,62074
199242,16358
199242,11490
199242,124
199242,52918
199242,50274
199242,60
199242,10808
199242,61558
199242,1372
199242,1304
199242,37644
199242,53406
199242,51974
199242,50724
199242,36722
199242,61028
199242,59394
199242,55632
199242,59396
199242,63220
199242,50718
199242,63418
199242,61540
199242,53046
199242,54864
199242,53394
199242,62618
199242,53256
199242,10790
199242,59776
199242,53048
199242,50962
199242,44662
199242,56484
218958,61672
218958,50270
218958,54096
218958,11262
218958,50716
218958,39186
218958,62074
218958,16358
218958,11490
218958,124
218958,52918
218958,50274
218958,60
218958,10808
218958,61558
218958,1372
218958,1304
218958,37644
218958,53406
218958,51974
218958,50724
218958,36722
218958,61028
218958,59394
218958,55632
218958,59396
218958,63220
218958,53394
218958,62618
218958,53256
218958,10790
218958,59776
218958,53048
218958,44662
218958,56484
219030,1370
219030,50270
219030,54096
219030,39186
219030,16358
219030,11490
219030,52918
219030,50274
219030,10808
219030,61558
219030,1372
219030,1304
219030,51974
219030,50724
219030,36722
219030,61028
219030,55632
219030,59396
219030,50718
219030,63418
219030,61540
219030,53046
219030,54864
219030,53394
219030,62618
219030,53256
219030,10790
219030,59776
219030,53048
219030,50962
219030,44662
219030,56484
250629,61672
250629,50270
250629,54096
250629,11262
250629,50716
250629,39186
250629,62074
250629,16358
250629,11490
250629,124
250629,52918
250629,50274
250629,60
250629,10808
250629,61558
250629,1372
250629,1304
250629,37644
250629,53406
250629,51974
250629,50724
250629,36722
250629,61028
250629,59394
250629,55632
250629,59396
250629,63220
250629,61540
250629,53046
250629,54864
250629,53394
250629,62618
250629,53256
250629,10790
250629,59776
250629,53048
250629,50962
250629,44662
250629,56484
251235,61672
251235,50270
251235,54096
251235,11262
251235,50716
251235,39186
251235,62074
251235,16358
251235,11490
251235,124
251235,52918
251235,50274
251235,60
251235,10808
251235,61558
251235,1372
251235,1304
251235,37644
251235,53406
251235,51974
251235,50724
251235,36722
251235,61028
251235,59394
251235,55632
251235,59396
251235,63220
251235,61540
251235,54864
251235,53394
251235,53256
251235,10790
251235,59776
251235,53048
251235,44662
251235,56484
188106,1370
188106,50270
188106,54096
188106,39186
188106,16358
188106,11490
188106,52918
188106,60
188106,53406
188106,50724
188106,36722
188106,61028
188106,55632
188106,63220
188106,50718
188106,63418
188106,53046
188106,53394
188106,62618
188106,53256
188106,10790
188106,59776
188106,53048
188106,50962
188106,44662
188106,56484
198855,1370
198855,61672
198855,61542
198855,50270
198855,54096
198855,11262
198855,50716
198855,39186
198855,16358
198855,11490
198855,52918
198855,50274
198855,60
198855,10808
198855,61558
198855,1372
198855,1304
198855,51974
198855,50724
198855,36722
198855,61028
198855,59394
198855,55632
198855,59396
198855,50718
198855,63418
198855,53046
198855,53394
198855,62618
198855,53256
198855,10790
198855,59776
198855,53048
198855,44662
198855,56484
216822,1370
216822,61542
216822,50270
216822,54096
216822,35732
216822,50716
216822,39186
216822,16358
216822,11490
216822,52918
216822,50274
216822,60
216822,10808
216822,61558
216822,1372
216822,1304
216822,37644
216822,51974
216822,50724
216822,36722
216822,61028
216822,59394
216822,55632
216822,59396
216822,50718
216822,63418
216822,53394
216822,62618
216822,53256
216822,10790
216822,59776
216822,53048
216822,44662
216822,56484
248796,1370
248796,50270
248796,54096
248796,39186
248796,16358
248796,11490
248796,52918
248796,50274
248796,10808
248796,61558
248796,1372
248796,1304
248796,51974
248796,50724
248796,36722
248796,61028
248796,55632
248796,59396
248796,50718
248796,63418
248796,53046
248796,53394
248796,62618
248796,53256
248796,10790
248796,59776
248796,53048
248796,50962
248796,44662
248796,56484
67056,1370
67056,50270
67056,54096
67056,50716
67056,39186
67056,16358
67056,11490
67056,52918
67056,50274
67056,60
67056,10808
67056,61558
67056,1372
67056,1304
67056,51974
67056,50724
67056,36722
67056,61028
67056,59394
67056,55632
67056,59396
67056,61540
67056,53046
67056,63538
67056,36762
67056,54864
67056,53394
67056,62618
67056,53256
67056,10790
67056,44664
67056,59776
67056,52620
67056,50962
67056,44662
67056,56484
67056,53258
212595,1370
212595,61672
212595,61348
212595,61542
212595,50270
212595,54096
212595,35732
212595,50716
212595,39186
212595,57804
212595,61280
212595,62074
212595,16358
212595,44302
212595,11490
212595,124
212595,52918
212595,60
212595,3382
212595,10808
212595,61558
212595,1372
212595,54290
212595,1304
212595,37644
212595,53160
212595,60978
212595,35846
212595,46632
212595,10652
212595,33534
212595,53406
212595,51974
212595,50720
212595,61560
212595,36722
212595,61028
212595,53386
212595,59394
212595,55632
212595,59396
212595,62274
212595,63220
212595,50718
212595,63418
212595,44660
212595,53256
219132,16358
219132,52918
219132,3382
219132,10808
219132,61558
219132,1372
219132,48298
219132,1304
219132,37644
219132,50724
219132,36722
219132,53046
219132,53394
219132,62618
219132,53256
219132,10790
219132,59776
219132,44662
219132,56484
248871,1370
248871,61672
248871,61542
248871,50270
248871,54096
248871,35732
248871,39186
248871,16358
248871,11490
248871,52918
248871,50274
248871,60
248871,10808
248871,61558
248871,1372
248871,1304
248871,37644
248871,51974
248871,36722
248871,61028
248871,53386
248871,55632
248871,50718
248871,63418
248871,61540
248871,53046
248871,54864
248871,53394
248871,62618
248871,53256
248871,10790
248871,59776
248871,53048
248871,50962
248871,44662
248871,56484
193542,1370
193542,61672
193542,50270
193542,54096
193542,11262
193542,50716
193542,39186
193542,62074
193542,16358
193542,11490
193542,124
193542,52918
193542,50274
193542,60
193542,10808
193542,61558
193542,1372
193542,1304
193542,37644
193542,53406
193542,51974
193542,36722
193542,61028
193542,59394
193542,55632
193542,59396
193542,63220
193542,53394
193542,53256
193542,10790
193542,59776
193542,53048
193542,50962
193542,44662
193542,56484
251442,1370
251442,61542
251442,50270
251442,54096
251442,39186
251442,16358
251442,11490
251442,52918
251442,50274
251442,1304
251442,50724
251442,36722
251442,61028
251442,55632
251442,59396
251442,50718
251442,63418
251442,61540
251442,53046
251442,54864
251442,53394
251442,62618
251442,53256
251442,10790
251442,44664
251442,59776
251442,53048
251442,50962
251442,44662
251442,56484
175878,1370
175878,61542
175878,50270
175878,54096
175878,35732
175878,50716
175878,39186
175878,62074
175878,16358
175878,44302
175878,11490
175878,124
175878,52918
175878,50274
175878,60
175878,10808
175878,61558
175878,1372
175878,1304
175878,37644
175878,35846
175878,51316
175878,53406
175878,51974
175878,50724
175878,36722
175878,61028
175878,59394
175878,55632
175878,59396
175878,62274
175878,63220
175878,50718
175878,63418
175878,62618
175878,53256
175878,10790
175878,44662
175878,56484
248724,1370
248724,61672
248724,61542
248724,50270
248724,54096
248724,35732
248724,39186
248724,16358
248724,11490
248724,52918
248724,50274
248724,60
248724,10808
248724,61558
248724,1372
248724,1304
248724,36722
248724,61028
248724,55632
248724,50718
248724,63418
248724,53046
248724,53394
248724,53256
248724,10790
248724,59776
248724,53048
248724,50962
248724,44662
248724,56484
191553,61672
191553,61542
191553,50270
191553,54096
191553,50716
191553,39186
191553,16358
191553,11490
191553,52918
191553,50274
191553,60
191553,10808
191553,61558
191553,1372
191553,1304
191553,36722
191553,61028
191553,59394
191553,55632
191553,59396
191553,50718
191553,63418
191553,62618
191553,53256
191553,44664
204717,16358
204717,52918
204717,3382
204717,10808
204717,61558
204717,1372
204717,48298
204717,1304
204717,37644
204717,50724
204717,36722
204717,61028
204717,53394
204717,62618
204717,53256
204717,10790
204717,59776
204717,53048
204717,44662
204717,56484
252405,1370
252405,61542
252405,50270
252405,54096
252405,35732
252405,39186
252405,16358
252405,11490
252405,52918
252405,50274
252405,60
252405,10808
252405,61558
252405,1372
252405,1304
252405,51974
252405,50724
252405,36722
252405,61028
252405,59394
252405,55632
252405,59396
252405,50718
252405,63418
252405,61540
252405,62376
252405,53046
252405,63538
252405,36762
252405,54864
252405,48980
252405,55798
252405,62614
252405,53394
252405,62618
252405,62616
252405,62400
252405,63540
252405,53256
252405,45912
252405,44644
252405,57522
252405,55638
252405,10790
252405,44664
252405,59776
252405,53048
252405,52620
252405,50962
252405,62276
252405,62860
252405,44662
252405,56484
252405,1206
252405,53258
252405,58504
174195,61364
174195,1370
174195,30500
174195,61672
174195,61348
174195,61542
174195,50270
174195,54096
174195,11262
174195,35732
174195,61552
174195,50716
174195,36720
174195,39186
174195,57804
174195,61280
174195,60522
174195,62074
174195,16358
174195,44302
174195,11490
174195,124
174195,52918
174195,33886
174195,60
174195,3382
174195,10808
174195,61558
174195,1372
174195,54290
174195,59816
174195,1304
174195,37644
174195,53160
174195,50968
174195,60978
174195,35846
174195,46632
174195,10652
174195,51316
174195,33534
174195,50268
174195,53406
174195,51974
174195,50720
174195,50724
174195,44914
174195,61560
174195,50970
174195,36722
174195,61028
174195,53386
174195,63188
174195,62944
174195,59394
174195,32496
174195,55632
174195,57414
174195,63360
174195,63218
174195,59396
174195,62274
174195,63220
174195,63186
174195,50718
174195,56696
174195,63418
174195,44660
174195,62170
174195,53046
174195,53394
174195,53256
174195,10790
174195,59776
174195,53048
174195,50962
174195,44662
174195,56484
159330,1370
159330,61542
159330,50270
159330,54096
159330,35732
159330,50716
159330,39186
159330,16358
159330,11490
159330,52918
159330,50274
159330,60
159330,10808
159330,61558
159330,1372
159330,1304
159330,50724
159330,36722
159330,61028
159330,59394
159330,55632
159330,59396
159330,50718
159330,63418
159330,61540
159330,53046
159330,54864
159330,53394
159330,62618
159330,53256
159330,10790
159330,59776
159330,53048
159330,50962
159330,44662
159330,56484
154374,1370
154374,61672
154374,50270
154374,54096
154374,11262
154374,50716
154374,39186
154374,62074
154374,16358
154374,11490
154374,124
154374,52918
154374,50274
154374,60
154374,10808
154374,61558
154374,1372
154374,1304
154374,37644
154374,53406
154374,51974
154374,50724
154374,36722
154374,61028
154374,59394
154374,55632
154374,59396
154374,63220
154374,53046
154374,53394
154374,62618
154374,53256
154374,10790
154374,59776
154374,53048
154374,50962
154374,44662
154374,56484
167364,1370
167364,50270
167364,54096
167364,50716
167364,39186
167364,16358
167364,11490
167364,52918
167364,50274
167364,60
167364,10808
167364,61558
167364,1372
167364,1304
167364,51974
167364,50724
167364,36722
167364,61028
167364,59394
167364,55632
167364,59396
167364,53046
167364,53394
167364,62618
167364,53256
167364,10790
167364,59776
167364,53048
167364,44662
167364,56484
211344,1370
211344,61542
211344,50270
211344,54096
211344,50716
211344,39186
211344,16358
211344,11490
211344,52918
211344,50274
211344,60
211344,10808
211344,61558
211344,1372
211344,1304
211344,51974
211344,50724
211344,36722
211344,61028
211344,59394
211344,55632
211344,59396
211344,50718
211344,63418
211344,53046
211344,53394
211344,53256
211344,10790
211344,59776
211344,53048
211344,44662
211344,56484
249063,1370
249063,61542
249063,50270
249063,54096
249063,35732
249063,50716
249063,39186
249063,16358
249063,11490
249063,52918
249063,50274
249063,60
249063,10808
249063,61558
249063,1372
249063,1304
249063,37644
249063,50724
249063,36722
249063,61028
249063,59394
249063,55632
249063,59396
249063,50718
249063,63418
249063,53394
249063,53256
249063,10790
249063,59776
249063,53048
249063,50962
249063,44662
249063,56484
251169,1370
251169,61542
251169,50270
251169,54096
251169,39186
251169,16358
251169,11490
251169,52918
251169,50274
251169,59822
251169,1304
251169,51316
251169,50724
251169,36722
251169,61028
251169,55632
251169,59396
251169,50718
251169,63418
251169,53394
251169,53256
251169,10790
251169,59776
251169,53048
251169,44662
251169,56484
198534,1370
198534,50270
198534,54096
198534,39186
198534,16358
198534,11490
198534,52918
198534,50274
198534,1372
198534,1304
198534,50724
198534,36722
198534,61028
198534,55632
198534,59396
198534,50718
198534,63418
198534,53046
198534,36762
198534,54864
198534,63540
198534,53256
198534,57522
198534,55638
198534,53048
198534,62276
198534,62860
198534,58504
241218,30500
241218,61672
241218,61348
241218,54096
241218,35732
241218,48574
241218,50716
241218,36720
241218,34092
241218,57804
241218,61280
241218,60522
241218,44302
241218,11490
241218,124
241218,52918
241218,33886
241218,50274
241218,60
241218,3382
241218,10808
241218,61558
241218,1372
241218,54290
241218,48298
241218,59816
241218,59822
241218,50272
241218,1304
241218,49888
241218,53160
241218,50968
241218,60978
241218,10652
241218,42132
241218,51316
241218,33534
241218,50268
241218,53406
241218,51974
241218,50724
241218,44914
241218,61560
241218,50970
241218,61028
241218,53386
241218,63188
241218,62944
241218,59394
241218,63510
241218,32496
241218,55632
241218,57414
241218,63360
241218,59396
241218,62274
241218,63220
241218,63186
241218,50718
241218,56696
241218,44660
241218,61540
241218,62376
241218,63538
241218,36762
241218,54864
241218,48980
241218,55798
241218,62614
241218,62618
241218,62616
241218,62400
241218,62378
241218,63540
241218,53256
241218,45912
241218,44644
241218,57522
241218,10790
241218,44664
241218,59776
241218,53048
241218,62860
241218,44662
241218,56484
241218,1206
241218,48694
241218,53258
241218,58504
224211,61364
224211,1370
224211,30500
224211,56714
224211,61672
224211,61348
224211,61542
224211,57804
224211,61280
224211,11490
224211,60
224211,10808
224211,61558
224211,59822
224211,50272
224211,60978
224211,51316
224211,33534
224211,50268
224211,51974
224211,50970
224211,59394
224211,32496
224211,57414
224211,63218
224211,59396
224211,63220
224211,63186
224211,50718
224211,61540
224211,63540
224211,45912
224211,10790
224211,44664
224211,44662
224211,53258
69060,30500
69060,61672
69060,54096
69060,35732
69060,48574
69060,50716
69060,57804
69060,61280
69060,11490
69060,60
69060,10808
69060,61558
69060,54290
69060,59822
69060,50272
69060,50968
69060,60978
69060,35846
69060,51316
69060,33534
69060,50268
69060,51974
69060,44914
69060,50970
69060,62944
69060,59394
69060,32496
69060,55632
69060,57414
69060,63218
69060,59396
69060,63220
69060,63186
69060,50718
69060,63136
69060,61540
69060,62376
69060,55798
69060,62378
69060,63540
69060,53256
69060,45912
69060,10790
69060,44664
69060,50962
69060,44662
69060,53258
154509,61364
154509,35732
154509,57804
154509,11490
154509,60
154509,10808
154509,61558
154509,59822
154509,50272
154509,60978
154509,51316
154509,33534
154509,50268
154509,51974
154509,44914
154509,50970
154509,59394
154509,32496
154509,57414
154509,63218
154509,59396
154509,63220
154509,63186
154509,50718
154509,61540
154509,62376
154509,45912
154509,10790
154509,44664
154509,50962
154509,44662
154509,53258
250974,30500
250974,61672
250974,35732
250974,57804
250974,61280
250974,11490
250974,60
250974,10808
250974,61558
250974,54290
250974,59822
250974,50272
250974,60978
250974,33534
250974,50268
250974,44914
250974,50970
250974,59394
250974,32496
250974,57414
250974,63218
250974,59396
250974,63220
250974,63186
250974,50718
250974,61540
250974,63540
250974,45912
250974,10790
250974,44664
250974,50962
250974,44662
250974,53258
211632,61280
211632,11490
211632,60
211632,59822
211632,10652
211632,33534
211632,53406
211632,50970
211632,59394
211632,32496
211632,57414
211632,63218
211632,61540
211632,44664
211632,50962
211632,44662
154665,30500
154665,61672
154665,57804
154665,61280
154665,11490
154665,60
154665,10808
154665,61558
154665,54290
154665,59822
154665,50272
154665,60978
154665,51316
154665,33534
154665,50268
154665,50970
154665,59394
154665,32496
154665,57414
154665,63218
154665,63220
154665,63186
154665,50718
154665,61540
154665,63540
154665,45912
154665,10790
154665,44664
154665,44662
154665,53258
252081,30500
252081,61672
252081,57804
252081,61280
252081,11490
252081,60
252081,10808
252081,61558
252081,54290
252081,59822
252081,50272
252081,60978
252081,51316
252081,33534
252081,50268
252081,50970
252081,59394
252081,32496
252081,57414
252081,63218
252081,63220
252081,63186
252081,50718
252081,61540
252081,63540
252081,45912
252081,10790
252081,44664
252081,44662
252081,53258
248550,30500
248550,61672
248550,57804
248550,11490
248550,60
248550,10808
248550,61558
248550,59822
248550,50272
248550,60978
248550,51316
248550,33534
248550,50268
248550,50970
248550,59394
248550,32496
248550,57414
248550,63218
248550,50718
248550,61540
248550,45912
248550,10790
248550,44664
248550,44662
248550,53258
252774,30500
252774,61672
252774,57804
252774,11490
252774,60
252774,10808
252774,61558
252774,59822
252774,50272
252774,60978
252774,33534
252774,50268
252774,50970
252774,59394
252774,32496
252774,57414
252774,63218
252774,50718
252774,61540
252774,45912
252774,10790
252774,44664
252774,44662
252774,53258
203727,30500
203727,61672
203727,57804
203727,11490
203727,60
203727,10808
203727,61558
203727,59822
203727,50272
203727,60978
203727,33534
203727,50268
203727,50970
203727,59394
203727,32496
203727,57414
203727,63218
203727,50718
203727,61540
203727,45912
203727,10790
203727,44664
203727,44662
203727,53258
247374,30500
247374,61672
247374,57804
247374,61280
247374,11490
247374,60
247374,10808
247374,61558
247374,59822
247374,50272
247374,60978
247374,33534
247374,50268
247374,50970
247374,59394
247374,32496
247374,57414
247374,63218
247374,63220
247374,63186
247374,50718
247374,61540
247374,63540
247374,45912
247374,10790
247374,44664
247374,50962
247374,44662
247374,53258
180195,30500
180195,61672
180195,54096
180195,11262
180195,35732
180195,48574
180195,61552
180195,50716
180195,36720
180195,39186
180195,34092
180195,57804
180195,61280
180195,60522
180195,62074
180195,16358
180195,44302
180195,11490
180195,124
180195,52918
180195,33886
180195,50274
180195,60
180195,3382
180195,10808
180195,61558
180195,1372
180195,54290
180195,48298
180195,59816
180195,59822
180195,50272
180195,1304
180195,37644
180195,49888
180195,53160
180195,50968
180195,60978
180195,35846
180195,46632
180195,10652
180195,42132
180195,51316
180195,33534
180195,50268
180195,53406
180195,51974
180195,50720
180195,50724
180195,44914
180195,61560
180195,50970
180195,36722
180195,61028
180195,53386
180195,63188
180195,62944
180195,59394
180195,63510
180195,32496
180195,55632
180195,57414
180195,63360
180195,63218
180195,59396
180195,62274
180195,63220
180195,63186
180195,50718
180195,56696
180195,44660
180195,62170
180195,63136
180195,61540
180195,62376
180195,53046
180195,63538
180195,36762
180195,54864
180195,48980
180195,55798
180195,62614
180195,53394
180195,62618
180195,62616
180195,62400
180195,62378
180195,63540
180195,53256
180195,45912
180195,44644
180195,57522
180195,55638
180195,10790
180195,44664
180195,59776
180195,53048
180195,52620
180195,50962
180195,62860
180195,44662
180195,56484
180195,1206
180195,48694
180195,53258
180195,58504
249222,61364
249222,1370
249222,30500
249222,56714
249222,61672
249222,61348
249222,61542
249222,57804
249222,61280
249222,11490
249222,60
249222,10808
249222,61558
249222,59822
249222,50272
249222,60978
249222,33534
249222,50268
249222,50970
249222,59394
249222,32496
249222,57414
249222,63218
249222,63220
249222,63186
249222,50718
249222,61540
249222,63540
249222,45912
249222,10790
249222,44664
249222,44662
249222,53258
198873,30500
198873,61672
198873,54096
198873,35732
198873,48574
198873,61552
198873,50716
198873,57804
198873,61280
198873,11490
198873,60
198873,3382
198873,10808
198873,1372
198873,54290
198873,59822
198873,50272
198873,49888
198873,60978
198873,10652
198873,42132
198873,51316
198873,33534
198873,50268
198873,51974
198873,44914
198873,50970
198873,61028
198873,53386
198873,62944
198873,59394
198873,63510
198873,32496
198873,55632
198873,57414
198873,59396
198873,62274
198873,63220
198873,63186
198873,50718
198873,56696
198873,61540
198873,62376
198873,63538
198873,54864
198873,48980
198873,55798
198873,62614
198873,62616
198873,62378
198873,63540
198873,53256
198873,45912
198873,57522
198873,10790
198873,44664
198873,59776
198873,50962
198873,44662
198873,53258
198873,58504
203151,61364
203151,30500
203151,61672
203151,61348
203151,35732
203151,57804
203151,61280
203151,11490
203151,60
203151,10808
203151,61558
203151,54290
203151,59822
203151,50272
203151,60978
203151,51316
203151,33534
203151,50268
203151,51974
203151,44914
203151,50970
203151,59394
203151,32496
203151,57414
203151,63218
203151,59396
203151,63220
203151,63186
203151,50718
203151,61540
203151,63540
203151,45912
203151,10790
203151,44664
203151,50962
203151,44662
203151,53258
153084,30500
153084,61672
153084,57804
153084,61280
153084,11490
153084,60
153084,10808
153084,61558
153084,54290
153084,59822
153084,50272
153084,60978
153084,51316
153084,33534
153084,50268
153084,50970
153084,59394
153084,32496
153084,57414
153084,63218
153084,63220
153084,63186
153084,50718
153084,61540
153084,63540
153084,45912
153084,10790
153084,44664
153084,44662
153084,53258
154560,30500
154560,61672
154560,57804
154560,61280
154560,11490
154560,60
154560,10808
154560,61558
154560,59822
154560,50272
154560,51316
154560,33534
154560,50268
154560,51974
154560,50970
154560,59394
154560,32496
154560,57414
154560,63218
154560,59396
154560,63220
154560,63186
154560,50718
154560,61540
154560,63540
154560,45912
154560,10790
154560,44664
154560,50962
154560,44662
154560,53258
182556,30500
182556,61672
182556,57804
182556,61280
182556,11490
182556,60
182556,10808
182556,61558
182556,59822
182556,50272
182556,51316
182556,33534
182556,50268
182556,51974
182556,50970
182556,59394
182556,32496
182556,57414
182556,63218
182556,59396
182556,63220
182556,63186
182556,50718
182556,61540
182556,63540
182556,45912
182556,10790
182556,44664
182556,50962
182556,44662
182556,53258
199044,30500
199044,61672
199044,11490
199044,60
199044,10808
199044,61558
199044,54290
199044,59822
199044,33534
199044,50268
199044,50720
199044,50970
199044,59394
199044,32496
199044,57414
199044,63218
199044,62170
199044,62618
199044,45912
199044,44664
199044,44662
199044,53258
199044,58504
246915,30500
246915,61672
246915,54096
246915,35732
246915,50716
246915,57804
246915,61280
246915,11490
246915,60
246915,10808
246915,61558
246915,54290
246915,59822
246915,50272
246915,60978
246915,10652
246915,33534
246915,50268
246915,53406
246915,44914
246915,50970
246915,62944
246915,59394
246915,32496
246915,55632
246915,57414
246915,63218
246915,59396
246915,63220
246915,63186
246915,50718
246915,61540
246915,62376
246915,62378
246915,63540
246915,10790
246915,44664
246915,50962
246915,44662
246915,53258
173667,61364
173667,57804
173667,61280
173667,11490
173667,60
173667,10808
173667,61558
173667,54290
173667,59822
173667,50272
173667,60978
173667,51316
173667,33534
173667,50268
173667,50970
173667,59394
173667,32496
173667,57414
173667,63218
173667,63220
173667,63186
173667,50718
173667,61540
173667,63540
173667,45912
173667,10790
173667,44664
173667,44662
173667,53258
228948,30500
228948,61672
228948,54096
228948,35732
228948,48574
228948,61552
228948,50716
228948,57804
228948,61280
228948,11490
228948,60
228948,3382
228948,10808
228948,1372
228948,54290
228948,59822
228948,50272
228948,49888
228948,60978
228948,10652
228948,42132
228948,51316
228948,33534
228948,50268
228948,51974
228948,44914
228948,50970
228948,61028
228948,53386
228948,62944
228948,59394
228948,63510
228948,32496
228948,55632
228948,57414
228948,63218
228948,59396
228948,62274
228948,63220
228948,63186
228948,50718
228948,56696
228948,61540
228948,62376
228948,63538
228948,54864
228948,48980
228948,55798
228948,62614
228948,62616
228948,62378
228948,63540
228948,53256
228948,45912
228948,57522
228948,10790
228948,44664
228948,59776
228948,50962
228948,44662
228948,53258
228948,58504
247134,61364
247134,30500
247134,61672
247134,61348
247134,54096
247134,50716
247134,57804
247134,61280
247134,11490
247134,60
247134,10808
247134,61558
247134,59822
247134,50272
247134,60978
247134,33534
247134,50268
247134,51974
247134,50970
247134,59394
247134,32496
247134,57414
247134,63218
247134,59396
247134,63220
247134,63186
247134,50718
247134,61540
247134,62378
247134,63540
247134,45912
247134,10790
247134,44664
247134,44662
247134,53258
232788,61364
232788,30500
232788,61672
232788,35732
232788,57804
232788,61280
232788,11490
232788,60
232788,10808
232788,61558
232788,59822
232788,50272
232788,60978
232788,10652
232788,51316
232788,33534
232788,50268
232788,51974
232788,44914
232788,50970
232788,59394
232788,32496
232788,57414
232788,63218
232788,59396
232788,63220
232788,63186
232788,50718
232788,61540
232788,62376
232788,10790
232788,44664
232788,50962
232788,44662
232788,53258
157236,30500
157236,61672
157236,57804
157236,11490
157236,60
157236,10808
157236,61558
157236,54290
157236,59822
157236,50272
157236,60978
157236,51316
157236,33534
157236,50268
157236,50970
157236,59394
157236,32496
157236,57414
157236,63218
157236,61540
157236,45912
157236,10790
157236,44664
157236,44662
157236,53258
155052,30500
155052,61672
155052,54096
155052,35732
155052,48574
155052,50716
155052,57804
155052,61280
155052,11490
155052,60
155052,10808
155052,61558
155052,54290
155052,59822
155052,50272
155052,50968
155052,60978
155052,35846
155052,51316
155052,33534
155052,50268
155052,51974
155052,44914
155052,50970
155052,62944
155052,59394
155052,32496
155052,55632
155052,57414
155052,63218
155052,59396
155052,63220
155052,63186
155052,50718
155052,63136
155052,61540
155052,62376
155052,55798
155052,62378
155052,63540
155052,53256
155052,45912
155052,10790
155052,44664
155052,59776
155052,50962
155052,44662
195447,61364
195447,50270
195447,35732
195447,34092
195447,57804
195447,11490
195447,10808
195447,61558
195447,54290
195447,60978
195447,33534
195447,51974
195447,50720
195447,50970
195447,59394
195447,32496
195447,57414
195447,63218
195447,59396
195447,61540
195447,45912
195447,10790
195447,44664
195447,44662
203454,57804
203454,61280
203454,11490
203454,60
203454,10808
203454,61558
203454,54290
203454,59822
203454,50272
203454,60978
203454,51316
203454,33534
203454,50268
203454,50970
203454,59394
203454,32496
203454,57414
203454,63218
203454,63220
203454,63186
203454,50718
203454,61540
203454,63540
203454,45912
203454,10790
203454,44664
203454,44662
203454,53258
205722,30500
205722,61672
205722,61280
205722,11490
205722,60
205722,10808
205722,61558
205722,59822
205722,50272
205722,60978
205722,51316
205722,33534
205722,50268
205722,50970
205722,59394
205722,32496
205722,57414
205722,63218
205722,63220
205722,63186
205722,50718
205722,61540
205722,63540
205722,45912
205722,10790
205722,44664
205722,44662
205722,53258
219450,30500
219450,54096
219450,35732
219450,48574
219450,50716
219450,57804
219450,61280
219450,11490
219450,60
219450,10808
219450,61558
219450,54290
219450,59822
219450,50272
219450,50968
219450,60978
219450,35846
219450,51316
219450,33534
219450,50268
219450,51974
219450,44914
219450,50970
219450,62944
219450,59394
219450,32496
219450,55632
219450,57414
219450,63218
219450,59396
219450,63220
219450,63186
219450,50718
219450,63136
219450,61540
219450,62376
219450,55798
219450,62378
219450,63540
219450,53256
219450,45912
219450,10790
219450,44664
219450,59776
219450,50962
219450,44662
201741,61364
201741,50270
201741,54096
201741,11262
201741,35732
201741,48574
201741,61552
201741,50716
201741,36720
201741,39186
201741,34092
201741,57804
201741,61280
201741,60522
201741,62074
201741,16358
201741,44302
201741,11490
201741,124
201741,52918
201741,33886
201741,50274
201741,60
201741,3382
201741,10808
201741,61558
201741,1372
201741,54290
201741,48298
201741,59816
201741,59822
201741,50272
201741,1304
201741,37644
201741,49888
201741,53160
201741,50968
201741,60978
201741,35846
201741,46632
201741,10652
201741,42132
201741,51316
201741,33534
201741,50268
201741,53406
201741,51974
201741,50720
201741,50724
201741,44914
201741,61560
201741,50970
201741,36722
201741,61028
201741,53386
201741,63188
201741,62944
201741,59394
201741,63510
201741,32496
201741,55632
201741,57414
201741,63360
201741,63218
201741,59396
201741,62274
201741,63220
201741,63186
201741,50718
201741,56696
201741,63418
201741,44660
201741,62170
201741,63136
201741,61540
201741,62376
201741,53046
201741,63538
201741,36762
201741,54864
201741,48980
201741,55798
201741,62614
201741,53394
201741,62618
201741,62616
201741,62400
201741,62378
201741,63540
201741,53256
201741,45912
201741,44644
201741,57522
201741,55638
201741,10790
201741,44664
201741,59776
201741,53048
201741,52620
201741,50962
201741,62860
201741,44662
201741,56484
201741,1206
201741,48694
201741,53258
201741,58504
207123,61364
207123,1370
207123,30500
207123,56714
207123,61672
207123,61348
207123,61542
207123,35732
207123,57804
207123,61280
207123,11490
207123,60
207123,10808
207123,61558
207123,59822
207123,50272
207123,60978
207123,51316
207123,33534
207123,50268
207123,44914
207123,50970
207123,59394
207123,32496
207123,57414
207123,63218
207123,59396
207123,63220
207123,63186
207123,50718
207123,61540
207123,63540
207123,45912
207123,10790
207123,44664
207123,50962
207123,44662
207123,53258
226827,30500
226827,61672
226827,54096
226827,11262
226827,35732
226827,48574
226827,61552
226827,50716
226827,36720
226827,39186
226827,34092
226827,57804
226827,61280
226827,60522
226827,62074
226827,44302
226827,11490
226827,124
226827,52918
226827,33886
226827,50274
226827,60
226827,3382
226827,10808
226827,61558
226827,1372
226827,54290
226827,48298
226827,59816
226827,59822
226827,50272
226827,1304
226827,37644
226827,49888
226827,53160
226827,50968
226827,60978
226827,35846
226827,46632
226827,10652
226827,42132
226827,51316
226827,33534
226827,50268
226827,53406
226827,51974
226827,50724
226827,44914
226827,61560
226827,50970
226827,36722
226827,61028
226827,53386
226827,63188
226827,62944
226827,59394
226827,63510
226827,32496
226827,55632
226827,57414
226827,63360
226827,63218
226827,59396
226827,62274
226827,63220
226827,63186
226827,50718
226827,56696
226827,44660
226827,62170
226827,63136
226827,61540
226827,62376
226827,53046
226827,63538
226827,36762
226827,54864
226827,48980
226827,55798
226827,62614
226827,62618
226827,62616
226827,62400
226827,62378
226827,63540
226827,53256
226827,45912
226827,44644
226827,57522
226827,55638
226827,10790
226827,44664
226827,59776
226827,53048
226827,52620
226827,50962
226827,62860
226827,44662
226827,1206
226827,48694
226827,53258
226827,58504
243546,61364
243546,1370
243546,30500
243546,56714
243546,61672
243546,61348
243546,61542
243546,54096
243546,35732
243546,50716
243546,57804
243546,11490
243546,60
243546,10808
243546,61558
243546,54290
243546,59822
243546,50272
243546,60978
243546,10652
243546,33534
243546,50268
243546,53406
243546,44914
243546,50970
243546,62944
243546,59394
243546,32496
243546,55632
243546,57414
243546,63218
243546,59396
243546,63220
243546,63186
243546,50718
243546,61540
243546,62376
243546,62378
243546,45912
243546,10790
243546,44664
243546,50962
243546,44662
243546,53258
204189,61364
204189,54096
204189,35732
204189,50716
204189,57804
204189,61280
204189,11490
204189,60
204189,3382
204189,10808
204189,59822
204189,50272
204189,60978
204189,10652
204189,51316
204189,33534
204189,50268
204189,51974
204189,50970
204189,53386
204189,62944
204189,59394
204189,32496
204189,55632
204189,57414
204189,63218
204189,59396
204189,63220
204189,63186
204189,50718
204189,61540
204189,62376
204189,62378
204189,63540
204189,10790
204189,44664
204189,59776
204189,50962
204189,44662
155100,61364
155100,30500
155100,61672
155100,54096
155100,35732
155100,50716
155100,57804
155100,61280
155100,11490
155100,60
155100,10808
155100,61558
155100,54290
155100,59822
155100,50272
155100,60978
155100,10652
155100,33534
155100,50268
155100,53406
155100,44914
155100,50970
155100,62944
155100,59394
155100,32496
155100,55632
155100,57414
155100,63218
155100,59396
155100,63220
155100,63186
155100,50718
155100,61540
155100,62376
155100,62378
155100,63540
155100,45912
155100,10790
155100,44664
155100,50962
155100,44662
155100,53258
204057,61364
204057,54096
204057,35732
204057,48574
204057,50716
204057,57804
204057,61280
204057,11490
204057,60
204057,10808
204057,61558
204057,54290
204057,59822
204057,50272
204057,50968
204057,60978
204057,35846
204057,51316
204057,33534
204057,50268
204057,51974
204057,44914
204057,50970
204057,62944
204057,59394
204057,32496
204057,55632
204057,57414
204057,63218
204057,59396
204057,63220
204057,63186
204057,50718
204057,63136
204057,61540
204057,62376
204057,55798
204057,62378
204057,63540
204057,53256
204057,45912
204057,10790
204057,44664
204057,50962
204057,44662
203055,61364
203055,57804
203055,11490
203055,60
203055,10808
203055,61558
203055,59822
203055,50272
203055,60978
203055,51316
203055,33534
203055,50268
203055,50970
203055,59394
203055,32496
203055,57414
203055,63218
203055,50718
203055,61540
203055,45912
203055,10790
203055,44664
203055,44662
203055,53258
154008,30500
154008,61672
154008,54096
154008,35732
154008,48574
154008,61552
154008,50716
154008,57804
154008,61280
154008,11490
154008,60
154008,3382
154008,10808
154008,1372
154008,54290
154008,59822
154008,50272
154008,49888
154008,60978
154008,10652
154008,42132
154008,51316
154008,33534
154008,50268
154008,51974
154008,44914
154008,50970
154008,61028
154008,53386
154008,62944
154008,59394
154008,63510
154008,32496
154008,55632
154008,57414
154008,63218
154008,59396
154008,62274
154008,63220
154008,63186
154008,50718
154008,56696
154008,61540
154008,62376
154008,63538
154008,54864
154008,48980
154008,55798
154008,62614
154008,62616
154008,62378
154008,63540
154008,53256
154008,57522
154008,10790
154008,44664
154008,59776
154008,50962
154008,44662
154008,53258
154008,58504
155337,61364
155337,30500
155337,61672
155337,61348
155337,61280
155337,11490
155337,60
155337,10808
155337,61558
155337,59822
155337,50272
155337,51316
155337,33534
155337,50268
155337,50970
155337,59394
155337,32496
155337,57414
155337,63218
155337,63220
155337,63186
155337,50718
155337,61540
155337,63540
155337,45912
155337,10790
155337,44664
155337,44662
155337,53258
188847,30500
188847,57804
188847,61280
188847,11490
188847,60
188847,10808
188847,61558
188847,54290
188847,59822
188847,50272
188847,60978
188847,51316
188847,33534
188847,50268
188847,50970
188847,59394
188847,32496
188847,57414
188847,63218
188847,63220
188847,63186
188847,50718
188847,61540
188847,63540
188847,45912
188847,10790
188847,44664
188847,44662
188847,53258
166005,30500
166005,61672
166005,57804
166005,61280
166005,11490
166005,60
166005,10808
166005,61558
166005,54290
166005,59822
166005,50272
166005,60978
166005,51316
166005,33534
166005,50268
166005,50970
166005,59394
166005,32496
166005,57414
166005,63218
166005,63220
166005,63186
166005,50718
166005,61540
166005,63540
166005,45912
166005,10790
166005,44664
166005,44662
166005,53258
227223,30500
227223,61672
227223,61280
227223,11490
227223,60
227223,10808
227223,61558
227223,59822
227223,50272
227223,60978
227223,51316
227223,33534
227223,50268
227223,50970
227223,59394
227223,32496
227223,57414
227223,63218
227223,63220
227223,63186
227223,50718
227223,61540
227223,63540
227223,45912
227223,10790
227223,44664
227223,44662
227223,53258
237675,30500
237675,57804
237675,11490
237675,60
237675,10808
237675,61558
237675,59822
237675,50272
237675,60978
237675,33534
237675,50268
237675,50970
237675,59394
237675,32496
237675,57414
237675,63218
237675,50718
237675,61540
237675,45912
237675,10790
237675,44664
237675,44662
237675,53258
219231,30500
219231,61672
219231,35732
219231,57804
219231,61280
219231,11490
219231,60
219231,10808
219231,59822
219231,50272
219231,60978
219231,10652
219231,51316
219231,33534
219231,50268
219231,51974
219231,44914
219231,50970
219231,59394
219231,63510
219231,32496
219231,57414
219231,63218
219231,59396
219231,63220
219231,63186
219231,50718
219231,61540
219231,62376
219231,63540
219231,10790
219231,44664
219231,59776
219231,50962
219231,44662
219231,53258
207822,30500
207822,61672
207822,61348
207822,35732
207822,57804
207822,61280
207822,11490
207822,60
207822,10808
207822,61558
207822,54290
207822,59822
207822,50272
207822,60978
207822,51316
207822,33534
207822,50268
207822,44914
207822,50970
207822,59394
207822,32496
207822,57414
207822,63218
207822,59396
207822,63220
207822,63186
207822,50718
207822,61540
207822,63540
207822,45912
207822,10790
207822,44664
207822,50962
207822,44662
207822,53258
219420,30500
219420,61672
219420,35732
219420,57804
219420,61280
219420,11490
219420,60
219420,10808
219420,61558
219420,54290
219420,59822
219420,50272
219420,60978
219420,10652
219420,51316
219420,33534
219420,50268
219420,44914
219420,50970
219420,59394
219420,32496
219420,57414
219420,63218
219420,59396
219420,63220
219420,63186
219420,50718
219420,61540
219420,63540
219420,10790
219420,44664
219420,50962
219420,44662
219420,53258
181371,30500
181371,61672
181371,54096
181371,35732
181371,48574
181371,50716
181371,57804
181371,61280
181371,11490
181371,60
181371,10808
181371,61558
181371,54290
181371,59822
181371,50272
181371,50968
181371,60978
181371,35846
181371,51316
181371,33534
181371,50268
181371,51974
181371,44914
181371,50970
181371,62944
181371,59394
181371,32496
181371,55632
181371,57414
181371,63218
181371,59396
181371,63220
181371,63186
181371,50718
181371,63136
181371,61540
181371,62376
181371,55798
181371,62378
181371,63540
181371,53256
181371,45912
181371,10790
181371,44664
181371,50962
181371,44662
153288,61364
153288,57804
153288,61280
153288,11490
153288,60
153288,10808
153288,61558
153288,59822
153288,50272
153288,60978
153288,51316
153288,33534
153288,50268
153288,51974
153288,50970
153288,59394
153288,32496
153288,57414
153288,63218
153288,59396
153288,63220
153288,63186
153288,50718
153288,61540
153288,63540
153288,45912
153288,10790
153288,44664
153288,50962
153288,44662
153288,53258
154383,30500
154383,61672
154383,35732
154383,57804
154383,61280
154383,11490
154383,60
154383,10808
154383,61558
154383,54290
154383,59822
154383,50272
154383,60978
154383,51316
154383,33534
154383,50268
154383,44914
154383,50970
154383,59394
154383,32496
154383,57414
154383,63218
154383,59396
154383,63220
154383,63186
154383,50718
154383,61540
154383,63540
154383,45912
154383,10790
154383,44664
154383,50962
154383,44662
154383,53258
208473,30500
208473,61672
208473,35732
208473,57804
208473,61280
208473,11490
208473,60
208473,10808
208473,61558
208473,54290
208473,59822
208473,50272
208473,60978
208473,51316
208473,33534
208473,50268
208473,44914
208473,50970
208473,59394
208473,32496
208473,57414
208473,63218
208473,59396
208473,63220
208473,63186
208473,50718
208473,61540
208473,63540
208473,45912
208473,10790
208473,44664
208473,50962
208473,44662
208473,53258
227829,30500
227829,61672
227829,57804
227829,61280
227829,11490
227829,60
227829,10808
227829,61558
227829,54290
227829,59822
227829,50272
227829,60978
227829,51316
227829,33534
227829,50268
227829,50970
227829,59394
227829,32496
227829,57414
227829,63218
227829,63220
227829,63186
227829,50718
227829,61540
227829,63540
227829,45912
227829,10790
227829,44664
227829,44662
227829,53258
177873,30500
177873,61672
177873,57804
177873,61280
177873,11490
177873,60
177873,10808
177873,61558
177873,59822
177873,50272
177873,60978
177873,33534
177873,50268
177873,50970
177873,59394
177873,32496
177873,57414
177873,63218
177873,63220
177873,63186
177873,50718
177873,61540
177873,63540
177873,45912
177873,10790
177873,44664
177873,44662
177873,53258
208068,30500
208068,61672
208068,57804
208068,61280
208068,11490
208068,60
208068,10808
208068,61558
208068,59822
208068,50272
208068,60978
208068,51316
208068,33534
208068,50268
208068,50970
208068,59394
208068,32496
208068,57414
208068,63218
208068,63220
208068,63186
208068,50718
208068,61540
208068,63540
208068,45912
208068,10790
208068,44664
208068,44662
208068,53258
154821,30500
154821,61672
154821,54096
154821,35732
154821,50716
154821,57804
154821,61280
154821,11490
154821,60
154821,10808
154821,61558
154821,59822
154821,50272
154821,60978
154821,51316
154821,33534
154821,50268
154821,51974
154821,44914
154821,50970
154821,62944
154821,59394
154821,32496
154821,55632
154821,57414
154821,63218
154821,59396
154821,63220
154821,63186
154821,50718
154821,61540
154821,62376
154821,62378
154821,63540
154821,45912
154821,10790
154821,44664
154821,50962
154821,44662
154821,53258
194601,61364
194601,30500
194601,61672
194601,35732
194601,57804
194601,61280
194601,11490
194601,60
194601,10808
194601,61558
194601,54290
194601,59822
194601,50272
194601,60978
194601,51316
194601,33534
194601,50268
194601,44914
194601,50970
194601,59394
194601,32496
194601,57414
194601,63218
194601,59396
194601,63220
194601,63186
194601,50718
194601,61540
194601,63540
194601,45912
194601,10790
194601,44664
194601,50962
194601,44662
194601,53258
154713,30500
154713,61672
154713,35732
154713,57804
154713,61280
154713,11490
154713,60
154713,10808
154713,61558
154713,59822
154713,50272
154713,60978
154713,51316
154713,33534
154713,50268
154713,44914
154713,50970
154713,59394
154713,32496
154713,57414
154713,63218
154713,59396
154713,63220
154713,63186
154713,50718
154713,61540
154713,63540
154713,45912
154713,10790
154713,44664
154713,50962
154713,44662
154713,53258
206514,30500
206514,61672
206514,54096
206514,35732
206514,50716
206514,57804
206514,61280
206514,11490
206514,60
206514,10808
206514,61558
206514,59822
206514,50272
206514,51316
206514,33534
206514,50268
206514,51974
206514,44914
206514,50970
206514,62944
206514,59394
206514,32496
206514,55632
206514,57414
206514,63218
206514,59396
206514,63220
206514,63186
206514,50718
206514,61540
206514,62376
206514,62378
206514,63540
206514,45912
206514,10790
206514,44664
206514,50962
206514,44662
206514,53258
153867,61364
153867,30500
153867,61672
153867,35732
153867,57804
153867,61280
153867,11490
153867,60
153867,10808
153867,61558
153867,59822
153867,50272
153867,60978
153867,51316
153867,33534
153867,50268
153867,44914
153867,50970
153867,59394
153867,32496
153867,57414
153867,63218
153867,59396
153867,63220
153867,63186
153867,50718
153867,61540
153867,63540
153867,45912
153867,10790
153867,44664
153867,50962
153867,62276
153867,44662
153867,53258
206838,30500
206838,61672
206838,61280
206838,11490
206838,10808
206838,54290
206838,59822
206838,60978
206838,33534
206838,50970
206838,59394
206838,32496
206838,57414
206838,63220
206838,63186
206838,50718
206838,61540
206838,63540
206838,45912
206838,10790
206838,44664
206838,44662
206838,53258
206838,58504
209829,61280
209829,11490
209829,60
209829,10808
209829,61558
209829,54290
209829,59822
209829,50272
209829,60978
209829,51316
209829,33534
209829,50268
209829,50720
209829,50970
209829,59394
209829,32496
209829,57414
209829,63218
209829,63220
209829,63186
209829,50718
209829,61540
209829,63540
209829,45912
209829,10790
209829,44664
209829,44662
209829,53258
206763,30500
206763,57804
206763,61280
206763,11490
206763,60
206763,10808
206763,61558
206763,54290
206763,59822
206763,50272
206763,60978
206763,51316
206763,33534
206763,50268
206763,50970
206763,59394
206763,32496
206763,57414
206763,63218
206763,63220
206763,63186
206763,50718
206763,61540
206763,63540
206763,45912
206763,10790
206763,44664
206763,44662
206763,53258
200364,30500
200364,61672
200364,11490
200364,10808
200364,59822
200364,50272
200364,60978
200364,51316
200364,33534
200364,50970
200364,59394
200364,32496
200364,57414
200364,63218
200364,45912
200364,44664
200364,44662
223776,61280
223776,11490
223776,60
223776,10808
223776,61558
223776,59822
223776,50272
223776,60978
223776,51316
223776,33534
223776,50268
223776,50720
223776,50970
223776,59394
223776,32496
223776,57414
223776,63218
223776,63220
223776,63186
223776,50718
223776,61540
223776,63540
223776,45912
223776,10790
223776,44664
223776,44662
223776,53258
65052,30500
65052,57804
65052,61280
65052,11490
65052,60
65052,10808
65052,61558
65052,59822
65052,50272
65052,60978
65052,51316
65052,33534
65052,50268
65052,50970
65052,59394
65052,32496
65052,57414
65052,63218
65052,63220
65052,63186
65052,50718
65052,61540
65052,63540
65052,45912
65052,10790
65052,44664
65052,44662
65052,53258
181704,30500
181704,61672
181704,57804
181704,61280
181704,11490
181704,60
181704,10808
181704,61558
181704,59822
181704,50272
181704,60978
181704,33534
181704,50268
181704,50970
181704,59394
181704,32496
181704,57414
181704,63218
181704,63220
181704,63186
181704,50718
181704,61540
181704,63540
181704,45912
181704,10790
181704,44664
181704,44662
181704,53258
203511,30500
203511,61672
203511,57804
203511,61280
203511,11490
203511,60
203511,10808
203511,61558
203511,54290
203511,59822
203511,50272
203511,60978
203511,51316
203511,33534
203511,50268
203511,50970
203511,59394
203511,32496
203511,57414
203511,63218
203511,63220
203511,63186
203511,50718
203511,61540
203511,63540
203511,45912
203511,10790
203511,44664
203511,44662
203511,53258
195378,30500
195378,61672
195378,57804
195378,61280
195378,11490
195378,60
195378,10808
195378,61558
195378,54290
195378,59822
195378,50272
195378,60978
195378,51316
195378,33534
195378,50268
195378,50970
195378,59394
195378,32496
195378,57414
195378,63218
195378,63220
195378,63186
195378,50718
195378,61540
195378,63540
195378,45912
195378,10790
195378,44664
195378,44662
195378,53258
208617,30500
208617,61672
208617,35732
208617,57804
208617,61280
208617,11490
208617,60
208617,10808
208617,61558
208617,54290
208617,59822
208617,50272
208617,60978
208617,33534
208617,50268
208617,44914
208617,50970
208617,59394
208617,32496
208617,57414
208617,63218
208617,59396
208617,63220
208617,63186
208617,50718
208617,61540
208617,63540
208617,45912
208617,10790
208617,44664
208617,50962
208617,44662
208617,53258
208521,30500
208521,61672
208521,54096
208521,35732
208521,48574
208521,50716
208521,57804
208521,61280
208521,11490
208521,60
208521,10808
208521,61558
208521,54290
208521,59822
208521,50272
208521,60978
208521,35846
208521,51316
208521,33534
208521,50268
208521,44914
208521,50970
208521,59394
208521,32496
208521,57414
208521,63218
208521,59396
208521,63220
208521,63186
208521,50718
208521,61540
208521,55798
208521,62378
208521,63540
208521,53256
208521,45912
208521,10790
208521,44664
208521,50962
208521,44662
208521,53258
221196,61364
221196,30500
221196,61672
221196,57804
221196,61280
221196,11490
221196,60
221196,10808
221196,61558
221196,54290
221196,59822
221196,50272
221196,60978
221196,51316
221196,33534
221196,50268
221196,50970
221196,59394
221196,32496
221196,57414
221196,63218
221196,63220
221196,63186
221196,50718
221196,61540
221196,63540
221196,45912
221196,10790
221196,44664
221196,44662
221196,53258
210978,30500
210978,61672
210978,11490
210978,10808
210978,59822
210978,50272
210978,60978
210978,51316
210978,33534
210978,50970
210978,59394
210978,32496
210978,57414
210978,63218
210978,45912
210978,44664
210978,44662
157080,54096
157080,35732
157080,48574
157080,61552
157080,50716
157080,57804
157080,61280
157080,11490
157080,60
157080,3382
157080,10808
157080,1372
157080,54290
157080,59822
157080,50272
157080,49888
157080,60978
157080,10652
157080,42132
157080,51316
157080,33534
157080,50268
157080,51974
157080,44914
157080,50970
157080,61028
157080,53386
157080,62944
157080,59394
157080,63510
157080,32496
157080,55632
157080,57414
157080,63218
157080,59396
157080,62274
157080,63220
157080,63186
157080,50718
157080,56696
157080,61540
157080,62376
157080,63538
157080,54864
157080,48980
157080,55798
157080,62614
157080,62616
157080,62378
157080,63540
157080,53256
157080,57522
157080,10790
157080,44664
157080,59776
157080,50962
157080,44662
157080,53258
157080,58504
206799,61364
206799,30500
206799,61672
206799,61348
206799,57804
206799,11490
206799,60
206799,10808
206799,61558
206799,59822
206799,50272
206799,60978
206799,51316
206799,33534
206799,50268
206799,50970
206799,59394
206799,32496
206799,57414
206799,63218
206799,61540
206799,45912
206799,10790
206799,44664
206799,44662
206799,53258
210627,30500
210627,61672
210627,57804
210627,61280
210627,11490
210627,60
210627,10808
210627,61558
210627,59822
210627,50272
210627,60978
210627,51316
210627,33534
210627,50268
210627,50970
210627,59394
210627,32496
210627,57414
210627,63218
210627,63220
210627,63186
210627,50718
210627,61540
210627,63540
210627,45912
210627,10790
210627,44664
210627,44662
210627,53258
212445,30500
212445,61672
212445,57804
212445,61280
212445,11490
212445,60
212445,10808
212445,61558
212445,59822
212445,50272
212445,60978
212445,33534
212445,50268
212445,50970
212445,59394
212445,32496
212445,57414
212445,63218
212445,63220
212445,63186
212445,50718
212445,61540
212445,63540
212445,45912
212445,10790
212445,44664
212445,44662
212445,53258
207267,30500
207267,61672
207267,35732
207267,57804
207267,61280
207267,11490
207267,60
207267,10808
207267,61558
207267,54290
207267,59822
207267,50272
207267,60978
207267,10652
207267,51316
207267,33534
207267,50268
207267,53406
207267,44914
207267,50970
207267,59394
207267,32496
207267,57414
207267,63218
207267,59396
207267,63220
207267,63186
207267,50718
207267,61540
207267,63540
207267,10790
207267,44664
207267,50962
207267,44662
207267,53258
63876,30500
63876,61672
63876,35732
63876,57804
63876,61280
63876,11490
63876,60
63876,10808
63876,61558
63876,59822
63876,50272
63876,60978
63876,51316
63876,33534
63876,50268
63876,44914
63876,50970
63876,59394
63876,32496
63876,57414
63876,63218
63876,59396
63876,63220
63876,63186
63876,50718
63876,61540
63876,63540
63876,45912
63876,10790
63876,44664
63876,50962
63876,44662
63876,53258
206991,30500
206991,61672
206991,35732
206991,57804
206991,61280
206991,11490
206991,60
206991,10808
206991,59822
206991,50272
206991,60978
206991,10652
206991,51316
206991,33534
206991,50268
206991,51974
206991,44914
206991,50970
206991,59394
206991,63510
206991,32496
206991,57414
206991,63218
206991,59396
206991,63220
206991,63186
206991,50718
206991,61540
206991,62376
206991,63540
206991,10790
206991,44664
206991,59776
206991,50962
206991,44662
206991,53258
166362,30500
166362,61672
166362,61348
166362,61280
166362,11490
166362,10808
166362,54290
166362,59822
166362,60978
166362,33534
166362,50970
166362,59394
166362,32496
166362,57414
166362,63218
166362,63220
166362,63186
166362,50718
166362,61540
166362,63540
166362,45912
166362,10790
166362,44664
166362,44662
166362,53258
166362,58504
228564,30500
228564,35732
228564,57804
228564,61280
228564,11490
228564,60
228564,10808
228564,61558
228564,59822
228564,50272
228564,60978
228564,51316
228564,33534
228564,50268
228564,44914
228564,50970
228564,59394
228564,32496
228564,57414
228564,63218
228564,59396
228564,63220
228564,63186
228564,50718
228564,61540
228564,63540
228564,45912
228564,10790
228564,44664
228564,50962
228564,44662
228564,53258
220302,30500
220302,61672
220302,35732
220302,57804
220302,61280
220302,11490
220302,60
220302,10808
220302,61558
220302,54290
220302,59822
220302,50272
220302,60978
220302,51316
220302,33534
220302,50268
220302,44914
220302,50970
220302,59394
220302,32496
220302,57414
220302,63218
220302,59396
220302,63220
220302,63186
220302,50718
220302,61540
220302,63540
220302,45912
220302,10790
220302,44664
220302,50962
220302,44662
220302,53258
210111,30500
210111,61672
210111,54096
210111,11262
210111,35732
210111,48574
210111,61552
210111,50716
210111,36720
210111,39186
210111,34092
210111,57804
210111,61280
210111,60522
210111,62074
210111,44302
210111,11490
210111,124
210111,52918
210111,33886
210111,50274
210111,60
210111,3382
210111,10808
210111,61558
210111,1372
210111,54290
210111,48298
210111,59816
210111,59822
210111,50272
210111,1304
210111,37644
210111,49888
210111,53160
210111,50968
210111,60978
210111,35846
210111,46632
210111,10652
210111,42132
210111,51316
210111,33534
210111,50268
210111,53406
210111,51974
210111,50720
210111,50724
210111,44914
210111,61560
210111,50970
210111,36722
210111,61028
210111,53386
210111,63188
210111,62944
210111,59394
210111,63510
210111,32496
210111,55632
210111,57414
210111,63360
210111,63218
210111,59396
210111,62274
210111,63220
210111,63186
210111,50718
210111,56696
210111,63418
210111,44660
210111,62170
210111,63136
210111,61540
210111,62376
210111,53046
210111,63538
210111,36762
210111,54864
210111,48980
210111,55798
210111,62614
210111,62618
210111,62616
210111,62400
210111,62378
210111,63540
210111,53256
210111,45912
210111,44644
210111,57522
210111,55638
210111,10790
210111,44664
210111,59776
210111,53048
210111,52620
210111,50962
210111,62860
210111,44662
210111,56484
210111,1206
210111,48694
210111,53258
210111,58504
195582,61364
195582,1370
195582,30500
195582,56714
195582,61672
195582,61348
195582,61542
195582,57804
195582,11490
195582,60
195582,10808
195582,61558
195582,54290
195582,59822
195582,50272
195582,51316
195582,33534
195582,50268
195582,50970
195582,59394
195582,32496
195582,57414
195582,63218
195582,61540
195582,45912
195582,10790
195582,44664
195582,44662
195582,53258
176595,30500
176595,61672
176595,39186
176595,62074
176595,52918
176595,33886
176595,54290
176595,59822
176595,50272
176595,1304
176595,60978
176595,51316
176595,63188
176595,32496
176595,56696
176595,63418
176595,62376
176595,48980
176595,62614
176595,53394
176595,62616
176595,63540
176595,53256
176595,44664
176595,62276
176595,62860
176595,44662
65328,1370
65328,50270
65328,11262
65328,48574
65328,50716
65328,34092
65328,57804
65328,61280
65328,124
65328,1304
65328,49888
65328,35846
65328,46632
65328,51974
65328,61560
65328,53386
65328,62944
65328,63418
65328,62376
65328,55798
65328,62276
65328,62860
154035,1370
154035,61348
154035,50270
154035,48574
154035,39186
154035,34092
154035,57804
154035,61280
154035,124
154035,1304
154035,49888
154035,35846
154035,46632
154035,51974
154035,53386
154035,62944
154035,56696
154035,63418
154035,62376
154035,48980
154035,62614
154035,53394
154035,62616
154035,63540
154035,53256
154035,44664
154035,62276
154035,62860
154035,44662
185817,1370
185817,50270
185817,11262
185817,48574
185817,50716
185817,34092
185817,57804
185817,61280
185817,124
185817,1304
185817,49888
185817,35846
185817,46632
185817,51974
185817,61560
185817,53386
185817,62944
185817,63418
185817,62376
185817,55798
185817,62860
128685,50270
128685,48574
128685,39186
128685,34092
128685,57804
128685,61280
128685,124
128685,52918
128685,1304
128685,49888
128685,35846
128685,46632
128685,63418
128685,62376
128685,55798
128685,62276
128685,62860
244065,1370
244065,61348
244065,50270
244065,48574
244065,39186
244065,34092
244065,57804
244065,61280
244065,124
244065,1304
244065,49888
244065,35846
244065,46632
244065,51974
244065,53386
244065,62944
244065,63418
244065,62376
244065,62614
244065,62616
244065,63540
244065,44664
244065,62860
60762,1370
60762,50270
60762,11262
60762,48574
60762,34092
60762,57804
60762,61280
60762,124
60762,1304
60762,49888
60762,35846
60762,46632
60762,51974
60762,61560
60762,50970
60762,63418
60762,62376
60762,48980
60762,62614
60762,53394
60762,62616
60762,63540
60762,53256
60762,44664
60762,62276
60762,62860
60762,44662
60762,48694
153882,1370
153882,50270
153882,11262
153882,48574
153882,50716
153882,34092
153882,57804
153882,61280
153882,124
153882,1304
153882,49888
153882,35846
153882,46632
153882,51974
153882,61560
153882,53386
153882,63360
153882,56696
153882,63418
153882,62376
153882,48980
153882,62614
153882,53394
153882,62616
153882,63540
153882,53256
153882,44664
153882,62860
153882,44662
153882,58504
212637,1370
212637,50270
212637,11262
212637,48574
212637,50716
212637,36720
212637,34092
212637,57804
212637,61280
212637,124
212637,1304
212637,49888
212637,35846
212637,46632
212637,33534
212637,51974
212637,61560
212637,53386
212637,62944
212637,63418
212637,62376
212637,48980
212637,62614
212637,53394
212637,63540
212637,53256
212637,62276
212637,62860
212637,44662
212637,48694
153423,1370
153423,50270
153423,11262
153423,48574
153423,50716
153423,124
153423,49888
153423,35846
153423,46632
153423,51974
153423,61560
153423,53386
153423,63418
153423,62376
153423,55798
153423,62276
153423,62860
220095,1370
220095,61348
220095,50270
220095,48574
220095,39186
220095,34092
220095,57804
220095,61280
220095,124
220095,1304
220095,49888
220095,35846
220095,46632
220095,51974
220095,53386
220095,62944
220095,56696
220095,63418
220095,62376
220095,48980
220095,62614
220095,53394
220095,63540
220095,53256
220095,44664
220095,62860
220095,44662
212235,1370
212235,50270
212235,11262
212235,48574
212235,50716
212235,34092
212235,57804
212235,61280
212235,124
212235,1304
212235,49888
212235,35846
212235,46632
212235,51974
212235,61560
212235,53386
212235,62944
212235,63360
212235,56696
212235,63418
212235,62376
212235,48980
212235,62614
212235,53394
212235,62616
212235,63540
212235,53256
212235,44664
212235,62276
212235,62860
212235,44662
212235,1206
212235,58504
154518,1370
154518,50270
154518,11262
154518,48574
154518,50716
154518,36720
154518,34092
154518,57804
154518,61280
154518,124
154518,1304
154518,49888
154518,35846
154518,46632
154518,33534
154518,51974
154518,61560
154518,53386
154518,62944
154518,63360
154518,56696
154518,63418
154518,62376
154518,48980
154518,62614
154518,53394
154518,62616
154518,63540
154518,53256
154518,44664
154518,62276
154518,62860
154518,44662
154518,1206
154518,58504
153279,1370
153279,50270
153279,11262
153279,48574
153279,50716
153279,36720
153279,34092
153279,57804
153279,61280
153279,124
153279,1304
153279,49888
153279,35846
153279,46632
153279,33534
153279,51974
153279,61560
153279,53386
153279,62944
153279,55632
153279,63360
153279,63218
153279,59396
153279,62274
153279,56696
153279,63418
153279,62376
153279,48980
153279,55798
153279,62614
153279,62618
153279,62616
153279,63540
153279,53256
153279,57522
153279,44664
153279,52620
153279,50962
153279,62276
153279,62860
153279,44662
153279,1206
153279,58504
233427,1370
233427,56714
233427,61672
233427,61542
233427,50270
233427,54096
233427,11262
233427,35732
233427,48574
233427,36720
233427,39186
233427,34092
233427,57804
233427,61280
233427,60522
233427,124
233427,52918
233427,50274
233427,3382
233427,10808
233427,61558
233427,1372
233427,59816
233427,50272
233427,1304
233427,37644
233427,49888
233427,50968
233427,35846
233427,46632
233427,10652
233427,33534
233427,51974
233427,61560
233427,50970
233427,36722
233427,53386
233427,62944
233427,59394
233427,55632
233427,63360
233427,63218
233427,62274
233427,56696
233427,63418
233427,62376
233427,48980
233427,62614
233427,53394
233427,62616
233427,63540
233427,53256
233427,10790
233427,44664
233427,59776
233427,62276
233427,62860
233427,44662
233427,1206
233427,58504
188685,1370
188685,61542
188685,50270
188685,11262
188685,35732
188685,48574
188685,50716
188685,36720
188685,34092
188685,57804
188685,61280
188685,11490
188685,124
188685,52918
188685,61558
188685,50272
188685,1304
188685,37644
188685,49888
188685,35846
188685,46632
188685,10652
188685,33534
188685,51974
188685,36722
188685,32496
188685,62376
188685,62614
188685,63540
188685,53256
188685,62276
188685,62860
163578,1370
163578,50270
163578,11262
163578,48574
163578,50716
163578,49888
163578,46632
163578,51974
163578,55632
163578,63360
163578,63218
163578,59396
163578,62274
163578,56696
163578,63418
163578,62376
163578,48980
163578,55798
163578,62614
163578,62618
163578,62616
163578,63540
163578,53256
163578,57522
163578,44664
163578,52620
163578,50962
163578,62276
163578,62860
163578,44662
163578,1206
163578,58504
205731,1370
205731,56714
205731,61672
205731,61542
205731,50270
205731,54096
205731,11262
205731,35732
205731,48574
205731,50716
205731,36720
205731,39186
205731,34092
205731,57804
205731,61280
205731,60522
205731,124
205731,52918
205731,50274
205731,3382
205731,10808
205731,61558
205731,1372
205731,59816
205731,50272
205731,1304
205731,37644
205731,50968
205731,35846
205731,46632
205731,10652
205731,33534
205731,51974
205731,50970
205731,36722
205731,53386
205731,62944
205731,59394
205731,56696
205731,63418
205731,62376
205731,48980
205731,62614
205731,53394
205731,63540
205731,53256
205731,44664
205731,62276
205731,62860
205731,44662
205731,1206
190113,1370
190113,50270
190113,11262
190113,48574
190113,50716
190113,36720
190113,34092
190113,57804
190113,61280
190113,124
190113,1304
190113,49888
190113,35846
190113,46632
190113,33534
190113,51974
190113,61560
190113,53386
190113,62944
190113,63360
190113,56696
190113,63418
190113,62376
190113,48980
190113,62614
190113,53394
190113,63540
190113,53256
190113,44664
190113,52620
190113,62276
190113,62860
190113,44662
190113,1206
190113,58504
183459,1370
183459,50270
183459,11262
183459,48574
183459,50716
183459,36720
183459,34092
183459,57804
183459,61280
183459,124
183459,52918
183459,1304
183459,49888
183459,35846
183459,46632
183459,33534
183459,51974
183459,61560
183459,53386
183459,62944
183459,63360
183459,56696
183459,63418
183459,62376
183459,48980
183459,62614
183459,53394
183459,63540
183459,53256
183459,44664
183459,52620
183459,62276
183459,62860
183459,44662
183459,1206
183459,58504
64860,1370
64860,50270
64860,11262
64860,48574
64860,50716
64860,36720
64860,34092
64860,57804
64860,61280
64860,124
64860,52918
64860,1304
64860,49888
64860,35846
64860,46632
64860,33534
64860,51974
64860,61560
64860,53386
64860,62944
64860,63360
64860,56696
64860,63418
64860,62376
64860,48980
64860,62614
64860,53394
64860,62616
64860,63540
64860,53256
64860,44664
64860,52620
64860,62276
64860,62860
64860,44662
64860,58504
183675,1370
183675,50270
183675,11262
183675,48574
183675,50716
183675,36720
183675,34092
183675,57804
183675,61280
183675,124
183675,1304
183675,49888
183675,35846
183675,46632
183675,33534
183675,51974
183675,61560
183675,53386
183675,62944
183675,56696
183675,63418
183675,62376
183675,48980
183675,62614
183675,53394
183675,63540
183675,53256
183675,44664
183675,62276
183675,62860
183675,44662
183675,1206
149634,1370
149634,50270
149634,11262
149634,48574
149634,50716
149634,36720
149634,34092
149634,57804
149634,61280
149634,124
149634,1304
149634,49888
149634,35846
149634,46632
149634,33534
149634,51974
149634,61560
149634,53386
149634,62944
149634,50718
149634,56696
149634,63136
149634,36762
149634,48980
149634,55798
149634,62400
149634,62378
149634,55638
149634,52620
149634,50962
149634,62860
149634,53258
203784,61672
203784,61542
203784,54096
203784,35732
203784,48574
203784,50716
203784,36720
203784,39186
203784,62074
203784,1372
203784,54290
203784,59822
203784,50272
203784,53160
203784,35846
203784,51316
203784,51974
203784,50724
203784,36722
203784,53386
203784,63188
203784,59394
203784,57414
203784,63360
203784,63186
203784,62170
203784,61540
203784,62376
203784,63538
203784,48980
203784,55798
203784,62378
203784,63540
203784,57522
203784,55638
203784,10790
203784,50962
203784,62860
203784,58504
238875,1370
238875,56714
238875,61348
238875,61542
238875,54096
238875,11262
238875,35732
238875,34092
238875,11490
238875,3382
238875,10808
238875,61558
238875,1372
238875,59822
238875,50272
238875,53160
238875,35846
238875,51316
238875,50268
238875,51974
238875,50724
238875,36722
238875,53386
238875,63188
238875,59394
238875,57414
238875,63360
238875,63186
238875,62170
238875,61540
238875,62376
238875,63538
238875,48980
238875,55798
238875,62378
238875,63540
238875,57522
238875,55638
238875,10790
238875,50962
238875,62860
238875,58504
242130,1370
242130,56714
242130,61348
242130,61542
242130,54096
242130,11262
242130,35732
242130,34092
242130,11490
242130,3382
242130,10808
242130,61558
242130,1372
242130,59822
242130,50272
242130,53160
242130,35846
242130,51316
242130,50268
242130,51974
242130,50724
242130,36722
242130,59394
242130,57414
242130,63360
242130,63186
242130,62170
242130,61540
242130,62376
242130,48980
242130,55798
242130,62378
242130,55638
242130,10790
242130,59776
242130,62860
242130,58504
242412,1370
242412,56714
242412,61348
242412,61542
242412,54096
242412,11262
242412,35732
242412,34092
242412,3382
242412,10808
242412,1372
242412,59822
242412,50272
242412,35846
242412,51316
242412,50268
242412,51974
242412,50724
242412,36722
242412,53386
242412,63188
242412,59394
242412,57414
242412,63360
242412,63186
242412,62170
242412,61540
242412,62376
242412,63538
242412,48980
242412,55798
242412,62378
242412,63540
242412,57522
242412,55638
242412,10790
242412,50962
242412,62860
242412,58504
249981,1370
249981,56714
249981,61348
249981,61542
249981,54096
249981,11262
249981,35732
249981,34092
249981,11490
249981,3382
249981,10808
249981,61558
249981,1372
249981,59822
249981,50272
249981,53160
249981,35846
249981,51316
249981,50268
249981,51974
249981,50724
249981,57414
249981,63360
249981,63186
249981,62170
249981,61540
249981,62376
249981,48980
249981,55798
249981,62378
249981,57522
249981,55638
249981,10790
249981,62860
249981,58504
251967,1370
251967,56714
251967,61348
251967,54096
251967,11262
251967,35732
251967,34092
251967,10808
251967,1372
251967,59822
251967,50272
251967,35846
251967,51316
251967,51974
251967,50724
251967,63360
251967,63186
251967,62170
251967,61540
251967,62376
251967,63538
251967,48980
251967,55798
251967,62378
251967,57522
251967,55638
251967,10790
251967,53048
251967,62860
251967,58504
246618,1370
246618,56714
246618,61348
246618,54096
246618,11262
246618,35732
246618,34092
246618,10808
246618,1372
246618,59822
246618,50272
246618,35846
246618,51316
246618,51974
246618,36722
246618,53386
246618,59394
246618,57414
246618,63360
246618,63186
246618,62170
246618,61540
246618,62376
246618,63538
246618,55798
246618,62378
246618,57522
246618,55638
246618,10790
246618,59776
246618,50962
246618,62860
246618,58504
244866,1370
244866,56714
244866,61348
244866,61542
244866,54096
244866,11262
244866,35732
244866,34092
244866,57804
244866,3382
244866,10808
244866,1372
244866,59822
244866,50272
244866,53160
244866,35846
244866,50268
244866,53386
244866,57414
244866,63186
244866,62170
244866,61540
244866,62376
244866,48980
244866,55798
244866,62378
244866,57522
244866,55638
244866,10790
244866,59776
244866,50962
244866,62860
244866,58504
210810,1370
210810,56714
210810,61348
210810,61542
210810,54096
210810,11262
210810,35732
210810,34092
210810,1372
210810,59822
210810,50272
210810,53160
210810,35846
210810,51316
210810,51974
210810,50724
210810,36722
210810,59394
210810,57414
210810,63360
210810,63186
210810,62170
210810,61540
210810,62376
210810,48980
210810,55798
210810,62378
210810,55638
210810,10790
210810,59776
210810,62860
210810,58504
215247,1370
215247,56714
215247,61348
215247,61542
215247,54096
215247,11262
215247,35732
215247,34092
215247,3382
215247,10808
215247,1372
215247,59822
215247,50272
215247,35846
215247,51316
215247,50268
215247,51974
215247,50724
215247,36722
215247,53386
215247,59394
215247,57414
215247,63360
215247,63186
215247,62170
215247,63136
215247,61540
215247,62376
215247,48980
215247,55798
215247,45912
215247,57522
215247,55638
215247,10790
215247,59776
215247,50962
215247,62860
215247,1206
215247,58504
154740,1370
154740,56714
154740,61348
154740,61542
154740,54096
154740,11262
154740,35732
154740,34092
154740,57804
154740,3382
154740,10808
154740,59822
154740,50272
154740,1304
154740,53160
154740,35846
154740,50268
154740,51974
154740,50724
154740,36722
154740,53386
154740,59394
154740,57414
154740,63360
154740,63186
154740,62170
154740,63136
154740,61540
154740,48980
154740,55798
154740,45912
154740,57522
154740,55638
154740,10790
154740,59776
154740,50962
154740,62860
154740,1206
154740,58504
207147,1370
207147,56714
207147,61348
207147,61542
207147,54096
207147,11262
207147,35732
207147,34092
207147,57804
207147,3382
207147,10808
207147,59822
207147,50272
207147,1304
207147,53160
207147,35846
207147,50268
207147,51974
207147,50724
207147,36722
207147,61028
207147,53386
207147,63188
207147,62944
207147,59394
207147,63510
207147,32496
207147,55632
207147,57414
207147,63360
207147,63218
207147,59396
207147,62274
207147,63220
207147,63186
207147,50718
207147,56696
207147,63418
207147,44660
207147,62170
207147,63136
207147,61540
207147,62376
207147,53046
207147,63538
207147,36762
207147,54864
207147,48980
207147,55798
207147,62614
207147,62618
207147,62616
207147,62400
207147,62378
207147,63540
207147,45912
207147,44644
207147,57522
207147,55638
207147,10790
207147,44664
207147,59776
207147,52620
207147,50962
207147,62276
207147,62860
207147,56484
207147,1206
207147,48694
207147,53258
207147,58504
249081,61364
249081,1370
249081,30500
249081,56714
249081,61672
249081,61542
249081,50270
249081,54096
249081,11262
249081,35732
249081,48574
249081,50716
249081,34092
249081,57804
249081,60522
249081,62074
249081,16358
249081,44302
249081,11490
249081,124
249081,33886
249081,50274
249081,60
249081,3382
249081,10808
249081,61558
249081,1372
249081,54290
249081,48298
249081,59816
249081,59822
249081,50272
249081,1304
249081,37644
249081,49888
249081,53160
249081,60978
249081,35846
249081,46632
249081,10652
249081,42132
249081,51316
249081,33534
249081,50268
249081,53406
249081,51974
249081,50720
249081,50724
249081,44914
249081,61560
249081,36722
249081,61028
249081,53386
249081,63188
249081,62944
249081,59394
249081,63510
249081,32496
249081,55632
249081,57414
249081,63360
249081,63218
249081,59396
249081,62274
249081,63220
249081,63186
249081,50718
249081,56696
249081,63418
249081,44660
249081,62170
249081,63136
249081,61540
249081,62376
249081,53046
249081,63538
249081,36762
249081,54864
249081,48980
249081,55798
249081,62614
249081,62618
249081,62616
249081,62400
249081,62378
249081,63540
249081,45912
249081,44644
249081,57522
249081,55638
249081,10790
249081,44664
249081,59776
249081,52620
249081,50962
249081,62276
249081,62860
249081,56484
249081,1206
249081,48694
249081,53258
249081,58504
247260,61364
247260,1370
247260,30500
247260,56714
247260,61672
247260,61542
247260,50270
247260,54096
247260,11262
247260,35732
247260,48574
247260,50716
247260,34092
247260,57804
247260,60522
247260,62074
247260,16358
247260,44302
247260,11490
247260,124
247260,33886
247260,50274
247260,60
247260,3382
247260,10808
247260,61558
247260,1372
247260,54290
247260,48298
247260,59816
247260,59822
247260,50272
247260,1304
247260,37644
247260,49888
247260,53160
247260,60978
247260,35846
247260,46632
247260,10652
247260,42132
247260,51316
247260,33534
247260,50268
247260,53406
247260,51974
247260,50720
247260,50724
247260,44914
247260,61560
247260,36722
247260,53386
247260,63188
247260,59394
247260,63510
247260,55632
247260,57414
247260,63360
247260,63218
247260,62274
247260,63220
247260,63186
247260,50718
247260,56696
247260,63418
247260,44660
247260,62170
247260,63136
247260,61540
247260,62376
247260,53046
247260,63538
247260,36762
247260,54864
247260,48980
247260,55798
247260,62614
247260,62618
247260,62616
247260,62400
247260,62378
247260,63540
247260,45912
247260,44644
247260,57522
247260,55638
247260,10790
247260,44664
247260,59776
247260,52620
247260,50962
247260,62276
247260,62860
247260,56484
247260,1206
247260,48694
247260,53258
247260,58504
195894,61364
195894,1370
195894,30500
195894,56714
195894,61672
195894,61542
195894,50270
195894,54096
195894,11262
195894,35732
195894,48574
195894,50716
195894,34092
195894,57804
195894,60522
195894,62074
195894,16358
195894,44302
195894,11490
195894,124
195894,33886
195894,50274
195894,60
195894,3382
195894,10808
195894,61558
195894,1372
195894,54290
195894,48298
195894,59822
195894,50272
195894,1304
195894,37644
195894,60978
195894,35846
195894,46632
195894,10652
195894,42132
195894,51316
195894,33534
195894,50268
195894,53406
195894,51974
195894,50720
195894,50724
195894,44914
195894,61560
195894,53386
195894,57414
195894,63360
195894,63186
195894,62170
195894,61540
195894,48980
195894,55798
195894,62378
195894,45912
195894,57522
195894,55638
195894,10790
195894,59776
195894,62860
195894,58504
252057,1370
252057,56714
252057,61348
252057,61542
252057,54096
252057,11262
252057,35732
252057,34092
252057,57804
252057,10808
252057,59822
252057,50272
252057,1304
252057,35846
252057,51974
252057,50724
252057,53386
252057,57414
252057,63360
252057,63186
252057,62170
252057,61540
252057,62376
252057,48980
252057,55798
252057,62378
252057,45912
252057,57522
252057,55638
252057,10790
252057,59776
252057,50962
252057,62860
252057,58504
251817,1370
251817,56714
251817,61348
251817,61542
251817,54096
251817,11262
251817,35732
251817,34092
251817,57804
251817,10808
251817,59822
251817,50272
251817,53160
251817,35846
251817,51316
251817,51974
251817,50724
251817,63360
251817,63186
251817,62170
251817,48980
251817,55798
251817,62378
251817,45912
251817,57522
251817,55638
251817,10790
251817,59776
251817,62860
251817,58504
183786,1370
183786,56714
183786,61348
183786,54096
183786,11262
183786,35732
183786,34092
183786,10808
183786,59822
183786,50272
183786,35846
183786,51974
183786,50724
183786,53386
183786,57414
183786,63360
183786,63186
183786,62170
183786,61540
183786,62376
183786,48980
183786,55798
183786,62378
183786,45912
183786,57522
183786,55638
183786,10790
183786,59776
183786,50962
183786,62860
183786,58504
218121,1370
218121,56714
218121,61348
218121,61542
218121,54096
218121,11262
218121,35732
218121,34092
218121,57804
218121,10808
218121,59822
218121,50272
218121,53160
218121,35846
218121,51974
218121,50724
218121,36722
218121,53386
218121,59394
218121,57414
218121,63360
218121,63186
218121,62170
218121,63136
218121,61540
218121,48980
218121,55798
218121,62378
218121,45912
218121,57522
218121,55638
218121,10790
218121,59776
218121,62860
218121,1206
218121,53258
218121,58504
203661,1370
203661,30500
203661,56714
203661,61542
203661,54096
203661,11262
203661,35732
203661,34092
203661,57804
203661,3382
203661,10808
203661,59822
203661,50272
203661,1304
203661,53160
203661,35846
203661,50268
203661,51974
203661,50724
203661,53386
203661,57414
203661,63360
203661,63186
203661,62170
203661,61540
203661,62376
203661,48980
203661,55798
203661,62378
203661,45912
203661,57522
203661,55638
203661,10790
203661,59776
203661,50962
203661,62860
203661,58504
251631,1370
251631,56714
251631,61348
251631,61542
251631,54096
251631,11262
251631,35732
251631,34092
251631,57804
251631,10808
251631,59822
251631,50272
251631,53160
251631,35846
251631,51974
251631,50724
251631,36722
251631,61028
251631,53386
251631,63188
251631,62944
251631,59394
251631,63510
251631,32496
251631,55632
251631,57414
251631,63360
251631,63218
251631,59396
251631,62274
251631,63220
251631,63186
251631,50718
251631,56696
251631,63418
251631,44660
251631,62170
251631,63136
251631,61540
251631,62376
251631,53046
251631,63538
251631,36762
251631,54864
251631,48980
251631,55798
251631,62614
251631,62618
251631,62616
251631,62400
251631,63540
251631,53256
251631,45912
251631,44644
251631,57522
251631,55638
251631,10790
251631,44664
251631,59776
251631,52620
251631,50962
251631,62276
251631,62860
251631,56484
251631,1206
251631,48694
251631,53258
251631,58504
180801,61364
180801,1370
180801,30500
180801,56714
180801,61672
180801,61542
180801,50270
180801,54096
180801,11262
180801,35732
180801,48574
180801,50716
180801,34092
180801,57804
180801,60522
180801,62074
180801,16358
180801,44302
180801,11490
180801,124
180801,33886
180801,50274
180801,60
180801,3382
180801,10808
180801,61558
180801,1372
180801,54290
180801,48298
180801,59816
180801,59822
180801,50272
180801,1304
180801,37644
180801,49888
180801,53160
180801,60978
180801,35846
180801,46632
180801,10652
180801,42132
180801,51316
180801,33534
180801,50268
180801,53406
180801,51974
180801,50720
180801,50724
180801,44914
180801,61560
180801,63360
180801,63186
180801,62170
180801,61540
180801,62376
180801,48980
180801,55798
180801,57522
180801,55638
180801,10790
180801,62860
180801,58504
226140,1370
226140,56714
226140,61348
226140,54096
226140,11262
226140,35732
226140,34092
226140,10808
226140,1372
226140,59822
226140,50272
226140,35846
226140,51316
226140,51974
226140,53386
226140,57414
226140,63360
226140,63186
226140,62170
226140,61540
226140,62376
226140,48980
226140,55798
226140,62378
226140,57522
226140,55638
226140,10790
226140,50962
226140,62860
226140,58504
247002,1370
247002,56714
247002,61348
247002,61542
247002,54096
247002,11262
247002,35732
247002,34092
247002,10808
247002,1372
247002,59822
247002,50272
247002,53160
247002,35846
247002,51316
247002,51974
247002,50724
247002,57414
247002,63360
247002,63186
247002,62170
247002,61540
247002,62376
247002,48980
247002,55798
247002,62378
247002,57522
247002,55638
247002,10790
247002,59776
247002,62860
247002,58504
249294,1370
249294,56714
249294,61348
249294,61542
249294,54096
249294,11262
249294,35732
249294,34092
249294,10808
249294,1372
249294,59822
249294,50272
249294,53160
249294,35846
249294,51316
249294,51974
249294,50724
249294,36722
249294,53386
249294,59394
249294,57414
249294,63360
249294,63186
249294,62170
249294,61540
249294,62376
249294,63538
249294,48980
249294,55798
249294,55638
249294,10790
249294,44664
249294,50962
249294,62860
249294,53258
249294,58504
249687,1370
249687,30500
249687,56714
249687,61348
249687,61542
249687,54096
249687,11262
249687,35732
249687,34092
249687,57804
249687,3382
249687,10808
249687,1372
249687,59822
249687,50272
249687,53160
249687,50968
249687,35846
249687,51316
249687,50268
249687,63360
249687,63186
249687,62860
249687,58504
248205,56714
248205,54096
248205,11262
248205,35732
248205,34092
248205,10808
248205,1372
248205,59822
248205,50272
248205,35846
248205,63360
248205,63186
248205,55638
248205,62860
248205,58504
247962,56714
247962,54096
247962,11262
247962,35732
247962,34092
247962,10808
247962,1372
247962,59822
247962,50272
247962,53386
247962,57414
247962,63360
247962,63186
247962,62170
247962,61540
247962,62376
247962,63538
247962,48980
247962,55798
247962,62378
247962,57522
247962,55638
247962,10790
247962,50962
247962,62860
247962,58504
251619,1370
251619,56714
251619,61348
251619,61542
251619,54096
251619,11262
251619,35732
251619,34092
251619,10808
251619,1372
251619,59822
251619,50272
251619,53160
251619,35846
251619,51316
251619,51974
251619,50724
251619,63360
251619,63186
251619,62170
251619,61540
251619,62376
251619,48980
251619,55798
251619,62378
251619,57522
251619,55638
251619,10790
251619,53048
251619,62860
251619,58504
163554,1370
163554,56714
163554,61348
163554,54096
163554,11262
163554,35732
163554,34092
163554,10808
163554,1372
163554,59822
163554,50272
163554,35846
163554,51316
163554,51974
163554,36722
163554,53386
163554,63188
163554,59394
163554,57414
163554,63360
163554,63186
163554,62170
163554,61540
163554,62376
163554,63538
163554,48980
163554,55798
163554,62400
163554,62378
163554,63540
163554,57522
163554,55638
163554,10790
163554,59776
163554,50962
163554,62860
163554,53258
163554,58504
248706,1370
248706,30500
248706,56714
248706,61348
248706,61542
248706,54096
248706,11262
248706,35732
248706,39186
248706,34092
248706,57804
248706,11490
248706,3382
248706,10808
248706,61558
248706,1372
248706,59822
248706,50272
248706,1304
248706,53160
248706,35846
248706,50268
248706,50970
248706,57414
248706,63360
248706,63186
248706,62170
248706,61540
248706,62376
248706,63538
248706,48980
248706,55798
248706,62378
248706,57522
248706,55638
248706,10790
248706,62860
248706,58504
251382,1370
251382,56714
251382,61348
251382,54096
251382,11262
251382,35732
251382,34092
251382,10808
251382,1372
251382,59822
251382,50272
251382,35846
251382,51316
251382,51974
251382,50724
251382,53386
251382,57414
251382,63360
251382,63186
251382,62170
251382,61540
251382,62376
251382,63538
251382,48980
251382,55798
251382,62378
251382,57522
251382,55638
251382,10790
251382,44664
251382,59776
251382,50962
251382,62860
251382,58504
203181,1370
203181,56714
203181,61348
203181,61542
203181,54096
203181,11262
203181,35732
203181,34092
203181,10808
203181,1372
203181,59822
203181,50272
203181,53160
203181,35846
203181,51316
203181,51974
203181,50724
203181,57414
203181,63360
203181,63186
203181,62170
203181,61540
203181,62376
203181,48980
203181,55798
203181,62378
203181,55638
203181,10790
203181,62860
203181,58504
157710,1370
157710,56714
157710,61348
157710,54096
157710,11262
157710,35732
157710,34092
157710,10808
157710,1372
157710,59822
157710,50272
157710,35846
157710,51316
157710,51974
157710,50724
157710,63360
157710,63186
157710,62170
157710,61540
157710,62376
157710,48980
157710,55798
157710,62378
157710,57522
157710,55638
157710,10790
157710,62860
157710,58504
250362,1370
250362,56714
250362,61348
250362,54096
250362,11262
250362,35732
250362,34092
250362,10808
250362,1372
250362,59822
250362,50272
250362,35846
250362,51316
250362,51974
250362,36722
250362,53386
250362,63188
250362,62944
250362,59394
250362,57414
250362,63360
250362,63186
250362,62170
250362,63136
250362,61540
250362,53046
250362,63538
250362,48980
250362,55798
250362,62618
250362,62378
250362,45912
250362,44644
250362,57522
250362,55638
250362,10790
250362,59776
250362,50962
250362,62860
250362,56484
250362,1206
250362,53258
250362,58504
232452,61364
232452,1370
232452,30500
232452,56714
232452,61348
232452,61542
232452,50270
232452,54096
232452,11262
232452,35732
232452,48574
232452,34092
232452,57804
232452,60522
232452,16358
232452,44302
232452,11490
232452,124
232452,50274
232452,3382
232452,10808
232452,61558
232452,48298
232452,59822
232452,50272
232452,1304
232452,53160
232452,35846
232452,51316
232452,33534
232452,50268
232452,51974
232452,50724
232452,44914
232452,53386
232452,57414
232452,63360
232452,63186
232452,62170
232452,61540
232452,62376
232452,63538
232452,48980
232452,55798
232452,62378
232452,57522
232452,55638
232452,10790
232452,50962
232452,62860
232452,58504
207345,1370
207345,56714
207345,61348
207345,61542
207345,54096
207345,11262
207345,35732
207345,34092
207345,10808
207345,1372
207345,59822
207345,50272
207345,53160
207345,35846
207345,51316
207345,51974
207345,50724
207345,63360
207345,63186
207345,62170
207345,61540
207345,62376
207345,48980
207345,55798
207345,55638
207345,10790
207345,53048
207345,62860
207345,58504
221247,1370
221247,56714
221247,61348
221247,35732
221247,34092
221247,1372
221247,59822
221247,50272
221247,35846
221247,51316
221247,51974
221247,50724
221247,53386
221247,57414
221247,63360
221247,63186
221247,62170
221247,48980
221247,55798
221247,62378
221247,45912
221247,57522
221247,55638
221247,10790
221247,59776
221247,50962
221247,62860
221247,58504
235842,1370
235842,56714
235842,61348
235842,61542
235842,54096
235842,11262
235842,35732
235842,34092
235842,57804
235842,1372
235842,59822
235842,50272
235842,53160
235842,35846
235842,51316
235842,51974
235842,50724
235842,36722
235842,53386
235842,63188
235842,59394
235842,57414
235842,63360
235842,63186
235842,62170
235842,61540
235842,62376
235842,63538
235842,48980
235842,55798
235842,62400
235842,62378
235842,63540
235842,57522
235842,55638
235842,10790
235842,59776
235842,50962
235842,62860
235842,53258
235842,58504
184113,1370
184113,30500
184113,56714
184113,61348
184113,61542
184113,54096
184113,11262
184113,35732
184113,39186
184113,34092
184113,57804
184113,11490
184113,3382
184113,10808
184113,61558
184113,1372
184113,59822
184113,50272
184113,1304
184113,53160
184113,35846
184113,50268
184113,50970
184113,63360
184113,63186
184113,62170
184113,48980
184113,55798
184113,62378
184113,45912
184113,57522
184113,55638
184113,10790
184113,59776
184113,62860
184113,58504
205821,1370
205821,56714
205821,61348
205821,61542
205821,54096
205821,11262
205821,35732
205821,34092
205821,10808
205821,59822
205821,50272
205821,35846
205821,51974
205821,50724
205821,53386
205821,57414
205821,63186
205821,62170
205821,61540
205821,62376
205821,48980
205821,55798
205821,62378
205821,57522
205821,55638
205821,10790
205821,50962
205821,62860
205821,58504
154494,1370
154494,56714
154494,61348
154494,61542
154494,54096
154494,11262
154494,35732
154494,34092
154494,1372
154494,59822
154494,50272
154494,53160
154494,35846
154494,51316
154494,51974
154494,50724
154494,36722
154494,53386
154494,63188
154494,59394
154494,57414
154494,63186
154494,62170
154494,61540
154494,62376
154494,48980
154494,55798
154494,62400
154494,62378
154494,63540
154494,57522
154494,55638
154494,10790
154494,59776
154494,53048
154494,50962
154494,62860
154494,58504
206343,1370
206343,56714
206343,61348
206343,61542
206343,34092
206343,11490
206343,3382
206343,61558
206343,59822
206343,50272
206343,1304
206343,53160
206343,35846
206343,51316
206343,50268
206343,51974
206343,50724
206343,57414
206343,63360
206343,63186
206343,62170
206343,61540
206343,62376
206343,63538
206343,48980
206343,55798
206343,57522
206343,55638
206343,10790
206343,62860
206343,58504
213987,1370
213987,56714
213987,61348
213987,54096
213987,11262
213987,35732
213987,34092
213987,10808
213987,1372
213987,59822
213987,50272
213987,35846
213987,51316
213987,51974
213987,50724
213987,63186
213987,63136
192756,56714
192756,50270
192756,34092
192756,57804
192756,1372
192756,63186
187974,56714
187974,35846
187974,53386
187974,57414
187974,63360
187974,63186
187974,62170
187974,61540
187974,62376
187974,63538
187974,48980
187974,55798
187974,62378
187974,45912
187974,57522
187974,55638
187974,10790
187974,50962
187974,62860
187974,58504
227295,1370
227295,56714
227295,61348
227295,61542
227295,54096
227295,11262
227295,35732
227295,34092
227295,10808
227295,1372
227295,59822
227295,50272
227295,53160
227295,35846
227295,51316
227295,51974
227295,50724
227295,63360
227295,63186
227295,62170
227295,61540
227295,62376
227295,48980
227295,55798
227295,57522
227295,55638
227295,10790
227295,62860
227295,58504
184674,1370
184674,56714
184674,61348
184674,54096
184674,11262
184674,35732
184674,34092
184674,10808
184674,1372
184674,59822
184674,50272
184674,35846
184674,51316
184674,51974
184674,53386
184674,57414
184674,63186
184674,62170
184674,61540
184674,62376
184674,48980
184674,55798
184674,62378
184674,57522
184674,55638
184674,10790
184674,59776
184674,50962
184674,62860
184674,58504
155403,1370
155403,56714
155403,61348
155403,61542
155403,54096
155403,11262
155403,35732
155403,34092
155403,1372
155403,59822
155403,50272
155403,53160
155403,35846
155403,51316
155403,51974
155403,50724
155403,53386
155403,57414
155403,63360
155403,63186
155403,62170
155403,61540
155403,48980
155403,55798
155403,62378
155403,45912
155403,57522
155403,55638
155403,10790
155403,59776
155403,50962
155403,62860
155403,58504
212505,61364
212505,1370
212505,56714
212505,61348
212505,61542
212505,54096
212505,11262
212505,35732
212505,34092
212505,57804
212505,10808
212505,59822
212505,50272
212505,1304
212505,53160
212505,35846
212505,51974
212505,50724
212505,44914
212505,63360
212505,63186
212505,55638
212505,59776
212505,62860
212505,58504
178818,56714
178818,54096
178818,11262
178818,35732
178818,34092
178818,10808
178818,1372
178818,59822
178818,50272
178818,57414
178818,63186
178818,62170
178818,61540
178818,62376
178818,48980
178818,55798
178818,62378
178818,57522
178818,55638
178818,10790
178818,62860
178818,58504
65067,1370
65067,56714
65067,61348
65067,35732
65067,34092
65067,1372
65067,59822
65067,50272
65067,35846
65067,51316
65067,51974
65067,50724
65067,57414
65067,63360
65067,63186
65067,62170
65067,61540
65067,62376
65067,63538
65067,48980
65067,55798
65067,62378
65067,57522
65067,55638
65067,10790
65067,62860
65067,58504
220179,1370
220179,56714
220179,61348
220179,54096
220179,11262
220179,35732
220179,34092
220179,10808
220179,1372
220179,59822
220179,50272
220179,35846
220179,51316
220179,51974
220179,50724
220179,53386
220179,57414
220179,63360
220179,63186
220179,62170
220179,61540
220179,48980
220179,55798
220179,62378
220179,45912
220179,57522
220179,55638
220179,10790
220179,59776
220179,50962
220179,62860
220179,58504
204483,1370
204483,56714
204483,61348
204483,61542
204483,54096
204483,11262
204483,35732
204483,34092
204483,57804
204483,10808
204483,59822
204483,50272
204483,1304
204483,53160
204483,35846
204483,51974
204483,50724
204483,44914
204483,53386
204483,57414
204483,63360
204483,63186
204483,62170
204483,61540
204483,62376
204483,48980
204483,55798
204483,62378
204483,57522
204483,55638
204483,10790
204483,50962
204483,62860
204483,58504
148782,1370
148782,56714
148782,61348
148782,61542
148782,54096
148782,11262
148782,35732
148782,34092
148782,10808
148782,1372
148782,59822
148782,50272
148782,53160
148782,35846
148782,51316
148782,51974
148782,50724
148782,53386
148782,57414
148782,63186
148782,62170
148782,61540
148782,62376
148782,48980
148782,55798
148782,62378
148782,57522
148782,55638
148782,10790
148782,59776
148782,50962
148782,62860
148782,58504
246963,1370
246963,56714
246963,61348
246963,61542
246963,54096
246963,11262
246963,35732
246963,34092
246963,57804
246963,1372
246963,59822
246963,50272
246963,53160
246963,35846
246963,51316
246963,51974
246963,50724
246963,57414
246963,63186
246963,62170
246963,61540
246963,62376
246963,63538
246963,48980
246963,55798
246963,57522
246963,55638
246963,10790
246963,62860
246963,58504
249855,1370
249855,56714
249855,61348
249855,34092
249855,1372
249855,59822
249855,50272
249855,35846
249855,51316
249855,51974
249855,50724
249855,57414
249855,63360
249855,63186
249855,62170
249855,61540
249855,62376
249855,48980
249855,55798
249855,62378
249855,57522
249855,55638
249855,10790
249855,59776
249855,62860
249855,58504
246858,1370
246858,56714
246858,61348
246858,61542
246858,54096
246858,11262
246858,35732
246858,34092
246858,10808
246858,1372
246858,59822
246858,50272
246858,35846
246858,51316
246858,51974
246858,50724
246858,53386
246858,57414
246858,63360
246858,63186
246858,62170
246858,61540
246858,62376
246858,63538
246858,48980
246858,55798
246858,62378
246858,57522
246858,55638
246858,10790
246858,50962
246858,62860
246858,58504
247986,1370
247986,56714
247986,61348
247986,61542
247986,54096
247986,11262
247986,35732
247986,34092
247986,10808
247986,1372
247986,59822
247986,50272
247986,53160
247986,35846
247986,51316
247986,51974
247986,50724
247986,36722
247986,53386
247986,59394
247986,57414
247986,63360
247986,63186
247986,62170
247986,63136
247986,61540
247986,48980
247986,55798
247986,62378
247986,45912
247986,57522
247986,55638
247986,10790
247986,59776
247986,62860
247986,1206
247986,53258
247986,58504
181746,1370
181746,30500
181746,56714
181746,61542
181746,54096
181746,11262
181746,35732
181746,34092
181746,57804
181746,3382
181746,10808
181746,59822
181746,50272
181746,1304
181746,53160
181746,35846
181746,50268
181746,51974
181746,50724
181746,57414
181746,63360
181746,63186
181746,62170
181746,61540
181746,62376
181746,48980
181746,55798
181746,62378
181746,57522
181746,55638
181746,10790
181746,62860
181746,58504
153888,1370
153888,56714
153888,61348
153888,54096
153888,11262
153888,35732
153888,34092
153888,10808
153888,1372
153888,59822
153888,50272
153888,35846
153888,51316
153888,51974
153888,50724
153888,63360
153888,63186
153888,62170
153888,61540
153888,62376
153888,48980
153888,55798
153888,55638
153888,10790
153888,62860
153888,58504
198792,1370
198792,56714
198792,61348
198792,54096
198792,11262
198792,35732
198792,34092
198792,10808
198792,1372
198792,59822
198792,50272
198792,35846
198792,51316
198792,51974
198792,50724
198792,57414
198792,63186
198792,62170
198792,61540
198792,62376
198792,48980
198792,55798
198792,62378
198792,55638
198792,10790
198792,62860
198792,58504
211740,1370
211740,56714
211740,61348
211740,35732
211740,34092
211740,1372
211740,59822
211740,50272
211740,35846
211740,51316
211740,51974
211740,50724
211740,57414
211740,63360
211740,63186
211740,62170
211740,61540
211740,62376
211740,48980
211740,55798
211740,62378
211740,57522
211740,55638
211740,10790
211740,59776
211740,62860
211740,58504
162810,1370
162810,56714
162810,61348
162810,61542
162810,54096
162810,11262
162810,35732
162810,34092
162810,10808
162810,1372
162810,59822
162810,50272
162810,53160
162810,35846
162810,51316
162810,51974
162810,50724
162810,53386
162810,57414
162810,63360
162810,63186
162810,62170
162810,61540
162810,62376
162810,48980
162810,55798
162810,62378
162810,57522
162810,55638
162810,10790
162810,50962
162810,62860
162810,58504
247878,1370
247878,56714
247878,61348
247878,61542
247878,54096
247878,11262
247878,35732
247878,34092
247878,10808
247878,1372
247878,59822
247878,50272
247878,53160
247878,35846
247878,51316
247878,51974
247878,50724
247878,57414
247878,63360
247878,63186
247878,62170
247878,61540
247878,62376
247878,63538
247878,48980
247878,55798
247878,62378
247878,57522
247878,55638
247878,10790
247878,62860
247878,58504
243390,1370
243390,56714
243390,61348
243390,54096
243390,11262
243390,35732
243390,34092
243390,10808
243390,1372
243390,59822
243390,50272
243390,35846
243390,51316
243390,51974
243390,50724
243390,36722
243390,53386
243390,63188
243390,62944
243390,59394
243390,57414
243390,63360
243390,63186
243390,62170
243390,63136
243390,61540
243390,62376
243390,63538
243390,48980
243390,55798
243390,62378
243390,63540
243390,55638
243390,10790
243390,44664
243390,59776
243390,50962
243390,62860
243390,1206
243390,53258
243390,58504
247029,61364
247029,1370
247029,30500
247029,56714
247029,61348
247029,61542
247029,54096
247029,11262
247029,35732
247029,34092
247029,57804
247029,11490
247029,3382
247029,10808
247029,61558
247029,1372
247029,59822
247029,50272
247029,53160
247029,35846
247029,51316
247029,50268
247029,50724
247029,53386
247029,57414
247029,63360
247029,63186
247029,62170
247029,61540
247029,62376
247029,63538
247029,48980
247029,55798
247029,57522
247029,55638
247029,10790
247029,50962
247029,62860
247029,58504
222621,1370
222621,56714
222621,61348
222621,61542
222621,54096
222621,11262
222621,35732
222621,34092
222621,10808
222621,1372
222621,59822
222621,50272
222621,53160
222621,35846
222621,51316
222621,51974
222621,50724
222621,63360
222621,63186
222621,62170
222621,61540
222621,62376
222621,63538
222621,48980
222621,55798
222621,62378
222621,57522
222621,55638
222621,10790
222621,53048
222621,62860
222621,58504
162624,1370
162624,56714
162624,61348
162624,54096
162624,11262
162624,35732
162624,34092
162624,10808
162624,1372
162624,59822
162624,50272
162624,35846
162624,51316
162624,51974
162624,57414
162624,63186
162624,62170
162624,61540
162624,62376
162624,48980
162624,55798
162624,62378
162624,55638
162624,10790
162624,62860
162624,58504
156024,1370
156024,56714
156024,61348
156024,35732
156024,34092
156024,1372
156024,59822
156024,50272
156024,35846
156024,51316
156024,51974
156024,50724
156024,63360
156024,63186
156024,62860
156024,58504
206964,56714
206964,54096
206964,11262
206964,35732
206964,34092
206964,10808
206964,1372
206964,59822
206964,50272
206964,57414
206964,63360
206964,63186
206964,62170
206964,61540
206964,62376
206964,48980
206964,55798
206964,62378
206964,55638
206964,10790
206964,62860
206964,58504
210441,1370
210441,56714
210441,61348
210441,54096
210441,11262
210441,35732
210441,34092
210441,10808
210441,1372
210441,59822
210441,50272
210441,35846
210441,51316
210441,51974
210441,50724
210441,57414
210441,63360
210441,63186
210441,62170
210441,61540
210441,62376
210441,48980
210441,55798
210441,62378
210441,55638
210441,10790
210441,62860
210441,58504
211812,1370
211812,56714
211812,61348
211812,54096
211812,11262
211812,35732
211812,34092
211812,10808
211812,1372
211812,59822
211812,50272
211812,35846
211812,51316
211812,51974
211812,50724
211812,53386
211812,57414
211812,63186
211812,61540
211812,63538
211812,62378
211812,55638
211812,59776
211812,62860
211683,1370
211683,56714
211683,61348
211683,61542
211683,34092
211683,1372
211683,59822
211683,50272
211683,57414
211683,63360
211683,63186
211683,62170
211683,61540
211683,62376
211683,48980
211683,55798
211683,62378
211683,55638
211683,10790
211683,62860
211683,58504
235458,1370
235458,56714
235458,61348
235458,54096
235458,11262
235458,35732
235458,34092
235458,10808
235458,1372
235458,59822
235458,50272
235458,35846
235458,51316
235458,51974
235458,50724
235458,57414
235458,63360
235458,63186
235458,62170
235458,61540
235458,62376
235458,48980
235458,55798
235458,62378
235458,55638
235458,10790
235458,62860
235458,58504
178761,1370
178761,56714
178761,61348
178761,54096
178761,11262
178761,35732
178761,34092
178761,10808
178761,1372
178761,59822
178761,50272
178761,35846
178761,51316
178761,51974
178761,50724
178761,36722
178761,53386
178761,63188
178761,59394
178761,57414
178761,63360
178761,63186
178761,62170
178761,63136
178761,61540
178761,62376
178761,63538
178761,48980
178761,55798
178761,62378
178761,57522
178761,55638
178761,10790
178761,59776
178761,50962
178761,62860
178761,1206
178761,53258
178761,58504
197676,61364
197676,1370
197676,30500
197676,56714
197676,61348
197676,61542
197676,54096
197676,11262
197676,35732
197676,34092
197676,57804
197676,44302
197676,11490
197676,33886
197676,3382
197676,10808
197676,61558
197676,1372
197676,59822
197676,50272
197676,53160
197676,35846
197676,51316
197676,33534
197676,50268
197676,51974
197676,50724
197676,63360
197676,63186
197676,61540
197676,63538
197676,48980
197676,62378
197676,45912
197676,55638
197676,62860
197676,58504
204054,1370
204054,56714
204054,61348
204054,54096
204054,11262
204054,35732
204054,34092
204054,10808
204054,1372
204054,59822
204054,50272
204054,35846
204054,51316
204054,33534
204054,57414
204054,63186
204054,62170
204054,61540
204054,62376
204054,63538
204054,48980
204054,55798
204054,62378
204054,57522
204054,55638
204054,10790
204054,62860
204054,58504
216033,1370
216033,56714
216033,61348
216033,34092
216033,1372
216033,59822
216033,50272
216033,35846
216033,51316
216033,51974
216033,50724
216033,63360
216033,63186
216033,62860
216033,58504
207396,56714
207396,54096
207396,11262
207396,35732
207396,34092
207396,10808
207396,1372
207396,59822
207396,50272
207396,63186
207396,61540
207396,53046
207396,48980
207396,55638
207396,59776
207396,62860
207396,58504
224208,1370
224208,56714
224208,61348
224208,34092
224208,1372
224208,50272
224208,35846
224208,51974
224208,53386
224208,57414
224208,63360
224208,63186
224208,62170
224208,61540
224208,48980
224208,55798
224208,62378
224208,45912
224208,57522
224208,55638
224208,10790
224208,59776
224208,50962
224208,62860
224208,58504
153744,1370
153744,56714
153744,61348
153744,61542
153744,54096
153744,11262
153744,35732
153744,34092
153744,57804
153744,59822
153744,50272
153744,53160
153744,35846
153744,51316
153744,51974
153744,50724
153744,53386
153744,57414
153744,63186
153744,62170
153744,61540
153744,62376
153744,48980
153744,55798
153744,62378
153744,57522
153744,55638
153744,10790
153744,59776
153744,50962
153744,62860
153744,58504
205947,1370
205947,56714
205947,61348
205947,61542
205947,54096
205947,11262
205947,35732
205947,34092
205947,57804
205947,1372
205947,59822
205947,50272
205947,53160
205947,35846
205947,51316
205947,51974
205947,50724
205947,57414
205947,63360
205947,63186
205947,62170
205947,61540
205947,62376
205947,48980
205947,55798
205947,62378
205947,55638
205947,10790
205947,62860
205947,58504
66336,1370
66336,56714
66336,61348
66336,54096
66336,11262
66336,35732
66336,34092
66336,10808
66336,1372
66336,59822
66336,50272
66336,35846
66336,51316
66336,51974
66336,50724
66336,53386
66336,57414
66336,63360
66336,63186
66336,62170
66336,61540
66336,62376
66336,63538
66336,48980
66336,55798
66336,62378
66336,55638
66336,10790
66336,50962
66336,62860
66336,58504
233961,1370
233961,56714
233961,61348
233961,61542
233961,54096
233961,11262
233961,35732
233961,34092
233961,10808
233961,1372
233961,59822
233961,50272
233961,53160
233961,35846
233961,51316
233961,50724
233961,57414
233961,63186
233961,62170
233961,61540
233961,62376
233961,48980
233961,55798
233961,62378
233961,57522
233961,55638
233961,10790
233961,62860
233961,58504
189009,1370
189009,56714
189009,61348
189009,35732
189009,34092
189009,1372
189009,59822
189009,50272
189009,35846
189009,51316
189009,51974
189009,50724
189009,36722
189009,53386
189009,59394
189009,57414
189009,63360
189009,63186
189009,62170
189009,61540
189009,62376
189009,63538
189009,48980
189009,55798
189009,62378
189009,57522
189009,55638
189009,10790
189009,50962
189009,62860
189009,53258
189009,58504
248064,1370
248064,30500
248064,56714
248064,61348
248064,61542
248064,54096
248064,11262
248064,35732
248064,34092
248064,57804
248064,3382
248064,10808
248064,1372
248064,59822
248064,50272
248064,53160
248064,35846
248064,51316
248064,50268
248064,51974
248064,50724
248064,36722
248064,53386
248064,63188
248064,59394
248064,57414
248064,63360
248064,63186
248064,44660
248064,62170
248064,63136
248064,61540
248064,53046
248064,63538
248064,48980
248064,55798
248064,62618
248064,45912
248064,44644
248064,57522
248064,55638
248064,10790
248064,59776
248064,50962
248064,62860
248064,56484
248064,1206
248064,53258
248064,58504
222759,61364
222759,1370
222759,30500
222759,56714
222759,61542
222759,50270
222759,54096
222759,11262
222759,35732
222759,48574
222759,34092
222759,57804
222759,60522
222759,16358
222759,44302
222759,11490
222759,124
222759,50274
222759,3382
222759,10808
222759,61558
222759,48298
222759,59822
222759,50272
222759,1304
222759,53160
222759,60978
222759,35846
222759,33534
222759,50268
222759,51974
222759,50724
222759,44914
222759,63136
222759,55638
251766,56714
251766,50270
251766,61552
251766,34092
251766,57804
251766,53386
251766,57414
251766,63360
251766,63186
251766,62170
251766,61540
251766,62376
251766,48980
251766,55798
251766,62378
251766,57522
251766,55638
251766,10790
251766,50962
251766,62860
251766,58504
65598,1370
65598,56714
65598,61348
65598,61542
65598,54096
65598,11262
65598,35732
65598,34092
65598,10808
65598,1372
65598,59822
65598,50272
65598,53160
65598,35846
65598,51316
65598,51974
65598,50724
65598,63360
65598,63186
65598,62170
65598,61540
65598,62376
65598,48980
65598,55798
65598,62378
65598,57522
65598,55638
65598,10790
65598,62860
65598,58504
251142,1370
251142,56714
251142,61348
251142,54096
251142,11262
251142,35732
251142,34092
251142,10808
251142,1372
251142,59822
251142,50272
251142,35846
251142,51316
251142,51974
251142,36722
251142,53386
251142,63188
251142,62944
251142,59394
251142,57414
251142,63360
251142,63186
251142,62170
251142,63136
251142,61540
251142,53046
251142,63538
251142,48980
251142,55798
251142,62618
251142,62378
251142,45912
251142,44644
251142,57522
251142,55638
251142,10790
251142,59776
251142,50962
251142,62860
251142,56484
251142,1206
251142,53258
251142,58504
175239,61364
175239,1370
175239,30500
175239,56714
175239,61348
175239,61542
175239,50270
175239,54096
175239,11262
175239,35732
175239,48574
175239,34092
175239,57804
175239,60522
175239,16358
175239,44302
175239,11490
175239,124
175239,50274
175239,3382
175239,10808
175239,61558
175239,48298
175239,59822
175239,50272
175239,1304
175239,53160
175239,35846
175239,51316
175239,33534
175239,50268
175239,51974
175239,50724
175239,44914
175239,53386
175239,57414
175239,63360
175239,63186
175239,62170
175239,61540
175239,62376
175239,48980
175239,55798
175239,62378
175239,45912
175239,57522
175239,55638
175239,10790
175239,50962
175239,62860
175239,58504
67158,1370
67158,56714
67158,61348
67158,61542
67158,54096
67158,11262
67158,35732
67158,34092
67158,10808
67158,59822
67158,50272
67158,53160
67158,35846
67158,51316
67158,51974
67158,50724
67158,53386
67158,57414
67158,63186
67158,62170
67158,61540
67158,62376
67158,63538
67158,48980
67158,55798
67158,62378
67158,57522
67158,55638
67158,10790
67158,59776
67158,50962
67158,62860
67158,58504
243789,1370
243789,56714
243789,61348
243789,61542
243789,35732
243789,34092
243789,1372
243789,59822
243789,50272
243789,53160
243789,35846
243789,51316
243789,53386
243789,57414
243789,63360
243789,63186
243789,62170
243789,61540
243789,62376
243789,63538
243789,48980
243789,55798
243789,62378
243789,45912
243789,57522
243789,55638
243789,10790
243789,50962
243789,62860
243789,58504
153792,1370
153792,56714
153792,61348
153792,61542
153792,54096
153792,11262
153792,35732
153792,34092
153792,10808
153792,59822
153792,50272
153792,53160
153792,35846
153792,51316
153792,51974
153792,50724
153792,63360
153792,63186
153792,62170
153792,48980
153792,55638
153792,44664
153792,62860
153792,58504
206484,1370
206484,56714
206484,61348
206484,54096
206484,11262
206484,35732
206484,34092
206484,10808
206484,59822
206484,50272
206484,53160
206484,35846
206484,50724
206484,57414
206484,63360
206484,63186
206484,62170
206484,48980
206484,55798
206484,45912
206484,57522
206484,55638
206484,44664
206484,59776
206484,62860
206484,58504
247239,1370
247239,56714
247239,61542
247239,54096
247239,11262
247239,35732
247239,34092
247239,10808
247239,1372
247239,59822
247239,50272
247239,1304
247239,53160
247239,35846
247239,51974
247239,50724
247239,36722
247239,59394
247239,57414
247239,63360
247239,63186
247239,62170
247239,61540
247239,62376
247239,48980
247239,55798
247239,62378
247239,55638
247239,10790
247239,59776
247239,62860
247239,58504
206457,1370
206457,56714
206457,61348
206457,61542
206457,54096
206457,11262
206457,35732
206457,34092
206457,3382
206457,10808
206457,1372
206457,59822
206457,50272
206457,35846
206457,51316
206457,50268
206457,51974
206457,50724
206457,36722
206457,61028
206457,53386
206457,63188
206457,62944
206457,59394
206457,63510
206457,32496
206457,55632
206457,57414
206457,63360
206457,63218
206457,59396
206457,62274
206457,63220
206457,63186
206457,50718
206457,56696
206457,63418
206457,44660
206457,62170
206457,63136
206457,61540
206457,62376
206457,53046
206457,63538
206457,36762
206457,54864
206457,48980
206457,55798
206457,62614
206457,53394
206457,62618
206457,62616
206457,62400
206457,62378
206457,63540
206457,53256
206457,45912
206457,44644
206457,57522
206457,55638
206457,10790
206457,44664
206457,59776
206457,53048
206457,52620
206457,50962
206457,62276
206457,62860
206457,44662
206457,56484
206457,1206
206457,48694
206457,53258
206457,58504
162960,61364
162960,1370
162960,30500
162960,56714
162960,61672
162960,61348
162960,61542
162960,50270
162960,54096
162960,11262
162960,35732
162960,48574
162960,50716
162960,36720
162960,39186
162960,34092
162960,57804
162960,61280
162960,60522
162960,62074
162960,16358
162960,44302
162960,11490
162960,124
162960,52918
162960,33886
162960,50274
162960,60
162960,3382
162960,10808
162960,61558
162960,1372
162960,54290
162960,48298
162960,59816
162960,59822
162960,50272
162960,1304
162960,37644
162960,49888
162960,53160
162960,60978
162960,35846
162960,46632
162960,10652
162960,42132
162960,51316
162960,33534
162960,50268
162960,53406
162960,51974
162960,50720
162960,50724
162960,44914
162960,61560
162960,63360
162960,63186
162960,59776
162960,62860
162960,58504
243477,56714
243477,54096
243477,11262
243477,35732
243477,34092
243477,10808
243477,1372
243477,59822
243477,50272
243477,36722
243477,61028
243477,53386
243477,63188
243477,62944
243477,59394
243477,63510
243477,32496
243477,55632
243477,57414
243477,63360
243477,63218
243477,62274
243477,63220
243477,63186
243477,50718
243477,56696
243477,63418
243477,44660
243477,62170
243477,63136
243477,61540
243477,62376
243477,53046
243477,63538
243477,36762
243477,54864
243477,48980
243477,55798
243477,62614
243477,53394
243477,62618
243477,62616
243477,62400
243477,62378
243477,63540
243477,53256
243477,45912
243477,44644
243477,57522
243477,55638
243477,10790
243477,44664
243477,59776
243477,52620
243477,50962
243477,62276
243477,62860
243477,44662
243477,56484
243477,1206
243477,48694
243477,53258
243477,58504
246033,61364
246033,1370
246033,30500
246033,56714
246033,61672
246033,61348
246033,61542
246033,50270
246033,54096
246033,11262
246033,35732
246033,48574
246033,50716
246033,36720
246033,39186
246033,34092
246033,57804
246033,61280
246033,60522
246033,62074
246033,16358
246033,44302
246033,11490
246033,124
246033,52918
246033,33886
246033,50274
246033,60
246033,3382
246033,10808
246033,61558
246033,1372
246033,54290
246033,48298
246033,59816
246033,59822
246033,50272
246033,1304
246033,37644
246033,53160
246033,60978
246033,35846
246033,46632
246033,10652
246033,42132
246033,51316
246033,33534
246033,50268
246033,53406
246033,51974
246033,50720
246033,50724
246033,44914
246033,61560
246033,36722
246033,53386
246033,63188
246033,59394
246033,55632
246033,57414
246033,63360
246033,63186
246033,62170
246033,63136
246033,61540
246033,62376
246033,63538
246033,55798
246033,62378
246033,63540
246033,55638
246033,10790
246033,44664
246033,59776
246033,53048
246033,50962
246033,62860
246033,1206
246033,53258
246033,58504
232503,61364
232503,1370
232503,30500
232503,56714
232503,61348
232503,61542
232503,54096
232503,11262
232503,35732
232503,34092
232503,57804
232503,11490
232503,3382
232503,10808
232503,61558
232503,1372
232503,59822
232503,50272
232503,53160
232503,35846
232503,50268
232503,36722
232503,61028
232503,53386
232503,63188
232503,62944
232503,59394
232503,63510
232503,32496
232503,55632
232503,57414
232503,63360
232503,63218
232503,59396
232503,62274
232503,63220
232503,63186
232503,50718
232503,56696
232503,63418
232503,44660
232503,62170
232503,63136
232503,61540
232503,62376
232503,53046
232503,63538
232503,36762
232503,54864
232503,48980
232503,55798
232503,62614
232503,53394
232503,62618
232503,62616
232503,62400
232503,62378
232503,63540
232503,53256
232503,45912
232503,44644
232503,57522
232503,55638
232503,10790
232503,44664
232503,59776
232503,53048
232503,52620
232503,50962
232503,62276
232503,62860
232503,44662
232503,56484
232503,1206
232503,48694
232503,53258
232503,58504
164871,61364
164871,1370
164871,30500
164871,56714
164871,61672
164871,61348
164871,61542
164871,50270
164871,54096
164871,11262
164871,35732
164871,48574
164871,50716
164871,36720
164871,39186
164871,34092
164871,57804
164871,61280
164871,60522
164871,62074
164871,16358
164871,44302
164871,11490
164871,124
164871,52918
164871,33886
164871,50274
164871,60
164871,3382
164871,10808
164871,61558
164871,1372
164871,54290
164871,48298
164871,59816
164871,59822
164871,50272
164871,1304
164871,37644
164871,49888
164871,53160
164871,60978
164871,35846
164871,46632
164871,10652
164871,42132
164871,51316
164871,33534
164871,50268
164871,53406
164871,51974
164871,50720
164871,50724
164871,44914
164871,61560
164871,57414
164871,63186
164871,62170
164871,61540
164871,62376
164871,48980
164871,55798
164871,62378
164871,55638
164871,10790
164871,62860
164871,58504
244092,1370
244092,56714
244092,61348
244092,35732
244092,34092
244092,1372
244092,59822
244092,50272
244092,35846
244092,51316
244092,51974
244092,50724
244092,63186
244092,62170
244092,48980
244092,55638
244092,44664
244092,62860
244092,58504
245826,1370
245826,56714
245826,61348
245826,50272
245826,53160
245826,35846
245826,50724
245826,57414
245826,63186
245826,62170
245826,61540
245826,62376
245826,48980
245826,55798
245826,62378
245826,57522
245826,55638
245826,10790
245826,62860
245826,58504
181110,1370
181110,56714
181110,61348
181110,35732
181110,34092
181110,1372
181110,59822
181110,50272
181110,35846
181110,51316
181110,51974
181110,50724
181110,36722
181110,53386
181110,59394
181110,57414
181110,63360
181110,63186
181110,62170
181110,61540
181110,62376
181110,63538
181110,48980
181110,55798
181110,62378
181110,57522
181110,55638
181110,10790
181110,50962
181110,62860
181110,53258
181110,58504
248682,1370
248682,30500
248682,56714
248682,61348
248682,61542
248682,54096
248682,11262
248682,35732
248682,34092
248682,57804
248682,3382
248682,10808
248682,1372
248682,59822
248682,50272
248682,53160
248682,35846
248682,51316
248682,50268
248682,51974
248682,50724
248682,63360
248682,63186
248682,62860
248682,58504
246216,56714
246216,54096
246216,11262
246216,35732
246216,34092
246216,10808
246216,1372
246216,59822
246216,50272
246216,57414
246216,63360
246216,63186
246216,62170
246216,61540
246216,62376
246216,63538
246216,48980
246216,55798
246216,62378
246216,57522
246216,55638
246216,10790
246216,62860
246216,58504
205995,1370
205995,56714
205995,61348
205995,54096
205995,11262
205995,35732
205995,34092
205995,10808
205995,1372
205995,59822
205995,50272
205995,35846
205995,51316
205995,51974
205995,50724
205995,36722
205995,53386
205995,59394
205995,57414
205995,63360
205995,63186
205995,62170
205995,63136
205995,61540
205995,62376
205995,48980
205995,55798
205995,62378
205995,57522
205995,55638
205995,10790
205995,59776
205995,50962
205995,62860
205995,1206
205995,53258
205995,58504
71301,1370
71301,30500
71301,56714
71301,61348
71301,61542
71301,54096
71301,11262
71301,35732
71301,34092
71301,57804
71301,3382
71301,10808
71301,1372
71301,59822
71301,50272
71301,53160
71301,35846
71301,51316
71301,50268
71301,51974
71301,50724
71301,53386
71301,57414
71301,63186
71301,62170
71301,61540
71301,62376
71301,63538
71301,48980
71301,55798
71301,62378
71301,57522
71301,55638
71301,10790
71301,50962
71301,62860
71301,58504
162792,1370
162792,56714
162792,61348
162792,61542
162792,54096
162792,11262
162792,35732
162792,34092
162792,1372
162792,59822
162792,50272
162792,53160
162792,35846
162792,51316
162792,51974
162792,50724
162792,57414
162792,63360
162792,63186
162792,62170
162792,61540
162792,62376
162792,48980
162792,55798
162792,57522
162792,55638
162792,10790
162792,62860
162792,58504
246150,1370
246150,56714
246150,61348
246150,54096
246150,11262
246150,35732
246150,34092
246150,10808
246150,1372
246150,59822
246150,50272
246150,35846
246150,51316
246150,51974
246150,50724
246150,57414
246150,63360
246150,63186
246150,62170
246150,61540
246150,62376
246150,48980
246150,55798
246150,62378
246150,57522
246150,55638
246150,10790
246150,62860
246150,58504
167514,1370
167514,56714
167514,61348
167514,54096
167514,11262
167514,35732
167514,34092
167514,10808
167514,1372
167514,59822
167514,50272
167514,35846
167514,51316
167514,51974
167514,50724
167514,57414
167514,63360
167514,63186
167514,62170
167514,61540
167514,62376
167514,48980
167514,55798
167514,62378
167514,57522
167514,55638
167514,10790
167514,62860
167514,58504
210129,1370
210129,56714
210129,61348
210129,54096
210129,11262
210129,35732
210129,34092
210129,10808
210129,1372
210129,59822
210129,50272
210129,35846
210129,51316
210129,51974
210129,50724
210129,57414
210129,63360
210129,63186
210129,62170
210129,61540
210129,62376
210129,48980
210129,55798
210129,55638
210129,10790
210129,62860
210129,58504
206481,1370
206481,56714
206481,61348
206481,54096
206481,11262
206481,35732
206481,34092
206481,10808
206481,1372
206481,59822
206481,50272
206481,35846
206481,51316
206481,51974
206481,50724
206481,57414
206481,63360
206481,63186
206481,62170
206481,61540
206481,62376
206481,48980
206481,55798
206481,62378
206481,57522
206481,55638
206481,10790
206481,62860
206481,58504
243954,1370
243954,56714
243954,61348
243954,54096
243954,11262
243954,35732
243954,34092
243954,10808
243954,1372
243954,59822
243954,50272
243954,35846
243954,51316
243954,51974
243954,50724
243954,63360
243954,63186
243954,62170
243954,61540
243954,62376
243954,48980
243954,55798
243954,57522
243954,55638
243954,10790
243954,62860
243954,58504
216366,1370
216366,56714
216366,61348
216366,54096
216366,11262
216366,35732
216366,34092
216366,10808
216366,1372
216366,59822
216366,50272
216366,35846
216366,51316
216366,51974
216366,50724
216366,53386
216366,57414
216366,63360
216366,63186
216366,62170
216366,61540
216366,62376
216366,48980
216366,55798
216366,57522
216366,55638
216366,10790
216366,50962
216366,62860
216366,58504
246987,1370
246987,56714
246987,61348
246987,61542
246987,54096
246987,11262
246987,35732
246987,34092
246987,10808
246987,1372
246987,59822
246987,50272
246987,53160
246987,35846
246987,51316
246987,51974
246987,50724
246987,53386
246987,57414
246987,63360
246987,63186
246987,62170
246987,61540
246987,62376
246987,48980
246987,55798
246987,62378
246987,57522
246987,55638
246987,10790
246987,59776
246987,50962
246987,62860
246987,58504
64764,1370
64764,56714
64764,61348
64764,61542
64764,54096
64764,11262
64764,35732
64764,34092
64764,57804
64764,1372
64764,59822
64764,50272
64764,53160
64764,50968
64764,35846
64764,51316
64764,51974
64764,50724
64764,63186
64764,58504
154812,56714
154812,59822
154812,50272
154812,35846
154812,53386
154812,57414
154812,63186
154812,62170
154812,61540
154812,62376
154812,48980
154812,55798
154812,62378
154812,57522
154812,55638
154812,10790
154812,59776
154812,50962
154812,62860
154812,58504
235380,1370
235380,56714
235380,61348
235380,61542
235380,54096
235380,11262
235380,35732
235380,34092
235380,57804
235380,59822
235380,1304
235380,53160
235380,35846
235380,51316
235380,51974
235380,50724
235380,57414
235380,63186
235380,62170
235380,61540
235380,62376
235380,48980
235380,55798
235380,62378
235380,57522
235380,55638
235380,10790
235380,62860
235380,58504
238611,1370
238611,56714
238611,61348
238611,35732
238611,34092
238611,1372
238611,59822
238611,50272
238611,35846
238611,51316
238611,51974
238611,50724
238611,36722
238611,53386
238611,59394
238611,57414
238611,63360
238611,63186
238611,62170
238611,61540
238611,62376
238611,63538
238611,48980
238611,55798
238611,57522
238611,55638
238611,10790
238611,50962
238611,62860
238611,53258
238611,58504
245046,1370
245046,30500
245046,56714
245046,61348
245046,61542
245046,54096
245046,11262
245046,35732
245046,34092
245046,57804
245046,3382
245046,10808
245046,1372
245046,59822
245046,50272
245046,53160
245046,35846
245046,51316
245046,50268
245046,51974
245046,50724
245046,62944
245046,63510
245046,32496
245046,50718
245046,56696
245046,44660
245046,48980
245046,62378
245046,10790
245046,52620
245046,44662
245046,1206
249297,61364
249297,30500
249297,56714
249297,61348
249297,11262
249297,35732
249297,39186
249297,62074
249297,16358
249297,44302
249297,11490
249297,52918
249297,60
249297,3382
249297,59822
249297,53160
249297,50968
249297,60978
249297,35846
249297,42132
249297,33534
249297,51974
249297,50724
249297,44914
249297,61560
249297,50970
249297,36722
249297,61028
249297,63188
249297,62944
249297,63510
249297,32496
249297,55632
249297,63220
249297,63186
249297,63136
249297,54864
249297,48980
249297,55798
249297,62614
249297,62400
249297,62378
249297,44644
249297,10790
249297,52620
249297,62276
249297,44662
249297,1206
208881,61364
208881,61348
208881,11262
208881,35732
208881,39186
208881,62074
208881,44302
208881,11490
208881,60
208881,3382
208881,59816
208881,53160
208881,50968
208881,35846
208881,33534
208881,44914
208881,50970
208881,61028
208881,63188
208881,62944
208881,63510
208881,32496
208881,55632
208881,63220
208881,54864
208881,48980
208881,62614
208881,62400
208881,62378
208881,10790
208881,52620
208881,62276
208881,44662
208881,1206
251391,30500
251391,11262
251391,35732
251391,39186
251391,62074
251391,44302
251391,11490
251391,52918
251391,60
251391,3382
251391,59816
251391,49888
251391,53160
251391,50968
251391,60978
251391,42132
251391,33534
251391,44914
251391,50970
251391,61028
251391,63188
251391,62944
251391,63510
251391,32496
251391,55632
251391,63220
251391,48980
251391,62614
251391,62400
251391,62378
251391,44644
251391,10790
251391,52620
251391,44662
251391,1206
155016,61364
155016,30500
155016,56714
155016,61348
155016,11262
155016,35732
155016,39186
155016,62074
155016,44302
155016,11490
155016,52918
155016,60
155016,3382
155016,48298
155016,59816
155016,59822
155016,49888
155016,53160
155016,50968
155016,35846
155016,42132
155016,33534
155016,50724
155016,44914
155016,50970
155016,36722
155016,61028
155016,63188
155016,62944
155016,63510
155016,32496
155016,55632
155016,62274
155016,63220
155016,63186
155016,63136
155016,54864
155016,48980
155016,55798
155016,62614
155016,62400
155016,62378
155016,63540
155016,44644
155016,10790
155016,62276
155016,58504
212181,11262
212181,35732
212181,39186
212181,62074
212181,44302
212181,11490
212181,60
212181,3382
212181,49888
212181,53160
212181,50968
212181,35846
212181,33534
212181,44914
212181,50970
212181,61028
212181,63188
212181,62944
212181,63510
212181,32496
212181,55632
212181,63220
212181,48980
212181,62614
212181,62400
212181,62378
212181,44644
212181,10790
212181,52620
212181,44662
212181,1206
208560,11262
208560,39186
208560,62074
208560,44302
208560,11490
208560,52918
208560,60
208560,3382
208560,49888
208560,53160
208560,50968
208560,33534
208560,44914
208560,50970
208560,61028
208560,63188
208560,63220
208560,62400
208560,63540
208560,10790
208560,52620
208560,44662
208560,1206
153720,61364
153720,30500
153720,56714
153720,61348
153720,11262
153720,35732
153720,39186
153720,60522
153720,62074
153720,16358
153720,44302
153720,124
153720,52918
153720,60
153720,3382
153720,1372
153720,59816
153720,1304
153720,37644
153720,49888
153720,53160
153720,50968
153720,35846
153720,42132
153720,33534
153720,53406
153720,51974
153720,50724
153720,44914
153720,61560
153720,50970
153720,36722
153720,61028
153720,62944
153720,59394
153720,63510
153720,32496
153720,55632
153720,57414
153720,63220
153720,63186
153720,56696
153720,44660
153720,62170
153720,63136
153720,61540
153720,63538
153720,54864
153720,48980
153720,55798
153720,62618
153720,62400
153720,62378
153720,63540
153720,44644
153720,55638
153720,10790
153720,50962
153720,62276
153720,44662
153720,1206
153720,48694
215985,30500
215985,11262
215985,35732
215985,39186
215985,62074
215985,44302
215985,60
215985,3382
215985,59816
215985,1304
215985,49888
215985,53160
215985,50968
215985,35846
215985,42132
215985,33534
215985,44914
215985,61560
215985,50970
215985,61028
215985,63188
215985,62944
215985,63510
215985,32496
215985,55632
215985,63220
215985,63186
215985,48980
215985,62400
215985,62378
215985,63540
215985,44644
215985,10790
215985,52620
215985,44662
215985,1206
215985,48694
215112,61364
215112,30500
215112,56714
215112,61672
215112,61348
215112,11262
215112,35732
215112,39186
215112,62074
215112,16358
215112,44302
215112,124
215112,52918
215112,60
215112,3382
215112,1372
215112,59816
215112,1304
215112,49888
215112,53160
215112,50968
215112,35846
215112,42132
215112,33534
215112,53406
215112,51974
215112,50724
215112,44914
215112,61560
215112,50970
215112,36722
215112,61028
215112,63188
215112,62944
215112,59394
215112,63510
215112,32496
215112,55632
215112,57414
215112,63220
215112,63186
215112,56696
215112,44660
215112,62170
215112,63136
215112,61540
215112,63538
215112,54864
215112,48980
215112,55798
215112,62400
215112,62378
215112,63540
215112,44644
215112,10790
215112,50962
215112,62276
215112,44662
215112,1206
215112,48694
249843,35732
249843,39186
249843,62074
249843,44302
249843,11490
249843,60
249843,3382
249843,59816
249843,49888
249843,53160
249843,50968
249843,33534
249843,44914
249843,50970
249843,61028
249843,63188
249843,63510
249843,32496
249843,55632
249843,63220
249843,48980
249843,62614
249843,62400
249843,62378
249843,10790
249843,52620
249843,44662
249843,1206
61629,30500
61629,54096
61629,11262
61629,35732
61629,39186
61629,44302
61629,11490
61629,52918
61629,59816
61629,49888
61629,53160
61629,35846
61629,46632
61629,33534
61629,44914
61629,50970
61629,61028
61629,63188
61629,62944
61629,63510
61629,32496
61629,55632
61629,63220
61629,48980
61629,62614
61629,62400
61629,62378
61629,10790
61347,30500
61347,54096
61347,11262
61347,39186
61347,44302
61347,11490
61347,52918
61347,59816
61347,49888
61347,53160
61347,50968
61347,35846
61347,46632
61347,33534
61347,44914
61347,50970
61347,61028
61347,63188
61347,62944
61347,63220
61347,62400
61347,62378
61347,10790
212433,61364
212433,30500
212433,56714
212433,61348
212433,11262
212433,35732
212433,39186
212433,62074
212433,16358
212433,44302
212433,11490
212433,52918
212433,3382
212433,59816
212433,53160
212433,50968
212433,60978
212433,35846
212433,42132
212433,33534
212433,50724
212433,44914
212433,61560
212433,50970
212433,36722
212433,61028
212433,63188
212433,62944
212433,63510
212433,32496
212433,55632
212433,63220
212433,63186
212433,63136
212433,54864
212433,48980
212433,55798
212433,62614
212433,62400
212433,62378
212433,44644
212433,10790
212433,62276
249159,61364
249159,30500
249159,61348
249159,11262
249159,35732
249159,39186
249159,62074
249159,44302
249159,11490
249159,52918
249159,60
249159,3382
249159,53160
249159,50968
249159,60978
249159,42132
249159,33534
249159,50724
249159,44914
249159,50970
249159,36722
249159,61028
249159,63188
249159,62944
249159,63510
249159,32496
249159,55632
249159,63220
249159,63186
249159,54864
249159,48980
249159,62614
249159,62400
249159,62378
249159,44644
249159,57522
249159,10790
249159,52620
249159,62276
244869,61364
244869,30500
244869,56714
244869,61348
244869,11262
244869,35732
244869,39186
244869,62074
244869,16358
244869,44302
244869,11490
244869,52918
244869,3382
244869,59816
244869,53160
244869,50968
244869,60978
244869,35846
244869,46632
244869,42132
244869,33534
244869,50724
244869,44914
244869,61560
244869,50970
244869,36722
244869,61028
244869,63188
244869,62944
244869,63510
244869,32496
244869,55632
244869,63220
244869,63186
244869,63136
244869,54864
244869,48980
244869,55798
244869,62614
244869,62400
244869,62378
244869,44644
244869,10790
244869,62276
217872,11262
217872,35732
217872,39186
217872,62074
217872,44302
217872,11490
217872,52918
217872,60
217872,3382
217872,59816
217872,49888
217872,53160
217872,50968
217872,33534
217872,44914
217872,50970
217872,61028
217872,63188
217872,63510
217872,32496
217872,55632
217872,63220
217872,48980
217872,62614
217872,62400
217872,62378
217872,10790
217872,52620
217872,44662
217872,1206
236973,30500
236973,11262
236973,35732
236973,39186
236973,62074
236973,44302
236973,11490
236973,52918
236973,60
236973,3382
236973,59816
236973,53160
236973,50968
236973,42132
236973,33534
236973,44914
236973,50970
236973,61028
236973,63188
236973,62944
236973,63510
236973,32496
236973,55632
236973,63220
236973,48980
236973,62614
236973,62400
236973,62378
236973,44644
236973,10790
236973,52620
153675,30500
153675,11262
153675,35732
153675,39186
153675,62074
153675,44302
153675,60
153675,3382
153675,59816
153675,1304
153675,49888
153675,53160
153675,50968
153675,35846
153675,33534
153675,44914
153675,50970
153675,61028
153675,63188
153675,62944
153675,63510
153675,32496
153675,55632
153675,63220
153675,63186
153675,48980
153675,62400
153675,62378
153675,63540
153675,10790
153675,44662
153675,1206
222852,61364
222852,30500
222852,61348
222852,11262
222852,35732
222852,39186
222852,62074
222852,16358
222852,44302
222852,11490
222852,60
222852,3382
222852,59816
222852,49888
222852,53160
222852,50968
222852,35846
222852,42132
222852,33534
222852,51974
222852,50724
222852,44914
222852,50970
222852,36722
222852,61028
222852,63188
222852,62944
222852,63510
222852,32496
222852,55632
222852,63220
222852,63186
222852,54864
222852,48980
222852,62614
222852,62400
222852,62378
222852,44644
222852,10790
222852,52620
222852,62276
222852,44662
222852,1206
154635,30500
154635,11262
154635,35732
154635,39186
154635,62074
154635,44302
154635,11490
154635,52918
154635,60
154635,3382
154635,59816
154635,49888
154635,53160
154635,50968
154635,42132
154635,33534
154635,44914
154635,50970
154635,61028
154635,63188
154635,62944
154635,63510
154635,32496
154635,55632
154635,63220
154635,48980
154635,62614
154635,62400
154635,62378
154635,44644
154635,10790
154635,52620
154635,44662
154635,1206
214998,11262
214998,35732
214998,39186
214998,62074
214998,44302
214998,11490
214998,60
214998,3382
214998,59816
214998,53160
214998,50968
214998,33534
214998,44914
214998,50970
214998,61028
214998,63188
214998,63510
214998,32496
214998,55632
214998,63220
214998,48980
214998,62614
214998,62400
214998,62378
214998,10790
214998,52620
214998,44662
214998,1206
207099,61364
207099,30500
207099,56714
207099,61348
207099,11262
207099,35732
207099,39186
207099,62074
207099,16358
207099,44302
207099,124
207099,52918
207099,60
207099,3382
207099,1372
207099,1304
207099,37644
207099,49888
207099,53160
207099,50968
207099,35846
207099,42132
207099,33534
207099,53406
207099,51974
207099,50724
207099,44914
207099,61560
207099,50970
207099,36722
207099,61028
207099,63188
207099,62944
207099,59394
207099,63510
207099,32496
207099,55632
207099,57414
207099,63220
207099,63186
207099,56696
207099,44660
207099,62170
207099,63136
207099,61540
207099,63538
207099,54864
207099,48980
207099,55798
207099,62614
207099,62618
207099,62400
207099,62378
207099,63540
207099,44644
207099,10790
207099,52620
207099,50962
207099,62276
207099,44662
207099,1206
207099,48694
249411,30500
249411,11262
249411,35732
249411,39186
249411,62074
249411,44302
249411,60
249411,3382
249411,59816
249411,1304
249411,49888
249411,53160
249411,50968
249411,35846
249411,46632
249411,33534
249411,44914
249411,50970
249411,61028
249411,62944
249411,63510
249411,32496
249411,55632
249411,59396
249411,63220
249411,63186
249411,53046
249411,48980
249411,62400
249411,62378
249411,63540
249411,10790
249411,44662
249411,1206
240924,30500
240924,11262
240924,35732
240924,39186
240924,62074
240924,44302
240924,60
240924,3382
240924,59816
240924,1304
240924,49888
240924,53160
240924,50968
240924,35846
240924,46632
240924,42132
240924,33534
240924,44914
240924,61560
240924,50970
240924,61028
240924,63188
240924,62944
240924,63510
240924,32496
240924,55632
240924,59396
240924,63220
240924,63186
240924,53046
240924,48980
240924,62400
240924,62378
240924,63540
240924,44644
240924,10790
240924,52620
240924,44662
240924,1206
240924,48694
457455,30500
457455,11262
457455,35732
457455,39186
457455,62074
457455,60
457455,3382
457455,59816
457455,1304
457455,49888
457455,53160
457455,50968
457455,35846
457455,33534
457455,44914
457455,50970
457455,61028
457455,63188
457455,62944
457455,63510
457455,32496
457455,55632
457455,63220
457455,63186
457455,48980
457455,62614
457455,62400
457455,62378
457455,63540
457455,10790
457455,44662
457455,1206
203466,61364
203466,30500
203466,61348
203466,11262
203466,35732
203466,39186
203466,62074
203466,44302
203466,11490
203466,52918
203466,60
203466,3382
203466,59816
203466,1304
203466,53160
203466,50968
203466,60978
203466,42132
203466,33534
203466,50724
203466,44914
203466,50970
203466,36722
203466,61028
203466,63188
203466,62944
203466,63510
203466,32496
203466,55632
203466,63220
203466,63186
203466,54864
203466,48980
203466,62400
203466,62378
203466,44644
203466,10790
203466,52620
203466,62276
208080,61364
208080,30500
208080,61348
208080,11262
208080,39186
208080,62074
208080,44302
208080,11490
208080,52918
208080,60
208080,3382
208080,49888
208080,53160
208080,50968
208080,46632
208080,42132
208080,33534
208080,50724
208080,44914
208080,50970
208080,36722
208080,61028
208080,63188
208080,62944
208080,63510
208080,32496
208080,55632
208080,59396
208080,63220
208080,63186
208080,53046
208080,54864
208080,62614
208080,62400
208080,62378
208080,44644
208080,10790
208080,52620
208080,62276
208080,44662
208080,1206
163032,61364
163032,30500
163032,56714
163032,61348
163032,11262
163032,35732
163032,39186
163032,62074
163032,44302
163032,11490
163032,52918
163032,60
163032,3382
163032,48298
163032,59816
163032,59822
163032,49888
163032,53160
163032,50968
163032,35846
163032,42132
163032,33534
163032,50724
163032,44914
163032,50970
163032,36722
163032,61028
163032,63188
163032,62944
163032,63510
163032,32496
163032,55632
163032,62274
163032,63220
163032,63186
163032,63136
163032,54864
163032,48980
163032,55798
163032,62614
163032,62400
163032,62378
163032,63540
163032,44644
163032,10790
163032,62276
163032,58504
251610,11262
251610,35732
251610,39186
251610,62074
251610,44302
251610,11490
251610,60
251610,3382
251610,59816
251610,49888
251610,53160
251610,50968
251610,33534
251610,44914
251610,50970
251610,61028
251610,63188
251610,63510
251610,32496
251610,55632
251610,63220
251610,48980
251610,62614
251610,62400
251610,62378
251610,10790
251610,52620
251610,44662
251610,1206
253098,61364
253098,30500
253098,56714
253098,61672
253098,61348
253098,61542
253098,54096
253098,11262
253098,35732
253098,48574
253098,39186
253098,34092
253098,57804
253098,60522
253098,62074
253098,16358
253098,44302
253098,11490
253098,52918
253098,50274
253098,3382
253098,54290
253098,59816
253098,59822
253098,1304
253098,49888
253098,53160
253098,50968
253098,60978
253098,35846
253098,46632
253098,42132
253098,51316
253098,33534
253098,53406
253098,51974
253098,50724
253098,44914
253098,61560
253098,50970
253098,36722
253098,61028
253098,53386
253098,63188
253098,62944
253098,59394
253098,63510
253098,32496
253098,55632
253098,59396
253098,62274
253098,63220
253098,63186
253098,56696
253098,62170
253098,63136
253098,61540
253098,53046
253098,63538
253098,54864
253098,48980
253098,55798
253098,62614
253098,62400
253098,62378
253098,44644
253098,55638
253098,10790
253098,50962
253098,62276
253098,56484
253098,48694
210408,11262
210408,35732
210408,39186
210408,62074
210408,44302
210408,11490
210408,60
210408,3382
210408,59816
210408,49888
210408,53160
210408,50968
210408,35846
210408,33534
210408,44914
210408,50970
210408,61028
210408,63188
210408,62944
210408,63510
210408,32496
210408,55632
210408,63220
210408,48980
210408,62614
210408,62400
210408,62378
210408,44644
210408,10790
210408,52620
210408,44662
210408,1206
165126,30500
165126,11262
165126,35732
165126,39186
165126,62074
165126,44302
165126,11490
165126,60
165126,3382
165126,59816
165126,49888
165126,53160
165126,50968
165126,35846
165126,42132
165126,33534
165126,44914
165126,50970
165126,61028
165126,63188
165126,62944
165126,63510
165126,32496
165126,55632
165126,63220
165126,63186
165126,48980
165126,62614
165126,62400
165126,62378
165126,44644
165126,10790
165126,52620
165126,44662
165126,1206
250782,30500
250782,11262
250782,39186
250782,62074
250782,44302
250782,11490
250782,60
250782,3382
250782,59816
250782,49888
250782,53160
250782,50968
250782,35846
250782,46632
250782,42132
250782,33534
250782,44914
250782,50970
250782,61028
250782,63188
250782,62944
250782,63510
250782,32496
250782,55632
250782,59396
250782,63220
250782,53046
250782,62614
250782,62400
250782,62378
250782,44644
250782,10790
250782,52620
250782,44662
250782,1206
250749,35732
250749,39186
250749,16358
250749,53160
250749,44914
250749,61028
250749,59394
250749,63510
250749,32496
250749,55632
250749,63220
250749,63186
250749,48980
250749,62614
250749,62400
250749,62378
249795,61364
249795,30500
249795,61348
249795,11262
249795,35732
249795,39186
249795,62074
249795,44302
249795,11490
249795,52918
249795,60
249795,3382
249795,59816
249795,1304
249795,53160
249795,50968
249795,60978
249795,42132
249795,33534
249795,50724
249795,44914
249795,50970
249795,36722
249795,61028
249795,63188
249795,62944
249795,63510
249795,32496
249795,55632
249795,63220
249795,63186
249795,54864
249795,48980
249795,62400
249795,62378
249795,44644
249795,10790
249795,52620
249795,62276
236823,35732
236823,39186
236823,62074
236823,16358
236823,44914
236823,61028
236823,59394
236823,63510
236823,32496
236823,55632
236823,63360
236823,63220
236823,63186
236823,48980
236823,62378
172008,35732
172008,39186
172008,62074
172008,44302
172008,11490
172008,60
172008,3382
172008,53160
172008,50968
172008,46632
172008,33534
172008,44914
172008,50970
172008,61028
172008,63188
172008,55632
172008,63220
172008,62614
172008,62400
172008,62378
172008,10790
172008,52620
172008,44662
172008,1206
249513,11262
249513,35732
249513,39186
249513,62074
249513,44302
249513,11490
249513,52918
249513,60
249513,3382
249513,59816
249513,49888
249513,53160
249513,50968
249513,33534
249513,44914
249513,50970
249513,61028
249513,63188
249513,63510
249513,32496
249513,55632
249513,63220
249513,48980
249513,62614
249513,62400
249513,62378
249513,10790
249513,52620
249513,44662
249513,1206
250344,30500
250344,11262
250344,35732
250344,39186
250344,62074
250344,44302
250344,11490
250344,52918
250344,60
250344,3382
250344,59816
250344,53160
250344,50968
250344,35846
250344,42132
250344,33534
250344,44914
250344,50970
250344,61028
250344,63188
250344,62944
250344,63510
250344,32496
250344,55632
250344,63220
250344,48980
250344,62614
250344,62400
250344,62378
250344,44644
250344,10790
180672,35732
180672,39186
180672,62074
180672,44302
180672,11490
180672,60
180672,3382
180672,59816
180672,53160
180672,50968
180672,33534
180672,44914
180672,50970
180672,61028
180672,63188
180672,55632
180672,63220
180672,62614
180672,62400
180672,62378
180672,10790
180672,52620
180672,44662
180672,1206
243081,61364
243081,1370
243081,30500
243081,56714
243081,61672
243081,61348
243081,61542
243081,50270
243081,54096
243081,11262
243081,35732
243081,48574
243081,61552
243081,50716
243081,36720
243081,39186
243081,34092
243081,57804
243081,61280
243081,60522
243081,62074
243081,16358
243081,44302
243081,11490
243081,124
243081,52918
243081,33886
243081,50274
243081,60
243081,3382
243081,10808
243081,61558
243081,1372
243081,54290
243081,48298
243081,59816
243081,59822
243081,50272
243081,1304
243081,37644
243081,49888
243081,53160
243081,50968
243081,60978
243081,35846
243081,46632
243081,10652
243081,42132
243081,51316
243081,33534
243081,50268
243081,53406
243081,51974
243081,50720
243081,50724
243081,44914
243081,61560
243081,50970
243081,36722
243081,61028
243081,53386
243081,63188
243081,62944
243081,59394
243081,63510
243081,32496
243081,55632
243081,57414
243081,63218
243081,59396
243081,62274
243081,63220
243081,63186
243081,50718
243081,56696
243081,63418
243081,44660
243081,62170
243081,63136
243081,61540
243081,62376
243081,53046
243081,63538
243081,36762
243081,54864
243081,48980
243081,55798
243081,62614
243081,53394
243081,62618
243081,62616
243081,62400
243081,62378
243081,63540
243081,53256
243081,45912
243081,44644
243081,55638
243081,10790
243081,44664
243081,59776
243081,53048
243081,52620
243081,50962
243081,62276
243081,62860
243081,44662
243081,56484
243081,1206
243081,48694
243081,53258
246042,61364
246042,30500
246042,61348
246042,11262
246042,35732
246042,39186
246042,62074
246042,16358
246042,44302
246042,60
246042,3382
246042,59816
246042,1304
246042,49888
246042,53160
246042,50968
246042,35846
246042,33534
246042,51974
246042,50724
246042,44914
246042,50970
246042,36722
246042,61028
246042,63188
246042,62944
246042,63510
246042,32496
246042,55632
246042,63220
246042,63186
246042,54864
246042,48980
246042,62400
246042,62378
246042,63540
246042,44644
246042,10790
246042,62276
246042,44662
246042,1206
201030,30500
201030,11262
201030,35732
201030,39186
201030,62074
201030,44302
201030,11490
201030,52918
201030,60
201030,3382
201030,59816
201030,1304
201030,49888
201030,53160
201030,50968
201030,42132
201030,33534
201030,44914
201030,50970
201030,61028
201030,63188
201030,62944
201030,63510
201030,32496
201030,55632
201030,63220
201030,48980
201030,62400
201030,62378
201030,44644
201030,10790
201030,52620
201030,44662
201030,1206
206616,30500
206616,11262
206616,35732
206616,39186
206616,62074
206616,44302
206616,11490
206616,52918
206616,60
206616,3382
206616,53160
206616,50968
206616,42132
206616,33534
206616,44914
206616,50970
206616,61028
206616,63188
206616,62944
206616,63510
206616,32496
206616,55632
206616,63220
206616,48980
206616,62614
206616,62400
206616,62378
206616,44644
206616,10790
206616,52620
206616,1206
209970,61364
209970,30500
209970,56714
209970,61348
209970,11262
209970,35732
209970,39186
209970,62074
209970,16358
209970,44302
209970,124
209970,52918
209970,60
209970,3382
209970,1372
209970,59816
209970,1304
209970,37644
209970,49888
209970,53160
209970,50968
209970,35846
209970,42132
209970,33534
209970,53406
209970,51974
209970,50724
209970,44914
209970,61560
209970,50970
209970,36722
209970,61028
209970,63188
209970,62944
209970,59394
209970,63510
209970,32496
209970,55632
209970,57414
209970,63220
209970,63186
209970,56696
209970,44660
209970,62170
209970,63136
209970,61540
209970,63538
209970,54864
209970,48980
209970,55798
209970,62618
209970,62400
209970,62378
209970,63540
209970,44644
209970,10790
209970,52620
209970,50962
209970,62276
209970,44662
209970,1206
209970,48694
252210,39186
252210,33534
252210,61028
252210,63220
252210,62614
252210,62400
252210,62378
252210,10790
252177,11262
252177,39186
252177,62074
252177,44302
252177,11490
252177,52918
252177,60
252177,3382
252177,59816
252177,49888
252177,53160
252177,50968
252177,33534
252177,44914
252177,50970
252177,61028
252177,63188
252177,63220
252177,62614
252177,62400
252177,62378
252177,10790
252177,52620
252177,44662
252177,1206
214194,61364
214194,30500
214194,56714
214194,61348
214194,54096
214194,11262
214194,35732
214194,39186
214194,62074
214194,16358
214194,44302
214194,11490
214194,52918
214194,3382
214194,59816
214194,59822
214194,53160
214194,50968
214194,60978
214194,35846
214194,42132
214194,33534
214194,51974
214194,50724
214194,44914
214194,61560
214194,50970
214194,36722
214194,61028
214194,63188
214194,62944
214194,63510
214194,32496
214194,55632
214194,63220
214194,63186
214194,63136
214194,54864
214194,48980
214194,55798
214194,62614
214194,62400
214194,62378
214194,44644
214194,10790
214194,62276
203118,61364
203118,30500
203118,56714
203118,61672
203118,61348
203118,11262
203118,35732
203118,39186
203118,62074
203118,16358
203118,44302
203118,124
203118,52918
203118,60
203118,3382
203118,1372
203118,59816
203118,1304
203118,49888
203118,53160
203118,50968
203118,35846
203118,42132
203118,33534
203118,53406
203118,51974
203118,50724
203118,44914
203118,61560
203118,50970
203118,36722
203118,61028
203118,63188
203118,62944
203118,59394
203118,63510
203118,32496
203118,55632
203118,57414
203118,63220
203118,63186
203118,56696
203118,44660
203118,62170
203118,63136
203118,61540
203118,63538
203118,54864
203118,48980
203118,55798
203118,62400
203118,62378
203118,63540
203118,44644
203118,10790
203118,50962
203118,62276
203118,44662
203118,1206
203118,48694
72027,30500
72027,11262
72027,35732
72027,39186
72027,62074
72027,44302
72027,11490
72027,60
72027,3382
72027,59816
72027,1304
72027,49888
72027,53160
72027,50968
72027,35846
72027,42132
72027,33534
72027,44914
72027,50970
72027,61028
72027,63188
72027,62944
72027,63510
72027,32496
72027,55632
72027,63220
72027,63186
72027,48980
72027,62400
72027,62378
72027,44644
72027,10790
72027,52620
72027,44662
72027,1206
208911,61364
208911,30500
208911,61348
208911,11262
208911,35732
208911,39186
208911,62074
208911,16358
208911,44302
208911,11490
208911,60
208911,3382
208911,59816
208911,1304
208911,49888
208911,53160
208911,50968
208911,35846
208911,42132
208911,33534
208911,51974
208911,44914
208911,50970
208911,61028
208911,63188
208911,62944
208911,63510
208911,32496
208911,55632
208911,63220
208911,63186
208911,54864
208911,48980
208911,62400
208911,62378
208911,63540
208911,44644
208911,10790
208911,62276
208911,44662
208911,1206
153672,30500
153672,11262
153672,35732
153672,39186
153672,62074
153672,44302
153672,11490
153672,52918
153672,60
153672,3382
153672,59816
153672,49888
153672,53160
153672,50968
153672,60978
153672,35846
153672,42132
153672,33534
153672,44914
153672,50970
153672,61028
153672,63188
153672,62944
153672,63510
153672,32496
153672,55632
153672,63220
153672,48980
153672,62614
153672,62400
153672,62378
153672,44644
153672,10790
153672,52620
153672,44662
153672,1206
253146,61364
253146,1370
253146,30500
253146,56714
253146,61672
253146,61348
253146,61542
253146,50270
253146,54096
253146,11262
253146,35732
253146,48574
253146,61552
253146,50716
253146,36720
253146,39186
253146,34092
253146,57804
253146,61280
253146,60522
253146,62074
253146,16358
253146,44302
253146,11490
253146,124
253146,52918
253146,33886
253146,50274
253146,60
253146,3382
253146,10808
253146,61558
253146,1372
253146,54290
253146,48298
253146,59816
253146,59822
253146,50272
253146,1304
253146,37644
253146,49888
253146,53160
253146,50968
253146,60978
253146,35846
253146,46632
253146,10652
253146,42132
253146,51316
253146,33534
253146,50268
253146,53406
253146,51974
253146,50720
253146,50724
253146,44914
253146,61560
253146,50970
253146,36722
253146,61028
253146,53386
253146,63188
253146,62944
253146,59394
253146,63510
253146,32496
253146,55632
253146,57414
253146,63360
253146,63218
253146,59396
253146,62274
253146,63220
253146,63186
253146,50718
253146,56696
253146,63418
253146,44660
253146,62170
253146,63136
253146,61540
253146,62376
253146,53046
253146,63538
253146,36762
253146,54864
253146,48980
253146,55798
253146,62614
253146,53394
253146,62618
253146,62616
253146,62400
253146,62378
253146,63540
253146,53256
253146,45912
253146,44644
253146,55638
253146,10790
253146,44664
253146,59776
253146,53048
253146,52620
253146,50962
253146,62276
253146,62860
253146,44662
253146,56484
253146,1206
253146,48694
253146,53258
251202,35732
251202,39186
251202,33534
251202,44914
251202,61028
251202,63510
251202,32496
251202,55632
251202,63220
251202,48980
251202,62614
251202,62400
251202,62378
252618,61364
252618,1370
252618,30500
252618,56714
252618,61672
252618,61348
252618,61542
252618,50270
252618,54096
252618,11262
252618,35732
252618,48574
252618,36720
252618,39186
252618,34092
252618,57804
252618,61280
252618,60522
252618,62074
252618,16358
252618,44302
252618,11490
252618,124
252618,52918
252618,33886
252618,50274
252618,60
252618,3382
252618,10808
252618,61558
252618,1372
252618,54290
252618,48298
252618,59816
252618,59822
252618,50272
252618,1304
252618,37644
252618,49888
252618,53160
252618,50968
252618,60978
252618,35846
252618,46632
252618,10652
252618,42132
252618,51316
252618,33534
252618,50268
252618,53406
252618,51974
252618,50720
252618,50724
252618,44914
252618,61560
252618,50970
252618,36722
252618,61028
252618,53386
252618,63188
252618,62944
252618,59394
252618,63510
252618,32496
252618,55632
252618,57414
252618,63360
252618,63218
252618,59396
252618,62274
252618,63220
252618,63186
252618,50718
252618,56696
252618,63418
252618,44660
252618,62170
252618,63136
252618,61540
252618,62376
252618,53046
252618,63538
252618,36762
252618,54864
252618,48980
252618,55798
252618,62614
252618,53394
252618,62618
252618,62616
252618,62400
252618,62378
252618,63540
252618,53256
252618,45912
252618,44644
252618,55638
252618,10790
252618,44664
252618,59776
252618,53048
252618,52620
252618,50962
252618,62276
252618,62860
252618,44662
252618,56484
252618,1206
252618,48694
252618,53258
217536,61364
217536,30500
217536,61348
217536,11262
217536,35732
217536,39186
217536,62074
217536,16358
217536,44302
217536,11490
217536,60
217536,3382
217536,59816
217536,1304
217536,49888
217536,53160
217536,50968
217536,35846
217536,42132
217536,33534
217536,51974
217536,44914
217536,50970
217536,61028
217536,63188
217536,62944
217536,63510
217536,32496
217536,55632
217536,63220
217536,63186
217536,54864
217536,48980
217536,62400
217536,62378
217536,63540
217536,44644
217536,10790
217536,62276
217536,44662
217536,1206
253308,35732
253308,39186
253308,62074
253308,44302
253308,11490
253308,52918
253308,60
253308,3382
253308,59816
253308,49888
253308,53160
253308,50968
253308,46632
253308,33534
253308,44914
253308,50970
253308,61028
253308,63188
253308,63510
253308,32496
253308,55632
253308,63220
253308,48980
253308,62614
253308,62400
253308,62378
253308,10790
253308,52620
253308,44662
251493,35732
251493,39186
251493,33534
251493,44914
251493,61028
251493,63510
251493,32496
251493,55632
251493,63220
251493,48980
251493,62614
251493,62400
251493,62378
249573,61364
249573,30500
249573,56714
249573,61348
249573,11262
249573,35732
249573,39186
249573,62074
249573,44302
249573,11490
249573,52918
249573,60
249573,3382
249573,59816
249573,59822
249573,49888
249573,53160
249573,50968
249573,42132
249573,33534
249573,44914
249573,50970
249573,61028
249573,63188
249573,62944
249573,63510
249573,32496
249573,55632
249573,63220
249573,63136
249573,54864
249573,48980
249573,55798
249573,62614
249573,62400
249573,62378
249573,44644
249573,10790
249573,52620
249573,62276
249573,44662
249573,1206
251121,35732
251121,39186
251121,33534
251121,44914
251121,61028
251121,63510
251121,32496
251121,55632
251121,63220
251121,48980
251121,62614
251121,62400
251121,62378
251721,61364
251721,1370
251721,30500
251721,56714
251721,61672
251721,61348
251721,61542
251721,50270
251721,54096
251721,11262
251721,35732
251721,48574
251721,61552
251721,50716
251721,36720
251721,39186
251721,34092
251721,57804
251721,61280
251721,60522
251721,62074
251721,16358
251721,44302
251721,11490
251721,124
251721,52918
251721,33886
251721,50274
251721,60
251721,3382
251721,10808
251721,61558
251721,1372
251721,54290
251721,48298
251721,59816
251721,59822
251721,50272
251721,1304
251721,37644
251721,49888
251721,53160
251721,50968
251721,60978
251721,35846
251721,46632
251721,10652
251721,42132
251721,51316
251721,33534
251721,50268
251721,53406
251721,51974
251721,50720
251721,50724
251721,44914
251721,61560
251721,50970
251721,36722
251721,61028
251721,53386
251721,63188
251721,62944
251721,59394
251721,63510
251721,32496
251721,55632
251721,57414
251721,63218
251721,59396
251721,62274
251721,63220
251721,63186
251721,50718
251721,56696
251721,63418
251721,44660
251721,62170
251721,63136
251721,61540
251721,62376
251721,53046
251721,63538
251721,36762
251721,54864
251721,48980
251721,55798
251721,62614
251721,53394
251721,62618
251721,62616
251721,62400
251721,62378
251721,63540
251721,53256
251721,45912
251721,44644
251721,55638
251721,10790
251721,44664
251721,59776
251721,53048
251721,52620
251721,50962
251721,62276
251721,62860
251721,44662
251721,56484
251721,1206
251721,48694
251721,53258
253557,35732
253557,39186
253557,16358
253557,53160
253557,44914
253557,61028
253557,59394
253557,63510
253557,32496
253557,55632
253557,63220
253557,63186
253557,48980
253557,62614
253557,62400
253557,62378
212574,30500
212574,11262
212574,35732
212574,39186
212574,62074
212574,44302
212574,11490
212574,60
212574,3382
212574,59816
212574,49888
212574,53160
212574,50968
212574,42132
212574,33534
212574,44914
212574,50970
212574,61028
212574,63188
212574,62944
212574,63510
212574,32496
212574,55632
212574,63220
212574,48980
212574,62614
212574,62400
212574,62378
212574,44644
212574,10790
212574,52620
212574,44662
212574,1206
253335,61364
253335,30500
253335,61348
253335,11262
253335,35732
253335,39186
253335,62074
253335,44302
253335,11490
253335,52918
253335,60
253335,3382
253335,59816
253335,1304
253335,53160
253335,50968
253335,60978
253335,42132
253335,33534
253335,50724
253335,44914
253335,50970
253335,36722
253335,61028
253335,63188
253335,62944
253335,63510
253335,32496
253335,55632
253335,63220
253335,63186
253335,54864
253335,48980
253335,62400
253335,62378
253335,44644
253335,10790
253335,52620
253335,62276
198057,35732
198057,39186
198057,16358
198057,49888
198057,53160
198057,33534
198057,50720
198057,44914
198057,61028
198057,59394
198057,63510
198057,32496
198057,55632
198057,63220
198057,48980
198057,62614
198057,62400
198057,62378
198057,10790
198057,44662
198057,1206
248598,61364
248598,30500
248598,61348
248598,11262
248598,35732
248598,39186
248598,62074
248598,44302
248598,11490
248598,60
248598,3382
248598,59816
248598,49888
248598,53160
248598,50968
248598,35846
248598,42132
248598,33534
248598,50724
248598,44914
248598,50970
248598,36722
248598,61028
248598,63188
248598,62944
248598,63510
248598,32496
248598,55632
248598,63220
248598,63186
248598,54864
248598,48980
248598,62614
248598,62400
248598,62378
248598,44644
248598,10790
248598,52620
248598,62276
248598,44662
248598,1206
188481,11262
188481,35732
188481,39186
188481,62074
188481,44302
188481,11490
188481,60
188481,3382
188481,59816
188481,49888
188481,53160
188481,50968
188481,35846
188481,33534
188481,44914
188481,50970
188481,61028
188481,63188
188481,62944
188481,63510
188481,32496
188481,55632
188481,63220
188481,48980
188481,62614
188481,62400
188481,62378
188481,44644
188481,10790
188481,52620
188481,44662
188481,1206
252396,30500
252396,11262
252396,39186
252396,62074
252396,44302
252396,11490
252396,60
252396,3382
252396,59816
252396,49888
252396,53160
252396,50968
252396,35846
252396,42132
252396,33534
252396,44914
252396,50970
252396,61028
252396,63188
252396,62944
252396,63510
252396,32496
252396,55632
252396,63220
252396,62614
252396,62400
252396,62378
252396,44644
252396,10790
252396,52620
252396,44662
252396,1206
253053,39186
253053,61028
253053,59394
253053,55632
253053,63360
253053,63220
253053,63186
253053,62614
